Date,Open,High,Low,Close,Adj Close,Volume
2007-04-11,104.3499984741211,104.38999938964844,104.3499984741211,104.3499984741211,32.80082321166992,1900.0
2007-04-12,104.41999816894533,104.41999816894533,104.3499984741211,104.41999816894533,32.82283401489258,6100.0
2007-04-13,104.38999938964844,104.48999786376952,104.2300033569336,104.2300033569336,32.76310348510742,3400.0
2007-04-16,104.2699966430664,104.2699966430664,104.1500015258789,104.19000244140624,32.75052261352539,7600.0
2007-04-17,104.1500015258789,104.4000015258789,104.13999938964844,104.13999938964844,32.734840393066406,28100.0
2007-04-18,104.19000244140624,104.2699966430664,104.1500015258789,104.16999816894533,32.744239807128906,6300.0
2007-04-19,104.1999969482422,104.56999969482422,104.05999755859376,104.52999877929688,32.85739517211914,47500.0
2007-04-20,104.54000091552734,104.54000091552734,104.4499969482422,104.47000122070312,32.83856201171875,4900.0
2007-04-23,104.58999633789062,104.66000366210938,104.4499969482422,104.52999877929688,32.85739517211914,1700.0
2007-04-24,104.58999633789062,105.30999755859376,104.41999816894533,105.25,33.08372497558594,398500.0
2007-04-25,105.27999877929688,105.41000366210938,105.27999877929688,105.41000366210938,33.134002685546875,16300.0
2007-04-26,105.43000030517578,105.5999984741211,105.29000091552734,105.5999984741211,33.1937370300293,48200.0
2007-04-27,105.51000213623048,105.5999984741211,105.51000213623048,105.5999984741211,33.1937370300293,8300.0
2007-04-30,105.55999755859376,105.62999725341795,105.33000183105467,105.61000061035156,33.19689178466797,15500.0
2007-05-01,105.2699966430664,105.43000030517578,105.2699966430664,105.33000183105467,33.200950622558594,8600.0
2007-05-02,105.3499984741211,105.38999938964844,105.1999969482422,105.29000091552734,33.188358306884766,4700.0
2007-05-03,105.37000274658205,105.4800033569336,105.1999969482422,105.3000030517578,33.1915168762207,17200.0
2007-05-04,105.3499984741211,105.44000244140624,105.20999908447266,105.43000030517578,33.23248672485352,4600.0
2007-05-07,105.31999969482422,105.41999816894533,105.3000030517578,105.41999816894533,33.22935485839844,4200.0
2007-05-08,105.54000091552734,105.5500030517578,105.4499969482422,105.5,33.25455474853516,16100.0
2007-05-09,105.58999633789062,105.5999984741211,105.16000366210938,105.22000122070312,33.16629409790039,9400.0
2007-05-10,105.6999969482422,105.80999755859376,105.51000213623048,105.5999984741211,33.28608322143555,17400.0
2007-05-11,105.63999938964844,105.77999877929688,105.55999755859376,105.66000366210938,33.304988861083984,12200.0
2007-05-14,105.69000244140624,105.6999969482422,105.5500030517578,105.6500015258789,33.301841735839844,11600.0
2007-05-15,105.6999969482422,105.93000030517578,105.56999969482422,105.56999969482422,33.27661895751953,39400.0
2007-05-16,105.83000183105467,105.86000061035156,105.81999969482422,105.8499984741211,33.36488342285156,78100.0
2007-05-17,105.88999938964844,105.93000030517578,105.69000244140624,105.81999969482422,33.35541915893555,14500.0
2007-05-18,105.9499969482422,105.9499969482422,105.8499984741211,105.8499984741211,33.36488342285156,5200.0
2007-05-21,105.94000244140624,105.95999908447266,105.8499984741211,105.9499969482422,33.39641571044922,14600.0
2007-05-22,106.08000183105467,106.08999633789062,105.7300033569336,105.95999908447266,33.39957046508789,10200.0
2007-05-23,105.91999816894533,106.11000061035156,105.6999969482422,105.87999725341795,33.374324798583984,22500.0
2007-05-24,106.04000091552734,106.04000091552734,105.8499984741211,105.91000366210938,33.38379669189453,17100.0
2007-05-25,105.97000122070312,106.47000122070312,105.8000030517578,106.05999755859376,33.43110275268555,7400.0
2007-05-29,105.6999969482422,105.72000122070312,105.58000183105467,105.63999938964844,33.298709869384766,4900.0
2007-05-30,105.87000274658205,105.94000244140624,105.75,105.87999725341795,33.374324798583984,4300.0
2007-05-31,105.88999938964844,105.88999938964844,105.6500015258789,105.70999908447266,33.32075881958008,6200.0
2007-06-01,105.11000061035156,105.12999725341795,104.9499969482422,105.11000061035156,33.3162956237793,13500.0
2007-06-04,105.1999969482422,105.22000122070312,105.0199966430664,105.1999969482422,33.3448486328125,21800.0
2007-06-05,105.20999908447266,105.20999908447266,105.0500030517578,105.0500030517578,33.29730224609375,4500.0
2007-06-06,105.0,105.05999755859376,104.87999725341795,104.91999816894533,33.25611114501953,74600.0
2007-06-07,104.73999786376952,104.73999786376952,104.1999969482422,104.43000030517578,33.10077667236328,12100.0
2007-06-08,104.20999908447266,104.2699966430664,103.91999816894533,104.1500015258789,33.01202774047852,17800.0
2007-06-11,103.9000015258789,104.06999969482422,103.5999984741211,103.93000030517578,32.94230651855469,2900.0
2007-06-12,103.7699966430664,103.77999877929688,103.06999969482422,103.4000015258789,32.774314880371094,67300.0
2007-06-13,103.62999725341795,103.80999755859376,102.87000274658205,103.58000183105467,32.83137512207031,24600.0
2007-06-14,103.33999633789062,103.66000366210938,103.16000366210938,103.66000366210938,32.85671615600586,18200.0
2007-06-15,103.5,103.68000030517578,103.5,103.63999938964844,32.850372314453125,13500.0
2007-06-18,103.91000366210938,103.91000366210938,103.4000015258789,103.6999969482422,32.86937713623047,14600.0
2007-06-19,103.83999633789062,103.83999633789062,103.36000061035156,103.83000183105467,32.91061019897461,19600.0
2007-06-20,103.83999633789062,103.83999633789062,102.91000366210938,102.91000366210938,32.61897659301758,16900.0
2007-06-21,103.0,103.43000030517578,103.0,103.0999984741211,32.67921829223633,13900.0
2007-06-22,103.22000122070312,103.36000061035156,102.83999633789062,103.3000030517578,32.74260711669922,27800.0
2007-06-25,103.3000030517578,103.33999633789062,102.6500015258789,102.6999969482422,32.55243682861328,29000.0
2007-06-26,102.94000244140624,103.19000244140624,102.6999969482422,103.0,32.64752578735352,43600.0
2007-06-27,102.79000091552734,102.8000030517578,102.4800033569336,102.63999938964844,32.533416748046875,6800.0
2007-06-28,102.5500030517578,102.63999938964844,101.93000030517578,102.0999984741211,32.36225891113281,9500.0
2007-06-29,102.0999984741211,102.5,101.80999755859376,101.80999755859376,32.27031707763672,14600.0
2007-07-02,101.6999969482422,102.2699966430664,101.4000015258789,102.0,32.523193359375,19600.0
2007-07-03,101.9000015258789,101.9000015258789,101.5999984741211,101.80999755859376,32.46258544921875,11700.0
2007-07-05,101.8499984741211,101.86000061035156,100.9800033569336,101.44000244140624,32.34461212158203,14600.0
2007-07-06,101.43000030517578,101.79000091552734,101.11000061035156,101.5500030517578,32.37971115112305,8200.0
2007-07-09,101.43000030517578,101.9800033569336,101.38999938964844,101.86000061035156,32.47856903076172,8400.0
2007-07-10,101.4800033569336,101.75,101.0,101.58999633789062,32.39244842529297,19700.0
2007-07-11,101.62000274658205,101.62999725341795,100.55999755859376,100.83000183105467,32.15011978149414,17200.0
2007-07-12,101.0,101.12999725341795,100.70999908447266,101.12999725341795,32.24576187133789,8300.0
2007-07-13,101.3000030517578,101.55999755859376,101.0,101.5500030517578,32.37971115112305,5200.0
2007-07-16,101.37000274658205,101.80999755859376,101.26000213623048,101.58999633789062,32.39244842529297,17100.0
2007-07-17,101.6999969482422,101.70999908447266,101.22000122070312,101.70999908447266,32.43070983886719,10600.0
2007-07-18,101.66999816894533,101.66999816894533,100.8000030517578,100.9499969482422,32.188385009765625,15600.0
2007-07-19,101.02999877929688,101.05999755859376,101.02999877929688,101.05999755859376,32.223445892333984,6400.0
2007-07-20,100.9800033569336,101.31999969482422,100.58999633789062,100.8000030517578,32.14055633544922,18600.0
2007-07-23,100.6999969482422,100.70999908447266,100.5,100.58000183105467,32.07041931152344,9000.0
2007-07-24,100.5,100.51000213623048,99.86000061035156,100.0,31.885467529296875,44900.0
2007-07-25,99.9000015258789,99.9000015258789,98.68000030517578,99.0500030517578,31.58255958557129,28100.0
2007-07-26,98.5,99.5,96.38999938964844,97.6500015258789,31.13616180419922,43200.0
2007-07-27,97.0,97.0,95.48999786376952,96.0199966430664,30.616436004638672,44600.0
2007-07-30,96.98999786376952,97.0199966430664,96.3499984741211,96.9499969482422,30.912954330444336,24600.0
2007-07-31,97.0,98.1999969482422,97.0,97.27999877929688,31.018178939819336,34000.0
2007-08-01,96.83999633789062,96.83999633789062,95.26000213623048,96.4499969482422,30.9539794921875,33500.0
2007-08-02,96.98999786376952,97.33000183105467,96.98999786376952,97.0,31.13051986694336,28800.0
2007-08-03,97.3499984741211,97.3499984741211,96.37999725341795,97.0,31.13051986694336,20100.0
2007-08-06,98.75,98.75,96.0500030517578,96.79000091552734,31.063133239746094,30400.0
2007-08-07,99.25,99.25,96.8000030517578,97.4800033569336,31.284557342529297,68800.0
2007-08-08,99.0,100.5,98.0,98.62999725341795,31.65366172790528,30300.0
2007-08-09,98.62000274658205,98.91999816894533,98.01000213623048,98.52999877929688,31.62154197692871,12800.0
2007-08-10,98.1999969482422,98.37000274658205,97.75,98.33000183105467,31.55736923217773,18800.0
2007-08-13,99.0199966430664,99.0500030517578,98.4000015258789,99.0500030517578,31.788442611694336,21300.0
2007-08-14,99.31999969482422,99.31999969482422,98.16999816894533,98.27999877929688,31.54131126403809,12400.0
2007-08-15,98.3499984741211,99.04000091552734,98.27999877929688,98.83000183105467,31.717845916748047,9100.0
2007-08-16,100.0,100.0,97.9800033569336,98.6999969482422,31.676118850708008,15300.0
2007-08-17,99.0,100.0,98.5999984741211,99.6999969482422,31.99706268310547,30000.0
2007-08-20,100.0,100.0,98.75,98.75,31.692148208618164,49300.0
2007-08-21,99.25,99.8499984741211,98.05999755859376,98.23999786376952,31.52846908569336,33700.0
2007-08-22,98.5999984741211,99.1999969482422,98.0999984741211,99.0,31.772357940673828,52700.0
2007-08-23,99.16999816894533,99.8000030517578,99.0,99.5999984741211,31.964933395385746,59400.0
2007-08-24,99.6999969482422,99.8499984741211,99.16000366210938,99.8499984741211,32.045169830322266,11600.0
2007-08-27,100.0,100.5,99.9000015258789,100.5,32.25379180908203,11800.0
2007-08-28,100.5,100.9000015258789,100.0,100.1500015258789,32.14146041870117,55800.0
2007-08-29,100.0,100.9000015258789,99.66999816894533,100.5500030517578,32.26981735229492,18300.0
2007-08-30,100.73999786376952,101.04000091552734,100.22000122070312,100.76000213623048,32.33723068237305,42900.0
2007-08-31,101.4800033569336,101.68000030517578,101.01000213623048,101.66999816894533,32.62926483154297,11300.0
2007-09-04,101.97000122070312,101.97000122070312,101.0,101.75,32.85627746582031,13500.0
2007-09-05,101.6500015258789,101.87999725341795,101.2300033569336,101.79000091552734,32.86922073364258,14400.0
2007-09-06,101.48999786376952,101.73999786376952,101.48999786376952,101.7300033569336,32.849815368652344,16400.0
2007-09-07,101.9000015258789,101.9000015258789,100.4499969482422,100.56999969482422,32.47523880004883,50700.0
2007-09-10,101.5,101.5,100.61000061035156,101.0,32.614112854003906,10000.0
2007-09-11,101.4800033569336,102.0,101.0,101.83000183105467,32.88211441040039,24100.0
2007-09-12,102.0,102.5,101.37999725341795,102.29000091552734,33.03064727783203,32000.0
2007-09-13,102.25,102.25,101.22000122070312,101.93000030517578,32.914398193359375,10900.0
2007-09-14,101.9499969482422,102.94000244140624,101.22000122070312,102.88999938964844,33.22441101074219,33900.0
2007-09-17,103.0,103.5,102.36000061035156,103.36000061035156,33.376163482666016,20100.0
2007-09-18,103.75,104.36000061035156,102.9800033569336,104.0999984741211,33.6151237487793,31400.0
2007-09-19,104.25,106.0999984741211,104.1999969482422,106.08999633789062,34.25773239135742,85900.0
2007-09-20,106.04000091552734,106.04000091552734,103.0,103.48999786376952,33.41814422607422,410400.0
2007-09-21,104.98999786376952,105.4000015258789,102.0999984741211,103.75,33.50211715698242,105100.0
2007-09-24,102.68000030517578,104.4499969482422,102.6500015258789,104.4499969482422,33.72813034057617,45500.0
2007-09-25,103.0,104.6999969482422,103.0,104.6999969482422,33.8088493347168,167500.0
2007-09-26,104.6999969482422,104.6999969482422,104.12999725341795,104.31999969482422,33.686180114746094,25300.0
2007-09-27,104.5,104.5500030517578,101.16000366210938,104.0,33.582820892333984,49200.0
2007-09-28,104.47000122070312,104.4800033569336,103.5999984741211,104.0,33.582820892333984,46700.0
2007-10-01,104.47000122070312,104.5,103.33000183105467,103.75,33.7111930847168,50300.0
2007-10-02,102.52999877929688,103.98999786376952,102.52999877929688,103.9499969482422,33.776145935058594,72100.0
2007-10-03,104.0,104.47000122070312,103.31999969482422,103.4000015258789,33.59745788574219,35300.0
2007-10-04,103.8000030517578,103.9499969482422,103.29000091552734,103.83999633789062,33.74040985107422,17600.0
2007-10-05,103.97000122070312,104.0,103.5199966430664,103.9000015258789,33.75992584228516,22900.0
2007-10-08,104.22000122070312,104.38999938964844,103.86000061035156,104.25,33.8736572265625,18600.0
2007-10-09,104.31999969482422,104.33999633789062,104.0,104.33000183105467,33.899620056152344,14600.0
2007-10-10,104.4800033569336,104.4800033569336,104.1500015258789,104.23999786376952,33.87040328979492,21200.0
2007-10-11,104.48999786376952,104.5,104.0,104.38999938964844,33.919132232666016,22300.0
2007-10-12,104.41999816894533,104.5999984741211,104.41999816894533,104.5,33.95488357543945,73700.0
2007-10-15,105.1999969482422,105.1999969482422,104.5,105.0,34.11735534667969,24600.0
2007-10-16,104.5,104.68000030517578,104.0999984741211,104.5999984741211,33.98736572265625,60600.0
2007-10-17,104.02999877929688,104.6500015258789,103.30999755859376,103.30999755859376,33.56819152832031,15200.0
2007-10-18,104.2300033569336,104.25,103.25,103.26000213623048,33.551971435546875,13200.0
2007-10-19,103.25,103.94000244140624,102.0,102.8000030517578,33.40249252319336,40200.0
2007-10-22,102.8000030517578,102.8000030517578,101.8499984741211,101.8499984741211,33.093807220458984,64600.0
2007-10-23,102.19000244140624,102.6999969482422,101.9499969482422,102.6999969482422,33.37000274658203,27000.0
2007-10-24,102.5999984741211,102.75,102.3000030517578,102.6999969482422,33.37000274658203,22200.0
2007-10-25,102.98999786376952,102.98999786376952,102.63999938964844,102.8499984741211,33.41875076293945,16600.0
2007-10-26,102.6999969482422,103.08999633789062,102.5999984741211,103.08999633789062,33.496726989746094,10800.0
2007-10-29,103.48999786376952,103.5,103.05999755859376,103.4000015258789,33.59745788574219,19900.0
2007-10-30,103.3000030517578,103.3000030517578,102.6999969482422,103.1999969482422,33.53248596191406,10500.0
2007-10-31,103.61000061035156,104.0,103.04000091552734,103.8499984741211,33.74367141723633,12000.0
2007-11-01,102.70999908447266,102.9000015258789,102.0,102.5,33.524539947509766,29400.0
2007-11-02,102.48999786376952,102.5,101.91999816894533,102.25,33.44274139404297,32300.0
2007-11-05,106.0,106.0,101.5,102.1999969482422,33.42642593383789,13800.0
2007-11-06,102.1999969482422,103.1500015258789,102.1999969482422,102.7300033569336,33.59978103637695,34900.0
2007-11-07,101.81999969482422,103.0999984741211,101.81999969482422,102.5999984741211,33.5572395324707,11900.0
2007-11-08,102.8499984741211,102.8499984741211,100.41000366210938,101.3000030517578,33.13205337524414,121000.0
2007-11-09,101.56999969482422,101.75,100.51000213623048,101.75,33.27924728393555,38400.0
2007-11-12,103.0199966430664,103.0199966430664,101.9000015258789,102.1500015258789,33.410030364990234,41400.0
2007-11-13,102.9499969482422,102.9499969482422,101.55999755859376,101.75,33.27924728393555,15300.0
2007-11-14,102.75,102.75,101.6999969482422,102.0,33.36101150512695,7800.0
2007-11-15,101.98999786376952,102.33999633789062,101.68000030517578,101.97000122070312,33.35118103027344,15500.0
2007-11-16,103.0,103.0,101.52999877929688,102.0,33.36101150512695,18400.0
2007-11-19,102.6999969482422,102.6999969482422,101.77999877929688,102.0,33.36101150512695,16700.0
2007-11-20,101.75,102.38999938964844,100.41000366210938,101.0,33.03391647338867,26500.0
2007-11-21,100.6999969482422,100.6999969482422,97.0,99.0999984741211,32.41250228881836,139600.0
2007-11-23,99.1999969482422,100.5,98.91000366210938,98.91000366210938,32.350364685058594,3100.0
2007-11-26,98.0,101.0,98.0,100.0,32.70685958862305,69500.0
2007-11-27,100.5,101.4800033569336,99.5,100.1500015258789,32.75590896606445,25700.0
2007-11-28,99.58000183105467,101.1999969482422,99.58000183105467,101.0999984741211,33.0666618347168,11700.0
2007-11-29,101.75,101.75,100.0999984741211,101.5999984741211,33.230194091796875,20200.0
2007-11-30,102.0,102.5,101.51000213623048,102.01000213623048,33.36427307128906,34900.0
2007-12-03,103.0,103.0,101.0999984741211,102.38999938964844,33.700653076171875,31400.0
2007-12-04,103.0,103.0,102.0,102.0,33.572303771972656,16300.0
2007-12-05,101.68000030517578,102.5,100.26000213623048,100.8000030517578,33.17729949951172,270600.0
2007-12-06,101.61000061035156,101.75,100.0,101.6999969482422,33.47355270385742,33200.0
2007-12-07,100.5999984741211,102.48999786376952,100.5999984741211,101.6500015258789,33.45708465576172,27100.0
2007-12-10,100.7300033569336,101.63999938964844,100.7300033569336,101.5,33.40772247314453,23500.0
2007-12-11,102.16999816894533,102.4800033569336,100.8499984741211,101.4000015258789,33.374786376953125,30300.0
2007-12-12,102.5,103.75,101.5,101.9499969482422,33.55585479736328,29400.0
2007-12-13,101.75,102.27999877929688,101.2300033569336,101.9000015258789,33.53938674926758,44500.0
2007-12-14,102.5,102.5,101.19000244140624,102.0500030517578,33.58875274658203,15600.0
2007-12-17,102.5,102.5,101.12000274658205,101.5,33.40772247314453,18900.0
2007-12-18,101.41000366210938,102.0,101.41000366210938,101.5999984741211,33.44063186645508,53200.0
2007-12-19,101.11000061035156,102.0999984741211,101.11000061035156,102.0999984741211,33.605228424072266,24000.0
2007-12-20,101.4000015258789,101.9499969482422,101.4000015258789,101.87999725341795,33.53280258178711,31300.0
2007-12-21,102.4800033569336,102.4800033569336,101.38999938964844,102.1999969482422,33.638118743896484,37600.0
2007-12-24,102.0199966430664,102.26000213623048,101.1999969482422,101.83999633789062,33.519630432128906,66800.0
2007-12-26,101.52999877929688,101.6999969482422,101.1999969482422,101.38999938964844,33.37151336669922,48400.0
2007-12-27,101.18000030517578,101.5999984741211,101.18000030517578,101.48999786376952,33.591609954833984,22900.0
2007-12-28,101.4000015258789,101.62000274658205,100.25,100.5,33.26392364501953,88500.0
2007-12-31,100.20999908447266,100.73999786376952,99.87000274658205,100.72000122070312,33.33676528930664,38800.0
2008-01-02,99.55999755859376,100.9000015258789,99.3000030517578,99.5,32.9329833984375,61800.0
2008-01-03,99.5999984741211,99.9499969482422,99.26000213623048,99.30999755859376,32.870079040527344,64800.0
2008-01-04,100.01000213623048,100.0500030517578,98.83999633789062,99.1999969482422,32.83365631103516,48600.0
2008-01-07,99.48999786376952,99.48999786376952,98.3000030517578,98.61000061035156,32.638389587402344,177200.0
2008-01-08,99.48999786376952,99.48999786376952,98.0,98.04000091552734,32.449703216552734,42100.0
2008-01-09,98.48999786376952,98.48999786376952,96.93000030517578,96.97000122070312,32.0955696105957,51600.0
2008-01-10,97.16999816894533,98.16999816894533,96.9499969482422,97.69000244140624,32.33386993408203,154800.0
2008-01-11,97.83999633789062,98.5,97.30999755859376,97.9000015258789,32.40338897705078,71700.0
2008-01-14,97.63999938964844,98.06999969482422,97.37999725341795,97.55999755859376,32.29084396362305,20600.0
2008-01-15,97.9499969482422,97.9499969482422,97.5999984741211,97.80999755859376,32.37359619140625,20000.0
2008-01-16,97.83999633789062,97.9000015258789,97.41000366210938,97.6999969482422,32.33717346191406,20700.0
2008-01-17,97.5,97.5,97.01000213623048,97.01000213623048,32.108795166015625,31600.0
2008-01-18,97.47000122070312,98.9499969482422,97.02999877929688,97.7699966430664,32.3603401184082,84500.0
2008-01-22,96.6999969482422,97.86000061035156,93.3000030517578,97.08999633789062,32.13530349731445,192400.0
2008-01-23,96.83999633789062,97.58999633789062,95.0199966430664,97.27999877929688,32.198177337646484,59600.0
2008-01-24,97.26000213623048,98.5,96.87999725341795,98.5,32.602012634277344,62700.0
2008-01-25,98.11000061035156,99.5,97.05999755859376,98.6500015258789,32.6516227722168,43700.0
2008-01-28,98.5,98.5,97.5,98.1999969482422,32.502685546875,44800.0
2008-01-29,97.77999877929688,98.3499984741211,97.77999877929688,98.3000030517578,32.53578567504883,39200.0
2008-01-30,98.41999816894533,98.73999786376952,97.93000030517578,98.68000030517578,32.66156005859375,27400.0
2008-01-31,98.13999938964844,98.87999725341795,97.75,98.87999725341795,32.72774887084961,76500.0
2008-02-01,98.44000244140624,98.5,97.0,98.2699966430664,32.745750427246094,83100.0
2008-02-04,97.25,98.37999725341795,97.25,98.29000091552734,32.75242614746094,44900.0
2008-02-05,97.79000091552734,97.79000091552734,97.0,97.5,32.489166259765625,66300.0
2008-02-06,97.68000030517578,97.70999908447266,97.18000030517578,97.3000030517578,32.42251968383789,101100.0
2008-02-07,96.9000015258789,97.3000030517578,96.0,96.88999938964844,32.2859001159668,58100.0
2008-02-08,96.5,96.5,96.0,96.16000366210938,32.042633056640625,80400.0
2008-02-11,95.26000213623048,96.20999908447266,95.26000213623048,95.4000015258789,31.789396286010746,74500.0
2008-02-12,95.25,96.29000091552734,95.25,95.76000213623048,31.909358978271484,85200.0
2008-02-13,95.98999786376952,96.05999755859376,95.51000213623048,95.51000213623048,31.826059341430664,60700.0
2008-02-14,96.56999969482422,96.56999969482422,95.4499969482422,95.9800033569336,31.98265647888184,48800.0
2008-02-15,95.75,95.75,95.3499984741211,95.73999786376952,31.90268898010254,49700.0
2008-02-19,95.75,96.0,95.0,95.25,31.73940658569336,102900.0
2008-02-20,95.83999633789062,95.83999633789062,95.02999877929688,95.5,31.82270050048828,65800.0
2008-02-21,95.9000015258789,96.0,95.5,95.83000183105467,31.93267250061035,55800.0
2008-02-22,95.94000244140624,96.08000183105467,95.6500015258789,96.0,31.98932266235352,48200.0
2008-02-25,95.8000030517578,96.43000030517578,95.70999908447266,96.29000091552734,32.08595657348633,81000.0
2008-02-26,96.3000030517578,96.9499969482422,96.1999969482422,96.91000366210938,32.292564392089844,80200.0
2008-02-27,96.97000122070312,96.9800033569336,96.48999786376952,96.88999938964844,32.2859001159668,75900.0
2008-02-28,96.5,96.93000030517578,95.69000244140624,96.75,32.239261627197266,61300.0
2008-02-29,96.37999725341795,96.45999908447266,95.69000244140624,96.37999725341795,32.11595153808594,72900.0
2008-03-03,96.19000244140624,96.19000244140624,95.5,95.79000091552734,32.12467193603516,53500.0
2008-03-04,95.8000030517578,95.9499969482422,95.51000213623048,95.68000030517578,32.08780288696289,29900.0
2008-03-05,95.5,96.0,95.5,95.9499969482422,32.17832946777344,73300.0
2008-03-06,95.94000244140624,95.94000244140624,95.5,95.6999969482422,32.09449768066406,21000.0
2008-03-07,95.2300033569336,95.5,95.2300033569336,95.5,32.02739715576172,44200.0
2008-03-10,95.45999908447266,95.5500030517578,95.25,95.27999877929688,31.953638076782227,26800.0
2008-03-11,95.13999938964844,95.6999969482422,95.0500030517578,95.5199966430664,32.034122467041016,36200.0
2008-03-12,95.26000213623048,95.51000213623048,95.25,95.5,32.02739715576172,53200.0
2008-03-13,95.22000122070312,95.22000122070312,93.8000030517578,94.83000183105467,31.802717208862305,80100.0
2008-03-14,94.83000183105467,95.0,94.0500030517578,94.26000213623048,31.611560821533203,37300.0
2008-03-17,94.02999877929688,94.02999877929688,93.3000030517578,93.81999969482422,31.464019775390625,55100.0
2008-03-18,94.45999908447266,96.98999786376952,94.29000091552734,95.1999969482422,31.926794052124023,46700.0
2008-03-19,95.45999908447266,95.58000183105467,95.0999984741211,95.3000030517578,31.96035385131836,75800.0
2008-03-20,95.26000213623048,95.75,95.1999969482422,95.75,32.11125183105469,55600.0
2008-03-24,95.98999786376952,96.5999984741211,95.79000091552734,96.4800033569336,32.3560791015625,104900.0
2008-03-25,96.5,96.75,96.22000122070312,96.7300033569336,32.43990707397461,90200.0
2008-03-26,96.5999984741211,96.7699966430664,96.4000015258789,96.5,32.36277389526367,149700.0
2008-03-27,96.5999984741211,96.5999984741211,96.11000061035156,96.19000244140624,32.25884246826172,97800.0
2008-03-28,96.1999969482422,96.23999786376952,96.01000213623048,96.23999786376952,32.27557373046875,46400.0
2008-03-31,96.0199966430664,96.6999969482422,95.62999725341795,96.66999816894533,32.4198112487793,246500.0
2008-04-01,95.87999725341795,96.45999908447266,95.87999725341795,96.4499969482422,32.56222915649414,988000.0
2008-04-02,96.41999816894533,96.6500015258789,96.25,96.5,32.57914352416992,92200.0
2008-04-03,96.66000366210938,96.66000366210938,95.5999984741211,96.33000183105467,32.521766662597656,98300.0
2008-04-04,96.5,98.2300033569336,96.20999908447266,96.6999969482422,32.64664077758789,142200.0
2008-04-07,96.8000030517578,97.52999877929688,96.6999969482422,97.47000122070312,32.90663146972656,117300.0
2008-04-08,97.1500015258789,97.8000030517578,96.9000015258789,97.8000030517578,33.01802444458008,85300.0
2008-04-09,97.0,97.1999969482422,96.77999877929688,96.9499969482422,32.7310791015625,79400.0
2008-04-10,96.91000366210938,98.51000213623048,96.83999633789062,97.3000030517578,32.8492431640625,176900.0
2008-04-11,97.0999984741211,97.12999725341795,96.5,96.5199966430664,32.58588409423828,59600.0
2008-04-14,96.79000091552734,96.9000015258789,96.5199966430664,96.86000061035156,32.700679779052734,54700.0
2008-04-15,96.79000091552734,97.1999969482422,96.63999938964844,96.8499984741211,32.697288513183594,59400.0
2008-04-16,97.18000030517578,97.41999816894533,96.83999633789062,97.2699966430664,32.83909225463867,84700.0
2008-04-17,97.37000274658205,97.37000274658205,97.0999984741211,97.37000274658205,32.87286758422852,61900.0
2008-04-18,97.81999969482422,98.0500030517578,97.33000183105467,98.02999877929688,33.09568786621094,123700.0
2008-04-21,97.9800033569336,97.9800033569336,97.76000213623048,97.87000274658205,33.04166793823242,70500.0
2008-04-22,98.13999938964844,98.31999969482422,97.52999877929688,98.0,33.085548400878906,77600.0
2008-04-23,98.4000015258789,98.69000244140624,97.77999877929688,98.4000015258789,33.22059631347656,103800.0
2008-04-24,98.5500030517578,98.5500030517578,97.9000015258789,98.43000030517578,33.23072814941406,114400.0
2008-04-25,98.77999877929688,98.9000015258789,98.5999984741211,98.9000015258789,33.3894157409668,87600.0
2008-04-28,99.16999816894533,99.5,98.48999786376952,99.4800033569336,33.585227966308594,595700.0
2008-04-29,99.47000122070312,99.47000122070312,98.91000366210938,99.19000244140624,33.487342834472656,144500.0
2008-04-30,99.20999908447266,99.95999908447266,98.5,99.29000091552734,33.521034240722656,113400.0
2008-05-01,99.1999969482422,100.81999969482422,99.1999969482422,100.81999969482422,34.23344039916992,428500.0
2008-05-02,100.31999969482422,100.38999938964844,99.61000061035156,99.8000030517578,33.88709259033203,133900.0
2008-05-05,99.51000213623048,99.6999969482422,99.51000213623048,99.63999938964844,33.83278274536133,121900.0
2008-05-06,99.27999877929688,99.27999877929688,98.68000030517578,98.93000030517578,33.59169006347656,121400.0
2008-05-07,99.22000122070312,99.2300033569336,98.62000274658205,99.0,33.615455627441406,65700.0
2008-05-08,99.16999816894533,99.19000244140624,98.75,98.79000091552734,33.544185638427734,59700.0
2008-05-09,98.87000274658205,99.0,98.48999786376952,99.0,33.615455627441406,73100.0
2008-05-12,98.91999816894533,98.93000030517578,98.5,98.87000274658205,33.571319580078125,91900.0
2008-05-13,98.9800033569336,99.04000091552734,98.70999908447266,98.83999633789062,33.56114196777344,59500.0
2008-05-14,98.94000244140624,99.13999938964844,98.0999984741211,98.6999969482422,33.51359939575195,153100.0
2008-05-15,99.16000366210938,99.25,98.25,98.95999908447266,33.6019172668457,146600.0
2008-05-16,98.72000122070312,99.13999938964844,98.5999984741211,99.0999984741211,33.649410247802734,79300.0
2008-05-19,99.3499984741211,99.58000183105467,99.1999969482422,99.48999786376952,33.781856536865234,58900.0
2008-05-20,99.5,99.5,99.06999969482422,99.3000030517578,33.71735382080078,49300.0
2008-05-21,99.3499984741211,99.3499984741211,99.0199966430664,99.12000274658205,33.65622329711914,97300.0
2008-05-22,99.0,99.23999786376952,98.7300033569336,98.97000122070312,33.60527801513672,51700.0
2008-05-23,98.6999969482422,98.80999755859376,97.6999969482422,98.37999725341795,33.40493392944336,401400.0
2008-05-27,98.36000061035156,98.36000061035156,97.54000091552734,97.83000183105467,33.21819305419922,65800.0
2008-05-28,97.5999984741211,98.33999633789062,97.5999984741211,98.30999755859376,33.381160736083984,73700.0
2008-05-29,98.25,98.4000015258789,98.0,98.20999908447266,33.347225189208984,76300.0
2008-05-30,98.2300033569336,98.2300033569336,98.06999969482422,98.22000122070312,33.350616455078125,53600.0
2008-06-02,97.58999633789062,97.66999816894533,95.81999969482422,96.77999877929688,33.07517623901367,374500.0
2008-06-03,97.3000030517578,97.3000030517578,96.3000030517578,96.8499984741211,33.09906768798828,80200.0
2008-06-04,96.93000030517578,96.93000030517578,96.4499969482422,96.75,33.064910888671875,46100.0
2008-06-05,97.0,97.1999969482422,96.87999725341795,97.16999816894533,33.20843505859375,49200.0
2008-06-06,96.97000122070312,97.37999725341795,96.77999877929688,96.9000015258789,33.11616516113281,43100.0
2008-06-09,97.2699966430664,97.37000274658205,96.61000061035156,97.20999908447266,33.22212600708008,47100.0
2008-06-10,97.0,97.26000213623048,96.86000061035156,97.25,33.23576354980469,52400.0
2008-06-11,97.5,97.9800033569336,97.0,97.2300033569336,33.228939056396484,66500.0
2008-06-12,96.93000030517578,97.3499984741211,96.70999908447266,97.06999969482422,33.174285888671875,41200.0
2008-06-13,97.0999984741211,97.5,96.3499984741211,97.5,33.321231842041016,58900.0
2008-06-16,96.5999984741211,97.06999969482422,96.11000061035156,96.1500015258789,32.8598747253418,61200.0
2008-06-17,96.02999877929688,96.8000030517578,95.97000122070312,96.31999969482422,32.91796112060547,87300.0
2008-06-18,96.3000030517578,96.8499984741211,96.0500030517578,96.52999877929688,32.989723205566406,67200.0
2008-06-19,96.22000122070312,96.22000122070312,95.6500015258789,95.91999816894533,32.781246185302734,86600.0
2008-06-20,95.8000030517578,95.87999725341795,95.25,95.54000091552734,32.651405334472656,40500.0
2008-06-23,95.58999633789062,95.63999938964844,95.08999633789062,95.19000244140624,32.531776428222656,37800.0
2008-06-24,95.0999984741211,95.62999725341795,94.48999786376952,94.79000091552734,32.395076751708984,176700.0
2008-06-25,94.63999938964844,95.13999938964844,94.5,95.11000061035156,32.504425048828125,92900.0
2008-06-26,94.18000030517578,94.5999984741211,93.8000030517578,94.36000061035156,32.24810028076172,96000.0
2008-06-27,94.0199966430664,94.1999969482422,93.58999633789062,94.0999984741211,32.15924835205078,58300.0
2008-06-30,93.9000015258789,94.0999984741211,93.54000091552734,94.0,32.12508773803711,84900.0
2008-07-01,92.43000030517578,94.0,92.3499984741211,93.25,32.09101867675781,957200.0
2008-07-02,93.0199966430664,93.5,92.56999969482422,93.18000030517578,32.06693649291992,81800.0
2008-07-03,93.37000274658205,93.58000183105467,92.98999786376952,93.13999938964844,32.05315399169922,41700.0
2008-07-07,93.56999969482422,93.56999969482422,92.70999908447266,93.22000122070312,32.08068084716797,102500.0
2008-07-08,93.1500015258789,93.20999908447266,92.66000366210938,92.97000122070312,31.994644165039062,170000.0
2008-07-09,92.8000030517578,93.1999969482422,92.5500030517578,92.6500015258789,31.88452911376953,79000.0
2008-07-10,92.41999816894533,93.08999633789062,92.33999633789062,92.7699966430664,31.925817489624023,99100.0
2008-07-11,92.30999755859376,92.80999755859376,92.2300033569336,92.6500015258789,31.88452911376953,310000.0
2008-07-14,93.16000366210938,93.16000366210938,91.9000015258789,92.43000030517578,31.80881690979004,41200.0
2008-07-15,91.70999908447266,91.8000030517578,90.7300033569336,91.0,31.3166732788086,149100.0
2008-07-16,91.1999969482422,91.56999969482422,91.0,91.3000030517578,31.41992950439453,25300.0
2008-07-17,91.6999969482422,92.5500030517578,91.45999908447266,91.56999969482422,31.5128231048584,41900.0
2008-07-18,92.08999633789062,93.04000091552734,91.7699966430664,93.04000091552734,32.01873016357422,48800.0
2008-07-21,93.5199966430664,93.69000244140624,93.0,93.5,32.17705154418945,49500.0
2008-07-22,93.3000030517578,93.88999938964844,93.12000274658205,93.81999969482422,32.28717041015625,103000.0
2008-07-23,93.6500015258789,93.93000030517578,93.5500030517578,93.56999969482422,32.201141357421875,193500.0
2008-07-24,93.80999755859376,94.23999786376952,93.26000213623048,93.79000091552734,32.27684783935547,64100.0
2008-07-25,93.75,94.52999877929688,93.6999969482422,93.98999786376952,32.345672607421875,188000.0
2008-07-28,93.44000244140624,93.7300033569336,93.3000030517578,93.66999816894533,32.23554229736328,75200.0
2008-07-29,93.55999755859376,93.83000183105467,93.1999969482422,93.69000244140624,32.242435455322266,65900.0
2008-07-30,93.3499984741211,93.73999786376952,93.0,93.70999908447266,32.249305725097656,103900.0
2008-07-31,93.37000274658205,93.9000015258789,93.0,93.9000015258789,32.31470489501953,82000.0
2008-08-01,92.6999969482422,93.06999969482422,92.4000015258789,92.81999969482422,32.170169830322266,25200.0
2008-08-04,92.37999725341795,92.4800033569336,92.04000091552734,92.18000030517578,31.948354721069336,75800.0
2008-08-05,92.33000183105467,93.6999969482422,92.0199966430664,92.83000183105467,32.17363739013672,70600.0
2008-08-06,92.26000213623048,92.3499984741211,92.0,92.20999908447266,31.95877265930176,44200.0
2008-08-07,92.16999816894533,92.26000213623048,92.0,92.0999984741211,31.92064476013184,42700.0
2008-08-08,92.06999969482422,92.27999877929688,91.97000122070312,92.26000213623048,31.976093292236328,62300.0
2008-08-11,91.8499984741211,92.1500015258789,91.36000061035156,92.0,31.885984420776367,49800.0
2008-08-12,92.18000030517578,92.47000122070312,91.9000015258789,92.36000061035156,32.01075744628906,95000.0
2008-08-13,92.3000030517578,92.5,92.0,92.5,32.05925369262695,47200.0
2008-08-14,92.4000015258789,92.5,92.16000366210938,92.5,32.05925369262695,58400.0
2008-08-15,92.44000244140624,92.73999786376952,92.41999816894533,92.70999908447266,32.132057189941406,39900.0
2008-08-18,92.75,92.98999786376952,92.0199966430664,92.5,32.05925369262695,91100.0
2008-08-19,92.6500015258789,92.75,92.25,92.68000030517578,32.121665954589844,101400.0
2008-08-20,92.68000030517578,92.81999969482422,92.33000183105467,92.66000366210938,32.1147346496582,30700.0
2008-08-21,92.37000274658205,92.5999984741211,92.25,92.52999877929688,32.069664001464844,103100.0
2008-08-22,92.4499969482422,92.75,92.0,92.0,31.885984420776367,58300.0
2008-08-25,92.11000061035156,92.5199966430664,92.11000061035156,92.5,32.05925369262695,60600.0
2008-08-26,92.55999755859376,92.55999755859376,91.9000015258789,92.0,31.885984420776367,259900.0
2008-08-27,92.37999725341795,92.37999725341795,91.83000183105467,92.0999984741211,31.92064476013184,68400.0
2008-08-28,92.37999725341795,92.41999816894533,92.0199966430664,92.2300033569336,31.96570205688477,74100.0
2008-08-29,92.4499969482422,92.58999633789062,92.0,92.4000015258789,32.024593353271484,59500.0
2008-09-02,92.23999786376952,92.52999877929688,91.62000274658205,91.8000030517578,32.031578063964844,57200.0
2008-09-03,92.0,92.0999984741211,91.83000183105467,92.0999984741211,32.136268615722656,50200.0
2008-09-04,92.5,92.5,92.30999755859376,92.5,32.27583312988281,46700.0
2008-09-05,92.26000213623048,92.43000030517578,91.5199966430664,92.41999816894533,32.24790954589844,62400.0
2008-09-08,93.13999938964844,93.13999938964844,92.1500015258789,92.30999755859376,32.20952224731445,59300.0
2008-09-09,92.56999969482422,92.91000366210938,92.1999969482422,92.51000213623048,32.27933883666992,168700.0
2008-09-10,92.4800033569336,92.4800033569336,92.0,92.0,32.10136032104492,61200.0
2008-09-11,92.16999816894533,92.33999633789062,91.66000366210938,92.0,32.10136032104492,101600.0
2008-09-12,91.87999725341795,92.02999877929688,91.4800033569336,92.0,32.10136032104492,121100.0
2008-09-15,91.87999725341795,91.87999725341795,88.0,88.62000274658203,30.92201232910156,377800.0
2008-09-16,87.04000091552734,87.41000366210938,82.23999786376953,86.58000183105469,30.210180282592773,283800.0
2008-09-17,86.16999816894531,86.4000015258789,79.25,81.37999725341797,28.39577293395996,283100.0
2008-09-18,82.98999786376953,88.19999694824219,81.41000366210938,87.80000305175781,30.635889053344727,226400.0
2008-09-19,89.0,92.0500030517578,88.0999984741211,88.91999816894531,31.02667236328125,77800.0
2008-09-22,89.0999984741211,90.1999969482422,88.5999984741211,88.83999633789062,30.998754501342773,34600.0
2008-09-23,89.56999969482422,89.75,87.0,87.97000122070312,30.695201873779297,64200.0
2008-09-24,88.05000305175781,89.69000244140625,88.05000305175781,88.76000213623047,30.970821380615234,57700.0
2008-09-25,88.8499984741211,88.8499984741211,86.5,86.5,30.18226432800293,73600.0
2008-09-26,85.4800033569336,86.94000244140625,84.93000030517578,86.19999694824219,30.07759475708008,50900.0
2008-09-29,86.2300033569336,86.2300033569336,76.0,79.22000122070312,27.64206886291504,174700.0
2008-09-30,82.51000213623047,82.63999938964844,80.5999984741211,82.0,28.61207389831543,113200.0
2008-10-01,82.33000183105469,85.19999694824219,82.0,84.8499984741211,29.85776710510254,991400.0
2008-10-02,84.87000274658203,84.87000274658203,81.01000213623047,82.63999938964844,29.08010482788086,230900.0
2008-10-03,83.2300033569336,83.76000213623047,81.75,82.33999633789062,28.97453689575196,51400.0
2008-10-06,80.5,81.75,77.55000305175781,79.3499984741211,27.922388076782227,134200.0
2008-10-07,79.51000213623047,82.66999816894531,77.88999938964844,78.01000213623047,27.450851440429688,240800.0
2008-10-08,76.62000274658203,78.19999694824219,74.22000122070312,74.75,26.30370712280273,157800.0
2008-10-09,75.19999694824219,78.26000213623047,73.01000213623047,73.01000213623047,25.691404342651367,113800.0
2008-10-10,71.37000274658203,71.37000274658203,63.959999084472656,68.13999938964844,23.97769546508789,274300.0
2008-10-13,70.55000305175781,76.5,70.45999908447266,76.5,26.919506072998047,230000.0
2008-10-14,78.25,79.33000183105469,75.5,77.0,27.0954647064209,372300.0
2008-10-15,75.98999786376953,75.98999786376953,71.87999725341797,73.63999938964844,25.91309928894043,374900.0
2008-10-16,74.31999969482422,74.33000183105469,70.0,70.8499984741211,24.93132781982422,167400.0
2008-10-17,70.51000213623047,70.83999633789062,69.5,70.0,24.632230758666992,120700.0
2008-10-20,71.55000305175781,71.80000305175781,70.0,71.4000015258789,25.12489128112793,1460200.0
2008-10-21,71.22000122070312,72.88999938964844,70.45999908447266,70.98999786376953,24.98060417175293,398300.0
2008-10-22,71.68000030517578,71.68000030517578,70.2699966430664,70.4000015258789,24.772974014282227,113300.0
2008-10-23,70.4000015258789,71.88999938964844,70.0999984741211,71.58999633789062,25.19173812866211,157700.0
2008-10-24,70.4000015258789,70.80000305175781,69.05999755859375,69.80000305175781,24.56184768676757,155600.0
2008-10-27,70.04000091552734,70.37999725341797,66.25,66.25,23.31264305114746,1313600.0
2008-10-28,67.69000244140625,68.69999694824219,67.0,67.0,23.576557159423828,158600.0
2008-10-29,67.41000366210938,71.0,67.41000366210938,70.05000305175781,24.64981460571289,318700.0
2008-10-30,70.94999694824219,71.97000122070312,70.5,71.97000122070312,25.32546043395996,169900.0
2008-10-31,71.5999984741211,72.26000213623047,71.58999633789062,72.0,25.33599853515625,126500.0
2008-11-03,72.26000213623047,72.26000213623047,71.69999694824219,71.88999938964844,25.54206275939941,168900.0
2008-11-04,72.77999877929688,72.77999877929688,71.75,72.69999694824219,25.82986831665039,430300.0
2008-11-05,72.77999877929688,73.22000122070312,72.0,72.0999984741211,25.616680145263672,392100.0
2008-11-06,71.01000213623047,72.5,71.0,72.0999984741211,25.616680145263672,198100.0
2008-11-07,72.62999725341797,72.94000244140625,72.0,72.8499984741211,25.88315963745117,221000.0
2008-11-10,73.05000305175781,73.41999816894531,72.0,72.86000061035156,25.88670921325684,148600.0
2008-11-11,73.58999633789062,73.58999633789062,72.05000305175781,72.7300033569336,25.84053611755371,107100.0
2008-11-12,72.69000244140625,72.69000244140625,71.54000091552734,71.69999694824219,25.47456741333008,129400.0
2008-11-13,71.12000274658203,71.86000061035156,70.66999816894531,71.31999969482422,25.33955383300781,211900.0
2008-11-14,71.37999725341797,71.37999725341797,70.0,70.44999694824219,25.03045654296875,115200.0
2008-11-17,70.44999694824219,70.94000244140625,69.11000061035156,69.36000061035156,24.64318084716797,157200.0
2008-11-18,69.0,69.44000244140625,67.5999984741211,67.9000015258789,24.124462127685547,174700.0
2008-11-19,67.04000091552734,67.7699966430664,65.05999755859375,65.58000183105469,23.3001766204834,174100.0
2008-11-20,65.0199966430664,65.33999633789062,62.5,63.400001525878906,22.52564239501953,606400.0
2008-11-21,64.91999816894531,65.2699966430664,63.209999084472656,64.02999877929688,22.74946403503418,238500.0
2008-11-24,65.16000366210938,65.69000244140625,64.02999877929688,64.31999969482422,22.85250473022461,232500.0
2008-11-25,65.83999633789062,65.83999633789062,63.77000045776367,64.98999786376953,23.090538024902344,313500.0
2008-11-26,66.05999755859375,66.54000091552734,65.0999984741211,66.5,23.62703895568848,256400.0
2008-11-28,65.37999725341797,66.52999877929688,65.37999725341797,66.25,23.538204193115234,420700.0
2008-12-01,65.11000061035156,65.66000366210938,63.66999816894531,64.19999694824219,23.05275535583496,409700.0
2008-12-02,65.2699966430664,65.2699966430664,64.25,64.88999938964844,23.30051040649414,501700.0
2008-12-03,64.80000305175781,64.93000030517578,64.41000366210938,64.9000015258789,23.3040828704834,247800.0
2008-12-04,64.91000366210938,65.0,64.16999816894531,64.5199966430664,23.16764640808105,214200.0
2008-12-05,64.12000274658203,64.55000305175781,63.5,64.55000305175781,23.17841911315918,485500.0
2008-12-08,64.55000305175781,65.37999725341797,63.79999923706055,65.30000305175781,23.447738647460938,703700.0
2008-12-09,65.20999908447266,65.33999633789062,64.5,64.80999755859375,23.27177619934082,631800.0
2008-12-10,65.05999755859375,65.12999725341797,64.0,64.76000213623047,23.25382804870605,379100.0
2008-12-11,64.52999877929688,65.0,64.26000213623047,64.26000213623047,23.074296951293945,914500.0
2008-12-12,64.3499984741211,65.30000305175781,64.05000305175781,65.1500015258789,23.393871307373047,320000.0
2008-12-15,64.41999816894531,65.63999938964844,64.41999816894531,64.80999755859375,23.27177619934082,611300.0
2008-12-16,66.01000213623047,66.02999877929688,64.5999984741211,66.01000213623047,23.70267868041992,523700.0
2008-12-17,66.37999725341797,68.0999984741211,65.5999984741211,67.69999694824219,24.30950927734375,1671500.0
2008-12-18,68.72000122070312,72.45999908447266,68.08999633789062,71.62999725341797,25.720706939697266,2134800.0
2008-12-19,70.98999786376953,71.25,70.12999725341797,71.1500015258789,25.5483341217041,1174700.0
2008-12-22,71.33999633789062,74.36000061035156,70.80000305175781,74.0,26.57170486450196,1764700.0
2008-12-23,74.37999725341797,75.29000091552734,73.80999755859375,75.08000183105469,26.959503173828125,1220400.0
2008-12-24,74.68000030517578,75.5,73.4800033569336,73.9000015258789,26.535789489746094,787700.0
2008-12-26,73.98999786376953,75.33999633789062,73.02999877929688,75.30999755859375,27.04209518432617,1291200.0
2008-12-29,75.25,75.79000091552734,74.5,75.29000091552734,27.22433853149414,1020000.0
2008-12-30,76.16000366210938,76.16000366210938,74.80999755859375,75.5199966430664,27.30747413635254,530100.0
2008-12-31,75.54000091552734,76.1500015258789,75.06999969482422,76.01000213623047,27.48467254638672,707400.0
2009-01-02,75.58000183105469,76.44999694824219,75.58000183105469,75.7699966430664,27.39790916442871,673600.0
2009-01-05,75.41999816894531,81.87000274658203,75.37000274658203,79.43000030517578,28.7213191986084,1907500.0
2009-01-06,80.19000244140625,80.61000061035156,79.5199966430664,80.0999984741211,28.96358871459961,2267000.0
2009-01-07,79.94000244140625,80.36000061035156,77.75,78.6500015258789,28.43927383422852,1748100.0
2009-01-08,78.30999755859375,78.30999755859375,76.86000061035156,77.51000213623047,28.02707862854004,972100.0
2009-01-09,78.86000061035156,78.86000061035156,77.55000305175781,78.6500015258789,28.43927383422852,826600.0
2009-01-12,78.98999786376953,79.0999984741211,76.20999908447266,76.94000244140625,27.820947647094727,867700.0
2009-01-13,77.80999755859375,77.80999755859375,75.81999969482422,76.66000366210938,27.7197380065918,613500.0
2009-01-14,75.55000305175781,76.19999694824219,73.68000030517578,75.68000030517578,27.36536979675293,1006000.0
2009-01-15,75.11000061035156,75.52999877929688,74.5199966430664,75.37999725341797,27.256885528564453,1122500.0
2009-01-16,75.23999786376953,76.12000274658203,73.79000091552734,75.98999786376953,27.477445602416992,574800.0
2009-01-20,75.01000213623047,75.52999877929688,74.0199966430664,74.69000244140625,27.007383346557617,544100.0
2009-01-21,74.81999969482422,75.04000091552734,73.68000030517578,74.69999694824219,27.0109977722168,534200.0
2009-01-22,74.87000274658203,74.87000274658203,73.76000213623047,74.5,26.938682556152344,454800.0
2009-01-23,73.81999969482422,74.33000183105469,72.4000015258789,73.30999755859375,26.508373260498047,1556100.0
2009-01-26,73.77999877929688,74.23999786376953,73.06999969482422,73.5,26.57709693908692,573600.0
2009-01-27,74.16999816894531,74.44000244140625,73.56999969482422,74.18000030517578,26.822961807250977,637500.0
2009-01-28,74.94000244140625,76.87000274658203,74.7699966430664,76.80999755859375,27.7739486694336,1549400.0
2009-01-29,75.94999694824219,76.36000061035156,74.5199966430664,74.9000015258789,27.08329200744629,685200.0
2009-01-30,75.58999633789062,75.58999633789062,74.61000061035156,75.23999786376953,27.20625686645508,469800.0
2009-02-02,73.87999725341797,74.20999908447266,72.4000015258789,72.9000015258789,26.62663078308105,1037900.0
2009-02-03,73.47000122070312,73.51000213623047,72.51000213623047,73.02999877929688,26.67410469055176,642100.0
2009-02-04,73.4800033569336,73.56999969482422,72.83999633789062,72.97000122070312,26.65215492248535,891500.0
2009-02-05,73.33000183105469,73.76000213623047,72.02999877929688,72.37000274658203,26.433019638061523,836600.0
2009-02-06,72.9000015258789,73.83999633789062,72.5999984741211,73.83000183105469,26.966289520263672,830900.0
2009-02-09,73.69999694824219,74.58999633789062,73.55999755859375,74.4000015258789,27.174474716186523,831400.0
2009-02-10,74.55000305175781,74.56999969482422,73.5199966430664,73.91000366210938,26.995508193969727,831000.0
2009-02-11,74.25,74.33999633789062,73.5999984741211,73.73999786376953,26.93342399597168,592100.0
2009-02-12,73.08999633789062,73.51000213623047,72.83999633789062,73.51000213623047,26.849411010742188,509200.0
2009-02-13,73.66999816894531,73.80000305175781,73.0999984741211,73.80000305175781,26.95532417297364,299100.0
2009-02-17,73.77999877929688,73.83999633789062,71.5999984741211,71.91999816894531,26.268659591674805,1521100.0
2009-02-18,72.31999969482422,72.47000122070312,69.5,71.48999786376953,26.11160659790039,1414600.0
2009-02-19,71.81999969482422,72.33999633789062,71.5199966430664,71.8499984741211,26.24310302734375,385300.0
2009-02-20,70.19000244140625,71.16999816894531,69.52999877929688,70.80000305175781,25.859582901000977,647700.0
2009-02-23,70.81999969482422,71.69000244140625,68.26000213623047,69.0199966430664,25.20944595336914,884500.0
2009-02-24,69.30999755859375,70.5,69.0,70.0,25.56740379333496,647300.0
2009-02-25,70.16000366210938,70.16000366210938,69.19999694824219,69.66000366210938,25.44319534301757,567600.0
2009-02-26,69.75,69.87000274658203,67.62999725341797,68.27999877929688,24.939172744750977,603200.0
2009-02-27,68.01000213623047,68.44999694824219,67.0,67.25,24.56294822692871,824700.0
2009-03-02,66.33000183105469,66.80999755859375,64.80000305175781,65.1500015258789,24.053089141845703,993600.0
2009-03-03,65.70999908447266,66.30000305175781,64.9000015258789,65.41000366210938,24.149084091186523,752700.0
2009-03-04,65.63999938964844,66.44999694824219,64.80999755859375,65.4000015258789,24.14538955688477,572900.0
2009-03-05,65.3499984741211,65.4000015258789,62.2400016784668,62.29999923706055,23.00088691711425,1117900.0
2009-03-06,62.70000076293945,63.7400016784668,61.869998931884766,62.0,22.89012718200684,1216800.0
2009-03-09,62.31999969482422,62.83000183105469,61.5,61.63999938964844,22.75721549987793,645100.0
2009-03-10,62.34999847412109,64.91000366210938,62.34999847412109,64.69000244140625,23.88326072692871,1111400.0
2009-03-11,65.45999908447266,65.94999694824219,64.94000244140625,65.72000122070312,24.263538360595703,769500.0
2009-03-12,65.75,66.83999633789062,65.5199966430664,66.80999755859375,24.665956497192383,762800.0
2009-03-13,67.0199966430664,67.11000061035156,66.5,66.95999908447266,24.721349716186523,632300.0
2009-03-16,67.16999816894531,67.83000183105469,67.05999755859375,67.33999633789062,24.86162757873535,514600.0
2009-03-17,67.30000305175781,67.4000015258789,66.41999816894531,66.95999908447266,24.721349716186523,460100.0
2009-03-18,66.97000122070312,68.62000274658203,66.58000183105469,68.5,25.28989219665528,611000.0
2009-03-19,68.45999908447266,68.62000274658203,67.25,67.9000015258789,25.06838607788086,711800.0
2009-03-20,67.98999786376953,68.37999725341797,67.52999877929688,67.7699966430664,25.020387649536133,394900.0
2009-03-23,68.61000061035156,69.19999694824219,67.62999725341797,69.16999816894531,25.537256240844727,461200.0
2009-03-24,69.06999969482422,69.45999908447266,68.62999725341797,69.30000305175781,25.585248947143555,425000.0
2009-03-25,69.38999938964844,70.05000305175781,69.38999938964844,69.66999816894531,25.721853256225582,800700.0
2009-03-26,70.11000061035156,70.7699966430664,69.7300033569336,70.75,26.12059211730957,660200.0
2009-03-27,70.5999984741211,70.5999984741211,68.91000366210938,70.02999877929688,25.85476875305176,1157900.0
2009-03-30,69.6500015258789,69.6500015258789,66.75,66.75,24.64381217956543,1299900.0
2009-03-31,68.13999938964844,68.7699966430664,67.5,67.80000305175781,25.031469345092773,632700.0
2009-04-01,67.66999816894531,67.93000030517578,66.91000366210938,67.0999984741211,25.0710678100586,654300.0
2009-04-02,68.04000091552734,69.63999938964844,67.41000366210938,69.54000091552734,25.982755661010746,1469600.0
2009-04-03,69.70999908447266,70.80000305175781,69.5,70.5199966430664,26.348913192749023,1355600.0
2009-04-06,70.12000274658203,70.88999938964844,69.44999694824219,70.29000091552734,26.26296615600586,648200.0
2009-04-07,70.08999633789062,70.08999633789062,69.12000274658203,69.4800033569336,25.960309982299805,459900.0
2009-04-08,68.80000305175781,70.5999984741211,68.80000305175781,70.30000305175781,26.266712188720703,721600.0
2009-04-09,71.0,72.55000305175781,71.0,72.30000305175781,27.01399803161621,1123800.0
2009-04-13,71.44999694824219,72.4800033569336,71.0,72.25,26.995290756225582,801800.0
2009-04-14,72.23999786376953,72.23999786376953,71.51000213623047,71.87999725341797,26.85704231262207,617000.0
2009-04-15,72.22000122070312,72.5,71.66999816894531,72.48999786376953,27.08498191833496,501700.0
2009-04-16,72.70999908447266,74.33000183105469,72.66999816894531,73.63999938964844,27.51466941833496,1109500.0
2009-04-17,73.88999938964844,75.75,73.5,75.25,28.11623191833496,683000.0
2009-04-20,74.62999725341797,74.94999694824219,72.37999725341797,72.5,27.088706970214844,1003100.0
2009-04-21,72.41000366210938,73.80000305175781,71.52999877929688,73.31999969482422,27.395095825195312,264800.0
2009-04-22,73.02999877929688,74.16000366210938,72.12000274658203,73.66999816894531,27.52585220336914,715200.0
2009-04-23,73.70999908447266,74.0,73.2699966430664,73.58999633789062,27.49597549438477,701300.0
2009-04-24,73.98999786376953,74.83999633789062,73.69999694824219,74.7300033569336,27.921918869018555,522500.0
2009-04-27,74.19999694824219,74.5199966430664,73.80999755859375,74.13999938964844,27.701488494873047,813400.0
2009-04-28,73.9000015258789,74.86000061035156,73.3499984741211,74.30000305175781,27.76126289367676,460200.0
2009-04-29,74.98999786376953,75.80000305175781,74.86000061035156,75.68000030517578,28.2768611907959,1167900.0
2009-04-30,76.31999969482422,76.48999786376953,75.55000305175781,76.2699966430664,28.49732208251953,919500.0
2009-05-01,75.7699966430664,76.08999633789062,74.61000061035156,75.55999755859375,28.45251846313477,609400.0
2009-05-04,75.88999938964844,75.94999694824219,75.0,75.37999725341797,28.38472557067871,1043400.0
2009-05-05,75.4000015258789,76.04000091552734,75.3499984741211,76.02999877929688,28.62948989868164,799800.0
2009-05-06,76.33000183105469,76.79000091552734,75.55000305175781,76.66000366210938,28.86672592163086,738600.0
2009-05-07,77.55000305175781,77.66000366210938,74.79000091552734,75.4000015258789,28.39227104187012,1546800.0
2009-05-08,76.43000030517578,77.0999984741211,76.20999908447266,76.75,28.900606155395508,1375800.0
2009-05-11,76.56999969482422,76.7699966430664,75.41999816894531,76.3499984741211,28.749984741210938,531000.0
2009-05-12,76.0,76.6500015258789,75.69999694824219,76.6500015258789,28.86294174194336,682300.0
2009-05-13,76.4800033569336,76.5199966430664,75.5,75.6500015258789,28.486387252807617,1118700.0
2009-05-14,75.51000213623047,75.62999725341797,74.38999938964844,74.8499984741211,28.185157775878903,966300.0
2009-05-15,74.8499984741211,74.88999938964844,73.08000183105469,73.80000305175781,27.789770126342773,1007100.0
2009-05-18,74.33999633789062,75.44000244140625,74.16999816894531,75.37000274658203,28.380979537963867,831000.0
2009-05-19,75.44999694824219,76.12999725341797,74.86000061035156,75.87000274658203,28.569238662719727,902800.0
2009-05-20,76.11000061035156,77.19000244140625,75.87000274658203,76.98999786376953,28.99098396301269,1158400.0
2009-05-21,76.69000244140625,76.93000030517578,76.0,76.0,28.618188858032227,1274700.0
2009-05-22,76.33000183105469,77.38999938964844,76.02999877929688,77.05000305175781,29.01358222961425,762300.0
2009-05-26,76.80999755859375,77.29000091552734,76.37999725341797,76.8499984741211,28.93827247619629,855100.0
2009-05-27,77.33999633789062,77.51000213623047,76.98999786376953,76.98999786376953,28.99098396301269,757300.0
2009-05-28,77.48999786376953,77.69999694824219,76.98999786376953,77.26000213623047,29.092660903930664,583900.0
2009-05-29,77.79000091552734,78.16999816894531,77.44999694824219,77.83999633789062,29.31106758117676,621200.0
2009-06-01,77.79000091552734,78.9800033569336,77.79000091552734,78.94999694824219,30.0046443939209,1293700.0
2009-06-02,78.66000366210938,78.7300033569336,77.93000030517578,78.72000122070312,29.917236328125,782200.0
2009-06-03,78.91999816894531,78.94000244140625,78.01000213623047,78.2699966430664,29.7462158203125,776100.0
2009-06-04,78.0199966430664,78.69999694824219,78.0199966430664,78.51000213623047,29.837427139282227,638100.0
2009-06-05,78.98999786376953,78.98999786376953,78.30999755859375,78.76000213623047,29.93242073059082,704400.0
2009-06-08,78.97000122070312,79.25,78.31999969482422,78.9000015258789,29.98563766479492,593000.0
2009-06-09,78.61000061035156,79.2300033569336,78.61000061035156,79.05000305175781,30.04263687133789,559600.0
2009-06-10,79.2699966430664,79.5,78.72000122070312,79.1500015258789,30.080659866333008,636700.0
2009-06-11,79.12999725341797,79.95999908447266,79.12999725341797,79.33000183105469,30.14908218383789,524400.0
2009-06-12,79.61000061035156,79.87000274658203,79.33000183105469,79.73999786376953,30.304866790771484,566000.0
2009-06-15,79.6500015258789,79.70999908447266,78.4800033569336,78.55999755859375,29.85641860961914,574500.0
2009-06-16,78.98999786376953,79.2300033569336,77.27999877929688,77.80999755859375,29.57140350341797,1180400.0
2009-06-17,77.79000091552734,78.2699966430664,77.0199966430664,77.36000061035156,29.40037727355957,1240800.0
2009-06-18,77.05000305175781,78.20999908447266,77.05000305175781,78.0999984741211,29.68159866333008,766200.0
2009-06-19,77.70999908447266,78.29000091552734,77.70999908447266,78.18000030517578,29.71201515197754,667900.0
2009-06-22,78.08000183105469,78.08000183105469,76.5,77.12000274658203,29.30915260314941,1096700.0
2009-06-23,76.86000061035156,77.73999786376953,76.86000061035156,77.25,29.35857391357422,582200.0
2009-06-24,77.48999786376953,78.30000305175781,77.25,77.63999938964844,29.50678253173828,576400.0
2009-06-25,77.88999938964844,78.44000244140625,77.61000061035156,78.37999725341797,29.78802299499512,647900.0
2009-06-26,78.33999633789062,78.38999938964844,77.79000091552734,78.36000061035156,29.78042221069336,495900.0
2009-06-29,78.44000244140625,79.33999633789062,78.41000366210938,79.33999633789062,30.15284538269043,647700.0
2009-06-30,79.5,79.8499984741211,79.22000122070312,79.70999908447266,30.293460845947266,538900.0
2009-07-01,79.25,79.51000213623047,78.79000091552734,79.18000030517578,30.368288040161133,922100.0
2009-07-02,78.91999816894531,78.94999694824219,77.70999908447266,77.80000305175781,29.838987350463867,651200.0
2009-07-06,77.5199966430664,78.04000091552734,76.61000061035156,76.63999938964844,29.394079208374023,794500.0
2009-07-07,77.12999725341797,77.31999969482422,75.56999969482422,75.56999969482422,28.983701705932617,886300.0
2009-07-08,75.61000061035156,76.88999938964844,75.55000305175781,76.02999877929688,29.1601505279541,1382300.0
2009-07-09,76.62999725341797,77.37999725341797,76.19000244140625,77.12000274658203,29.578203201293945,544900.0
2009-07-10,76.94999694824219,77.9000015258789,76.12999725341797,76.52999877929688,29.35187530517578,393700.0
2009-07-13,77.20999908447266,77.20999908447266,76.27999877929688,76.69999694824219,29.417104721069336,521500.0
2009-07-14,76.5999984741211,77.4000015258789,76.48999786376953,77.0,29.532155990600582,506600.0
2009-07-15,77.4000015258789,78.69999694824219,77.27999877929688,78.69999694824219,30.18415069580078,1040200.0
2009-07-16,78.52999877929688,79.0,78.0,78.94000244140625,30.27623176574707,515600.0
2009-07-17,78.83000183105469,79.0199966430664,78.6500015258789,79.01000213623047,30.303068161010746,597100.0
2009-07-20,79.2300033569336,80.20999908447266,79.2300033569336,80.11000061035156,30.72495460510254,784700.0
2009-07-21,80.33999633789062,80.8499984741211,79.80999755859375,80.5,30.874547958374023,938600.0
2009-07-22,80.4000015258789,80.76000213623047,80.0,80.5999984741211,30.912878036499023,483000.0
2009-07-23,81.0,81.79000091552734,80.41999816894531,81.41999816894531,31.22737693786621,750700.0
2009-07-24,81.80000305175781,82.01000213623047,80.7300033569336,81.9000015258789,31.411481857299805,639300.0
2009-07-27,82.16999816894531,82.29000091552734,81.62000274658203,82.05000305175781,31.469024658203125,512700.0
2009-07-28,82.13999938964844,82.41999816894531,81.80000305175781,82.13999938964844,31.50352668762207,591800.0
2009-07-29,82.44000244140625,82.76000213623047,82.05999755859375,82.41999816894531,31.610897064208984,627900.0
2009-07-30,82.8499984741211,83.91000366210938,82.6500015258789,83.0999984741211,31.87170791625977,976900.0
2009-07-31,83.75,84.6500015258789,83.37999725341797,84.44999694824219,32.389495849609375,740700.0
2009-08-03,83.7699966430664,84.19000244140625,83.69000244140625,83.9000015258789,32.450984954833984,880400.0
2009-08-04,84.30000305175781,84.33999633789062,83.0199966430664,83.72000122070312,32.38139724731445,615100.0
2009-08-05,83.54000091552734,83.9800033569336,82.80999755859375,83.44999694824219,32.27694320678711,756000.0
2009-08-06,83.70999908447266,83.80000305175781,82.5999984741211,82.79000091552734,32.02166748046875,619500.0
2009-08-07,83.22000122070312,84.11000061035156,82.79000091552734,83.37000274658203,32.24599075317383,711300.0
2009-08-10,83.62999725341797,83.7699966430664,83.05999755859375,83.75,32.39298629760742,527800.0
2009-08-11,83.75,84.05000305175781,83.23999786376953,83.55000305175781,32.31562423706055,623000.0
2009-08-12,83.27999877929688,83.63999938964844,83.0,83.33999633789062,32.234397888183594,491400.0
2009-08-13,83.33999633789062,83.3499984741211,82.08000183105469,82.27999877929688,31.82440948486328,825300.0
2009-08-14,82.62000274658203,82.62000274658203,81.75,81.87000274658203,31.66582679748535,585500.0
2009-08-17,81.38999938964844,81.6500015258789,79.62999725341797,79.87000274658203,30.892242431640625,1160800.0
2009-08-18,80.55000305175781,81.38999938964844,80.0,81.25,31.426023483276367,639200.0
2009-08-19,81.13999938964844,81.58000183105469,80.5,81.58000183105469,31.55364799499512,501700.0
2009-08-20,81.66000366210938,81.83999633789062,81.26000213623047,81.33000183105469,31.456966400146484,601200.0
2009-08-21,81.69999694824219,82.44000244140625,81.5199966430664,82.44000244140625,31.88628578186035,570400.0
2009-08-24,82.4800033569336,82.5,81.72000122070312,82.01000213623047,31.719959259033203,874600.0
2009-08-25,82.37999725341797,82.37999725341797,81.80000305175781,82.0,31.716089248657227,565000.0
2009-08-26,82.33999633789062,82.44999694824219,81.97000122070312,82.31999969482422,31.839879989624023,476100.0
2009-08-27,82.55000305175781,82.63999938964844,81.87999725341797,81.9000015258789,31.67743492126465,968500.0
2009-08-28,82.5,82.5,82.12000274658203,82.30999755859375,31.836009979248047,595800.0
2009-08-31,82.4000015258789,82.5,82.0199966430664,82.31999969482422,31.839879989624023,498500.0
2009-09-01,81.68000030517578,81.68000030517578,80.5999984741211,80.8499984741211,31.540668487548828,742300.0
2009-09-02,80.8499984741211,80.88999938964844,80.0999984741211,80.41999816894531,31.372907638549805,698800.0
2009-09-03,80.69000244140625,81.08000183105469,80.44999694824219,80.94000244140625,31.575759887695312,486000.0
2009-09-04,81.18000030517578,81.91000366210938,80.98999786376953,81.55999755859375,31.817625045776367,667000.0
2009-09-08,81.93000030517578,82.72000122070312,81.83000183105469,82.72000122070312,32.27018356323242,974200.0
2009-09-09,82.48999786376953,82.80000305175781,81.75,81.94000244140625,31.96589088439941,1454000.0
2009-09-10,82.37000274658203,83.25,82.0199966430664,83.20999908447266,32.46134185791016,695600.0
2009-09-11,83.55000305175781,84.13999938964844,83.2699966430664,84.0,32.76949691772461,607200.0
2009-09-14,84.06999969482422,84.1500015258789,83.51000213623047,84.0999984741211,32.80849838256836,579300.0
2009-09-15,84.37000274658203,84.72000122070312,84.12000274658203,84.69999694824219,33.04258728027344,1289500.0
2009-09-16,85.31999969482422,85.81999969482422,85.05000305175781,85.79000091552734,33.46782684326172,1143900.0
2009-09-17,85.79000091552734,85.94000244140625,85.16000366210938,85.94000244140625,33.526329040527344,733400.0
2009-09-18,85.72000122070312,86.05999755859375,84.86000061035156,85.69999694824219,33.43269348144531,565700.0
2009-09-21,85.5,85.75,84.93000030517578,85.75,33.45221328735352,510600.0
2009-09-22,86.0199966430664,86.12999725341797,85.5,85.6500015258789,33.413211822509766,413400.0
2009-09-23,85.9000015258789,86.36000061035156,85.80000305175781,85.91000366210938,33.514644622802734,464900.0
2009-09-24,86.30000305175781,86.48999786376953,85.70999908447266,86.06999969482422,33.57706069946289,774000.0
2009-09-25,86.0999984741211,86.37999725341797,85.44999694824219,85.79000091552734,33.46782684326172,454800.0
2009-09-28,86.1500015258789,86.54000091552734,85.36000061035156,86.47000122070312,33.73309326171875,455200.0
2009-09-29,86.44999694824219,86.48999786376953,86.19000244140625,86.37000274658203,33.6941032409668,693000.0
2009-09-30,86.3499984741211,86.69000244140625,85.94000244140625,86.3499984741211,33.68628692626953,688000.0
2009-10-01,85.36000061035156,85.41000366210938,83.38999938964844,83.38999938964844,32.799339294433594,3014800.0
2009-10-02,83.04000091552734,83.61000061035156,82.0,83.41999816894531,32.81113052368164,1694100.0
2009-10-05,83.66999816894531,84.54000091552734,83.55000305175781,84.54000091552734,33.25165939331055,556200.0
2009-10-06,84.79000091552734,85.16999816894531,84.19999694824219,84.25,33.137603759765625,813300.0
2009-10-07,84.12000274658203,85.08000183105469,84.12000274658203,84.87000274658203,33.3814697265625,637400.0
2009-10-08,84.87000274658203,85.41999816894531,84.87000274658203,85.41000366210938,33.593849182128906,824700.0
2009-10-09,85.11000061035156,85.73999786376953,84.94999694824219,85.73999786376953,33.723636627197266,680100.0
2009-10-12,85.87000274658203,85.87999725341797,85.55000305175781,85.72000122070312,33.71579360961914,354200.0
2009-10-13,85.87000274658203,85.87000274658203,85.19000244140625,85.69999694824219,33.7078971862793,295500.0
2009-10-14,86.0,86.12000274658203,85.72000122070312,86.04000091552734,33.841644287109375,749900.0
2009-10-15,86.06999969482422,86.0999984741211,85.75,86.0199966430664,33.83380889892578,382100.0
2009-10-16,86.06999969482422,86.08999633789062,85.5999984741211,86.01000213623047,33.82986831665039,443100.0
2009-10-19,86.16999816894531,86.2699966430664,85.94999694824219,86.02999877929688,33.83771896362305,534700.0
2009-10-20,86.12999725341797,86.43000030517578,86.01000213623047,86.19000244140625,33.90068054199219,419300.0
2009-10-21,86.33000183105469,86.93000030517578,86.1500015258789,86.33999633789062,33.95964431762695,869100.0
2009-10-22,86.66999816894531,87.0,86.47000122070312,87.0,34.2192268371582,646200.0
2009-10-23,87.19999694824219,87.19999694824219,86.61000061035156,86.8499984741211,34.16023635864258,420200.0
2009-10-26,86.66000366210938,87.04000091552734,86.62000274658203,86.9000015258789,34.1799201965332,779800.0
2009-10-27,86.9000015258789,86.9000015258789,86.05000305175781,86.22000122070312,33.912452697753906,1527900.0
2009-10-28,86.37999725341797,86.4800033569336,84.79000091552734,84.80000305175781,33.35393524169922,1266000.0
2009-10-29,85.18000030517578,86.44999694824219,85.05000305175781,85.98999786376953,33.821990966796875,1350500.0
2009-10-30,86.0,86.20999908447266,84.87000274658203,85.18000030517578,33.50339126586914,1466000.0
2009-11-02,84.93000030517578,85.56999969482422,84.6500015258789,85.13999938964844,33.766334533691406,1437000.0
2009-11-03,84.58999633789062,85.58000183105469,84.58999633789062,85.33000183105469,33.8416633605957,1135400.0
2009-11-04,85.9000015258789,86.0,85.30000305175781,85.45999908447266,33.893253326416016,687800.0
2009-11-05,85.62999725341797,85.66000366210938,85.23999786376953,85.52999877929688,33.92100143432617,506800.0
2009-11-06,85.47000122070312,85.6500015258789,85.37000274658203,85.61000061035156,33.95272445678711,547700.0
2009-11-09,85.79000091552734,85.9800033569336,85.69999694824219,85.94999694824219,34.087589263916016,571400.0
2009-11-10,85.87000274658203,85.9800033569336,85.66000366210938,85.91999816894531,34.075660705566406,667800.0
2009-11-11,85.95999908447266,86.19999694824219,85.87999725341797,85.97000122070312,34.09551239013672,509500.0
2009-11-12,86.08999633789062,86.11000061035156,85.75,86.06999969482422,34.13516616821289,619900.0
2009-11-13,85.88999938964844,86.25,85.75,85.9000015258789,34.0677375793457,491100.0
2009-11-16,86.33000183105469,86.6500015258789,86.05000305175781,86.30000305175781,34.22639465332031,714900.0
2009-11-17,86.4800033569336,86.4800033569336,86.1500015258789,86.27999877929688,34.218475341796875,438400.0
2009-11-18,86.36000061035156,86.44000244140625,86.05999755859375,86.05999755859375,34.1312141418457,630200.0
2009-11-19,86.19999694824219,86.30000305175781,85.87000274658203,86.23999786376953,34.20258712768555,679700.0
2009-11-20,86.13999938964844,86.33999633789062,86.0,86.22000122070312,34.19466781616211,544200.0
2009-11-23,86.27999877929688,86.37000274658203,86.0999984741211,86.12999725341797,34.15894317626953,428600.0
2009-11-24,86.26000213623047,86.30000305175781,86.05000305175781,86.18000030517578,34.178802490234375,526800.0
2009-11-25,86.25,86.6500015258789,86.20999908447266,86.22000122070312,34.19466781616211,548900.0
2009-11-27,85.36000061035156,85.8499984741211,85.05000305175781,85.62000274658203,33.95669174194336,570000.0
2009-11-30,85.5999984741211,86.0999984741211,85.5999984741211,85.9000015258789,34.0677375793457,674100.0
2009-12-01,85.58999633789062,85.83000183105469,85.3499984741211,85.69999694824219,34.23632049560547,749100.0
2009-12-02,85.69999694824219,85.95999908447266,85.5999984741211,85.79000091552734,34.27228164672852,537400.0
2009-12-03,85.93000030517578,86.26000213623047,85.86000061035156,85.9000015258789,34.31623458862305,489600.0
2009-12-04,86.20999908447266,86.55999755859375,86.20999908447266,86.25,34.456058502197266,532000.0
2009-12-07,86.33999633789062,86.44000244140625,86.16000366210938,86.36000061035156,34.499996185302734,397200.0
2009-12-08,86.3499984741211,86.5,86.19000244140625,86.45999908447266,34.53993606567383,359000.0
2009-12-09,86.5199966430664,86.62999725341797,86.43000030517578,86.45999908447266,34.53993606567383,357000.0
2009-12-10,86.62000274658203,86.88999938964844,86.61000061035156,86.88999938964844,34.71172332763672,401000.0
2009-12-11,87.0,87.05999755859375,86.83999633789062,86.94000244140625,34.731693267822266,444100.0
2009-12-14,87.0,87.76000213623047,87.0,87.63999938964844,35.011329650878906,1132700.0
2009-12-15,87.5999984741211,87.69999694824219,87.26000213623047,87.55000305175781,34.97538375854492,417600.0
2009-12-16,87.75,87.79000091552734,87.30999755859375,87.75,35.055274963378906,621100.0
2009-12-17,87.5999984741211,87.77999877929688,87.48999786376953,87.69999694824219,35.03529357910156,350200.0
2009-12-18,87.77999877929688,87.83000183105469,87.61000061035156,87.6500015258789,35.015323638916016,281600.0
2009-12-21,87.80999755859375,87.94000244140625,87.6500015258789,87.91000366210938,35.11922073364258,646800.0
2009-12-22,88.0,88.12000274658203,87.87000274658203,88.0999984741211,35.19509506225586,432500.0
2009-12-23,88.1500015258789,88.44999694824219,88.12000274658203,88.30999755859375,35.278995513916016,440100.0
2009-12-24,88.38999938964844,88.7699966430664,88.30000305175781,88.63999938964844,35.41084289550781,188800.0
2009-12-28,88.7300033569336,88.80000305175781,88.25,88.37999725341797,35.30694961547852,532400.0
2009-12-29,87.8499984741211,87.9000015258789,87.30000305175781,87.33000183105469,35.11798477172852,494600.0
2009-12-30,87.5,87.77999877929688,87.43000030517578,87.69999694824219,35.26673126220703,421600.0
2009-12-31,87.83999633789062,87.9000015258789,87.58000183105469,87.83999633789062,35.323055267333984,346000.0
2010-01-04,88.0,88.52999877929688,88.0,88.52999877929688,35.600521087646484,1316800.0
2010-01-05,88.75,89.08000183105469,88.41999816894531,88.94999694824219,35.7694206237793,733000.0
2010-01-06,89.04000091552734,89.26000213623047,89.0,89.18000030517578,35.86193084716797,715700.0
2010-01-07,89.37999725341797,89.62999725341797,89.11000061035156,89.54000091552734,36.00665283203125,956000.0
2010-01-08,89.55999755859375,89.80999755859375,89.51000213623047,89.68000030517578,36.06297302246094,711400.0
2010-01-11,89.5,89.70999908447266,89.4800033569336,89.5999984741211,36.03081130981445,895800.0
2010-01-12,89.5,90.29000091552734,89.05000305175781,89.13999938964844,35.8458366394043,1133900.0
2010-01-13,89.0999984741211,89.41999816894531,89.0999984741211,89.33999633789062,35.92625427246094,868900.0
2010-01-14,89.44000244140625,89.4800033569336,89.20999908447266,89.44000244140625,35.96645736694336,394600.0
2010-01-15,89.5199966430664,89.5199966430664,88.98999786376953,89.08000183105469,35.821685791015625,835300.0
2010-01-19,89.0,89.19999694824219,88.97000122070312,89.12000274658203,35.83777618408203,796900.0
2010-01-20,89.1500015258789,89.20999908447266,88.86000061035156,88.98999786376953,35.78550338745117,588500.0
2010-01-21,89.16000366210938,89.16000366210938,87.5999984741211,87.5999984741211,35.226531982421875,1416800.0
2010-01-22,87.98999786376953,88.04000091552734,86.61000061035156,86.7699966430664,34.89278030395508,1394400.0
2010-01-25,87.23999786376953,87.44000244140625,86.75,86.9000015258789,34.94502639770508,711300.0
2010-01-26,87.19999694824219,87.43000030517578,86.9000015258789,87.01000213623047,34.9892692565918,576000.0
2010-01-27,86.95999908447266,87.41999816894531,86.91999816894531,87.04000091552734,35.0013427734375,876500.0
2010-01-28,87.11000061035156,87.23999786376953,86.55000305175781,86.66999816894531,34.8525505065918,833700.0
2010-01-29,87.2699966430664,87.2699966430664,86.22000122070312,86.2300033569336,34.67562484741211,1357000.0
2010-02-01,85.94999694824219,86.27999877929688,85.6500015258789,85.9800033569336,34.842994689941406,924700.0
2010-02-02,86.2699966430664,86.61000061035156,86.0,86.23999786376953,34.94834899902344,1238500.0
2010-02-03,86.4000015258789,86.70999908447266,86.22000122070312,86.68000030517578,35.126651763916016,641200.0
2010-02-04,86.30000305175781,86.3499984741211,85.37999725341797,85.44999694824219,34.62820053100586,1762600.0
2010-02-05,85.33000183105469,85.33000183105469,83.44999694824219,84.94999694824219,34.42559051513672,3261500.0
2010-02-08,84.80000305175781,85.12999725341797,84.38999938964844,84.58000183105469,34.2756462097168,1202400.0
2010-02-09,84.86000061035156,85.05000305175781,84.45999908447266,84.75,34.34453201293945,853800.0
2010-02-10,84.69999694824219,84.91999816894531,83.5999984741211,83.61000061035156,33.8825569152832,1463200.0
2010-02-11,83.91000366210938,84.41999816894531,83.38999938964844,83.94999694824219,34.020347595214844,1157700.0
2010-02-12,83.95999908447266,84.16999816894531,83.37999725341797,83.9000015258789,34.00006484985352,743100.0
2010-02-16,83.66999816894531,85.0199966430664,83.66999816894531,84.7300033569336,34.336456298828125,1061300.0
2010-02-17,85.16999816894531,85.47000122070312,85.12999725341797,85.37999725341797,34.5998649597168,1400200.0
2010-02-18,85.48999786376953,86.38999938964844,85.48999786376953,86.19000244140625,34.92809295654297,1153400.0
2010-02-19,86.37000274658203,86.77999877929688,86.30000305175781,86.7699966430664,35.163143157958984,1485600.0
2010-02-22,86.88999938964844,87.05999755859375,86.70999908447266,86.87999725341797,35.20772171020508,1596200.0
2010-02-23,87.0199966430664,87.0999984741211,85.94999694824219,86.25,34.9524040222168,1014900.0
2010-02-24,86.56999969482422,86.9800033569336,86.3499984741211,86.58000183105469,35.08613586425781,1047000.0
2010-02-25,86.27999877929688,86.6500015258789,86.0,86.58999633789062,35.09016799926758,503400.0
2010-02-26,86.75,87.22000122070312,86.66000366210938,87.16999816894531,35.325225830078125,697900.0
2010-03-01,86.69000244140625,86.77999877929688,86.5,86.58999633789062,35.35214614868164,1468800.0
2010-03-02,86.87999725341797,87.19999694824219,86.69000244140625,87.1500015258789,35.58080291748047,1291800.0
2010-03-03,87.27999877929688,87.37999725341797,87.08999633789062,87.23999786376953,35.6175537109375,986800.0
2010-03-04,87.43000030517578,87.43000030517578,87.08000183105469,87.30999755859375,35.64613723754883,641100.0
2010-03-05,87.58999633789062,87.83999633789062,87.29000091552734,87.83000183105469,35.85845184326172,975800.0
2010-03-08,87.97000122070312,88.0999984741211,87.79000091552734,87.8499984741211,35.866600036621094,937900.0
2010-03-09,87.81999969482422,88.2300033569336,87.80000305175781,88.2300033569336,36.0217399597168,630800.0
2010-03-10,88.0199966430664,88.30000305175781,88.0,88.26000213623047,36.03398895263672,640200.0
2010-03-11,88.16999816894531,88.25,88.0199966430664,88.18000030517578,36.00133514404297,488500.0
2010-03-12,88.19000244140625,88.37000274658203,88.1500015258789,88.19999694824219,36.009498596191406,636700.0
2010-03-15,88.20999908447266,88.25,87.93000030517578,88.0999984741211,35.96864700317383,471400.0
2010-03-16,88.22000122070312,88.4800033569336,87.98999786376953,88.4000015258789,36.09114074707031,923300.0
2010-03-17,88.47000122070312,88.63999938964844,88.33999633789062,88.4000015258789,36.09114074707031,918300.0
2010-03-18,88.4800033569336,88.63999938964844,88.41000366210938,88.52999877929688,36.14423370361328,637200.0
2010-03-19,88.08999633789062,88.5999984741211,87.97000122070312,88.08999633789062,35.9645881652832,674600.0
2010-03-22,87.94999694824219,88.5199966430664,87.80999755859375,88.51000213623047,36.13605117797852,759000.0
2010-03-23,88.5199966430664,88.5999984741211,88.33000183105469,88.5,36.13199234008789,699200.0
2010-03-24,88.4800033569336,88.58999633789062,88.3499984741211,88.44999694824219,36.111572265625,430800.0
2010-03-25,88.63999938964844,88.80999755859375,88.51000213623047,88.66000366210938,36.19731903076172,1005200.0
2010-03-26,88.62000274658203,88.69999694824219,88.5,88.62999725341797,36.18502426147461,1312500.0
2010-03-29,88.73999786376953,88.76000213623047,88.69999694824219,88.73999786376953,36.229957580566406,546200.0
2010-03-30,88.75,88.87000274658203,88.55999755859375,88.6500015258789,36.19321060180664,605600.0
2010-03-31,88.56999969482422,88.5999984741211,87.80999755859375,88.37000274658203,36.07890701293945,1255400.0
2010-04-01,87.83999633789062,88.0,87.5,87.5,35.991703033447266,773100.0
2010-04-05,87.6500015258789,87.9800033569336,87.41000366210938,87.45999908447266,35.97523880004883,930200.0
2010-04-06,87.51000213623047,88.08000183105469,87.44999694824219,88.02999877929688,36.20969772338867,679100.0
2010-04-07,87.91000366210938,88.23999786376953,87.9000015258789,88.16000366210938,36.26321029663086,859000.0
2010-04-08,88.0999984741211,88.3499984741211,88.01000213623047,88.30999755859375,36.32489013671875,736100.0
2010-04-09,88.30000305175781,88.56999969482422,88.26000213623047,88.44000244140625,36.37836456298828,679800.0
2010-04-12,88.55000305175781,88.66000366210938,88.44000244140625,88.45999908447266,36.38657379150391,443300.0
2010-04-13,88.63999938964844,88.81999969482422,88.63999938964844,88.69999694824219,36.48530960083008,1162900.0
2010-04-14,88.9000015258789,89.0199966430664,88.80000305175781,88.94000244140625,36.58401870727539,857700.0
2010-04-15,89.0199966430664,89.47000122070312,88.91999816894531,89.18000030517578,36.682762145996094,1251000.0
2010-04-16,89.1500015258789,89.3499984741211,88.0999984741211,88.45999908447266,36.38657379150391,1334100.0
2010-04-19,88.26000213623047,88.48999786376953,88.05000305175781,88.29000091552734,36.316654205322266,757200.0
2010-04-20,88.66000366210938,90.33000183105467,88.51000213623047,89.23999786376953,36.70741653442383,1299400.0
2010-04-21,89.33999633789062,89.41000366210938,89.08999633789062,89.25,36.711524963378906,553100.0
2010-04-22,89.22000122070312,89.22000122070312,88.77999877929688,88.98999786376953,36.60459518432617,250700.0
2010-04-23,89.0,89.5999984741211,88.87000274658203,89.56999969482422,36.8431396484375,676000.0
2010-04-26,89.4000015258789,89.69999694824219,89.4000015258789,89.56999969482422,36.8431396484375,440100.0
2010-04-27,89.56999969482422,89.7300033569336,88.37000274658203,88.44000244140625,36.37836456298828,1220700.0
2010-04-28,88.80000305175781,88.91999816894531,88.5,88.5,36.40304183959961,988000.0
2010-04-29,88.91000366210938,89.2300033569336,88.88999938964844,89.11000061035156,36.65394973754883,812200.0
2010-04-30,88.95999908447266,89.5199966430664,88.95999908447266,89.4000015258789,36.773216247558594,809800.0
2010-05-03,88.80000305175781,89.08999633789062,88.75,88.75,36.76907730102539,639000.0
2010-05-04,88.55999755859375,88.62999725341797,87.80999755859375,87.83999633789062,36.39208221435547,786100.0
2010-05-05,87.25,87.3499984741211,86.0999984741211,86.63999938964844,35.894927978515625,2567500.0
2010-05-06,86.27999877929688,86.51000213623047,78.95999908447266,84.48999786376953,35.00416946411133,6587300.0
2010-05-07,84.44999694824219,85.12000274658203,82.51000213623047,84.4800033569336,35.000038146972656,2584000.0
2010-05-10,86.88999938964844,87.4000015258789,85.61000061035156,86.05999755859375,35.65461730957031,1670100.0
2010-05-11,85.66999816894531,86.87999725341797,85.58000183105469,85.95999908447266,35.61320114135742,1524400.0
2010-05-12,86.5,87.02999877929688,86.43000030517578,87.01000213623047,36.04817199707031,1031200.0
2010-05-13,87.08999633789062,87.25,86.47000122070312,86.47000122070312,35.82447814941406,1151600.0
2010-05-14,86.20999908447266,86.45999908447266,85.36000061035156,85.97000122070312,35.617340087890625,1050700.0
2010-05-17,85.94999694824219,86.19000244140625,85.12000274658203,85.86000061035156,35.571781158447266,1120800.0
2010-05-18,86.31999969482422,86.45999908447266,85.41000366210938,85.68000030517578,35.497188568115234,1067400.0
2010-05-19,85.41000366210938,85.6500015258789,84.26000213623047,85.18000030517578,35.290042877197266,1565100.0
2010-05-20,83.88999938964844,83.88999938964844,81.33000183105469,82.63999938964844,34.23770904541016,3092800.0
2010-05-21,81.48999786376953,84.4000015258789,81.43000030517578,84.30000305175781,34.92546844482422,1815000.0
2010-05-24,84.0999984741211,85.19999694824219,83.98999786376953,84.43000030517578,34.97932052612305,1266200.0
2010-05-25,83.19999694824219,84.33000183105469,82.01000213623047,84.33000183105469,34.93788528442383,1507500.0
2010-05-26,84.63999938964844,85.05000305175781,83.19000244140625,83.31999969482422,34.519439697265625,1738300.0
2010-05-27,84.13999938964844,84.87999725341797,84.13999938964844,84.47000122070312,34.99589157104492,828500.0
2010-05-28,84.79000091552734,84.83999633789062,84.31999969482422,84.61000061035156,35.05390167236328,1253900.0
2010-06-01,83.61000061035156,84.3499984741211,83.37000274658203,83.56999969482422,34.888145446777344,770300.0
2010-06-02,83.93000030517578,84.13999938964844,83.69999694824219,84.0,35.06765365600586,1414500.0
2010-06-03,84.22000122070312,84.4000015258789,83.70999908447266,84.02999877929688,35.08018493652344,877200.0
2010-06-04,83.51000213623047,84.1500015258789,83.33000183105469,83.55999755859375,34.88397979736328,1439000.0
2010-06-07,83.47000122070312,84.2699966430664,82.9800033569336,82.9800033569336,34.64183807373047,992900.0
2010-06-08,83.5199966430664,83.5199966430664,82.55000305175781,83.11000061035156,34.69610595703125,1085200.0
2010-06-09,83.30000305175781,83.44999694824219,83.01000213623047,83.29000091552734,34.7712516784668,1081900.0
2010-06-10,83.61000061035156,84.13999938964844,83.37000274658203,84.13999938964844,35.1261100769043,588200.0
2010-06-11,83.69000244140625,84.27999877929688,83.58999633789062,84.26000213623047,35.17618942260742,468300.0
2010-06-14,84.3499984741211,84.69999694824219,84.25,84.37000274658203,35.22213363647461,843100.0
2010-06-15,84.6500015258789,85.43000030517578,84.55999755859375,85.19000244140625,35.56443786621094,1387200.0
2010-06-16,84.98999786376953,85.31999969482422,84.80000305175781,85.26000213623047,35.593692779541016,1877200.0
2010-06-17,85.5,85.94000244140625,85.36000061035156,85.9000015258789,35.86085891723633,1097000.0
2010-06-18,85.9800033569336,86.33000183105469,85.93000030517578,86.2699966430664,36.01533889770508,734300.0
2010-06-21,86.7699966430664,86.81999969482422,86.47000122070312,86.58000183105469,36.14476013183594,1094400.0
2010-06-22,86.5,86.5999984741211,85.62000274658203,85.95999908447266,35.88591003417969,1011000.0
2010-06-23,86.02999877929688,86.08999633789062,85.29000091552734,85.9000015258789,35.86085891723633,882300.0
2010-06-24,85.72000122070312,85.7699966430664,85.19999694824219,85.30999755859375,35.61454391479492,613600.0
2010-06-25,85.62999725341797,85.73999786376953,85.25,85.69999694824219,35.77735137939453,536500.0
2010-06-28,85.81999969482422,86.19999694824219,85.66999816894531,85.88999938964844,35.856689453125,682200.0
2010-06-29,85.56999969482422,85.58000183105469,84.52999877929688,85.02999877929688,35.4976692199707,1354400.0
2010-06-30,84.8499984741211,85.12000274658203,84.51000213623047,84.9000015258789,35.44338607788086,1111300.0
2010-07-01,84.45999908447266,84.72000122070312,83.45999908447266,84.68000030517578,35.61286926269531,2044000.0
2010-07-02,84.55999755859375,85.1500015258789,84.5,84.69999694824219,35.62128448486328,880400.0
2010-07-06,85.20999908447266,85.41000366210938,84.86000061035156,85.37000274658203,35.903099060058594,1176600.0
2010-07-07,85.37999725341797,86.4800033569336,85.19999694824219,86.4000015258789,36.33624267578125,1173900.0
2010-07-08,86.66000366210938,86.83999633789062,86.12000274658203,86.80000305175781,36.50447082519531,1525200.0
2010-07-09,86.80000305175781,86.80000305175781,86.47000122070312,86.5999984741211,36.42032241821289,778800.0
2010-07-12,86.70999908447266,86.72000122070312,85.86000061035156,86.52999877929688,36.39091873168945,786500.0
2010-07-13,86.75,87.3499984741211,86.5199966430664,87.19999694824219,36.67269515991211,1464900.0
2010-07-14,87.05000305175781,87.26000213623047,86.87999725341797,87.12000274658203,36.639068603515625,640400.0
2010-07-15,86.95999908447266,87.30000305175781,86.91999816894531,87.25,36.6937141418457,565900.0
2010-07-16,87.19000244140625,87.20999908447266,86.4800033569336,86.72000122070312,36.47081756591797,1215300.0
2010-07-19,86.9800033569336,87.22000122070312,86.7300033569336,87.01000213623047,36.59275817871094,556000.0
2010-07-20,87.0,88.16000366210938,86.86000061035156,87.70999908447266,36.88715744018555,2442800.0
2010-07-21,88.08000183105469,88.44000244140625,87.37000274658203,87.66999816894531,36.87034606933594,1376100.0
2010-07-22,87.94999694824219,88.45999908447266,87.94999694824219,88.44999694824219,37.19837188720703,809300.0
2010-07-23,88.38999938964844,88.8499984741211,88.04000091552734,88.8499984741211,37.36659240722656,985400.0
2010-07-26,88.80000305175781,88.95999908447266,88.47000122070312,88.88999938964844,37.3834114074707,887200.0
2010-07-27,88.98999786376953,89.0999984741211,88.4800033569336,88.7699966430664,37.33297729492188,887100.0
2010-07-28,88.87999725341797,88.94999694824219,88.5199966430664,88.58000183105469,37.2530517578125,603100.0
2010-07-29,88.87999725341797,88.93000030517578,88.58000183105469,88.8499984741211,37.36659240722656,628800.0
2010-07-30,88.5999984741211,88.87000274658203,88.3499984741211,88.62000274658203,37.26988220214844,1038700.0
2010-08-02,88.38999938964844,88.55000305175781,88.19999694824219,88.4800033569336,37.46421813964844,1021600.0
2010-08-03,88.16999816894531,88.62999725341797,88.08999633789062,88.4800033569336,37.46421813964844,1705900.0
2010-08-04,88.58000183105469,88.58999633789062,88.29000091552734,88.43000030517578,37.44305038452149,1844200.0
2010-08-05,88.33999633789062,88.41000366210938,88.1500015258789,88.38999938964844,37.42610168457031,708100.0
2010-08-06,88.33999633789062,88.38999938964844,87.87000274658203,88.37000274658203,37.41764831542969,830300.0
2010-08-09,88.58999633789062,88.58999633789062,88.08999633789062,88.20999908447266,37.349884033203125,1266200.0
2010-08-10,88.2300033569336,88.30000305175781,87.94999694824219,88.18000030517578,37.33720397949219,1271500.0
2010-08-11,87.58999633789062,87.69999694824219,86.9000015258789,87.02999877929688,36.85026168823242,1558600.0
2010-08-12,86.6500015258789,87.13999938964844,86.19999694824219,86.7300033569336,36.72325134277344,1261600.0
2010-08-13,86.97000122070312,87.33000183105469,86.6500015258789,87.11000061035156,36.88413619995117,776300.0
2010-08-16,86.98999786376953,87.47000122070312,86.9800033569336,87.22000122070312,36.93071746826172,1087600.0
2010-08-17,87.55000305175781,87.77999877929688,87.47000122070312,87.55000305175781,37.070430755615234,860800.0
2010-08-18,87.5999984741211,87.76000213623047,87.5,87.69999694824219,37.13396835327149,717000.0
2010-08-19,87.69999694824219,87.80999755859375,87.27999877929688,87.5199966430664,37.0577278137207,882800.0
2010-08-20,87.5199966430664,87.7699966430664,87.45999908447266,87.7300033569336,37.14665603637695,557700.0
2010-08-23,87.80000305175781,87.80999755859375,87.56999969482422,87.7300033569336,37.14665603637695,633300.0
2010-08-24,87.51000213623047,87.56999969482422,87.25,87.2699966430664,36.95188522338867,1000800.0
2010-08-25,87.19999694824219,87.31999969482422,86.79000091552734,87.1500015258789,36.90107345581055,788400.0
2010-08-26,87.22000122070312,87.44000244140625,86.80000305175781,87.02999877929688,36.85026168823242,1012400.0
2010-08-27,87.19999694824219,87.43000030517578,86.91000366210938,87.0199966430664,36.846038818359375,1302000.0
2010-08-30,87.02999877929688,87.43000030517578,87.02999877929688,87.18000030517578,36.91375732421875,620800.0
2010-08-31,87.19999694824219,87.37999725341797,87.0999984741211,87.1500015258789,36.90107345581055,1154800.0
2010-09-01,86.91000366210938,87.45999908447266,86.88999938964844,87.45999908447266,37.29981231689453,1697900.0
2010-09-02,87.5199966430664,87.61000061035156,87.33999633789062,87.5999984741211,37.35954666137695,603900.0
2010-09-03,87.7300033569336,87.86000061035156,87.4800033569336,87.86000061035156,37.47042465209961,999600.0
2010-09-07,87.68000030517578,87.73999786376953,87.3499984741211,87.7300033569336,37.41497802734375,883500.0
2010-09-08,87.7300033569336,87.86000061035156,87.66000366210938,87.75,37.42349243164063,835500.0
2010-09-09,88.12999725341797,88.12999725341797,87.83000183105469,88.0999984741211,37.57274627685547,789300.0
2010-09-10,88.2300033569336,88.37000274658203,88.0199966430664,88.33000183105469,37.67086791992188,957600.0
2010-09-13,88.58000183105469,88.81999969482422,88.44999694824219,88.79000091552734,37.86704635620117,1103500.0
2010-09-14,88.77999877929688,88.77999877929688,88.5199966430664,88.7699966430664,37.8585205078125,658700.0
2010-09-15,88.47000122070312,88.73999786376953,88.47000122070312,88.69000244140625,37.82440185546875,570800.0
2010-09-16,88.73999786376953,88.9000015258789,88.6500015258789,88.83999633789062,37.88836669921875,751400.0
2010-09-17,89.05000305175781,89.05000305175781,88.9000015258789,89.0,37.95660781860352,922800.0
2010-09-20,89.0999984741211,89.22000122070312,89.05000305175781,89.13999938964844,38.01630401611328,631900.0
2010-09-21,89.2300033569336,89.2300033569336,88.87000274658203,88.98999786376953,37.952369689941406,810900.0
2010-09-22,89.0999984741211,89.0999984741211,88.62000274658203,88.62999725341797,37.79879379272461,832700.0
2010-09-23,88.5,88.5199966430664,88.25,88.4000015258789,37.700714111328125,758800.0
2010-09-24,88.52999877929688,88.88999938964844,88.52999877929688,88.75,37.84998321533203,917200.0
2010-09-27,88.93000030517578,89.08000183105469,88.83999633789062,88.9000015258789,37.91394805908203,615900.0
2010-09-28,89.16000366210938,89.16000366210938,88.80000305175781,89.02999877929688,37.96938705444336,1038800.0
2010-09-29,89.19999694824219,89.41000366210938,89.11000061035156,89.23999786376953,38.0589485168457,826600.0
2010-09-30,89.4800033569336,89.73999786376953,89.2300033569336,89.69000244140625,38.25087356567383,2290800.0
2010-10-01,89.20999908447266,89.33000183105469,88.98999786376953,89.22000122070312,38.30110931396485,837800.0
2010-10-04,89.27999877929688,89.27999877929688,88.88999938964844,88.91000366210938,38.16803741455078,2490600.0
2010-10-05,89.25,89.31999969482422,89.05999755859375,89.2300033569336,38.305419921875,993500.0
2010-10-06,89.22000122070312,89.33000183105469,89.05000305175781,89.1500015258789,38.27104568481445,1990200.0
2010-10-07,89.3499984741211,89.5,89.12999725341797,89.33000183105469,38.34832382202149,1371700.0
2010-10-08,89.45999908447266,89.68000030517578,89.36000061035156,89.62999725341797,38.47710418701172,1524800.0
2010-10-11,89.66000366210938,89.88999938964844,89.62999725341797,89.81999969482422,38.558685302734375,644900.0
2010-10-12,89.7699966430664,89.94999694824219,89.66999816894531,89.73999786376953,38.52431106567383,855200.0
2010-10-13,89.93000030517578,90.25,89.81999969482422,90.04000091552734,38.65313720703125,880300.0
2010-10-14,90.12000274658205,90.12999725341795,89.55000305175781,89.61000061035156,38.468509674072266,994400.0
2010-10-15,89.79000091552734,90.0,89.73999786376953,89.83999633789062,38.5672607421875,524200.0
2010-10-18,89.94999694824219,90.0999984741211,89.72000122070312,89.72000122070312,38.5157470703125,516300.0
2010-10-19,89.79000091552734,89.94999694824219,89.68000030517578,89.70999908447266,38.511474609375,601800.0
2010-10-20,89.81999969482422,90.0199966430664,89.63999938964844,89.98999786376953,38.63166809082031,965600.0
2010-10-21,90.08999633789062,90.12000274658205,89.8499984741211,89.8499984741211,38.57154083251953,521000.0
2010-10-22,90.06999969482422,90.27999877929688,90.01000213623047,90.26000213623048,38.74757385253906,418000.0
2010-10-25,90.47000122070312,90.7699966430664,90.4499969482422,90.61000061035156,38.89781951904297,1051500.0
2010-10-26,90.58999633789062,90.7699966430664,90.5500030517578,90.75,38.95789337158203,568100.0
2010-10-27,90.6999969482422,90.8000030517578,90.52999877929688,90.6500015258789,38.91498565673828,910700.0
2010-10-28,90.88999938964844,90.9000015258789,90.5500030517578,90.6999969482422,38.936466217041016,1078600.0
2010-10-29,90.80999755859376,90.9000015258789,90.66000366210938,90.73999786376952,38.953609466552734,898000.0
2010-11-01,90.3000030517578,90.4000015258789,89.94999694824219,89.97000122070312,38.88058090209961,921400.0
2010-11-02,90.1999969482422,90.41999816894533,90.06999969482422,90.41000366210938,39.07076644897461,859800.0
2010-11-03,90.4499969482422,90.8000030517578,90.33999633789062,90.70999908447266,39.20035934448242,1301600.0
2010-11-04,91.06999969482422,91.97000122070312,91.05999755859376,91.88999938964844,39.7103385925293,1495800.0
2010-11-05,91.77999877929688,91.88999938964844,91.5199966430664,91.79000091552734,39.6671257019043,1281500.0
2010-11-08,91.6999969482422,91.79000091552734,91.4499969482422,91.5199966430664,39.55040740966797,1178800.0
2010-11-09,91.69000244140624,91.69000244140624,91.0999984741211,91.26000213623048,39.43806076049805,705400.0
2010-11-10,91.25,91.25,90.4800033569336,90.51000213623048,39.11396408081055,1250800.0
2010-11-11,90.44000244140624,90.52999877929688,89.80999755859375,90.1500015258789,38.95838165283203,1051000.0
2010-11-12,90.13999938964844,90.25,89.81999969482422,89.81999969482422,38.815765380859375,1088500.0
2010-11-15,90.16999816894533,90.1999969482422,89.58999633789062,89.6500015258789,38.742313385009766,1071300.0
2010-11-16,89.58000183105469,89.69999694824219,88.48999786376953,88.66000366210938,38.314491271972656,1674100.0
2010-11-17,89.25,89.37000274658203,89.0,89.11000061035156,38.50896072387695,1827000.0
2010-11-18,89.81999969482422,90.23999786376952,89.58000183105469,90.23999786376952,38.99727249145508,1197000.0
2010-11-19,90.0,90.20999908447266,89.83999633789062,90.20999908447266,38.98430252075195,592000.0
2010-11-22,89.76000213623047,89.94999694824219,89.54000091552734,89.58000183105469,38.71205139160156,424600.0
2010-11-23,89.37999725341797,89.37999725341797,88.31999969482422,88.3499984741211,38.18049240112305,1975700.0
2010-11-24,88.56999969482422,89.0199966430664,88.56999969482422,88.87999725341797,38.40955352783203,690700.0
2010-11-26,88.7699966430664,88.87000274658203,88.51000213623047,88.55999755859375,38.27125930786133,365000.0
2010-11-29,88.51000213623047,89.0199966430664,88.4800033569336,88.79000091552734,38.37065887451172,598300.0
2010-11-30,88.58999633789062,89.12000274658203,88.41999816894531,88.98999786376953,38.45708465576172,1459300.0
2010-12-01,88.9800033569336,89.25,88.79000091552734,89.22000122070312,38.81295394897461,1710800.0
2010-12-02,89.26000213623047,89.31999969482422,89.0,89.2699966430664,38.83470916748047,775600.0
2010-12-03,89.19999694824219,89.44999694824219,89.16000366210938,89.41999816894531,38.899940490722656,1621000.0
2010-12-06,89.41999816894531,89.41999816894531,89.2300033569336,89.37000274658203,38.878177642822266,776300.0
2010-12-07,89.81999969482422,89.91000366210938,89.66999816894531,89.83000183105469,39.078311920166016,946300.0
2010-12-08,89.7300033569336,90.0,89.41000366210938,89.54000091552734,38.9521484375,1216200.0
2010-12-09,89.66999816894531,89.66999816894531,89.33999633789062,89.3499984741211,38.86948013305664,457200.0
2010-12-10,89.5,89.61000061035156,89.30999755859375,89.38999938964844,38.88689804077149,613100.0
2010-12-13,89.4000015258789,89.56999969482422,88.81999969482422,88.94000244140625,38.69113159179688,1176600.0
2010-12-14,89.4000015258789,89.4000015258789,88.87999725341797,89.37999725341797,38.88254928588867,1366900.0
2010-12-15,89.4000015258789,89.4000015258789,88.91000366210938,89.02999877929688,38.73028564453125,566500.0
2010-12-16,88.9000015258789,89.36000061035156,88.77999877929688,89.36000061035156,38.873836517333984,498600.0
2010-12-17,89.3499984741211,89.52999877929688,89.2300033569336,89.48999786376953,38.930397033691406,989700.0
2010-12-20,89.62999725341797,89.6500015258789,89.5,89.6500015258789,38.9999885559082,587700.0
2010-12-21,89.80999755859375,89.88999938964844,89.66000366210938,89.83999633789062,39.0826301574707,785400.0
2010-12-22,89.8499984741211,90.13999938964844,89.7699966430664,90.08999633789062,39.19142150878906,803000.0
2010-12-23,90.1500015258789,90.25,90.12000274658205,90.18000030517578,39.23054122924805,560500.0
2010-12-27,90.31999969482422,90.36000061035156,90.12000274658205,90.25,39.26102066040039,590800.0
2010-12-28,89.87000274658203,89.9000015258789,89.54000091552734,89.7300033569336,39.285980224609375,575100.0
2010-12-29,89.83999633789062,90.05999755859375,89.72000122070312,90.02999877929688,39.41729736328125,535700.0
2010-12-30,90.13999938964844,90.13999938964844,89.95999908447266,90.12999725341795,39.46110153198242,335400.0
2010-12-31,90.12999725341795,90.30999755859376,90.05000305175781,90.29000091552734,39.531158447265625,715700.0
2011-01-03,90.29000091552734,90.70999908447266,90.2699966430664,90.36000061035156,39.561790466308594,1448800.0
2011-01-04,90.55999755859376,90.77999877929688,90.4800033569336,90.7699966430664,39.741302490234375,1077800.0
2011-01-05,90.63999938964844,91.01000213623048,90.62999725341795,91.0,39.84200286865234,2537800.0
2011-01-06,91.04000091552734,91.12000274658205,90.69000244140624,91.11000061035156,39.89017105102539,2046600.0
2011-01-07,91.12000274658205,91.12000274658205,90.6999969482422,90.76000213623048,39.73691940307617,917900.0
2011-01-10,90.61000061035156,90.7300033569336,90.56999969482422,90.69000244140624,39.70627975463867,517400.0
2011-01-11,90.91000366210938,91.08999633789062,90.8499984741211,91.04000091552734,39.85952377319336,493300.0
2011-01-12,91.0500030517578,91.33000183105467,91.0500030517578,91.2300033569336,39.94270324707031,609600.0
2011-01-13,91.23999786376952,91.4499969482422,91.16999816894533,91.20999908447266,39.93396759033203,1563900.0
2011-01-14,91.3499984741211,91.4000015258789,91.23999786376952,91.36000061035156,39.9996337890625,912500.0
2011-01-18,91.5,91.5,91.25,91.3499984741211,39.99525833129883,1186800.0
2011-01-19,91.2699966430664,91.38999938964844,91.05999755859376,91.06999969482422,39.872650146484375,1073200.0
2011-01-20,91.06999969482422,91.12999725341795,90.76000213623048,90.88999938964844,39.793853759765625,766000.0
2011-01-21,90.9800033569336,91.33999633789062,90.9800033569336,91.26000213623048,39.95584487915039,681100.0
2011-01-24,91.29000091552734,91.4499969482422,91.29000091552734,91.38999938964844,40.01274108886719,697300.0
2011-01-25,91.43000030517578,91.52999877929688,91.33000183105467,91.52999877929688,40.07404708862305,686400.0
2011-01-26,91.63999938964844,91.72000122070312,91.52999877929688,91.72000122070312,40.15723037719727,985500.0
2011-01-27,91.7699966430664,91.8499984741211,91.69000244140624,91.83999633789062,40.20976638793945,679400.0
2011-01-28,91.87999725341795,91.88999938964844,91.2699966430664,91.29000091552734,39.968971252441406,2015100.0
2011-01-31,91.52999877929688,91.77999877929688,91.36000061035156,91.77999877929688,40.18351745605469,1183200.0
2011-02-01,91.30999755859376,91.4499969482422,91.20999908447266,91.37000274658205,40.26237869262695,944600.0
2011-02-02,91.48999786376952,91.51000213623048,91.37000274658205,91.47000122070312,40.306453704833984,550400.0
2011-02-03,91.4800033569336,91.55999755859376,91.2699966430664,91.47000122070312,40.306453704833984,1240800.0
2011-02-04,91.6999969482422,91.88999938964844,91.5199966430664,91.87000274658205,40.48270797729492,1667600.0
2011-02-07,92.01000213623048,92.0500030517578,91.79000091552734,92.04000091552734,40.557594299316406,2260600.0
2011-02-08,92.12000274658205,92.16000366210938,92.0,92.13999938964844,40.60169219970703,2632400.0
2011-02-09,92.13999938964844,92.13999938964844,91.62000274658205,91.62000274658205,40.3725700378418,936900.0
2011-02-10,91.5999984741211,91.91000366210938,91.5,91.72000122070312,40.4166259765625,801800.0
2011-02-11,91.87000274658205,91.9499969482422,91.62999725341795,91.9499969482422,40.51792907714844,586700.0
2011-02-14,91.86000061035156,92.0199966430664,91.86000061035156,92.0199966430664,40.548805236816406,660000.0
2011-02-15,92.05999755859376,92.05999755859376,91.7699966430664,91.83999633789062,40.46949768066406,1109100.0
2011-02-16,92.01000213623048,92.08999633789062,91.87000274658205,91.87000274658205,40.48270797729492,1378100.0
2011-02-17,92.0,92.0999984741211,91.95999908447266,92.08000183105467,40.575233459472656,658800.0
2011-02-18,92.18000030517578,92.37000274658205,92.11000061035156,92.36000061035156,40.69865417480469,870300.0
2011-02-22,92.19000244140624,92.23999786376952,91.58999633789062,91.5999984741211,40.36373901367188,1305600.0
2011-02-23,91.62999725341795,91.83000183105467,91.58999633789062,91.69000244140624,40.40338516235352,1062700.0
2011-02-24,91.8499984741211,91.91000366210938,91.70999908447266,91.76000213623048,40.43422317504883,857300.0
2011-02-25,91.80999755859376,92.08000183105467,91.77999877929688,92.04000091552734,40.557594299316406,1907800.0
2011-02-28,92.13999938964844,92.52999877929688,91.9800033569336,92.5,40.760284423828125,4044100.0
2011-03-01,91.97000122070312,91.9800033569336,91.68000030517578,91.77999877929688,40.69782638549805,1692100.0
2011-03-02,91.75,91.87999725341795,91.6999969482422,91.86000061035156,40.73326110839844,1271400.0
2011-03-03,91.91000366210938,92.22000122070312,91.91000366210938,92.19000244140624,40.87960052490234,1615300.0
2011-03-04,92.19000244140624,92.20999908447266,91.93000030517578,92.0,40.79535675048828,1057200.0
2011-03-07,92.12999725341795,92.13999938964844,91.91999816894533,92.0199966430664,40.80421447753906,1086800.0
2011-03-08,92.0,92.05999755859376,91.91000366210938,91.94000244140624,40.76874923706055,971400.0
2011-03-09,91.95999908447266,92.01000213623048,91.6500015258789,91.68000030517578,40.6534538269043,1241700.0
2011-03-10,91.73999786376952,91.8000030517578,91.16999816894533,91.1999969482422,40.440616607666016,1098400.0
2011-03-11,91.11000061035156,91.3499984741211,91.05999755859376,91.18000030517578,40.43174743652344,1023500.0
2011-03-14,91.08999633789062,91.26000213623048,90.76000213623048,90.80999755859376,40.26765823364258,1643400.0
2011-03-15,89.9000015258789,90.48999786376952,89.5,90.33999633789062,40.05927658081055,1598300.0
2011-03-16,90.36000061035156,90.62000274658205,89.72000122070312,89.77999877929688,39.81095123291016,2882900.0
2011-03-17,90.22000122070312,90.76000213623048,90.22000122070312,90.75,40.24106216430664,1634200.0
2011-03-18,91.13999938964844,91.47000122070312,91.0199966430664,91.18000030517578,40.43174743652344,1300400.0
2011-03-21,91.48999786376952,91.77999877929688,91.41000366210938,91.73999786376952,40.6800422668457,943800.0
2011-03-22,91.62000274658205,91.83000183105467,91.52999877929688,91.79000091552734,40.70224380493164,2285400.0
2011-03-23,91.69000244140624,91.81999969482422,91.52999877929688,91.68000030517578,40.6534538269043,749400.0
2011-03-24,91.76000213623048,91.8499984741211,91.6500015258789,91.76000213623048,40.68893814086914,923100.0
2011-03-25,91.83999633789062,91.86000061035156,91.76000213623048,91.79000091552734,40.70224380493164,478500.0
2011-03-28,91.9000015258789,91.9000015258789,91.69000244140624,91.81999969482422,40.715518951416016,844000.0
2011-03-29,91.6999969482422,91.91000366210938,91.68000030517578,91.87000274658205,40.73771667480469,1010700.0
2011-03-30,91.9499969482422,92.05999755859376,91.75,92.01000213623048,40.79979705810547,1868800.0
2011-03-31,92.02999877929688,92.02999877929688,91.87000274658205,91.95999908447266,40.77759552001953,924100.0
2011-04-01,91.38999938964844,91.52999877929688,91.27999877929688,91.27999877929688,40.72854232788086,1322400.0
2011-04-04,91.44000244140624,91.86000061035156,91.3499984741211,91.83999633789062,40.9784049987793,3254100.0
2011-04-05,91.63999938964844,91.91000366210938,91.63999938964844,91.73999786376952,40.93377304077149,1338100.0
2011-04-06,91.91000366210938,91.9800033569336,91.83999633789062,91.94000244140624,41.02301788330078,835300.0
2011-04-07,91.93000030517578,92.06999969482422,91.91999816894533,92.02999877929688,41.06316375732422,1156700.0
2011-04-08,92.08999633789062,92.12000274658205,91.91000366210938,92.02999877929688,41.06316375732422,1168900.0
2011-04-11,92.08000183105467,92.16999816894533,91.93000030517578,91.94000244140624,41.02301788330078,1045900.0
2011-04-12,91.9800033569336,91.9800033569336,91.62000274658205,91.6500015258789,40.89362716674805,940100.0
2011-04-13,91.87000274658205,92.08999633789062,91.83000183105467,92.08999633789062,41.08994674682617,1128100.0
2011-04-14,92.0,92.0199966430664,91.63999938964844,91.72000122070312,40.92485809326172,1538700.0
2011-04-15,91.8499984741211,91.9000015258789,91.76000213623048,91.83999633789062,40.9784049987793,658300.0
2011-04-18,91.6999969482422,91.6999969482422,91.41999816894533,91.5199966430664,40.83562469482422,1736400.0
2011-04-19,91.63999938964844,91.86000061035156,91.61000061035156,91.83999633789062,40.9784049987793,1020800.0
2011-04-20,92.0,92.2300033569336,91.91000366210938,92.19000244140624,41.13456344604492,716400.0
2011-04-21,92.31999969482422,92.43000030517578,92.11000061035156,92.41000366210938,41.23274612426758,632000.0
2011-04-25,92.4499969482422,92.4499969482422,92.3000030517578,92.30999755859376,41.188079833984375,978700.0
2011-04-26,92.4499969482422,92.5199966430664,92.33000183105467,92.5199966430664,41.28178405761719,575400.0
2011-04-27,92.48999786376952,92.58000183105467,92.4800033569336,92.58000183105467,41.308589935302734,738800.0
2011-04-28,92.58000183105467,92.66000366210938,92.5500030517578,92.62999725341795,41.33089065551758,697600.0
2011-04-29,92.76000213623048,92.8499984741211,92.68000030517578,92.8499984741211,41.42906188964844,799000.0
2011-05-02,92.30999755859376,92.41999816894533,92.20999908447266,92.2300033569336,41.407962799072266,848700.0
2011-05-03,92.41999816894533,92.43000030517578,92.0999984741211,92.25,41.41693878173828,977700.0
2011-05-04,92.37999725341795,92.37999725341795,92.12000274658205,92.22000122070312,41.4034538269043,959400.0
2011-05-05,92.22000122070312,92.22000122070312,91.79000091552734,91.83999633789062,41.232852935791016,1300000.0
2011-05-06,92.11000061035156,92.4499969482422,92.11000061035156,92.30999755859376,41.44386672973633,968900.0
2011-05-09,92.38999938964844,92.51000213623048,92.29000091552734,92.43000030517578,41.49772262573242,620500.0
2011-05-10,92.33000183105467,92.62999725341795,92.33000183105467,92.62999725341795,41.587520599365234,723600.0
2011-05-11,92.69000244140624,92.7300033569336,92.37000274658205,92.48999786376952,41.52468490600586,595200.0
2011-05-12,92.47000122070312,92.58000183105467,92.26000213623048,92.58000183105467,41.56509017944336,1129800.0
2011-05-13,92.5999984741211,92.5999984741211,92.1999969482422,92.1999969482422,41.39447021484375,1053400.0
2011-05-16,92.26000213623048,92.47000122070312,92.26000213623048,92.37999725341795,41.47528839111328,540400.0
2011-05-17,92.37000274658205,92.58999633789062,92.11000061035156,92.54000091552734,41.54713439941406,1674000.0
2011-05-18,92.4800033569336,92.66000366210938,92.43000030517578,92.6500015258789,41.59652328491211,813000.0
2011-05-19,92.66999816894533,92.66999816894533,92.51000213623048,92.61000061035156,41.57856750488281,715900.0
2011-05-20,92.61000061035156,92.61000061035156,92.41000366210938,92.54000091552734,41.54713439941406,538900.0
2011-05-23,92.26000213623048,92.3499984741211,92.08000183105467,92.0999984741211,41.34959411621094,1204800.0
2011-05-24,92.30999755859376,92.37000274658205,91.93000030517578,91.9499969482422,41.28220748901367,808100.0
2011-05-25,92.02999877929688,92.0500030517578,91.9000015258789,91.9499969482422,41.28220748901367,1407900.0
2011-05-26,91.97000122070312,92.0,91.87000274658205,91.87000274658205,41.2463264465332,787900.0
2011-05-27,91.9499969482422,92.26000213623048,91.9000015258789,92.1500015258789,41.37202835083008,1225700.0
2011-05-31,92.4000015258789,92.45999908447266,92.26000213623048,92.4000015258789,41.48427581787109,1848000.0
2011-06-01,91.76000213623048,91.88999938964844,91.1500015258789,91.3000030517578,41.243045806884766,2091600.0
2011-06-02,91.36000061035156,91.4000015258789,91.1999969482422,91.23999786376952,41.2159423828125,1177000.0
2011-06-03,90.95999908447266,91.08000183105467,90.81999969482422,90.87999725341795,41.05332946777344,1141100.0
2011-06-06,90.94000244140624,91.01000213623048,90.56999969482422,90.66000366210938,40.95394515991211,1660100.0
2011-06-07,90.9000015258789,90.93000030517578,90.54000091552734,90.58999633789062,40.92233657836914,995500.0
2011-06-08,90.55999755859376,90.58000183105467,90.13999938964844,90.16000366210938,40.72809219360352,1642600.0
2011-06-09,90.20999908447266,90.44000244140624,90.12000274658205,90.22000122070312,40.75522232055664,1480700.0
2011-06-10,90.2699966430664,90.3499984741211,89.44000244140625,89.62999725341797,40.488651275634766,3870000.0
2011-06-13,89.75,89.98999786376953,89.29000091552734,89.29000091552734,40.33506393432617,2015400.0
2011-06-14,89.97000122070312,90.0199966430664,89.80000305175781,89.8499984741211,40.588035583496094,1253000.0
2011-06-15,89.58000183105469,89.8499984741211,89.37000274658203,89.47000122070312,40.41639709472656,1319400.0
2011-06-16,89.41000366210938,89.69999694824219,87.62999725341797,87.87999725341797,39.69813537597656,7149900.0
2011-06-17,88.88999938964844,89.18000030517578,88.30000305175781,88.8499984741211,40.136322021484375,3486900.0
2011-06-20,88.94999694824219,89.56999969482422,88.94000244140625,89.47000122070312,40.41639709472656,1555600.0
2011-06-21,89.62000274658203,90.08000183105467,89.55999755859375,90.06999969482422,40.68741607666016,2212000.0
2011-06-22,89.9000015258789,90.04000091552734,89.41000366210938,89.41999816894531,40.393821716308594,1667400.0
2011-06-23,89.25,90.0,88.83000183105469,89.9000015258789,40.610633850097656,2999800.0
2011-06-24,90.05000305175781,90.05000305175781,89.33000183105469,89.47000122070312,40.41639709472656,1416400.0
2011-06-27,89.51000213623047,89.5999984741211,89.36000061035156,89.44999694824219,40.4073371887207,1137600.0
2011-06-28,89.69999694824219,89.80999755859375,89.62000274658203,89.80999755859375,40.56997299194336,1477500.0
2011-06-29,90.0999984741211,90.75,89.94999694824219,90.6999969482422,40.97201919555664,1752700.0
2011-06-30,90.6999969482422,91.5999984741211,90.6999969482422,91.30999755859376,41.24757385253906,2514300.0
2011-07-01,91.38999938964844,91.4499969482422,90.83999633789062,91.20999908447266,41.46671676635742,1749800.0
2011-07-05,91.05999755859376,91.33999633789062,90.91000366210938,91.33000183105467,41.521244049072266,2253200.0
2011-07-06,90.98999786376952,91.37999725341795,90.91999816894533,91.37000274658205,41.53945159912109,1969400.0
2011-07-07,91.58000183105467,91.7300033569336,91.30999755859376,91.7300033569336,41.7031364440918,2662100.0
2011-07-08,91.16000366210938,91.5199966430664,91.13999938964844,91.4800033569336,41.58945846557617,1771000.0
2011-07-11,91.01000213623048,91.12999725341795,90.5500030517578,90.58000183105467,41.1802978515625,1967100.0
2011-07-12,90.5199966430664,90.66000366210938,90.31999969482422,90.33000183105467,41.06660842895508,1407200.0
2011-07-13,90.5999984741211,91.06999969482422,90.54000091552734,91.02999877929688,41.38487243652344,1056800.0
2011-07-14,90.87000274658205,91.5,90.80999755859376,90.9800033569336,41.36215972900391,823300.0
2011-07-15,91.16999816894533,91.16999816894533,90.88999938964844,90.9499969482422,41.34850311279297,688800.0
2011-07-18,90.75,91.0,90.51000213623048,90.79000091552734,41.27574157714844,2103500.0
2011-07-19,90.77999877929688,91.2300033569336,90.70999908447266,91.1999969482422,41.46217727661133,894100.0
2011-07-20,91.41000366210938,91.41000366210938,91.1999969482422,91.27999877929688,41.4985237121582,878500.0
2011-07-21,91.4499969482422,91.7699966430664,91.3499984741211,91.72000122070312,41.69853591918945,936300.0
2011-07-22,91.5999984741211,91.86000061035156,91.54000091552734,91.83999633789062,41.75313949584961,670000.0
2011-07-25,91.5500030517578,91.73999786376952,91.33999633789062,91.3499984741211,41.53033828735352,1050600.0
2011-07-26,91.44000244140624,91.63999938964844,91.33000183105467,91.54000091552734,41.61671447753906,570200.0
2011-07-27,91.5199966430664,91.58000183105467,90.81999969482422,90.81999969482422,41.28937530517578,1158100.0
2011-07-28,90.91999816894533,91.18000030517578,90.83000183105467,90.95999908447266,41.3530387878418,689700.0
2011-07-29,90.4800033569336,91.08000183105467,90.41000366210938,91.0500030517578,41.39396286010742,1199100.0
2011-08-01,90.79000091552734,91.01000213623048,90.25,90.6999969482422,41.48590087890625,907000.0
2011-08-02,90.48999786376952,90.5,89.56999969482422,89.58000183105469,40.9736328125,1286700.0
2011-08-03,89.61000061035156,89.95999908447266,88.80999755859375,89.52999877929688,40.95072937011719,2361600.0
2011-08-04,89.0,89.3499984741211,86.91000366210938,86.94999694824219,39.770652770996094,3396500.0
2011-08-05,87.44000244140625,88.12999725341797,84.61000061035156,86.86000061035156,39.72947311401367,4671900.0
2011-08-08,83.87000274658203,85.86000061035156,82.33000183105469,83.16000366210938,38.03713607788086,6491600.0
2011-08-09,84.25,85.69999694824219,83.05000305175781,85.69999694824219,39.19893646240234,5124100.0
2011-08-10,85.1500015258789,85.29000091552734,83.88999938964844,84.25,38.53570938110352,3395000.0
2011-08-11,83.66000366210938,85.91000366210938,83.66000366210938,85.77999877929688,39.23550796508789,2916900.0
2011-08-12,85.9800033569336,86.20999908447266,85.02999877929688,85.37999725341797,39.05253601074219,2273600.0
2011-08-15,85.97000122070312,86.88999938964844,85.68000030517578,86.7699966430664,39.68831634521485,3280700.0
2011-08-16,86.52999877929688,86.77999877929688,86.12000274658203,86.22000122070312,39.43674850463867,2712000.0
2011-08-17,86.62999725341797,87.18000030517578,86.5999984741211,87.16999816894531,39.87128829956055,1668900.0
2011-08-18,86.18000030517578,86.2300033569336,85.11000061035156,86.11000061035156,39.38644790649414,2342700.0
2011-08-19,85.2699966430664,86.58000183105469,85.08999633789062,85.36000061035156,39.04339599609375,1879400.0
2011-08-22,86.0,86.36000061035156,85.3499984741211,85.45999908447266,39.089168548583984,1681100.0
2011-08-23,85.27999877929688,86.23999786376953,84.69999694824219,86.0999984741211,39.381874084472656,2588800.0
2011-08-24,85.5,86.05999755859375,85.19000244140625,85.70999908447266,39.20349884033203,2550900.0
2011-08-25,86.22000122070312,86.45999908447266,85.0,85.0199966430664,38.88787841796875,1678800.0
2011-08-26,85.05000305175781,86.05000305175781,84.30000305175781,85.87999725341797,39.28124237060547,1629000.0
2011-08-29,86.47000122070312,86.8499984741211,86.18000030517578,86.75,39.67920684814453,2082100.0
2011-08-30,86.61000061035156,86.95999908447266,86.48999786376953,86.91000366210938,39.75235366821289,1774500.0
2011-08-31,87.79000091552734,88.37999725341797,87.56999969482422,88.02999877929688,40.26465225219727,3213700.0
2011-09-01,87.48999786376953,87.61000061035156,87.2300033569336,87.41000366210938,40.238407135009766,1624000.0
2011-09-02,86.56999969482422,87.55999755859375,86.56999969482422,87.0,40.049686431884766,1814600.0
2011-09-06,85.76000213623047,86.30000305175781,85.5199966430664,85.97000122070312,39.57551956176758,3004100.0
2011-09-07,86.58999633789062,86.76000213623047,86.11000061035156,86.38999938964844,39.76886367797852,916900.0
2011-09-08,86.55999755859375,86.8499984741211,86.38999938964844,86.66000366210938,39.893157958984375,1533100.0
2011-09-09,86.55000305175781,86.80000305175781,85.62999725341797,85.87999725341797,39.53409194946289,1978400.0
2011-09-12,85.30999755859375,85.45999908447266,84.80999755859375,85.13999938964844,39.19342422485352,2110000.0
2011-09-13,85.33999633789062,86.0,85.13999938964844,85.79000091552734,39.492671966552734,2331900.0
2011-09-14,86.06999969482422,86.55999755859375,85.66000366210938,86.36000061035156,39.75505447387695,1648300.0
2011-09-15,86.55999755859375,86.95999908447266,86.37000274658203,86.94000244140625,40.02204132080078,1534000.0
2011-09-16,87.1500015258789,87.1500015258789,86.5999984741211,86.88999938964844,39.999000549316406,1217200.0
2011-09-19,86.73999786376953,86.93000030517578,86.37999725341797,86.76000213623047,39.93917083740234,1251000.0
2011-09-20,86.91999816894531,87.08000183105469,86.56999969482422,86.9000015258789,40.00362777709961,1509100.0
2011-09-21,86.9000015258789,87.08000183105469,86.13999938964844,86.1500015258789,39.65840530395508,2524900.0
2011-09-22,85.16999816894531,85.5199966430664,84.77999877929688,84.9800033569336,39.11980056762695,2295700.0
2011-09-23,84.7300033569336,85.62000274658203,84.69999694824219,85.20999908447266,39.22565078735352,2251300.0
2011-09-26,85.38999938964844,86.37999725341797,85.01000213623047,85.52999877929688,39.37295913696289,2451400.0
2011-09-27,86.04000091552734,86.04000091552734,85.5,85.62999725341797,39.41901016235352,3481300.0
2011-09-28,85.58000183105469,85.5999984741211,84.51000213623047,84.66999816894531,38.97706985473633,2696800.0
2011-09-29,85.0,85.27999877929688,84.36000061035156,84.51000213623047,38.9034309387207,1643100.0
2011-09-30,83.9800033569336,83.9800033569336,82.7300033569336,82.83000183105469,38.13004302978516,2510700.0
2011-10-03,81.91999816894531,82.45999908447266,81.30000305175781,81.30000305175781,37.67039489746094,2560600.0
2011-10-04,80.61000061035156,81.18000030517578,77.9000015258789,81.05000305175781,37.55454254150391,4870500.0
2011-10-05,81.43000030517578,82.11000061035156,80.7300033569336,82.04000091552734,38.013275146484375,2563800.0
2011-10-06,82.29000091552734,83.31999969482422,81.9000015258789,83.30999755859375,38.60172653198242,2317200.0
2011-10-07,83.77999877929688,83.80000305175781,82.66999816894531,83.37999725341797,38.63417434692383,2686900.0
2011-10-10,84.37999725341797,85.18000030517578,83.87000274658203,85.16999816894531,39.463565826416016,2014300.0
2011-10-11,85.02999877929688,85.02999877929688,84.18000030517578,84.2300033569336,39.028018951416016,2278800.0
2011-10-12,84.7699966430664,86.27999877929688,84.41999816894531,86.19000244140625,39.93621826171875,4223000.0
2011-10-13,85.83999633789062,86.0199966430664,85.11000061035156,85.83000183105469,39.76939010620117,3361300.0
2011-10-14,86.30999755859375,86.45999908447266,86.0,86.43000030517578,40.04738998413086,2760400.0
2011-10-17,86.0199966430664,86.06999969482422,85.7300033569336,85.93000030517578,39.815711975097656,1904100.0
2011-10-18,85.91999816894531,86.58000183105469,85.43000030517578,86.38999938964844,40.02886581420898,2890000.0
2011-10-19,86.55000305175781,87.22000122070312,86.05999755859375,86.11000061035156,39.899112701416016,3574500.0
2011-10-20,86.4000015258789,86.87999725341797,86.19999694824219,86.87000274658203,40.25126647949219,1759800.0
2011-10-21,87.44999694824219,87.94000244140625,87.25,87.91999816894531,40.73777389526367,2405600.0
2011-10-24,88.0,90.4800033569336,87.8499984741211,90.3000030517578,41.84054565429688,5630300.0
2011-10-25,89.41000366210938,89.83000183105469,88.66000366210938,88.69999694824219,41.09918594360352,4506500.0
2011-10-26,89.5,89.5,88.44999694824219,89.08000183105469,41.275272369384766,2839500.0
2011-10-27,90.73999786376952,91.41999816894533,90.0,90.38999938964844,41.88227081298828,5132100.0
2011-10-28,90.16000366210938,90.1999969482422,89.83999633789062,90.12000274658205,41.75715637207031,2820700.0
2011-10-31,89.66000366210938,89.66999816894531,89.19999694824219,89.27999877929688,41.36794662475586,2972600.0
2011-11-01,87.52999877929688,88.12000274658203,86.75,87.16999816894531,40.6296272277832,3132800.0
2011-11-02,87.62999725341797,88.18000030517578,87.45999908447266,88.0,41.01650619506836,1812500.0
2011-11-03,88.69000244140625,88.98999786376953,88.12000274658203,88.87000274658203,41.422000885009766,1409900.0
2011-11-04,88.37999725341797,88.86000061035156,88.06999969482422,88.77999877929688,41.380069732666016,3759500.0
2011-11-07,88.7300033569336,88.79000091552734,88.0199966430664,88.4800033569336,41.24022674560547,1756000.0
2011-11-08,88.75,88.81999969482422,88.33000183105469,88.68000030517578,41.33344268798828,1823800.0
2011-11-09,87.70999908447266,87.97000122070312,86.80000305175781,86.80000305175781,40.45718383789063,2151500.0
2011-11-10,87.56999969482422,87.70999908447266,86.87000274658203,86.88999938964844,40.4991340637207,2487700.0
2011-11-11,87.4000015258789,88.11000061035156,87.33000183105469,88.04000091552734,41.03514862060547,1270200.0
2011-11-14,87.87999725341797,87.87999725341797,87.0,87.44999694824219,40.76015853881836,1603100.0
2011-11-15,87.30999755859375,87.4000015258789,86.9000015258789,87.22000122070312,40.6529426574707,1450000.0
2011-11-16,86.97000122070312,87.12000274658203,86.3499984741211,86.37000274658203,40.25675201416016,1788500.0
2011-11-17,86.51000213623047,86.7699966430664,85.52999877929688,85.94999694824219,40.061012268066406,2131700.0
2011-11-18,86.27999877929688,86.30999755859375,85.79000091552734,85.88999938964844,40.03306198120117,2226100.0
2011-11-21,85.79000091552734,85.91999816894531,84.81999969482422,84.91999816894531,39.58091735839844,3219000.0
2011-11-22,84.9000015258789,85.13999938964844,84.19000244140625,84.2699966430664,39.27796936035156,4123400.0
2011-11-23,84.01000213623047,84.19999694824219,82.62999725341797,82.75,38.56948471069336,4483000.0
2011-11-25,82.98999786376953,83.69000244140625,82.52999877929688,82.75,38.56948471069336,1476200.0
2011-11-28,84.52999877929688,84.91999816894531,84.0199966430664,84.5999984741211,39.43177032470703,2455000.0
2011-11-29,84.91999816894531,85.1500015258789,84.62000274658203,85.1500015258789,39.68813705444336,2010300.0
2011-11-30,86.30000305175781,86.68000030517578,86.06999969482422,86.5999984741211,40.36398696899414,2944100.0
2011-12-01,86.0,86.5199966430664,85.83999633789062,86.43000030517578,40.54174423217773,2442000.0
2011-12-02,86.69000244140625,87.0,86.43000030517578,86.91999816894531,40.77158737182617,2664700.0
2011-12-05,87.44000244140625,87.63999938964844,87.12000274658203,87.41000366210938,41.00144577026367,2719200.0
2011-12-06,87.37000274658203,87.86000061035156,87.12999725341797,87.80000305175781,41.18437194824219,2355600.0
2011-12-07,87.58000183105469,87.68000030517578,87.19000244140625,87.5199966430664,41.053016662597656,1740600.0
2011-12-08,87.38999938964844,87.5199966430664,86.94000244140625,86.94999694824219,40.78565216064453,1994200.0
2011-12-09,87.0999984741211,87.75,87.0,87.69999694824219,41.13745880126953,1355900.0
2011-12-12,87.37999725341797,87.37999725341797,87.05000305175781,87.2300033569336,40.917022705078125,1772000.0
2011-12-13,87.51000213623047,87.70999908447266,86.87000274658203,86.9000015258789,40.762203216552734,1742400.0
2011-12-14,86.93000030517578,86.9800033569336,86.47000122070312,86.75,40.69186019897461,1317700.0
2011-12-15,87.33999633789062,87.3499984741211,86.93000030517578,87.05999755859375,40.83725357055664,1562200.0
2011-12-16,87.25,87.51000213623047,87.0,87.47000122070312,41.02959442138672,1383900.0
2011-12-19,87.54000091552734,87.94999694824219,87.3499984741211,87.36000061035156,40.977970123291016,2268000.0
2011-12-20,87.94000244140625,88.5199966430664,87.86000061035156,88.44999694824219,41.48927307128906,1957100.0
2011-12-21,88.20999908447266,88.69999694824219,88.0999984741211,88.69999694824219,41.60650634765625,1792300.0
2011-12-22,88.62999725341797,89.16000366210938,88.45999908447266,89.04000091552734,41.766021728515625,1885800.0
2011-12-23,88.98999786376953,89.51000213623047,88.87000274658203,89.44999694824219,41.95831680297852,1255200.0
2011-12-27,89.02999877929688,89.30000305175781,88.80000305175781,89.2699966430664,42.12587356567383,2282000.0
2011-12-28,89.41000366210938,89.48999786376953,88.76000213623047,88.8499984741211,41.92766189575195,1899200.0
2011-12-29,89.0999984741211,89.44000244140625,88.86000061035156,89.37999725341797,42.17779159545898,1558600.0
2011-12-30,89.37000274658203,89.6500015258789,89.26000213623047,89.43000030517578,42.20133972167969,1553400.0
2012-01-03,89.81999969482422,89.98999786376953,89.44999694824219,89.72000122070312,42.33816909790039,3118800.0
2012-01-04,89.69999694824219,89.70999908447266,89.11000061035156,89.56999969482422,42.26741027832031,3010000.0
2012-01-05,89.54000091552734,89.58000183105469,88.98999786376953,89.18000030517578,42.083404541015625,2579700.0
2012-01-06,89.38999938964844,89.38999938964844,88.75,88.9000015258789,41.95124816894531,1916400.0
2012-01-09,88.91000366210938,89.2300033569336,88.91000366210938,89.0199966430664,42.00788116455078,2157800.0
2012-01-10,89.4000015258789,89.4800033569336,89.19999694824219,89.33000183105469,42.154178619384766,2318000.0
2012-01-11,89.2699966430664,89.33000183105469,89.04000091552734,89.23999786376953,42.111698150634766,1191100.0
2012-01-12,89.23999786376953,89.44000244140625,89.04000091552734,89.12000274658203,42.05508804321289,1558100.0
2012-01-13,89.06999969482422,89.12999725341797,88.55000305175781,89.0199966430664,42.00788116455078,1929400.0
2012-01-17,89.37999725341797,89.37999725341797,89.05999755859375,89.19999694824219,42.09283447265625,4144200.0
2012-01-18,89.20999908447266,89.45999908447266,88.94999694824219,89.44999694824219,42.21078109741211,2725800.0
2012-01-19,89.72000122070312,89.8499984741211,89.45999908447266,89.58000183105469,42.27215194702149,2953000.0
2012-01-20,89.61000061035156,89.73999786376953,89.54000091552734,89.58000183105469,42.27215194702149,2037500.0
2012-01-23,89.7699966430664,90.0199966430664,89.66000366210938,89.88999938964844,42.418418884277344,1680100.0
2012-01-24,89.88999938964844,90.16999816894533,89.72000122070312,90.12000274658205,42.52699661254883,2863800.0
2012-01-25,90.3000030517578,91.0,89.91999816894531,90.91000366210938,42.8997917175293,3882800.0
2012-01-26,91.3000030517578,91.4800033569336,90.91999816894533,91.12999725341795,43.00356674194336,6487500.0
2012-01-27,91.01000213623048,91.18000030517578,90.8000030517578,90.8000030517578,42.847843170166016,2431100.0
2012-01-30,90.45999908447266,90.7300033569336,90.3499984741211,90.51000213623048,42.71100234985352,2553000.0
2012-01-31,90.75,90.87000274658205,90.52999877929688,90.73999786376952,42.81954956054688,2864400.0
2012-02-01,90.27999877929688,90.72000122070312,90.27999877929688,90.4000015258789,42.89878845214844,4284200.0
2012-02-02,90.58999633789062,90.62000274658205,90.41000366210938,90.45999908447266,42.92724609375,2079600.0
2012-02-03,91.22000122070312,91.23999786376952,90.58000183105467,90.72000122070312,43.05064392089844,2312900.0
2012-02-06,90.63999938964844,90.76000213623048,90.5,90.73999786376952,43.06012725830078,2270500.0
2012-02-07,90.79000091552734,90.98999786376952,90.66999816894533,90.91999816894533,43.14554977416992,2467000.0
2012-02-08,91.04000091552734,91.08999633789062,90.80999755859376,91.0,43.18352127075195,3336000.0
2012-02-09,91.05999755859376,91.08999633789062,90.66999816894533,91.04000091552734,43.20249938964844,3258700.0
2012-02-10,90.58000183105467,90.62000274658205,90.25,90.25,42.827613830566406,2909600.0
2012-02-13,90.5,90.72000122070312,90.33000183105467,90.51000213623048,42.95096969604492,2193100.0
2012-02-14,90.45999908447266,90.6500015258789,90.38999938964844,90.51000213623048,42.95096969604492,3000100.0
2012-02-15,90.52999877929688,90.7699966430664,90.1999969482422,90.22000122070312,42.81337356567383,1986600.0
2012-02-16,90.22000122070312,90.62000274658205,89.98999786376953,90.5999984741211,42.993690490722656,2514100.0
2012-02-17,90.83999633789062,90.86000061035156,90.4499969482422,90.56999969482422,42.97944641113281,2402700.0
2012-02-21,90.68000030517578,91.08999633789062,90.6500015258789,90.91000366210938,43.14080429077149,2265100.0
2012-02-22,91.02999877929688,91.25,90.97000122070312,91.1999969482422,43.27840423583984,3570600.0
2012-02-23,91.26000213623048,91.73999786376952,91.1999969482422,91.52999877929688,43.435020446777344,3212300.0
2012-02-24,91.5500030517578,91.8499984741211,91.4800033569336,91.80999755859376,43.56789779663086,1795500.0
2012-02-27,91.58999633789062,91.9499969482422,91.58999633789062,91.83000183105467,43.57738876342773,1608100.0
2012-02-28,91.9000015258789,92.12000274658205,91.8499984741211,92.01000213623048,43.66282653808594,2813200.0
2012-02-29,92.0999984741211,92.26000213623048,91.7699966430664,92.12999725341795,43.71974182128906,3085800.0
2012-03-01,91.6500015258789,91.83999633789062,91.5,91.75,43.794708251953125,3802800.0
2012-03-02,91.7300033569336,91.7300033569336,91.33999633789062,91.37000274658205,43.61332321166992,1709000.0
2012-03-05,91.4499969482422,91.4800033569336,90.8499984741211,90.86000061035156,43.3698844909668,2333700.0
2012-03-06,90.54000091552734,90.73999786376952,89.6500015258789,89.6500015258789,42.79230880737305,5792700.0
2012-03-07,89.93000030517578,90.01000213623047,89.63999938964844,89.9000015258789,42.9116325378418,5840700.0
2012-03-08,90.25,90.62000274658205,90.04000091552734,90.5999984741211,43.24575805664063,2249700.0
2012-03-09,90.69000244140624,90.94000244140624,90.62999725341795,90.6999969482422,43.293487548828125,2531300.0
2012-03-12,90.62000274658205,90.72000122070312,90.5,90.6999969482422,43.293487548828125,2153000.0
2012-03-13,90.9800033569336,91.36000061035156,90.76000213623048,91.36000061035156,43.60855102539063,2890700.0
2012-03-14,91.30999755859376,91.3499984741211,90.66999816894533,91.12999725341795,43.49874877929688,2928800.0
2012-03-15,91.1999969482422,91.1999969482422,90.73999786376952,90.81999969482422,43.350807189941406,1726800.0
2012-03-16,90.91000366210938,91.0,90.3000030517578,90.48999786376952,43.1932487487793,3570300.0
2012-03-19,90.48999786376952,90.86000061035156,90.33000183105467,90.83000183105467,43.35554122924805,2283900.0
2012-03-20,90.76000213623048,90.91999816894533,90.61000061035156,90.76000213623048,43.3221321105957,2756600.0
2012-03-21,90.93000030517578,90.93000030517578,90.4499969482422,90.47000122070312,43.18373489379883,3280100.0
2012-03-22,90.4499969482422,90.77999877929688,90.43000030517578,90.69000244140624,43.28873062133789,3500900.0
2012-03-23,90.66000366210938,90.75,90.4000015258789,90.5,43.19804000854492,3465200.0
2012-03-26,90.62000274658205,91.05999755859376,90.56999969482422,91.0500030517578,43.460548400878906,2081200.0
2012-03-27,91.01000213623048,91.30999755859376,90.94000244140624,91.20999908447266,43.53692626953125,4196700.0
2012-03-28,91.25,91.25,90.7699966430664,90.91000366210938,43.39375305175781,2803700.0
2012-03-29,90.81999969482422,90.9499969482422,90.5999984741211,90.9000015258789,43.388938903808594,2158600.0
2012-03-30,90.97000122070312,91.06999969482422,90.58999633789062,90.72000122070312,43.30304336547852,4020300.0
2012-04-02,90.36000061035156,90.47000122070312,90.1999969482422,90.33000183105467,43.3774528503418,5883800.0
2012-04-03,90.30999755859376,90.5199966430664,90.23999786376952,90.25,43.33906936645508,4099700.0
2012-04-04,89.97000122070312,90.0999984741211,89.79000091552734,89.91999816894531,43.18058013916016,2297600.0
2012-04-05,89.87000274658203,89.9000015258789,89.58999633789062,89.69999694824219,43.07493591308594,3658900.0
2012-04-09,89.52999877929688,89.56999969482422,89.13999938964844,89.23999786376953,42.854042053222656,2692500.0
2012-04-10,89.2699966430664,89.43000030517578,88.72000122070312,88.80000305175781,42.64274978637695,4471100.0
2012-04-11,89.23999786376953,89.38999938964844,89.06999969482422,89.33999633789062,42.90206527709961,2003700.0
2012-04-12,89.41999816894531,90.20999908447266,89.33999633789062,90.13999938964844,43.2862548828125,2753500.0
2012-04-13,90.11000061035156,90.1999969482422,89.79000091552734,89.8499984741211,43.146968841552734,2767400.0
2012-04-16,90.04000091552734,90.16999816894533,89.70999908447266,89.98999786376953,43.21422576904297,3804300.0
2012-04-17,90.26000213623048,90.48999786376952,90.1500015258789,90.37999725341795,43.40147399902344,2787400.0
2012-04-18,90.23999786376952,90.45999908447266,90.19000244140624,90.3499984741211,43.38711166381836,3322600.0
2012-04-19,90.31999969482422,90.48999786376952,90.08000183105467,90.18000030517578,43.305458068847656,2597800.0
2012-04-20,90.45999908447266,90.45999908447266,90.11000061035156,90.31999969482422,43.372684478759766,2241500.0
2012-04-23,90.0199966430664,90.16000366210938,89.8499984741211,90.12999725341795,43.28144073486328,2850700.0
2012-04-24,90.2300033569336,90.33999633789062,90.0999984741211,90.33999633789062,43.38230895996094,2049300.0
2012-04-25,90.56999969482422,91.0,90.45999908447266,91.0,43.699214935302734,3351000.0
2012-04-26,91.0,91.13999938964844,90.95999908447266,91.05999755859376,43.72803497314453,2641100.0
2012-04-27,91.13999938964844,91.1500015258789,90.9000015258789,91.0199966430664,43.70881652832031,2413000.0
2012-04-30,91.02999877929688,91.22000122070312,90.8000030517578,91.1999969482422,43.79525375366211,3989000.0
2012-05-01,90.8499984741211,91.16999816894533,90.7300033569336,90.76000213623048,43.82857131958008,3624600.0
2012-05-02,90.66000366210938,91.18000030517578,90.5999984741211,91.11000061035156,43.99760437011719,2040700.0
2012-05-03,91.1999969482422,91.25,90.9499969482422,91.0500030517578,43.96862030029297,1871900.0
2012-05-04,90.94000244140624,91.08000183105467,90.8000030517578,90.87000274658205,43.88170623779297,2381400.0
2012-05-07,90.83999633789062,91.23999786376952,90.61000061035156,91.0199966430664,43.9541130065918,1906100.0
2012-05-08,90.88999938964844,91.06999969482422,90.72000122070312,91.0,43.94447326660156,1688900.0
2012-05-09,90.7699966430664,90.86000061035156,90.44000244140624,90.68000030517578,43.78996276855469,3146800.0
2012-05-10,90.9800033569336,91.02999877929688,90.5199966430664,90.58000183105467,43.741661071777344,3354000.0
2012-05-11,90.54000091552734,91.1500015258789,90.4800033569336,90.80999755859376,43.85271453857422,2765200.0
2012-05-14,90.5,90.56999969482422,90.0,90.13999938964844,43.52918243408203,4544000.0
2012-05-15,90.0999984741211,90.18000030517578,89.69999694824219,89.69999694824219,43.316688537597656,5242100.0
2012-05-16,89.80999755859375,90.05000305175781,88.79000091552734,88.81999969482422,42.891727447509766,6224400.0
2012-05-17,88.81999969482422,88.83000183105469,87.37000274658203,87.58999633789062,42.29777526855469,8867800.0
2012-05-18,88.01000213623047,88.29000091552734,87.4800033569336,87.58999633789062,42.29777526855469,6525600.0
2012-05-21,87.69000244140625,88.55999755859375,87.68000030517578,88.5,42.737213134765625,4276900.0
2012-05-22,88.76000213623047,89.11000061035156,88.37999725341797,88.48999786376953,42.73237228393555,3675300.0
2012-05-23,88.29000091552734,88.68000030517578,87.94999694824219,88.4000015258789,42.68893051147461,4320900.0
2012-05-24,88.25,88.6500015258789,88.25,88.41999816894531,42.69860076904297,2183000.0
2012-05-25,88.56999969482422,88.63999938964844,88.08999633789062,88.13999938964844,42.56337356567383,1651500.0
2012-05-29,88.52999877929688,89.25,88.44999694824219,89.11000061035156,43.031768798828125,4380300.0
2012-05-30,88.7300033569336,88.80999755859375,88.52999877929688,88.70999908447266,42.8386344909668,2543300.0
2012-05-31,88.80000305175781,88.80000305175781,87.75,87.7699966430664,42.384708404541016,10706100.0
2012-06-01,86.58000183105469,87.16000366210938,86.36000061035156,86.47000122070312,42.01640319824219,5945600.0
2012-06-04,86.54000091552734,86.8499984741211,86.43000030517578,86.54000091552734,42.05038070678711,3125700.0
2012-06-05,86.54000091552734,87.37999725341797,86.44999694824219,87.08999633789062,42.31761932373047,2970100.0
2012-06-06,87.48999786376953,88.04000091552734,87.30999755859375,88.0199966430664,42.769527435302734,2334800.0
2012-06-07,88.5,88.73999786376953,88.04000091552734,88.3499984741211,42.929874420166016,5454300.0
2012-06-08,88.33000183105469,88.9000015258789,88.19000244140625,88.69000244140625,43.09508895874024,3738100.0
2012-06-11,88.9000015258789,88.98999786376953,88.0999984741211,88.11000061035156,42.81325149536133,5266700.0
2012-06-12,88.41000366210938,88.81999969482422,88.26000213623047,88.7300033569336,43.114505767822266,3648400.0
2012-06-13,88.5999984741211,88.91999816894531,88.26000213623047,88.47000122070312,42.98820877075195,3527200.0
2012-06-14,88.48999786376953,89.23999786376953,88.43000030517578,89.12999725341797,43.30887985229492,3874100.0
2012-06-15,89.0,89.37999725341797,89.0,89.29000091552734,43.38664627075195,2683200.0
2012-06-18,89.08999633789062,89.33999633789062,89.0,89.31999969482422,43.40120315551758,3628200.0
2012-06-19,89.69000244140625,90.11000061035156,89.33999633789062,89.94999694824219,43.70732879638672,2809100.0
2012-06-20,90.18000030517578,90.33999633789062,89.81999969482422,90.3000030517578,43.87739944458008,3719000.0
2012-06-21,90.4000015258789,90.6999969482422,89.41999816894531,89.55999755859375,43.517852783203125,4843700.0
2012-06-22,89.87000274658203,90.27999877929688,89.8499984741211,90.16999816894533,43.81419372558594,3211700.0
2012-06-25,89.80999755859375,90.05000305175781,89.66999816894531,90.02999877929688,43.746219635009766,3385600.0
2012-06-26,90.11000061035156,90.12000274658205,89.66000366210938,89.9000015258789,43.68303680419922,2357900.0
2012-06-27,90.05999755859375,90.45999908447266,90.05999755859375,90.44000244140624,43.94541931152344,1918000.0
2012-06-28,90.19000244140624,90.48999786376952,90.08000183105467,90.43000030517578,43.94057083129883,3068700.0
2012-06-29,90.9800033569336,91.29000091552734,90.77999877929688,91.29000091552734,44.358428955078125,3394900.0
2012-07-02,90.8000030517578,90.87000274658205,90.4000015258789,90.87000274658205,44.40633392333984,3810700.0
2012-07-03,90.9499969482422,91.26000213623048,90.83000183105467,91.1999969482422,44.5676155090332,1987500.0
2012-07-05,91.0,91.41000366210938,90.72000122070312,91.20999908447266,44.5724983215332,2221300.0
2012-07-06,90.73999786376952,91.12999725341795,90.6999969482422,91.08999633789062,44.513893127441406,2612400.0
2012-07-09,90.98999786376952,91.23999786376952,90.88999938964844,91.12000274658205,44.52851104736328,1916600.0
2012-07-10,91.1999969482422,91.33999633789062,90.5999984741211,90.72000122070312,44.33304977416992,1832600.0
2012-07-11,90.86000061035156,91.08000183105467,90.63999938964844,91.01000213623048,44.47476577758789,3188700.0
2012-07-12,90.93000030517578,90.95999908447266,90.45999908447266,90.80999755859376,44.37701797485352,1989100.0
2012-07-13,90.91000366210938,91.12999725341795,90.76000213623048,91.08999633789062,44.513893127441406,2316400.0
2012-07-16,90.69000244140624,91.02999877929688,90.66000366210938,90.73999786376952,44.34280776977539,2178900.0
2012-07-17,91.0,91.19000244140624,90.69000244140624,91.16999816894533,44.55292892456055,4036500.0
2012-07-18,91.12999725341795,91.5500030517578,91.08999633789062,91.5500030517578,44.73865509033203,3958600.0
2012-07-19,91.51000213623048,91.88999938964844,91.4800033569336,91.77999877929688,44.85104370117188,4718200.0
2012-07-20,91.51000213623048,91.61000061035156,91.2300033569336,91.3499984741211,44.64091110229492,2733500.0
2012-07-23,90.83999633789062,91.29000091552734,90.58000183105467,91.1999969482422,44.5676155090332,4561700.0
2012-07-24,91.12000274658205,91.16000366210938,90.56999969482422,90.63999938964844,44.293941497802734,3447700.0
2012-07-25,90.88999938964844,90.93000030517578,90.44000244140624,90.4499969482422,44.20108795166016,2891000.0
2012-07-26,90.88999938964844,91.41999816894533,90.83000183105467,91.37999725341795,44.655555725097656,4330900.0
2012-07-27,91.37000274658205,91.94000244140624,91.37000274658205,91.91999816894533,44.91942596435547,5556800.0
2012-07-30,91.9000015258789,91.9499969482422,91.6500015258789,91.91999816894533,44.91942596435547,3889700.0
2012-07-31,91.9499969482422,91.98999786376952,91.54000091552734,91.6999969482422,44.81194305419922,3530800.0
2012-08-01,91.41000366210938,91.69000244140624,91.1500015258789,91.69000244140624,45.0551643371582,3598100.0
2012-08-02,91.45999908447266,91.58999633789062,91.1500015258789,91.31999969482422,44.87336349487305,4516600.0
2012-08-03,91.5999984741211,91.9000015258789,91.56999969482422,91.6999969482422,45.06006622314453,4602000.0
2012-08-06,91.6500015258789,91.98999786376952,91.63999938964844,91.63999938964844,45.03061294555664,2864400.0
2012-08-07,91.81999969482422,91.9000015258789,91.36000061035156,91.45999908447266,44.94218826293945,3680600.0
2012-08-08,91.58000183105467,91.70999908447266,91.4800033569336,91.5199966430664,44.97165298461914,3162100.0
2012-08-09,91.62000274658205,91.66000366210938,91.37999725341795,91.52999877929688,44.97654342651367,2975600.0
2012-08-10,91.41999816894533,91.58000183105467,91.30999755859376,91.4499969482422,44.93725204467773,1533600.0
2012-08-13,91.41000366210938,91.5,91.25,91.5,44.9618034362793,2007800.0
2012-08-14,91.5,91.79000091552734,91.47000122070312,91.63999938964844,45.03061294555664,2381000.0
2012-08-15,91.7300033569336,91.7300033569336,91.1999969482422,91.1999969482422,44.81438827514648,2580400.0
2012-08-16,91.33999633789062,91.58000183105467,91.08000183105467,91.54000091552734,44.98147201538086,2914300.0
2012-08-17,91.48999786376952,91.6500015258789,91.38999938964844,91.54000091552734,44.98147201538086,2222000.0
2012-08-20,91.55999755859376,91.6999969482422,91.41000366210938,91.6500015258789,45.03554916381836,2333200.0
2012-08-21,91.7300033569336,91.86000061035156,91.6999969482422,91.8499984741211,45.133819580078125,2531200.0
2012-08-22,91.76000213623048,91.87000274658205,91.68000030517578,91.76000213623048,45.0895881652832,1889100.0
2012-08-23,91.7699966430664,91.8499984741211,91.61000061035156,91.73999786376952,45.07975006103516,1141700.0
2012-08-24,91.7699966430664,92.16000366210938,91.69000244140624,92.1500015258789,45.281246185302734,2082100.0
2012-08-27,92.12000274658205,92.22000122070312,91.91999816894533,92.08000183105467,45.2468376159668,1883600.0
2012-08-28,92.06999969482422,92.1500015258789,91.9499969482422,92.0,45.20753860473633,1795700.0
2012-08-29,92.12999725341795,92.16999816894533,92.0,92.12999725341795,45.27138519287109,1617600.0
2012-08-30,92.08000183105467,92.18000030517578,92.0,92.08999633789062,45.2517204284668,2022400.0
2012-08-31,92.25,92.4000015258789,92.08999633789062,92.33000183105467,45.369659423828125,1801800.0
2012-09-04,91.87000274658205,91.87000274658205,91.55999755859376,91.81999969482422,45.36867141723633,3921500.0
2012-09-05,91.91000366210938,91.91999816894533,91.76000213623048,91.83000183105467,45.37360763549805,1541000.0
2012-09-06,91.86000061035156,92.37999725341795,91.86000061035156,92.37000274658205,45.64045715332031,3306000.0
2012-09-07,92.5,92.5999984741211,92.37000274658205,92.52999877929688,45.71949005126953,3403300.0
2012-09-10,92.4800033569336,92.70999908447266,92.31999969482422,92.37999725341795,45.64537811279297,2138600.0
2012-09-11,92.43000030517578,93.01000213623048,92.43000030517578,93.01000213623048,45.95664978027344,4400300.0
2012-09-12,93.12999725341795,93.30999755859376,93.08000183105467,93.29000091552734,46.09501266479492,1957400.0
2012-09-13,93.33000183105467,93.91000366210938,93.26000213623048,93.88999938964844,46.39146423339844,5946800.0
2012-09-14,93.9000015258789,94.04000091552734,93.70999908447266,93.87999725341795,46.38652801513672,3467200.0
2012-09-17,93.77999877929688,93.9800033569336,93.6999969482422,93.8000030517578,46.34700775146485,3075500.0
2012-09-18,93.83000183105467,93.91999816894533,93.62000274658205,93.83999633789062,46.36676788330078,4099400.0
2012-09-19,93.94000244140624,93.94000244140624,93.72000122070312,93.72000122070312,46.30747604370117,3306500.0
2012-09-20,93.62999725341795,93.63999938964844,93.2699966430664,93.27999877929688,46.09007263183594,2122200.0
2012-09-21,93.47000122070312,93.47000122070312,93.02999877929688,93.1500015258789,46.02582931518555,3121700.0
2012-09-24,93.0199966430664,93.12000274658205,92.94000244140624,93.02999877929688,45.96654510498047,1867200.0
2012-09-25,93.0500030517578,93.0999984741211,92.12999725341795,92.1999969482422,45.5564079284668,5726800.0
2012-09-26,92.18000030517578,92.1999969482422,91.4800033569336,91.73999786376952,45.32914733886719,6554200.0
2012-09-27,92.18000030517578,92.73999786376952,92.0,92.73999786376952,45.82326889038086,3882600.0
2012-09-28,92.66000366210938,92.66999816894533,92.29000091552734,92.3000030517578,45.605838775634766,3668200.0
2012-10-01,92.2699966430664,92.2699966430664,91.5999984741211,91.66000366210938,45.52885055541992,5386700.0
2012-10-02,91.83999633789062,91.97000122070312,91.63999938964844,91.88999938964844,45.64311599731445,3151900.0
2012-10-03,91.97000122070312,92.3499984741211,91.91000366210938,92.12000274658205,45.75734329223633,3201000.0
2012-10-04,92.2300033569336,92.56999969482422,92.18000030517578,92.51000213623048,45.951080322265625,1847200.0
2012-10-05,92.77999877929688,92.79000091552734,92.27999877929688,92.45999908447266,45.92621612548828,2513500.0
2012-10-08,92.26000213623048,92.4000015258789,92.19000244140624,92.33000183105467,45.86164093017578,1143300.0
2012-10-09,92.51000213623048,92.51000213623048,92.0500030517578,92.06999969482422,45.73249435424805,5777300.0
2012-10-10,92.1500015258789,92.20999908447266,91.8000030517578,91.8499984741211,45.62324905395508,5431800.0
2012-10-11,92.1999969482422,92.37000274658205,92.12000274658205,92.3499984741211,45.87158203125,2811000.0
2012-10-12,92.44000244140624,92.76000213623048,92.30999755859376,92.51000213623048,45.951080322265625,3696800.0
2012-10-15,92.76000213623048,92.97000122070312,92.58000183105467,92.93000030517578,46.15967178344727,2378500.0
2012-10-16,93.05999755859376,93.33000183105467,92.94000244140624,93.2699966430664,46.32855224609375,3536300.0
2012-10-17,93.4000015258789,93.55999755859376,93.3000030517578,93.4800033569336,46.43285751342773,2971500.0
2012-10-18,93.3499984741211,93.52999877929688,93.3000030517578,93.43000030517578,46.40802764892578,1676300.0
2012-10-19,93.37000274658205,93.41999816894533,92.87999725341795,92.95999908447266,46.17457580566406,2041200.0
2012-10-22,93.0,93.19000244140624,92.91999816894533,92.9800033569336,46.18452835083008,3021700.0
2012-10-23,92.6999969482422,92.80999755859376,92.5,92.62999725341795,46.01066970825195,3916900.0
2012-10-24,92.83999633789062,92.87000274658205,92.5,92.5500030517578,45.97092056274414,4332900.0
2012-10-25,92.91999816894533,92.95999908447266,92.5999984741211,92.6999969482422,46.0454330444336,2005600.0
2012-10-26,92.7300033569336,92.79000091552734,92.27999877929688,92.4800033569336,45.93619155883789,4591800.0
2012-10-31,92.4800033569336,92.66999816894533,92.44000244140624,92.58999633789062,45.99082946777344,2914100.0
2012-11-01,92.18000030517578,92.62999725341795,92.05999755859376,92.54000091552734,45.96597290039063,2092300.0
2012-11-02,92.66000366210938,92.75,92.38999938964844,92.41000366210938,45.90141677856445,2829300.0
2012-11-05,92.4000015258789,92.58999633789062,92.11000061035156,92.26000213623048,45.82689666748047,3361700.0
2012-11-06,92.43000030517578,92.5199966430664,92.2699966430664,92.4000015258789,45.89643096923828,1409000.0
2012-11-07,92.25,92.2699966430664,91.8000030517578,91.8499984741211,45.62324905395508,3698200.0
2012-11-08,91.95999908447266,92.16000366210938,91.5,91.5500030517578,45.4742431640625,5829400.0
2012-11-09,91.27999877929688,91.68000030517578,91.25,91.38999938964844,45.39473724365234,3953900.0
2012-11-12,91.48999786376952,91.56999969482422,91.31999969482422,91.41999816894533,45.40964889526367,2066000.0
2012-11-13,91.27999877929688,91.37999725341795,91.06999969482422,91.20999908447266,45.30534362792969,4347400.0
2012-11-14,91.45999908447266,91.5,90.63999938964844,90.70999908447266,45.05698013305664,5017500.0
2012-11-15,90.5500030517578,90.91999816894533,90.08999633789062,90.66999816894533,45.03709411621094,6989700.0
2012-11-16,90.76000213623048,91.0,90.52999877929688,90.93000030517578,45.1662712097168,4730200.0
2012-11-19,91.2300033569336,92.12000274658205,91.20999908447266,92.08000183105467,45.73749923706055,9498500.0
2012-11-20,92.08000183105467,92.18000030517578,91.83999633789062,92.08999633789062,45.742431640625,4010400.0
2012-11-21,92.0,92.2300033569336,91.97000122070312,92.05999755859376,45.7275390625,2984700.0
2012-11-23,92.25,92.44000244140624,92.11000061035156,92.37000274658205,45.88154983520508,1041100.0
2012-11-26,92.30999755859376,92.38999938964844,92.01000213623048,92.38999938964844,45.89147186279297,2160700.0
2012-11-27,92.26000213623048,92.56999969482422,92.26000213623048,92.4800033569336,45.93619155883789,4194100.0
2012-11-28,92.41000366210938,92.73999786376952,92.23999786376952,92.5,45.94608688354492,6528000.0
2012-11-29,92.7300033569336,92.9499969482422,92.5999984741211,92.91000366210938,46.14975357055664,3870500.0
2012-11-30,92.9000015258789,93.1500015258789,92.87000274658205,93.0500030517578,46.21929931640625,3276200.0
2012-12-03,92.86000061035156,93.02999877929688,92.66000366210938,93.02999877929688,46.4534797668457,5444400.0
2012-12-04,92.98999786376952,93.16999816894533,92.8499984741211,93.02999877929688,46.4534797668457,3121100.0
2012-12-05,93.2699966430664,93.29000091552734,92.8499984741211,93.18000030517578,46.52840423583984,4580900.0
2012-12-06,93.1500015258789,93.38999938964844,93.1500015258789,93.3499984741211,46.613258361816406,2261500.0
2012-12-07,93.4499969482422,93.5,93.16000366210938,93.20999908447266,46.54335784912109,2294400.0
2012-12-10,93.5,93.5,93.16999816894533,93.29000091552734,46.583309173583984,2140700.0
2012-12-11,93.52999877929688,93.70999908447266,93.3499984741211,93.37999725341795,46.62825012207031,3206300.0
2012-12-12,93.5500030517578,93.8000030517578,93.44000244140624,93.66000366210938,46.76807403564453,3305600.0
2012-12-13,93.5999984741211,93.8000030517578,93.3000030517578,93.33000183105467,46.60329055786133,4898700.0
2012-12-14,93.36000061035156,93.5,93.26000213623048,93.26000213623048,46.56832885742188,2741400.0
2012-12-17,93.31999969482422,93.6999969482422,93.31999969482422,93.62000274658205,46.74811172485352,2195600.0
2012-12-18,93.7699966430664,93.80999755859376,93.58000183105467,93.66999816894533,46.773040771484375,3409800.0
2012-12-19,93.73999786376952,93.73999786376952,93.56999969482422,93.56999969482422,46.72312927246094,2566400.0
2012-12-20,93.5999984741211,93.91000366210938,93.58999633789062,93.9000015258789,46.88789367675781,3191200.0
2012-12-21,93.44000244140624,93.68000030517578,93.44000244140624,93.62999725341795,46.75309371948242,3187900.0
2012-12-24,93.43000030517578,93.5500030517578,93.19000244140624,93.29000091552734,46.583309173583984,1221400.0
2012-12-26,93.0,93.13999938964844,92.79000091552734,93.01000213623048,46.69625854492188,2257200.0
2012-12-27,93.0500030517578,93.1999969482422,92.88999938964844,93.1999969482422,46.79166412353516,2332600.0
2012-12-28,93.01000213623048,93.23999786376952,92.86000061035156,92.9499969482422,46.6661262512207,2426100.0
2012-12-31,92.97000122070312,93.4000015258789,92.93000030517578,93.3499984741211,46.86696243286133,2918500.0
2013-01-02,94.06999969482422,94.2300033569336,93.8000030517578,94.2300033569336,47.30876922607422,3975200.0
2013-01-03,94.08000183105467,94.29000091552734,93.87999725341795,93.94000244140624,47.16318893432617,3950700.0
2013-01-04,93.9800033569336,94.08000183105467,93.83000183105467,94.0,47.19330978393555,2968000.0
2013-01-07,94.0199966430664,94.08999633789062,93.83000183105467,94.08000183105467,47.23347854614258,4137300.0
2013-01-08,94.0999984741211,94.12000274658205,93.93000030517578,94.01000213623048,47.19832229614258,2179100.0
2013-01-09,94.23999786376952,94.23999786376952,94.01000213623048,94.19000244140624,47.28867721557617,2183900.0
2013-01-10,94.33000183105467,94.37999725341795,94.1999969482422,94.3499984741211,47.3690071105957,1684300.0
2013-01-11,94.3000030517578,94.5199966430664,94.20999908447266,94.5199966430664,47.454368591308594,1982600.0
2013-01-14,94.4499969482422,94.47000122070312,94.22000122070312,94.38999938964844,47.38911437988281,2182400.0
2013-01-15,94.22000122070312,94.41999816894533,94.16999816894533,94.41000366210938,47.3991584777832,2136000.0
2013-01-16,94.27999877929688,94.4000015258789,94.16999816894533,94.25,47.318843841552734,3272700.0
2013-01-17,94.41999816894533,94.61000061035156,94.30999755859376,94.58999633789062,47.48951721191406,6058900.0
2013-01-18,94.54000091552734,94.72000122070312,94.4800033569336,94.72000122070312,47.554805755615234,2836800.0
2013-01-22,94.6500015258789,94.87000274658205,94.54000091552734,94.77999877929688,47.58491516113281,2295200.0
2013-01-23,94.70999908447266,94.79000091552734,94.6500015258789,94.66999816894533,47.52968597412109,2227900.0
2013-01-24,94.7699966430664,94.93000030517578,94.69000244140624,94.87999725341795,47.6351318359375,3175400.0
2013-01-25,94.97000122070312,94.97000122070312,94.77999877929688,94.8499984741211,47.62004470825195,2525100.0
2013-01-28,94.7699966430664,94.83999633789062,94.69000244140624,94.8000030517578,47.59494018554688,2331000.0
2013-01-29,94.70999908447266,94.75,94.54000091552734,94.63999938964844,47.514625549316406,1514300.0
2013-01-30,94.4499969482422,94.51000213623048,93.88999938964844,93.95999908447266,47.17322540283203,6595600.0
2013-01-31,93.93000030517578,94.11000061035156,93.62000274658205,93.66999816894533,47.02759552001953,5963700.0
2013-02-01,93.54000091552734,93.76000213623048,93.45999908447266,93.4800033569336,47.18357849121094,5713000.0
2013-02-04,93.29000091552734,93.4000015258789,93.01000213623048,93.08999633789062,46.986724853515625,3878000.0
2013-02-05,93.23999786376952,93.4000015258789,93.1999969482422,93.3000030517578,47.092716217041016,2590900.0
2013-02-06,93.16000366210938,93.29000091552734,93.05999755859376,93.16000366210938,47.02206802368164,2850500.0
2013-02-07,93.11000061035156,93.12999725341795,92.80999755859376,92.9800033569336,46.93123626708984,4071400.0
2013-02-08,92.91999816894533,93.0999984741211,92.91000366210938,93.0,46.94130325317383,3220400.0
2013-02-11,92.88999938964844,93.08000183105467,92.86000061035156,92.98999786376952,46.936279296875,3146100.0
2013-02-12,92.91999816894533,93.36000061035156,92.91000366210938,93.30999755859376,47.09778594970703,3490600.0
2013-02-13,93.41999816894533,93.4800033569336,93.16999816894533,93.4499969482422,47.16843795776367,3672200.0
2013-02-14,93.25,93.5500030517578,93.25,93.41000366210938,47.14825820922852,2731800.0
2013-02-15,93.45999908447266,93.66000366210938,93.26000213623048,93.41999816894533,47.15331268310547,2483000.0
2013-02-19,93.5,93.58999633789062,93.41000366210938,93.51000213623048,47.19874954223633,3074300.0
2013-02-20,93.58000183105467,93.72000122070312,93.4000015258789,93.41999816894533,47.15331268310547,3830300.0
2013-02-21,93.41999816894533,93.58999633789062,93.3000030517578,93.5199966430664,47.20379257202149,7185300.0
2013-02-22,93.62999725341795,93.75,93.51000213623048,93.75,47.31987380981445,3367000.0
2013-02-25,93.77999877929688,93.93000030517578,93.4499969482422,93.45999908447266,47.173526763916016,5259300.0
2013-02-26,93.63999938964844,93.91999816894533,93.47000122070312,93.91999816894533,47.40567779541016,4075600.0
2013-02-27,93.8499984741211,94.1500015258789,93.75,94.08000183105467,47.48644256591797,3681600.0
2013-02-28,94.06999969482422,94.12999725341795,93.94000244140624,94.04000091552734,47.46625518798828,3822000.0
2013-03-01,93.48999786376952,93.98999786376952,93.4800033569336,93.72000122070312,47.560638427734375,4833200.0
2013-03-04,93.6500015258789,93.8000030517578,93.61000061035156,93.7300033569336,47.56570816040039,2222500.0
2013-03-05,93.79000091552734,94.0199966430664,93.79000091552734,93.91999816894533,47.66212463378906,3733400.0
2013-03-06,94.02999877929688,94.05999755859376,93.83999633789062,93.86000061035156,47.631683349609375,2118000.0
2013-03-07,93.9499969482422,94.0,93.9000015258789,94.0,47.70274353027344,2124900.0
2013-03-08,94.16999816894533,94.19000244140624,93.91999816894533,94.11000061035156,47.75856399536133,2464100.0
2013-03-11,94.08000183105467,94.1500015258789,94.0,94.0500030517578,47.72810363769531,2782800.0
2013-03-12,93.98999786376952,94.0999984741211,93.95999908447266,94.01000213623048,47.70780563354492,1526200.0
2013-03-13,94.0999984741211,94.16999816894533,93.9499969482422,94.02999877929688,47.71797561645508,1431200.0
2013-03-14,94.16999816894533,94.38999938964844,94.06999969482422,94.38999938964844,47.90065383911133,2954100.0
2013-03-15,94.25,94.4000015258789,94.1999969482422,94.37999725341795,47.89558792114258,2024300.0
2013-03-18,94.0,94.45999908447266,94.0,94.4000015258789,47.905738830566406,3000600.0
2013-03-19,94.4499969482422,94.52999877929688,94.20999908447266,94.23999786376952,47.82453536987305,3742800.0
2013-03-20,94.33000183105467,94.5999984741211,94.31999969482422,94.5500030517578,47.98182678222656,2553200.0
2013-03-21,94.37000274658205,94.55999755859376,94.22000122070312,94.37999725341795,47.89558792114258,3532400.0
2013-03-22,94.37999725341795,94.45999908447266,94.25,94.30999755859376,47.860050201416016,2201500.0
2013-03-25,94.3000030517578,94.44000244140624,94.1500015258789,94.16999816894533,47.78904342651367,2131700.0
2013-03-26,94.38999938964844,94.4000015258789,94.25,94.33999633789062,47.87528610229492,1169400.0
2013-03-27,94.19000244140624,94.29000091552734,94.16999816894533,94.18000030517578,47.79408645629883,2195100.0
2013-03-28,94.23999786376952,94.37999725341795,94.16000366210938,94.3499984741211,47.88032913208008,1959100.0
2013-04-01,93.83000183105467,94.08999633789062,93.6500015258789,94.02999877929688,47.96605682373047,3823000.0
2013-04-02,93.9499969482422,94.18000030517578,93.91999816894533,93.95999908447266,47.93033218383789,2528700.0
2013-04-03,93.98999786376952,94.0500030517578,93.77999877929688,93.95999908447266,47.93033218383789,2773100.0
2013-04-04,93.91999816894533,94.1500015258789,93.87000274658205,93.93000030517578,47.91504287719727,3040600.0
2013-04-05,93.7699966430664,94.0199966430664,93.68000030517578,94.0199966430664,47.9609260559082,2243800.0
2013-04-08,94.06999969482422,94.1500015258789,93.9499969482422,94.12000274658205,48.01194381713867,2346800.0
2013-04-09,94.1999969482422,94.41999816894533,94.12000274658205,94.41999816894533,48.165000915527344,2985400.0
2013-04-10,94.3499984741211,94.76000213623048,94.3499984741211,94.72000122070312,48.31802368164063,2932600.0
2013-04-11,94.75,94.79000091552734,94.63999938964844,94.72000122070312,48.31802368164063,2676200.0
2013-04-12,94.63999938964844,94.80999755859376,94.5500030517578,94.75,48.333343505859375,2040900.0
2013-04-15,94.75,94.75,94.12999725341795,94.1500015258789,48.02726745605469,3910600.0
2013-04-16,94.41000366210938,94.80999755859376,94.31999969482422,94.8000030517578,48.35884475708008,4138300.0
2013-04-17,94.61000061035156,94.66999816894533,94.4000015258789,94.6500015258789,48.28231430053711,5778600.0
2013-04-18,94.61000061035156,94.66999816894533,94.45999908447266,94.5,48.20580673217773,2476900.0
2013-04-19,94.5999984741211,94.66000366210938,94.43000030517578,94.4499969482422,48.180294036865234,2474800.0
2013-04-22,94.69000244140624,94.88999938964844,94.52999877929688,94.66999816894533,48.29255294799805,3641900.0
2013-04-23,94.7699966430664,95.0500030517578,94.7699966430664,95.04000091552734,48.48124694824219,2217400.0
2013-04-24,95.08999633789062,95.26000213623048,95.01000213623048,95.20999908447266,48.56800079345703,3872600.0
2013-04-25,95.22000122070312,95.5199966430664,95.13999938964844,95.47000122070312,48.70059585571289,2453100.0
2013-04-26,95.45999908447266,95.4800033569336,95.33000183105467,95.37000274658205,48.64958572387695,2679000.0
2013-04-29,95.38999938964844,95.58999633789062,95.37999725341795,95.5500030517578,48.74142074584961,1785300.0
2013-04-30,95.62999725341795,95.8499984741211,95.5500030517578,95.8499984741211,48.89448928833008,2953100.0
2013-05-01,95.33999633789062,95.55999755859376,95.18000030517578,95.1999969482422,48.80116653442383,4812400.0
2013-05-02,95.5,95.83000183105467,95.37000274658205,95.80999755859376,49.11385345458984,3368200.0
2013-05-03,95.97000122070312,96.12999725341795,95.86000061035156,95.95999908447266,49.19073486328125,2407400.0
2013-05-06,95.91999816894533,96.05999755859376,95.87999725341795,96.0199966430664,49.22151184082031,1458700.0
2013-05-07,96.12000274658205,96.1500015258789,95.91999816894533,95.9499969482422,49.18563079833984,2590900.0
2013-05-08,96.0199966430664,96.3000030517578,96.0199966430664,96.29000091552734,49.35993194580078,3801200.0
2013-05-09,96.1999969482422,96.29000091552734,96.0,96.01000213623048,49.21637344360352,1644900.0
2013-05-10,96.0500030517578,96.0500030517578,95.45999908447266,95.51000213623048,48.9600715637207,4654400.0
2013-05-13,95.41000366210938,95.5,95.11000061035156,95.12000274658205,48.760135650634766,2710000.0
2013-05-14,95.1999969482422,95.45999908447266,95.11000061035156,95.22000122070312,48.81142044067383,4473900.0
2013-05-15,95.22000122070312,95.33999633789062,95.08999633789062,95.2300033569336,48.81657409667969,3179800.0
2013-05-16,95.29000091552734,95.63999938964844,95.18000030517578,95.45999908447266,48.93443298339844,6036800.0
2013-05-17,95.5999984741211,95.62999725341795,95.33999633789062,95.45999908447266,48.93443298339844,4313300.0
2013-05-20,95.45999908447266,95.63999938964844,95.36000061035156,95.55999755859376,48.98571014404297,2086200.0
2013-05-21,95.55999755859376,95.77999877929688,95.54000091552734,95.73999786376952,49.07798767089844,4666500.0
2013-05-22,95.72000122070312,95.87999725341795,95.0999984741211,95.1500015258789,48.775535583496094,5243800.0
2013-05-23,95.0,95.0199966430664,94.69000244140624,94.88999938964844,48.64226150512695,3294400.0
2013-05-24,94.75,94.79000091552734,94.66999816894533,94.70999908447266,48.54998016357422,3420400.0
2013-05-28,95.02999877929688,95.02999877929688,94.30999755859376,94.36000061035156,48.37055587768555,3486700.0
2013-05-29,94.04000091552734,94.26000213623048,93.5500030517578,93.9800033569336,48.175758361816406,10958100.0
2013-05-30,94.0,94.36000061035156,93.69000244140624,94.16999816894533,48.27316284179688,5462100.0
2013-05-31,93.97000122070312,94.11000061035156,92.9000015258789,92.91999816894533,47.63241195678711,6809400.0
2013-06-03,92.37999725341795,92.5199966430664,91.8000030517578,92.36000061035156,47.59067916870117,14320900.0
2013-06-04,92.5,93.0500030517578,92.19000244140624,92.36000061035156,47.59067916870117,7927000.0
2013-06-05,92.19000244140624,92.23999786376952,91.44000244140624,91.55999755859376,47.17842864990234,10309200.0
2013-06-06,91.4000015258789,92.58999633789062,91.31999969482422,92.27999877929688,47.54943084716797,11849800.0
2013-06-07,92.44000244140624,92.97000122070312,92.1999969482422,92.33999633789062,47.580352783203125,8879800.0
2013-06-10,92.33999633789062,92.58999633789062,92.08000183105467,92.1500015258789,47.482460021972656,7678000.0
2013-06-11,91.58000183105467,92.23999786376952,91.29000091552734,91.58000183105467,47.18873596191406,9065200.0
2013-06-12,91.93000030517578,92.12000274658205,91.62999725341795,91.6500015258789,47.22481918334961,9193300.0
2013-06-13,91.6500015258789,92.81999969482422,91.6500015258789,92.6999969482422,47.76585006713867,7526400.0
2013-06-14,92.77999877929688,92.94000244140624,92.5500030517578,92.80999755859376,47.82254409790039,3909200.0
2013-06-17,92.93000030517578,93.4499969482422,92.8000030517578,92.8000030517578,47.81739807128906,3830700.0
2013-06-18,92.76000213623048,93.11000061035156,92.76000213623048,93.02999877929688,47.935882568359375,3609700.0
2013-06-19,92.9499969482422,93.2699966430664,91.62000274658205,91.63999938964844,47.21967697143555,7971700.0
2013-06-20,91.08999633789062,91.58000183105467,90.27999877929688,90.73999786376952,46.75592803955078,11094000.0
2013-06-21,91.01000213623048,91.11000061035156,90.12000274658205,90.1500015258789,46.451908111572266,9245400.0
2013-06-24,89.44999694824219,90.0,88.2699966430664,89.04000091552734,45.87997055053711,12116100.0
2013-06-25,89.5,90.30999755859376,89.5,90.30999755859376,46.53432083129883,6233300.0
2013-06-26,90.6999969482422,91.18000030517578,90.56999969482422,91.05999755859376,46.92079544067383,5527200.0
2013-06-27,91.4000015258789,91.94000244140624,91.4000015258789,91.5,47.14753341674805,5578600.0
2013-06-28,91.3000030517578,91.31999969482422,90.47000122070312,90.87999725341795,46.82803726196289,6112000.0
2013-07-01,90.56999969482422,90.98999786376952,90.5,90.88999938964844,47.08189010620117,5213400.0
2013-07-02,90.79000091552734,91.0500030517578,90.3499984741211,90.61000061035156,46.93685150146485,3799800.0
2013-07-03,90.29000091552734,90.86000061035156,90.27999877929688,90.81999969482422,47.04562377929688,1679600.0
2013-07-05,90.38999938964844,90.44000244140624,89.62999725341797,89.8499984741211,46.54314804077149,3312600.0
2013-07-08,90.08999633789062,91.08999633789062,90.0,91.08999633789062,47.18545150756836,5638400.0
2013-07-09,91.0999984741211,91.19000244140624,90.87000274658205,91.13999938964844,47.211387634277344,6127700.0
2013-07-10,91.18000030517578,91.54000091552734,91.08000183105467,91.5,47.39786529541016,6529900.0
2013-07-11,92.18000030517578,92.66999816894533,92.0,92.6500015258789,47.99357986450195,5865400.0
2013-07-12,92.41000366210938,92.66999816894533,92.25,92.55999755859376,47.946964263916016,5788300.0
2013-07-15,92.66999816894533,93.08999633789062,92.55999755859376,92.9499969482422,48.148956298828125,6791500.0
2013-07-16,93.08999633789062,93.08999633789062,92.47000122070312,92.72000122070312,48.02983856201172,3292100.0
2013-07-17,93.02999877929688,93.5199966430664,93.0,93.4000015258789,48.38210678100586,8660500.0
2013-07-18,93.5,94.0,93.44000244140624,93.95999908447266,48.67218399047852,6825000.0
2013-07-19,93.9499969482422,93.97000122070312,93.7699966430664,93.9000015258789,48.64108657836914,2603100.0
2013-07-22,93.93000030517578,94.01000213623048,93.75,93.97000122070312,48.677345275878906,3888200.0
2013-07-23,93.88999938964844,93.9800033569336,93.66999816894533,93.73999786376952,48.5582389831543,2483700.0
2013-07-24,93.54000091552734,93.63999938964844,92.66000366210938,92.9499969482422,48.148956298828125,5249800.0
2013-07-25,92.51000213623048,92.87999725341795,92.44000244140624,92.73999786376952,48.04018020629883,5995400.0
2013-07-26,92.4800033569336,92.77999877929688,92.38999938964844,92.77999877929688,48.06092834472656,4213600.0
2013-07-29,92.5999984741211,92.7300033569336,92.41999816894533,92.58000183105467,47.95732116699219,3850100.0
2013-07-30,92.5199966430664,92.87000274658205,92.5199966430664,92.70999908447266,48.02468490600586,4239400.0
2013-07-31,92.48999786376952,93.01000213623048,92.27999877929688,92.9800033569336,48.16450881958008,4076500.0
2013-08-01,92.41999816894533,92.58999633789062,91.61000061035156,91.6500015258789,47.7080192565918,4616600.0
2013-08-02,91.95999908447266,92.26000213623048,91.80999755859376,92.20999908447266,47.99948501586914,4309400.0
2013-08-05,92.18000030517578,92.18000030517578,91.6999969482422,91.73999786376952,47.754844665527344,2231000.0
2013-08-06,91.93000030517578,91.93000030517578,91.36000061035156,91.6500015258789,47.7080192565918,3398800.0
2013-08-07,91.4499969482422,91.54000091552734,91.29000091552734,91.36000061035156,47.55704498291016,2253300.0
2013-08-08,91.41999816894533,91.58999633789062,91.37999725341795,91.55999755859376,47.66114807128906,2857100.0
2013-08-09,91.43000030517578,91.66999816894533,91.12000274658205,91.56999969482422,47.66636657714844,1765600.0
2013-08-12,91.44000244140624,91.72000122070312,91.41999816894533,91.48999786376952,47.62468719482422,3840800.0
2013-08-13,91.4800033569336,91.56999969482422,91.3000030517578,91.48999786376952,47.62468719482422,2290500.0
2013-08-14,91.43000030517578,91.48999786376952,91.26000213623048,91.30999755859376,47.531005859375,4605800.0
2013-08-15,91.0,91.08999633789062,90.75,90.83999633789062,47.28635787963867,6446100.0
2013-08-16,90.97000122070312,91.0999984741211,90.41999816894533,90.52999877929688,47.12499237060547,6922400.0
2013-08-19,90.56999969482422,90.62999725341795,89.80000305175781,89.93000030517578,46.81265258789063,6536300.0
2013-08-20,90.3000030517578,90.86000061035156,90.27999877929688,90.76000213623048,47.244754791259766,4208300.0
2013-08-21,90.66999816894533,90.77999877929688,90.37000274658205,90.43000030517578,47.07294464111328,3098100.0
2013-08-22,90.56999969482422,90.91999816894533,90.48999786376952,90.91999816894533,47.3280143737793,4049900.0
2013-08-23,90.9000015258789,91.36000061035156,90.8499984741211,91.3000030517578,47.52580642700195,3370400.0
2013-08-26,91.31999969482422,91.38999938964844,91.12999725341795,91.30999755859376,47.531005859375,2365400.0
2013-08-27,91.0500030517578,91.12999725341795,90.70999908447266,90.72000122070312,47.223876953125,3578500.0
2013-08-28,90.76000213623048,91.08999633789062,90.66000366210938,91.05999755859376,47.40087890625,3860600.0
2013-08-29,90.91000366210938,91.5,90.81999969482422,91.43000030517578,47.59347534179688,4012900.0
2013-08-30,91.47000122070312,91.58999633789062,91.19000244140624,91.3499984741211,47.55184555053711,2486900.0
2013-09-03,90.94000244140624,91.18000030517578,90.30999755859376,90.38999938964844,47.3006706237793,9986800.0
2013-09-04,90.52999877929688,90.83999633789062,90.51000213623048,90.7300033569336,47.47858047485352,3507400.0
2013-09-05,90.56999969482422,90.6500015258789,90.2699966430664,90.2699966430664,47.23785781860352,3622300.0
2013-09-06,90.79000091552734,91.0999984741211,90.41999816894533,90.56999969482422,47.39484786987305,4713800.0
2013-09-09,90.7300033569336,91.0,90.70999908447266,90.8000030517578,47.51520919799805,4227400.0
2013-09-10,90.87999725341795,91.12999725341795,90.87000274658205,91.12000274658205,47.68266677856445,5287100.0
2013-09-11,90.98999786376952,91.26000213623048,90.9000015258789,91.23999786376952,47.74544525146485,3514200.0
2013-09-12,91.19000244140624,91.30999755859376,91.0999984741211,91.12999725341795,47.68789291381836,3594500.0
2013-09-13,91.23999786376952,91.31999969482422,90.9800033569336,91.05999755859376,47.65125274658203,2789300.0
2013-09-16,91.70999908447266,91.80999755859376,91.4499969482422,91.55999755859376,47.91292572021485,4331300.0
2013-09-17,91.66999816894533,91.9800033569336,91.61000061035156,91.86000061035156,48.06991195678711,5978600.0
2013-09-18,91.83999633789062,92.87999725341795,91.70999908447266,92.73999786376952,48.530399322509766,7476300.0
2013-09-19,92.98999786376952,92.98999786376952,92.4000015258789,92.47000122070312,48.38909530639648,5821100.0
2013-09-20,92.44000244140624,92.48999786376952,92.27999877929688,92.36000061035156,48.33155822753906,4033900.0
2013-09-23,92.3499984741211,92.45999908447266,92.22000122070312,92.3499984741211,48.3262939453125,6564600.0
2013-09-24,92.2699966430664,92.41000366210938,92.05999755859376,92.1500015258789,48.2216796875,7947700.0
2013-09-25,92.13999938964844,92.26000213623048,91.9499969482422,91.98999786376952,48.13793182373047,3535700.0
2013-09-26,92.11000061035156,92.12999725341795,91.7699966430664,91.94000244140624,48.11177444458008,4751200.0
2013-09-27,91.87000274658205,91.94000244140624,91.61000061035156,91.83999633789062,48.0594482421875,6779700.0
2013-09-30,91.58999633789062,91.9499969482422,91.5,91.58000183105467,47.9233627319336,6248900.0
2013-10-01,91.16000366210938,91.5500030517578,91.05999755859376,91.52999877929688,48.13107299804688,5743900.0
2013-10-02,91.45999908447266,91.56999969482422,91.25,91.56999969482422,48.15213394165039,2765700.0
2013-10-03,91.6500015258789,91.69000244140624,91.43000030517578,91.62999725341795,48.183685302734375,3169700.0
2013-10-04,91.5999984741211,91.87000274658205,91.54000091552734,91.79000091552734,48.2678108215332,2048300.0
2013-10-07,91.45999908447266,91.76000213623048,91.45999908447266,91.5500030517578,48.1416130065918,2391700.0
2013-10-08,91.75,91.86000061035156,91.48999786376952,91.51000213623048,48.12055206298828,2944700.0
2013-10-09,91.77999877929688,91.77999877929688,91.51000213623048,91.58999633789062,48.16264343261719,2973700.0
2013-10-10,91.81999969482422,92.0999984741211,91.81999969482422,92.01000213623048,48.38349533081055,2899500.0
2013-10-11,92.16000366210938,92.23999786376952,92.01000213623048,92.18000030517578,48.47288513183594,3293900.0
2013-10-14,92.0,92.41000366210938,92.0,92.31999969482422,48.546512603759766,1003900.0
2013-10-15,92.4000015258789,92.4000015258789,92.0500030517578,92.29000091552734,48.53074645996094,2310100.0
2013-10-16,92.33000183105467,92.79000091552734,92.31999969482422,92.77999877929688,48.788387298583984,6949700.0
2013-10-17,92.75,93.25,92.7300033569336,93.2300033569336,49.02504348754883,7277900.0
2013-10-18,93.27999877929688,93.5,93.25,93.41999816894533,49.124942779541016,2873800.0
2013-10-21,93.4499969482422,93.45999908447266,93.20999908447266,93.20999908447266,49.01448822021485,2471400.0
2013-10-22,93.37999725341795,93.61000061035156,93.36000061035156,93.48999786376952,49.161739349365234,5488400.0
2013-10-23,93.56999969482422,93.58999633789062,93.31999969482422,93.56999969482422,49.20382690429688,2434200.0
2013-10-24,93.5999984741211,93.69000244140624,93.45999908447266,93.5999984741211,49.21958923339844,2284400.0
2013-10-25,93.63999938964844,93.6999969482422,93.5500030517578,93.62999725341795,49.23537063598633,2026000.0
2013-10-28,93.6500015258789,93.6999969482422,93.58000183105467,93.61000061035156,49.22486114501953,1697900.0
2013-10-29,93.58999633789062,93.79000091552734,93.56999969482422,93.76000213623048,49.3037223815918,1864600.0
2013-10-30,93.76000213623048,93.83000183105467,93.30999755859376,93.37999725341795,49.10389709472656,3691100.0
2013-10-31,93.44000244140624,93.54000091552734,93.22000122070312,93.43000030517578,49.13019180297852,5846500.0
2013-11-01,93.0,93.26000213623048,92.8000030517578,92.81999969482422,49.0456657409668,7882000.0
2013-11-04,93.08000183105467,93.08000183105467,92.93000030517578,92.9800033569336,49.130184173583984,2025500.0
2013-11-05,92.91999816894533,92.91999816894533,92.7300033569336,92.7300033569336,48.99809646606445,2770300.0
2013-11-06,92.88999938964844,93.01000213623048,92.81999969482422,93.0,49.14078521728516,4936700.0
2013-11-07,93.0999984741211,93.13999938964844,92.91999816894533,93.05999755859376,49.17247772216797,4802700.0
2013-11-08,92.69000244140624,92.95999908447266,92.66000366210938,92.9000015258789,49.08793258666992,4191100.0
2013-11-11,92.94000244140624,92.94000244140624,92.52999877929688,92.5500030517578,48.90299606323242,1607600.0
2013-11-12,92.55999755859376,92.58999633789062,92.37000274658205,92.41999816894533,48.83430099487305,2148900.0
2013-11-13,92.37000274658205,92.77999877929688,92.31999969482422,92.7699966430664,49.01920318603516,2795100.0
2013-11-14,92.75,93.0500030517578,92.6500015258789,93.04000091552734,49.16189956665039,4216800.0
2013-11-15,93.05999755859376,93.18000030517578,92.95999908447266,93.18000030517578,49.235870361328125,2990600.0
2013-11-18,93.2300033569336,93.25,92.83000183105467,92.91000366210938,49.09324645996094,3694600.0
2013-11-19,92.87999725341795,93.01000213623048,92.79000091552734,92.87000274658205,49.072078704833984,1415800.0
2013-11-20,92.83000183105467,93.06999969482422,92.66999816894533,92.77999877929688,49.024513244628906,2470600.0
2013-11-21,92.83000183105467,93.0999984741211,92.76000213623048,93.0999984741211,49.193603515625,1895800.0
2013-11-22,93.05999755859376,93.1999969482422,92.98999786376952,93.16999816894533,49.230567932128906,1649200.0
2013-11-25,93.1999969482422,93.33999633789062,93.05999755859376,93.30999755859376,49.3045539855957,2813900.0
2013-11-26,93.22000122070312,93.43000030517578,93.1500015258789,93.37999725341795,49.341552734375,2835300.0
2013-11-27,93.63999938964844,93.63999938964844,93.3000030517578,93.31999969482422,49.309844970703125,1845300.0
2013-11-29,93.33000183105467,93.4499969482422,93.30999755859376,93.41999816894533,49.362701416015625,958700.0
2013-12-02,92.88999938964844,93.02999877929688,92.8499984741211,93.0,49.37860870361328,5748100.0
2013-12-03,92.86000061035156,93.0,92.76000213623048,92.91000366210938,49.33083724975586,2710300.0
2013-12-04,92.75,92.87000274658205,92.54000091552734,92.66999816894533,49.20339584350586,3076100.0
2013-12-05,92.66999816894533,92.76000213623048,92.54000091552734,92.5999984741211,49.16623306274414,5354700.0
2013-12-06,92.83000183105467,92.9800033569336,92.6500015258789,92.86000061035156,49.304290771484375,2487900.0
2013-12-09,93.0500030517578,93.25,92.9000015258789,93.1999969482422,49.484825134277344,4313000.0
2013-12-10,93.1999969482422,93.23999786376952,93.08999633789062,93.1999969482422,49.484825134277344,1473200.0
2013-12-11,93.1999969482422,93.1999969482422,92.79000091552734,92.91999816894533,49.33616638183594,3586600.0
2013-12-12,92.93000030517578,93.01000213623048,92.75,92.75,49.24591064453125,4268800.0
2013-12-13,92.86000061035156,92.97000122070312,92.79000091552734,92.9000015258789,49.32552719116211,3523200.0
2013-12-16,92.87000274658205,93.04000091552734,92.87000274658205,92.9800033569336,49.36800003051758,3108500.0
2013-12-17,93.08000183105467,93.08000183105467,92.87999725341795,92.98999786376952,49.373291015625,2799900.0
2013-12-18,93.0,93.27999877929688,92.75,93.1500015258789,49.45827102661133,4893500.0
2013-12-19,93.0,93.08999633789062,92.91000366210938,93.0500030517578,49.40517044067383,5775500.0
2013-12-20,93.0500030517578,93.11000061035156,92.93000030517578,93.11000061035156,49.437049865722656,12743900.0
2013-12-23,93.08999633789062,93.33000183105467,93.01000213623048,93.18000030517578,49.474212646484375,5525100.0
2013-12-24,93.0999984741211,93.20999908447266,93.0999984741211,93.12999725341795,49.4476432800293,1281600.0
2013-12-26,92.61000061035156,92.7699966430664,92.61000061035156,92.75,49.49407958984375,1577400.0
2013-12-27,92.77999877929688,92.77999877929688,92.6500015258789,92.73999786376952,49.488746643066406,1357300.0
2013-12-30,92.7699966430664,92.87000274658205,92.66999816894533,92.81999969482422,49.53144073486328,1888600.0
2013-12-31,92.8499984741211,92.95999908447266,92.7699966430664,92.87999725341795,49.56343078613281,2413400.0
2014-01-02,92.86000061035156,93.0500030517578,92.70999908447266,93.04000091552734,49.6488151550293,7412500.0
2014-01-03,92.98999786376952,93.11000061035156,92.94000244140624,93.01000213623048,49.6328239440918,1903300.0
2014-01-06,93.1500015258789,93.2300033569336,93.05999755859376,93.20999908447266,49.73953628540039,2622700.0
2014-01-07,93.2300033569336,93.30999755859376,93.16000366210938,93.20999908447266,49.73953628540039,3953000.0
2014-01-08,93.20999908447266,93.29000091552734,93.12000274658205,93.1500015258789,49.70751953125,4540500.0
2014-01-09,93.25,93.3000030517578,93.19000244140624,93.29000091552734,49.78223037719727,3036600.0
2014-01-10,93.41000366210938,93.56999969482422,93.3499984741211,93.56999969482422,49.931671142578125,2423900.0
2014-01-13,93.5500030517578,93.61000061035156,93.41000366210938,93.47000122070312,49.878299713134766,4716600.0
2014-01-14,93.4800033569336,93.68000030517578,93.4800033569336,93.61000061035156,49.953006744384766,2636100.0
2014-01-15,93.6999969482422,93.8000030517578,93.61000061035156,93.8000030517578,50.05438232421875,1797400.0
2014-01-16,93.79000091552734,93.83000183105467,93.7300033569336,93.76000213623048,50.03303909301758,1269800.0
2014-01-17,93.83000183105467,93.88999938964844,93.72000122070312,93.77999877929688,50.043678283691406,2192300.0
2014-01-21,93.9000015258789,93.9499969482422,93.81999969482422,93.9000015258789,50.10776519775391,2056000.0
2014-01-22,93.93000030517578,93.94000244140624,93.7300033569336,93.76000213623048,50.03303909301758,3235400.0
2014-01-23,93.77999877929688,93.80999755859376,93.58000183105467,93.63999938964844,49.96901321411133,4989500.0
2014-01-24,93.45999908447266,93.47000122070312,92.98999786376952,93.0199966430664,49.63814926147461,7575400.0
2014-01-27,93.1500015258789,93.22000122070312,92.9499969482422,92.98999786376952,49.62214279174805,5482900.0
2014-01-28,93.11000061035156,93.4800033569336,93.04000091552734,93.4000015258789,49.840938568115234,5393600.0
2014-01-29,93.25,93.26000213623048,93.0999984741211,93.12000274658205,49.691505432128906,5781700.0
2014-01-30,93.3000030517578,93.43000030517578,93.20999908447266,93.27999877929688,49.77694320678711,3940200.0
2014-01-31,93.12999725341795,93.37000274658205,93.12000274658205,93.25,49.76085662841797,7756900.0
2014-02-03,93.0199966430664,93.0199966430664,92.3000030517578,92.51000213623048,49.61178207397461,16150600.0
2014-02-04,92.75,92.8000030517578,92.58000183105467,92.62000274658205,49.67079162597656,5246900.0
2014-02-05,92.62000274658205,92.6999969482422,92.52999877929688,92.62000274658205,49.67079162597656,3893000.0
2014-02-06,92.77999877929688,92.97000122070312,92.66000366210938,92.9499969482422,49.8477668762207,3426100.0
2014-02-07,93.05999755859376,93.41999816894533,93.05999755859376,93.41999816894533,50.09981155395508,5193300.0
2014-02-10,93.41999816894533,93.54000091552734,93.30999755859376,93.4800033569336,50.13198471069336,5199700.0
2014-02-11,93.52999877929688,93.75,93.44000244140624,93.63999938964844,50.2177963256836,3950800.0
2014-02-12,93.66999816894533,93.72000122070312,93.45999908447266,93.48999786376952,50.13736724853516,2432100.0
2014-02-13,93.44000244140624,93.77999877929688,93.44000244140624,93.76000213623048,50.282135009765625,3078400.0
2014-02-14,93.6999969482422,93.9499969482422,93.69000244140624,93.91000366210938,50.36259841918945,2158700.0
2014-02-18,93.81999969482422,94.08999633789062,93.81999969482422,94.04000091552734,50.43232345581055,3734700.0
2014-02-19,94.11000061035156,94.19000244140624,93.77999877929688,93.8000030517578,50.30360794067383,7273600.0
2014-02-20,93.88999938964844,94.08999633789062,93.87000274658205,94.08999633789062,50.4591064453125,3756900.0
2014-02-21,94.0999984741211,94.2300033569336,94.0999984741211,94.16999816894533,50.50202560424805,2574600.0
2014-02-24,94.25,94.44000244140624,94.25,94.37999725341795,50.61465072631836,3531600.0
2014-02-25,94.4000015258789,94.5199966430664,94.37999725341795,94.48999786376952,50.67365264892578,2979500.0
2014-02-26,94.56999969482422,94.6500015258789,94.5,94.6500015258789,50.75944519042969,2722100.0
2014-02-27,94.6500015258789,94.83999633789062,94.6500015258789,94.83000183105467,50.85599899291992,4377300.0
2014-02-28,94.81999969482422,95.0199966430664,94.72000122070312,94.93000030517578,50.90961456298828,3919300.0
2014-03-03,94.37000274658205,94.5,94.11000061035156,94.37999725341795,50.862735748291016,9488700.0
2014-03-04,94.61000061035156,94.75,94.4800033569336,94.72000122070312,51.04596710205078,9313600.0
2014-03-05,94.69000244140624,94.6999969482422,94.5,94.5500030517578,50.954349517822266,4531600.0
2014-03-06,94.62999725341795,94.66999816894533,94.37000274658205,94.41000366210938,50.87890625,4075500.0
2014-03-07,94.30999755859376,94.37999725341795,94.01000213623048,94.0500030517578,50.68487930297852,4552000.0
2014-03-10,94.04000091552734,94.08999633789062,93.91999816894533,94.05999755859376,50.69025802612305,1908200.0
2014-03-11,94.13999938964844,94.16000366210938,93.94000244140624,93.95999908447266,50.63637924194336,1618500.0
2014-03-12,93.9800033569336,94.13999938964844,93.97000122070312,94.12000274658205,50.72262191772461,2595000.0
2014-03-13,94.18000030517578,94.18000030517578,93.83000183105467,93.87000274658205,50.58788299560547,4829700.0
2014-03-14,93.88999938964844,94.01000213623048,93.73999786376952,93.8000030517578,50.55014419555664,4088200.0
2014-03-17,93.91000366210938,94.01000213623048,93.8499984741211,93.93000030517578,50.62022399902344,2943100.0
2014-03-18,94.02999877929688,94.2300033569336,93.93000030517578,94.20999908447266,50.77111053466797,2903500.0
2014-03-19,94.19000244140624,94.29000091552734,93.54000091552734,93.7300033569336,50.51243591308594,9983600.0
2014-03-20,93.9000015258789,94.06999969482422,93.66999816894533,94.0500030517578,50.68487930297852,4872300.0
2014-03-21,94.01000213623048,94.16000366210938,93.95999908447266,93.98999786376952,50.65254211425781,6106500.0
2014-03-24,94.1999969482422,94.1999969482422,93.95999908447266,94.0199966430664,50.668678283691406,5986100.0
2014-03-25,94.08999633789062,94.29000091552734,94.08999633789062,94.20999908447266,50.77111053466797,3468800.0
2014-03-26,94.3499984741211,94.3499984741211,94.16000366210938,94.2300033569336,50.78189086914063,3887200.0
2014-03-27,94.16999816894533,94.23999786376952,94.06999969482422,94.08999633789062,50.70644378662109,2255400.0
2014-03-28,94.2300033569336,94.3499984741211,94.16999816894533,94.25,50.79265594482422,2732600.0
2014-03-31,94.4499969482422,94.48999786376952,94.33999633789062,94.38999938964844,50.86813354492188,2641400.0
2014-04-01,94.0500030517578,94.12000274658205,93.97000122070312,94.12000274658205,50.96289443969727,4514900.0
2014-04-02,94.13999938964844,94.13999938964844,93.9800033569336,94.0199966430664,50.908729553222656,2285900.0
2014-04-03,94.0999984741211,94.1500015258789,94.04000091552734,94.05999755859376,50.930397033691406,2812400.0
2014-04-04,94.18000030517578,94.36000061035156,94.1500015258789,94.27999877929688,51.04949951171875,4555000.0
2014-04-07,94.2699966430664,94.3000030517578,94.06999969482422,94.08000183105467,50.94121551513672,1520900.0
2014-04-08,94.1500015258789,94.3000030517578,94.08000183105467,94.3000030517578,51.06033706665039,2804400.0
2014-04-09,94.3000030517578,94.45999908447266,94.1999969482422,94.4499969482422,51.14157104492188,4383400.0
2014-04-10,94.5,94.5,94.18000030517578,94.18000030517578,50.99537658691406,3226900.0
2014-04-11,94.22000122070312,94.22000122070312,93.7699966430664,93.77999877929688,50.77878189086914,7228500.0
2014-04-14,93.83999633789062,94.13999938964844,93.83999633789062,94.08000183105467,50.94121551513672,3355800.0
2014-04-15,94.22000122070312,94.22000122070312,94.0,94.18000030517578,50.99537658691406,3104900.0
2014-04-16,94.22000122070312,94.25,94.0999984741211,94.2300033569336,51.02245330810547,3450100.0
2014-04-17,94.18000030517578,94.25,94.0999984741211,94.12000274658205,50.96289443969727,2443800.0
2014-04-21,94.23999786376952,94.27999877929688,94.0999984741211,94.12000274658205,50.96289443969727,1682200.0
2014-04-22,94.25,94.2699966430664,94.12000274658205,94.22000122070312,51.01703643798828,2442800.0
2014-04-23,94.23999786376952,94.44000244140624,94.1999969482422,94.25,51.03326034545898,1591300.0
2014-04-24,94.25,94.4000015258789,94.1500015258789,94.2699966430664,51.04408264160156,1021700.0
2014-04-25,94.30999755859376,94.31999969482422,94.16000366210938,94.23999786376952,51.02783584594727,1195400.0
2014-04-28,94.26000213623048,94.3000030517578,94.12999725341795,94.22000122070312,51.01703643798828,1903900.0
2014-04-29,94.36000061035156,94.37999725341795,94.19000244140624,94.36000061035156,51.0927848815918,1775300.0
2014-04-30,94.36000061035156,94.41999816894533,94.1999969482422,94.33999633789062,51.08199691772461,4393100.0
2014-05-01,94.01000213623048,94.0500030517578,93.81999969482422,93.81999969482422,51.02923202514648,7322200.0
2014-05-02,94.04000091552734,94.04000091552734,93.83000183105467,94.04000091552734,51.14889526367188,2146000.0
2014-05-05,93.7699966430664,94.08000183105467,93.75,94.0,51.127140045166016,3541300.0
2014-05-06,94.1500015258789,94.1500015258789,93.9800033569336,94.0199966430664,51.137996673583984,2567800.0
2014-05-07,94.08999633789062,94.26000213623048,94.0500030517578,94.16000366210938,51.21414566040039,1578600.0
2014-05-08,94.2699966430664,94.30999755859376,94.08999633789062,94.13999938964844,51.20329284667969,4522400.0
2014-05-09,94.16000366210938,94.3000030517578,94.13999938964844,94.2300033569336,51.252220153808594,1736600.0
2014-05-12,94.37999725341795,94.37999725341795,94.22000122070312,94.33000183105467,51.30661392211914,1123000.0
2014-05-13,94.2699966430664,94.62000274658205,94.25,94.4800033569336,51.38819885253906,1933600.0
2014-05-14,94.4000015258789,94.58999633789062,94.38999938964844,94.52999877929688,51.4153938293457,1721400.0
2014-05-15,94.5999984741211,94.5999984741211,94.33999633789062,94.44000244140624,51.36643981933594,4240700.0
2014-05-16,94.5,94.6500015258789,94.37999725341795,94.62999725341795,51.46981048583984,3185000.0
2014-05-19,94.5999984741211,94.8499984741211,94.51000213623048,94.7699966430664,51.54596328735352,7351000.0
2014-05-20,94.7699966430664,94.77999877929688,94.63999938964844,94.6500015258789,51.480712890625,4217800.0
2014-05-21,94.7300033569336,94.7699966430664,94.5,94.63999938964844,51.475242614746094,2925900.0
2014-05-22,94.66000366210938,94.7300033569336,94.58999633789062,94.70999908447266,51.5133056640625,1950900.0
2014-05-23,94.66000366210938,94.83999633789062,94.66000366210938,94.73999786376952,51.52962493896485,2289100.0
2014-05-27,94.7699966430664,94.8499984741211,94.72000122070312,94.83000183105467,51.57856369018555,4384700.0
2014-05-28,94.8499984741211,94.9000015258789,94.80999755859376,94.86000061035156,51.59488296508789,3904400.0
2014-05-29,94.9000015258789,95.0,94.83999633789062,94.9499969482422,51.64385986328125,4734800.0
2014-05-30,94.9800033569336,95.06999969482422,94.93000030517578,95.0500030517578,51.69827651977539,4445800.0
2014-06-02,94.75,94.75,94.30999755859376,94.31999969482422,51.53379440307617,5722500.0
2014-06-03,94.41000366210938,94.43000030517578,94.30999755859376,94.33000183105467,51.53925704956055,2978300.0
2014-06-04,94.30999755859376,94.4000015258789,94.26000213623048,94.33000183105467,51.53925704956055,2527200.0
2014-06-05,94.41999816894533,94.58999633789062,94.33000183105467,94.55999755859376,51.66493606567383,2034100.0
2014-06-06,94.5999984741211,94.91000366210938,94.58999633789062,94.83000183105467,51.81242370605469,3059100.0
2014-06-09,94.97000122070312,94.9800033569336,94.77999877929688,94.94000244140624,51.87252426147461,2906800.0
2014-06-10,94.76000213623048,95.0,94.76000213623048,94.88999938964844,51.84519577026367,2091000.0
2014-06-11,94.87999725341795,94.91999816894533,94.77999877929688,94.9000015258789,51.850677490234375,1699500.0
2014-06-12,94.80999755859376,94.93000030517578,94.80999755859376,94.83999633789062,51.8178825378418,1354000.0
2014-06-13,94.9800033569336,94.9800033569336,94.83000183105467,94.9499969482422,51.878021240234375,1276500.0
2014-06-16,94.91999816894533,95.0,94.88999938964844,94.9000015258789,51.850677490234375,1869500.0
2014-06-17,94.88999938964844,95.0,94.77999877929688,94.83000183105467,51.81242370605469,7251700.0
2014-06-18,94.83999633789062,95.30999755859376,94.83999633789062,95.26000213623048,52.0473518371582,4284800.0
2014-06-19,95.2699966430664,95.30999755859376,95.1500015258789,95.23999786376952,52.03643798828125,2882500.0
2014-06-20,95.26000213623048,95.4000015258789,95.23999786376952,95.33000183105467,52.08562850952149,2372300.0
2014-06-23,95.33999633789062,95.43000030517578,95.29000091552734,95.31999969482422,52.08015060424805,1551000.0
2014-06-24,95.2699966430664,95.41000366210938,95.23999786376952,95.23999786376952,52.03643798828125,1839300.0
2014-06-25,95.3000030517578,95.4000015258789,95.25,95.37999725341795,52.112911224365234,2385000.0
2014-06-26,95.33999633789062,95.38999938964844,95.1999969482422,95.27999877929688,52.05829620361328,1806400.0
2014-06-27,95.30999755859376,95.33000183105467,95.19000244140624,95.27999877929688,52.05829620361328,1702700.0
2014-06-30,95.11000061035156,95.31999969482422,95.11000061035156,95.1999969482422,52.014591217041016,2647600.0
2014-07-01,94.93000030517578,95.02999877929688,94.77999877929688,94.80999755859376,52.02830505371094,3472700.0
2014-07-02,94.87000274658205,95.0,94.80999755859376,94.87000274658205,52.06122970581055,2819400.0
2014-07-03,94.86000061035156,94.91000366210938,94.6999969482422,94.7300033569336,51.98441696166992,2776100.0
2014-07-07,94.6999969482422,94.8000030517578,94.6500015258789,94.66000366210938,51.94597244262695,1941300.0
2014-07-08,94.73999786376952,94.77999877929688,94.66000366210938,94.68000030517578,51.956939697265625,2035300.0
2014-07-09,94.75,94.8000030517578,94.58000183105467,94.61000061035156,51.91856384277344,3945400.0
2014-07-10,94.54000091552734,94.54000091552734,94.29000091552734,94.31999969482422,51.759403228759766,6011600.0
2014-07-11,94.33000183105467,94.52999877929688,94.33000183105467,94.4800033569336,51.84720993041992,2071400.0
2014-07-14,94.8000030517578,94.8000030517578,94.44000244140624,94.4499969482422,51.83073425292969,2632700.0
2014-07-15,94.45999908447266,94.51000213623048,94.29000091552734,94.3000030517578,51.74845886230469,2888400.0
2014-07-16,94.41000366210938,94.41000366210938,94.12999725341795,94.1500015258789,51.66611099243164,4264900.0
2014-07-17,94.11000061035156,94.13999938964844,93.4800033569336,93.48999786376952,51.30391311645508,5767800.0
2014-07-18,93.7699966430664,93.9800033569336,93.6500015258789,93.87999725341795,51.51795196533203,1994800.0
2014-07-21,93.8499984741211,93.87999725341795,93.62999725341795,93.72000122070312,51.43016052246094,3111700.0
2014-07-22,93.7699966430664,94.0,93.76000213623048,93.8499984741211,51.5014762878418,3707100.0
2014-07-23,93.95999908447266,94.08000183105467,93.93000030517578,94.02999877929688,51.600284576416016,1995900.0
2014-07-24,94.06999969482422,94.29000091552734,93.98999786376952,94.1999969482422,51.69355010986328,3089100.0
2014-07-25,94.18000030517578,94.2300033569336,94.01000213623048,94.04000091552734,51.60578536987305,3072300.0
2014-07-28,94.01000213623048,94.04000091552734,93.73999786376952,93.76000213623048,51.45209884643555,5355100.0
2014-07-29,93.81999969482422,94.0,93.61000061035156,93.62999725341795,51.38075256347656,3877100.0
2014-07-30,93.7300033569336,93.7699966430664,93.0999984741211,93.23999786376952,51.166725158691406,5415100.0
2014-07-31,92.83000183105467,92.97000122070312,92.44000244140624,92.4800033569336,50.74970245361328,7460000.0
2014-08-01,92.05999755859376,92.3499984741211,91.31999969482422,92.04000091552734,50.744728088378906,10942000.0
2014-08-04,92.05999755859376,92.62999725341795,92.02999877929688,92.5999984741211,51.05347442626953,7020400.0
2014-08-05,92.61000061035156,92.62999725341795,92.27999877929688,92.41999816894533,50.954219818115234,3612500.0
2014-08-06,92.37999725341795,92.7300033569336,92.3499984741211,92.63999938964844,51.07552337646485,4167700.0
2014-08-07,92.69000244140624,92.9499969482422,92.66999816894533,92.6999969482422,51.10860824584961,3833900.0
2014-08-08,92.5,93.05999755859376,92.5,92.98999786376952,51.26850128173828,3426300.0
2014-08-11,93.12000274658205,93.48999786376952,92.98999786376952,93.43000030517578,51.51107025146485,6908300.0
2014-08-12,93.47000122070312,93.55999755859376,93.31999969482422,93.41000366210938,51.50005340576172,4231700.0
2014-08-13,93.6500015258789,93.6999969482422,93.45999908447266,93.68000030517578,51.64890670776367,4960200.0
2014-08-14,93.72000122070312,93.95999908447266,93.70999908447266,93.86000061035156,51.74810409545898,4246600.0
2014-08-15,94.0199966430664,94.11000061035156,93.87000274658205,94.0500030517578,51.85292434692383,6051300.0
2014-08-18,94.06999969482422,94.33999633789062,94.01000213623048,94.31999969482422,52.00175857543945,5112800.0
2014-08-19,94.37000274658205,94.37999725341795,94.23999786376952,94.29000091552734,51.98522186279297,2747200.0
2014-08-20,94.31999969482422,94.4800033569336,94.16999816894533,94.36000061035156,52.0238037109375,2470000.0
2014-08-21,94.36000061035156,94.45999908447266,94.33999633789062,94.36000061035156,52.0238037109375,1869100.0
2014-08-22,94.3499984741211,94.41000366210938,94.08999633789062,94.12999725341795,51.89701843261719,3065500.0
2014-08-25,94.26000213623048,94.37999725341795,94.08000183105467,94.33000183105467,52.007266998291016,1958000.0
2014-08-26,94.33000183105467,94.47000122070312,94.30999755859376,94.4000015258789,52.04588317871094,1562400.0
2014-08-27,94.47000122070312,94.4800033569336,94.3000030517578,94.30999755859376,51.99625778198242,3685200.0
2014-08-28,94.27999877929688,94.38999938964844,94.12999725341795,94.16999816894533,51.919044494628906,1815400.0
2014-08-29,94.23999786376952,94.27999877929688,94.12000274658205,94.23999786376952,51.95767211914063,2046000.0
2014-09-02,93.7699966430664,93.9800033569336,93.75,93.91999816894533,52.01859664916992,4484800.0
2014-09-03,93.91999816894533,93.91999816894533,93.66999816894533,93.68000030517578,51.88563919067383,3200200.0
2014-09-04,93.7300033569336,93.7699966430664,93.26000213623048,93.37000274658205,51.71396255493164,4754500.0
2014-09-05,93.37999725341795,93.4499969482422,93.25,93.26000213623048,51.65303421020508,4752700.0
2014-09-08,93.23999786376952,93.3499984741211,93.08000183105467,93.16999816894533,51.60319900512695,2549200.0
2014-09-09,93.13999938964844,93.13999938964844,92.70999908447266,92.73999786376952,51.36500930786133,4647900.0
2014-09-10,92.75,92.81999969482422,92.5500030517578,92.77999877929688,51.387184143066406,3290600.0
2014-09-11,92.68000030517578,92.83999633789062,92.58000183105467,92.77999877929688,51.387184143066406,2822400.0
2014-09-12,92.6999969482422,92.8000030517578,92.5199966430664,92.66999816894533,51.32622909545898,5372500.0
2014-09-15,92.75,92.76000213623048,92.47000122070312,92.5,51.23209381103516,3592400.0
2014-09-16,92.4499969482422,92.86000061035156,92.43000030517578,92.69000244140624,51.33731842041016,5132200.0
2014-09-17,92.87000274658205,93.08999633789062,92.76000213623048,92.98999786376952,51.50349044799805,4399300.0
2014-09-18,92.9800033569336,93.08000183105467,92.91000366210938,93.0199966430664,51.52010726928711,3640300.0
2014-09-19,93.0999984741211,93.19000244140624,93.0199966430664,93.16000366210938,51.59765625,6000600.0
2014-09-22,93.16000366210938,93.23999786376952,92.91000366210938,92.98999786376952,51.50349044799805,4355300.0
2014-09-23,92.79000091552734,92.91999816894533,92.44000244140624,92.5199966430664,51.24316787719727,3573100.0
2014-09-24,92.5,92.5,92.05999755859376,92.23999786376952,51.08810806274414,6342700.0
2014-09-25,92.0999984741211,92.0999984741211,91.5,91.61000061035156,50.7391242980957,7348000.0
2014-09-26,91.22000122070312,91.7300033569336,90.9499969482422,91.5500030517578,50.70594024658203,11842500.0
2014-09-29,91.04000091552734,91.37000274658205,90.88999938964844,91.36000061035156,50.60069274902344,6289400.0
2014-09-30,91.63999938964844,92.02999877929688,91.5500030517578,91.9499969482422,50.927490234375,6905400.0
2014-10-01,91.75,91.9000015258789,91.5199966430664,91.66000366210938,50.983646392822266,9996600.0
2014-10-02,91.62000274658205,91.87999725341795,91.4000015258789,91.83999633789062,51.08375930786133,6197300.0
2014-10-03,92.0999984741211,92.43000030517578,91.97000122070312,92.1500015258789,51.25622177124024,6371600.0
2014-10-06,92.3000030517578,92.44000244140624,92.13999938964844,92.25,51.31183624267578,4213800.0
2014-10-07,92.12999725341795,92.20999908447266,91.80999755859376,91.9000015258789,51.117149353027344,4994200.0
2014-10-08,91.87999725341795,92.37999725341795,91.7300033569336,92.33999633789062,51.36191177368164,7589400.0
2014-10-09,92.1500015258789,92.2300033569336,91.2699966430664,91.36000061035156,50.81678009033203,7177500.0
2014-10-10,91.18000030517578,91.30999755859376,90.51000213623048,90.62000274658205,50.40517807006836,14239800.0
2014-10-13,90.5500030517578,90.95999908447266,90.1500015258789,90.16999816894533,50.154884338378906,7908500.0
2014-10-14,90.5,90.7699966430664,90.22000122070312,90.47000122070312,50.32174682617188,11695300.0
2014-10-15,90.20999908447266,90.48999786376952,89.20999908447266,90.48999786376952,50.332855224609375,11711300.0
2014-10-16,89.98999786376953,91.0999984741211,89.8499984741211,91.0,50.61656951904297,12623100.0
2014-10-17,91.73999786376952,92.23999786376952,91.4000015258789,91.7699966430664,51.04484558105469,13575900.0
2014-10-20,91.83000183105467,92.5,91.7300033569336,92.43000030517578,51.41194915771485,7331400.0
2014-10-21,92.62000274658205,93.1999969482422,92.62000274658205,93.18000030517578,51.82912063598633,7453700.0
2014-10-22,93.16000366210938,93.1999969482422,92.4499969482422,92.56999969482422,51.48984146118164,8363900.0
2014-10-23,92.87000274658205,94.91999816894533,92.51000213623048,92.52999877929688,51.467559814453125,9482300.0
2014-10-24,92.4499969482422,92.91999816894533,92.4499969482422,92.79000091552734,51.612152099609375,5764300.0
2014-10-27,92.7300033569336,92.75,92.33999633789062,92.41000366210938,51.400840759277344,4911400.0
2014-10-28,92.54000091552734,92.70999908447266,92.37999725341795,92.55999755859376,51.48424530029297,6024200.0
2014-10-29,92.62999725341795,92.68000030517578,92.20999908447266,92.48999786376952,51.445350646972656,5320700.0
2014-10-30,92.5,94.9499969482422,92.38999938964844,92.4499969482422,51.42306137084961,3341700.0
2014-10-31,92.80999755859376,92.80999755859376,92.5,92.52999877929688,51.467559814453125,5065400.0
2014-11-03,92.22000122070312,92.51000213623048,92.18000030517578,92.31999969482422,51.57596969604492,4936200.0
2014-11-04,92.29000091552734,92.29000091552734,91.95999908447266,92.02999877929688,51.41393661499024,5886200.0
2014-11-05,92.16000366210938,92.18000030517578,91.91000366210938,92.01000213623048,51.40274429321289,4399300.0
2014-11-06,92.08000183105467,92.2699966430664,92.06999969482422,92.25,51.53685760498047,3747700.0
2014-11-07,92.25,92.37999725341795,92.13999938964844,92.33999633789062,51.58714294433594,3456300.0
2014-11-10,92.30999755859376,92.41999816894533,92.29000091552734,92.37999725341795,51.609500885009766,2680400.0
2014-11-11,92.37999725341795,92.62000274658205,92.25,92.58999633789062,51.726810455322266,2730700.0
2014-11-12,92.4800033569336,92.51000213623048,92.26000213623048,92.29000091552734,51.55918502807617,3218900.0
2014-11-13,92.37999725341795,92.37999725341795,91.8000030517578,91.91000366210938,51.346900939941406,5081300.0
2014-11-14,91.80999755859376,91.94000244140624,91.41000366210938,91.4499969482422,51.08989715576172,7868000.0
2014-11-17,91.5199966430664,91.66999816894533,91.3499984741211,91.44000244140624,51.08433532714844,5213700.0
2014-11-18,91.41000366210938,91.55999755859376,91.25,91.26000213623048,50.983768463134766,5227200.0
2014-11-19,91.0999984741211,91.26000213623048,90.86000061035156,91.23999786376952,50.97259521484375,7733300.0
2014-11-20,91.0,91.3000030517578,90.91999816894533,91.25,50.97819137573242,3274300.0
2014-11-21,91.62000274658205,92.01000213623048,91.52999877929688,91.75,51.25751876831055,7983000.0
2014-11-24,91.87000274658205,91.94000244140624,91.62999725341795,91.73999786376952,51.25192642211914,4569100.0
2014-11-25,91.6999969482422,91.9499969482422,91.66000366210938,91.88999938964844,51.335723876953125,4878500.0
2014-11-26,91.9499969482422,92.12999725341795,91.9000015258789,92.01000213623048,51.40274429321289,3055800.0
2014-11-28,91.58999633789062,91.6500015258789,91.04000091552734,91.12999725341795,50.91112518310547,5290500.0
2014-12-01,90.66999816894533,90.66999816894533,89.73999786376953,89.80000305175781,50.39873504638672,12432400.0
2014-12-02,90.05000305175781,90.31999969482422,89.87000274658203,90.29000091552734,50.67373275756836,6821200.0
2014-12-03,90.31999969482422,90.51000213623048,90.1999969482422,90.44000244140624,50.75790786743164,7627000.0
2014-12-04,90.36000061035156,90.5,90.3000030517578,90.37999725341795,50.72425079345703,4581600.0
2014-12-05,90.26000213623048,90.38999938964844,90.04000091552734,90.30999755859376,50.68496322631836,5237400.0
2014-12-08,90.12999725341795,90.1999969482422,89.69999694824219,89.8499984741211,50.426795959472656,6770800.0
2014-12-09,89.30999755859375,89.87999725341797,89.2300033569336,89.80000305175781,50.39873504638672,9702100.0
2014-12-10,89.37000274658203,89.5,88.41999816894531,88.7699966430664,49.8206672668457,15409400.0
2014-12-11,88.62000274658203,88.91000366210938,87.91999816894531,88.44999694824219,49.64105987548828,12053000.0
2014-12-12,87.80000305175781,87.94000244140625,87.0999984741211,87.25,48.96759796142578,11563300.0
2014-12-15,87.44000244140625,87.5999984741211,86.45999908447266,87.19999694824219,48.939544677734375,14114000.0
2014-12-16,86.44000244140625,87.66000366210938,86.12000274658203,86.88999938964844,48.76556015014648,14875500.0
2014-12-17,86.95999908447266,88.9800033569336,86.88999938964844,88.66000366210938,49.75894546508789,16864000.0
2014-12-18,90.0,90.30999755859376,88.72000122070312,89.37000274658203,50.15744018554688,16638700.0
2014-12-19,89.62000274658203,90.30999755859376,89.5199966430664,90.2300033569336,50.64009475708008,9952800.0
2014-12-22,90.1500015258789,90.3000030517578,89.69999694824219,90.01000213623047,50.51659393310547,6622400.0
2014-12-23,90.23999786376952,90.41000366210938,89.94999694824219,90.33000183105467,50.69618988037109,5314400.0
2014-12-24,89.9800033569336,90.3000030517578,89.91999816894531,90.25,50.86863327026367,2285700.0
2014-12-26,90.3499984741211,90.5,89.9000015258789,89.97000122070312,50.71086502075195,1815500.0
2014-12-29,90.0199966430664,90.23999786376952,89.7300033569336,90.0199966430664,50.739017486572266,4717100.0
2014-12-30,89.7699966430664,89.95999908447266,89.66000366210938,89.83999633789062,50.637577056884766,3624300.0
2014-12-31,89.87999725341797,90.0,89.44000244140625,89.5999984741211,50.50230407714844,4185400.0
2015-01-02,89.69000244140625,89.93000030517578,89.48999786376953,89.5999984741211,50.50230407714844,3271900.0
2015-01-05,89.0999984741211,89.23999786376953,88.6500015258789,88.7699966430664,50.03448867797852,7523100.0
2015-01-06,88.5999984741211,88.95999908447266,88.33999633789062,88.43000030517578,49.84284591674805,9489700.0
2015-01-07,89.12000274658203,89.27999877929688,88.87000274658203,88.9800033569336,50.152828216552734,8353100.0
2015-01-08,89.30999755859375,89.83000183105469,88.9800033569336,89.6500015258789,50.53047561645508,8388600.0
2015-01-09,89.72000122070312,90.13999938964844,89.37000274658203,90.0999984741211,50.78410339355469,6766700.0
2015-01-12,90.16999816894533,90.16999816894533,89.63999938964844,89.98999786376953,50.72213363647461,8698500.0
2015-01-13,90.0,90.2300033569336,89.54000091552734,89.98999786376953,50.72213363647461,7738700.0
2015-01-14,89.51000213623047,89.83999633789062,89.3499984741211,89.77999877929688,50.60372924804688,7415500.0
2015-01-15,89.9800033569336,89.9800033569336,89.20999908447266,89.2300033569336,50.29372787475586,7061300.0
2015-01-16,89.33999633789062,89.69999694824219,89.33000183105469,89.56999969482422,50.48537063598633,7685500.0
2015-01-20,89.83999633789062,89.83999633789062,89.26000213623047,89.41000366210938,50.39520263671875,5915300.0
2015-01-21,89.36000061035156,89.91000366210938,89.30000305175781,89.88999938964844,50.6657600402832,6110700.0
2015-01-22,90.0199966430664,90.16999816894533,89.77999877929688,90.01000213623047,50.73340225219727,6940100.0
2015-01-23,90.01000213623047,90.13999938964844,89.93000030517578,90.01000213623047,50.73340225219727,5134500.0
2015-01-26,90.06999969482422,90.48999786376952,89.93000030517578,90.41999816894533,50.96452331542969,8252300.0
2015-01-27,90.08000183105467,90.43000030517578,90.01000213623047,90.3499984741211,50.92504501342773,8771100.0
2015-01-28,90.41000366210938,90.5,90.01000213623047,90.16000366210938,50.81794357299805,5622400.0
2015-01-29,90.33999633789062,90.5199966430664,90.1500015258789,90.4800033569336,50.998313903808594,4923200.0
2015-01-30,90.37999725341795,90.4800033569336,90.19000244140624,90.2300033569336,50.857418060302734,6383000.0
2015-02-02,90.02999877929688,90.20999908447266,89.87999725341797,90.20999908447266,51.05265045166016,4120600.0
2015-02-03,90.37999725341795,90.83000183105467,90.3000030517578,90.72000122070312,51.34127807617188,11682400.0
2015-02-04,90.63999938964844,90.63999938964844,90.3000030517578,90.33999633789062,51.12619400024414,8333900.0
2015-02-05,90.5500030517578,90.87999725341795,90.4000015258789,90.87000274658205,51.42616271972656,10172500.0
2015-02-06,91.06999969482422,91.08000183105467,90.77999877929688,90.94000244140624,51.46577453613281,6076700.0
2015-02-09,90.87999725341795,90.98999786376952,90.6999969482422,90.72000122070312,51.34127807617188,4672800.0
2015-02-10,90.9000015258789,91.02999877929688,90.88999938964844,91.02999877929688,51.516719818115234,6846600.0
2015-02-11,90.9800033569336,91.02999877929688,90.83000183105467,91.0,51.49974822998047,5688000.0
2015-02-12,91.13999938964844,91.13999938964844,90.94000244140624,90.98999786376952,51.49409103393555,3185400.0
2015-02-13,91.01000213623048,91.19000244140624,90.94000244140624,91.12000274658205,51.567649841308594,4676600.0
2015-02-17,91.23999786376952,91.27999877929688,91.02999877929688,91.05999755859376,51.53371810913086,6624200.0
2015-02-18,91.1500015258789,91.38999938964844,91.04000091552734,91.37000274658205,51.70914840698242,4744400.0
2015-02-19,91.2699966430664,91.31999969482422,91.13999938964844,91.16000366210938,51.59025573730469,2964800.0
2015-02-20,91.1500015258789,91.41999816894533,91.08000183105467,91.41000366210938,51.73175048828125,5470600.0
2015-02-23,91.4499969482422,91.4800033569336,91.2699966430664,91.4800033569336,51.7713737487793,4165700.0
2015-02-24,91.45999908447266,91.5999984741211,91.38999938964844,91.56999969482422,51.82232666015625,3689300.0
2015-02-25,91.62999725341795,91.9000015258789,91.56999969482422,91.87000274658205,51.99210357666016,9048500.0
2015-02-26,91.83999633789062,91.97000122070312,91.73999786376952,91.8499984741211,51.98076248168945,7928200.0
2015-02-27,91.9000015258789,91.9499969482422,91.80999755859376,91.87000274658205,51.99210357666016,4521800.0
2015-03-02,91.55999755859376,91.5999984741211,91.3000030517578,91.45999908447266,51.98243713378906,6933000.0
2015-03-03,91.31999969482422,91.4000015258789,91.12000274658205,91.1999969482422,51.83465194702149,10032000.0
2015-03-04,91.0500030517578,91.16000366210938,90.9800033569336,91.02999877929688,51.738040924072266,7832800.0
2015-03-05,91.16999816894533,91.1999969482422,91.04000091552734,91.1999969482422,51.83465194702149,6412500.0
2015-03-06,90.9499969482422,90.97000122070312,90.52999877929688,90.62000274658205,51.50499725341797,9271900.0
2015-03-09,90.7300033569336,90.73999786376952,90.37999725341795,90.43000030517578,51.39698028564453,9607500.0
2015-03-10,90.27999877929688,90.33999633789062,89.9000015258789,90.08000183105467,51.19807815551758,12447300.0
2015-03-11,90.3499984741211,90.45999908447266,90.06999969482422,90.33000183105467,51.34017562866211,9214800.0
2015-03-12,90.5999984741211,90.63999938964844,90.36000061035156,90.51000213623048,51.44249725341797,4469900.0
2015-03-13,90.36000061035156,90.4000015258789,89.97000122070312,90.1999969482422,51.26627731323242,6184500.0
2015-03-16,90.2699966430664,90.33999633789062,90.05000305175781,90.11000061035156,51.21513748168945,4772600.0
2015-03-17,89.87999725341797,90.0199966430664,89.48999786376953,89.66000366210938,50.95936965942383,13059600.0
2015-03-18,89.66000366210938,90.47000122070312,89.48999786376953,90.45999908447266,51.4140853881836,11633900.0
2015-03-19,90.16999816894533,90.36000061035156,89.68000030517578,89.73999786376953,51.00483322143555,9226000.0
2015-03-20,90.0999984741211,90.4800033569336,89.97000122070312,90.44000244140624,51.40268707275391,9127300.0
2015-03-23,90.43000030517578,90.54000091552734,90.30999755859376,90.51000213623048,51.44249725341797,5459200.0
2015-03-24,90.4800033569336,90.72000122070312,90.4499969482422,90.6500015258789,51.52202224731445,6767200.0
2015-03-25,90.70999908447266,90.83000183105467,90.4000015258789,90.41000366210938,51.38564300537109,5364600.0
2015-03-26,90.51000213623048,90.52999877929688,90.2300033569336,90.4000015258789,51.379974365234375,4876400.0
2015-03-27,90.38999938964844,90.55999755859376,90.3499984741211,90.47000122070312,51.41974258422852,3822000.0
2015-03-30,90.51000213623048,90.79000091552734,90.5,90.72000122070312,51.56184387207031,4197700.0
2015-03-31,90.69000244140624,90.83999633789062,90.55999755859376,90.61000061035156,51.49930191040039,4498400.0
2015-04-01,90.3499984741211,90.43000030517578,90.0999984741211,90.38999938964844,51.60553359985352,9298200.0
2015-04-02,90.45999908447266,90.58999633789062,90.3499984741211,90.45999908447266,51.64548110961914,4774400.0
2015-04-06,90.37999725341795,90.80999755859376,90.37999725341795,90.69000244140624,51.77679443359375,5020700.0
2015-04-07,90.7699966430664,91.1999969482422,90.69000244140624,91.16999816894533,52.05083084106445,8659800.0
2015-04-08,91.20999908447266,91.3000030517578,91.01000213623048,91.1500015258789,52.03939437866211,7151900.0
2015-04-09,91.19000244140624,91.26000213623048,91.0,91.05999755859376,51.988040924072266,3415700.0
2015-04-10,91.0500030517578,91.27999877929688,91.0500030517578,91.2699966430664,52.10791397094727,3012700.0
2015-04-13,91.2699966430664,91.31999969482422,91.08000183105467,91.0999984741211,52.010860443115234,2866600.0
2015-04-14,91.12999725341795,91.1999969482422,90.93000030517578,91.13999938964844,52.033687591552734,2830000.0
2015-04-15,91.23999786376952,91.55999755859376,91.20999908447266,91.5,52.23923873901367,4438300.0
2015-04-16,91.44000244140624,91.44000244140624,91.2699966430664,91.30999755859376,52.13076400756836,5285400.0
2015-04-17,91.23999786376952,91.23999786376952,91.0,91.02999877929688,51.97090530395508,3901300.0
2015-04-20,91.23999786376952,91.37999725341795,91.11000061035156,91.2300033569336,52.08506774902344,3641000.0
2015-04-21,91.4800033569336,91.4800033569336,91.23999786376952,91.29000091552734,52.11935424804688,3730700.0
2015-04-22,91.43000030517578,91.44000244140624,91.18000030517578,91.1999969482422,52.06795120239258,4031100.0
2015-04-23,91.26000213623048,91.36000061035156,91.08000183105467,91.16999816894533,52.05083084106445,4755200.0
2015-04-24,91.19000244140624,91.33999633789062,91.19000244140624,91.31999969482422,52.13644790649414,4221400.0
2015-04-27,91.4499969482422,91.48999786376952,91.2699966430664,91.3499984741211,52.15361022949219,5049600.0
2015-04-28,91.27999877929688,91.30999755859376,91.16999816894533,91.20999908447266,52.07364273071289,4697400.0
2015-04-29,91.0,91.1999969482422,90.91999816894533,91.04000091552734,51.976600646972656,8152700.0
2015-04-30,91.0,91.08000183105467,90.80999755859376,90.98999786376952,51.94807815551758,11463800.0
2015-05-01,90.66000366210938,90.80999755859376,90.61000061035156,90.79000091552734,52.06389617919922,8053700.0
2015-05-04,90.9499969482422,90.97000122070312,90.6500015258789,90.7699966430664,52.052433013916016,6683700.0
2015-05-05,90.69000244140624,90.77999877929688,90.48999786376952,90.6500015258789,51.98358917236328,12736900.0
2015-05-06,90.6500015258789,90.69000244140624,90.31999969482422,90.37999725341795,51.828758239746094,13677500.0
2015-05-07,90.3000030517578,90.58000183105467,90.2699966430664,90.37000274658205,51.82303237915039,8676400.0
2015-05-08,90.86000061035156,91.08000183105467,90.8000030517578,91.08000183105467,52.23021697998047,10319600.0
2015-05-11,91.01000213623048,91.05999755859376,90.4800033569336,90.51000213623048,51.903350830078125,5499200.0
2015-05-12,90.36000061035156,90.7300033569336,90.29000091552734,90.5,51.8975944519043,6569200.0
2015-05-13,90.62000274658205,90.7699966430664,90.33000183105467,90.37000274658205,51.82303237915039,4349000.0
2015-05-14,90.58999633789062,90.87000274658205,90.58999633789062,90.80999755859376,52.07537460327149,5147100.0
2015-05-15,90.9000015258789,91.08000183105467,90.80999755859376,91.01000213623048,52.19009780883789,8939400.0
2015-05-18,91.0,91.0,90.75,90.86000061035156,52.10402297973633,2843700.0
2015-05-19,90.87999725341795,90.87999725341795,90.63999938964844,90.72000122070312,52.02375411987305,4743200.0
2015-05-20,90.7300033569336,90.86000061035156,90.61000061035156,90.61000061035156,51.96066665649414,2841700.0
2015-05-21,90.5999984741211,90.83000183105467,90.5999984741211,90.73999786376952,52.035194396972656,3709300.0
2015-05-22,90.7300033569336,90.8499984741211,90.69000244140624,90.80999755859376,52.07537460327149,3716900.0
2015-05-26,90.66999816894533,90.79000091552734,90.61000061035156,90.62000274658205,51.9664192199707,3951500.0
2015-05-27,90.77999877929688,90.9000015258789,90.68000030517578,90.81999969482422,52.08112335205078,3737800.0
2015-05-28,90.80999755859376,90.83000183105467,90.69000244140624,90.77999877929688,52.05817031860352,5440700.0
2015-05-29,90.76000213623048,90.97000122070312,90.76000213623048,90.91000366210938,52.13268661499024,4764000.0
2015-06-01,90.6500015258789,90.7699966430664,90.45999908447266,90.66000366210938,52.22024917602539,9372600.0
2015-06-02,90.75,90.75,90.33999633789062,90.48999786376952,52.12234115600586,5203700.0
2015-06-03,90.38999938964844,90.4499969482422,89.94000244140625,90.0,51.84012222290039,9532700.0
2015-06-04,89.93000030517578,90.01000213623047,89.70999908447266,89.70999908447266,51.67306900024414,11381700.0
2015-06-05,89.48999786376953,89.62999725341797,89.33000183105469,89.44000244140625,51.51754379272461,7747600.0
2015-06-08,89.5199966430664,89.61000061035156,89.33999633789062,89.44000244140625,51.51754379272461,6487800.0
2015-06-09,89.41999816894531,89.44000244140625,89.16999816894531,89.29000091552734,51.43115997314453,11416200.0
2015-06-10,89.30999755859375,89.4800033569336,89.26000213623047,89.41000366210938,51.5002555847168,5187500.0
2015-06-11,89.47000122070312,89.5999984741211,89.37999725341797,89.58999633789062,51.60395050048828,5202100.0
2015-06-12,89.41999816894531,89.5199966430664,89.23999786376953,89.26000213623047,51.41387939453125,5713500.0
2015-06-15,89.06999969482422,89.22000122070312,88.80999755859375,88.83999633789062,51.17193222045898,12726200.0
2015-06-16,88.80999755859375,89.33999633789062,88.80999755859375,89.33999633789062,51.45993041992188,5249800.0
2015-06-17,89.19999694824219,89.4000015258789,88.94000244140625,89.26000213623047,51.41387939453125,5660400.0
2015-06-18,89.29000091552734,89.69000244140625,89.29000091552734,89.58999633789062,51.60395050048828,6869900.0
2015-06-19,89.76000213623047,89.76000213623047,89.45999908447266,89.63999938964844,51.63273239135742,12585700.0
2015-06-22,89.88999938964844,89.98999786376953,89.63999938964844,89.81999969482422,51.736419677734375,5035400.0
2015-06-23,89.7699966430664,89.80000305175781,89.63999938964844,89.76000213623047,51.70187759399414,3474800.0
2015-06-24,89.69999694824219,89.79000091552734,89.5199966430664,89.5199966430664,51.56362533569336,2636900.0
2015-06-25,89.56999969482422,89.63999938964844,89.25,89.25,51.40809631347656,5176700.0
2015-06-26,89.25,89.31999969482422,88.94999694824219,88.98999786376953,51.25835037231445,6683200.0
2015-06-29,88.6500015258789,88.80000305175781,88.37000274658203,88.37999725341797,50.90697479248047,10156900.0
2015-06-30,88.76000213623047,88.86000061035156,88.58000183105469,88.80000305175781,51.14893341064453,4912700.0
2015-07-01,88.80999755859375,88.80999755859375,88.36000061035156,88.41999816894531,51.15756988525391,13614700.0
2015-07-02,88.6500015258789,88.8499984741211,88.5199966430664,88.75,51.3485221862793,5586300.0
2015-07-06,88.58000183105469,88.75,88.41000366210938,88.45999908447266,51.18074035644531,4719100.0
2015-07-07,88.33000183105469,88.62999725341797,88.12999725341797,88.52999877929688,51.22121810913086,8406300.0
2015-07-08,88.16999816894531,88.41999816894531,88.05999755859375,88.08999633789062,50.96666717529297,5744800.0
2015-07-09,88.44999694824219,88.7300033569336,88.29000091552734,88.29000091552734,51.08237075805664,6291000.0
2015-07-10,88.58999633789062,88.87000274658203,88.55999755859375,88.80000305175781,51.37746810913086,7097900.0
2015-07-13,88.91000366210938,88.94000244140625,88.72000122070312,88.87999725341797,51.42372894287109,6119200.0
2015-07-14,88.73999786376953,88.83000183105469,88.63999938964844,88.79000091552734,51.37164306640625,6354100.0
2015-07-15,88.77999877929688,88.9000015258789,88.6500015258789,88.79000091552734,51.37164306640625,5983300.0
2015-07-16,88.88999938964844,89.02999877929688,88.87999725341797,88.93000030517578,51.45264434814453,7523600.0
2015-07-17,88.98999786376953,88.98999786376953,88.5999984741211,88.69000244140625,51.31378555297852,7788400.0
2015-07-20,88.6500015258789,88.66000366210938,88.2699966430664,88.27999877929688,51.07657241821289,6740400.0
2015-07-21,88.20999908447266,88.31999969482422,88.11000061035156,88.12000274658203,50.98402404785156,4904800.0
2015-07-22,87.87000274658203,87.93000030517578,87.5199966430664,87.55000305175781,50.65422821044922,10578500.0
2015-07-23,87.5199966430664,87.70999908447266,87.5,87.5,50.62530899047852,4918400.0
2015-07-24,87.5,87.55000305175781,87.19999694824219,87.25,50.48066711425781,4702900.0
2015-07-27,87.01000213623047,87.2699966430664,86.80999755859375,86.87999725341797,50.26657104492188,11061700.0
2015-07-28,86.97000122070312,87.44999694824219,86.93000030517578,87.3499984741211,50.53853225708008,10471000.0
2015-07-29,87.3499984741211,87.93000030517578,87.3499984741211,87.86000061035156,50.83357620239258,8839500.0
2015-07-30,87.80999755859375,88.16999816894531,87.80999755859375,88.12000274658203,50.98402404785156,6127600.0
2015-07-31,88.01000213623047,88.23999786376953,87.94000244140625,87.97000122070312,50.8972282409668,5936500.0
2015-08-03,87.58999633789062,87.5999984741211,87.37000274658203,87.41000366210938,50.80191421508789,5416900.0
2015-08-04,87.5,87.62999725341797,87.44000244140625,87.45999908447266,50.83094787597656,3691400.0
2015-08-05,87.63999938964844,87.7300033569336,87.33000183105469,87.33999633789062,50.7612190246582,7778300.0
2015-08-06,87.2300033569336,87.33000183105469,86.95999908447266,86.9800033569336,50.5519905090332,10794800.0
2015-08-07,86.8499984741211,86.88999938964844,86.68000030517578,86.70999908447266,50.39502716064453,5483500.0
2015-08-10,86.7699966430664,86.97000122070312,86.7300033569336,86.95999908447266,50.54036712646485,3234500.0
2015-08-11,86.62999725341797,86.69999694824219,86.45999908447266,86.55999755859375,50.30789566040039,4598600.0
2015-08-12,86.26000213623047,86.4800033569336,86.04000091552734,86.44000244140625,50.23815536499024,6371900.0
2015-08-13,86.37000274658203,86.44000244140625,86.27999877929688,86.33000183105469,50.17422866821289,7422100.0
2015-08-14,86.29000091552734,86.51000213623047,86.27999877929688,86.37999725341797,50.20327377319336,3437900.0
2015-08-17,86.29000091552734,86.51000213623047,86.19999694824219,86.37999725341797,50.20327377319336,4153600.0
2015-08-18,86.2699966430664,86.4000015258789,86.18000030517578,86.2699966430664,50.139347076416016,5471300.0
2015-08-19,86.20999908447266,86.44999694824219,86.0199966430664,86.19000244140625,50.09286880493164,7208500.0
2015-08-20,85.9000015258789,85.97000122070312,85.6500015258789,85.7699966430664,49.848751068115234,11099100.0
2015-08-21,85.52999877929688,85.75,85.37000274658203,85.45999908447266,49.66858673095703,13158600.0
2015-08-24,83.80999755859375,85.37999725341797,83.43000030517578,84.76000213623047,49.26173782348633,19116200.0
2015-08-25,85.55999755859375,85.69000244140625,84.91000366210938,84.93000030517578,49.36054229736328,18194700.0
2015-08-26,85.26000213623047,85.80000305175781,85.19000244140625,85.63999938964844,49.7732048034668,10654800.0
2015-08-27,85.86000061035156,86.44999694824219,85.86000061035156,86.27999877929688,50.145164489746094,12772100.0
2015-08-28,86.22000122070312,86.5,86.05999755859375,86.36000061035156,50.19164657592773,9100000.0
2015-08-31,86.23999786376953,86.30000305175781,85.7300033569336,86.23999786376953,50.12189865112305,5408800.0
2015-09-01,85.69999694824219,85.7699966430664,85.44000244140625,85.58000183105469,49.960205078125,4739100.0
2015-09-02,85.93000030517578,85.95999908447266,85.68000030517578,85.93000030517578,50.16452026367188,5259700.0
2015-09-03,86.0,86.2300033569336,85.86000061035156,86.05000305175781,50.23458862304688,8779000.0
2015-09-04,85.86000061035156,86.06999969482422,85.8499984741211,85.95999908447266,50.18205261230469,4671000.0
2015-09-08,86.3499984741211,86.44000244140625,86.23999786376953,86.43000030517578,50.45640563964844,5450300.0
2015-09-09,86.5999984741211,86.62000274658203,86.23999786376953,86.31999969482422,50.392208099365234,4914800.0
2015-09-10,86.27999877929688,86.5999984741211,86.27999877929688,86.52999877929688,50.51483154296875,4744100.0
2015-09-11,86.1500015258789,86.55000305175781,86.11000061035156,86.5,50.49728012084961,4834900.0
2015-09-14,86.36000061035156,86.44000244140625,86.22000122070312,86.3499984741211,50.40972137451172,4383100.0
2015-09-15,86.25,86.41000366210938,86.19999694824219,86.33000183105469,50.39805221557617,4247800.0
2015-09-16,86.02999877929688,86.2300033569336,85.94000244140625,86.0199966430664,50.217079162597656,5026700.0
2015-09-17,86.01000213623047,86.41000366210938,85.8499984741211,86.08999633789062,50.2579460144043,6576800.0
2015-09-18,85.83999633789062,86.05000305175781,85.69000244140625,85.8499984741211,50.11782455444336,10827600.0
2015-09-21,85.86000061035156,85.9000015258789,85.61000061035156,85.69000244140625,50.02442932128906,7579000.0
2015-09-22,85.3499984741211,85.69000244140625,84.95999908447266,85.06999969482422,49.66246795654297,7366900.0
2015-09-23,85.05000305175781,85.11000061035156,84.86000061035156,84.91999816894531,49.57490158081055,7686000.0
2015-09-24,84.75,84.75,84.3499984741211,84.5,49.32969284057617,9167500.0
2015-09-25,84.5999984741211,84.76000213623047,84.04000091552734,84.06999969482422,49.07868576049805,8384200.0
2015-09-28,83.66999816894531,84.0199966430664,82.72000122070312,82.77999877929688,48.32560729980469,12416300.0
2015-09-29,82.70999908447266,83.08999633789062,82.62999725341797,82.7699966430664,48.31978225708008,11417600.0
2015-09-30,83.12999725341797,83.33999633789062,82.83000183105469,83.29000091552734,48.623348236083984,14539800.0
2015-10-01,82.75,82.87999725341797,82.31999969482422,82.36000061035156,48.3112907409668,12179800.0
2015-10-02,81.88999938964844,82.47000122070312,81.66000366210938,82.44000244140625,48.35819625854492,14060200.0
2015-10-05,82.87000274658203,83.47000122070312,82.80999755859375,83.43000030517578,48.93891906738281,13531400.0
2015-10-06,83.4800033569336,83.9800033569336,83.36000061035156,83.88999938964844,49.20873641967773,13985800.0
2015-10-07,84.3499984741211,84.83000183105469,84.19999694824219,84.75,49.71323394775391,18000700.0
2015-10-08,84.62000274658203,85.12999725341797,84.45999908447266,85.0999984741211,49.91854095458984,9466900.0
2015-10-09,85.2300033569336,85.5999984741211,84.9800033569336,85.11000061035156,49.92437744140625,9900600.0
2015-10-12,85.18000030517578,85.25,84.83000183105469,84.94999694824219,49.83050155639648,3867000.0
2015-10-13,84.79000091552734,84.94999694824219,84.62999725341797,84.75,49.71323394775391,7772600.0
2015-10-14,84.76000213623047,84.94999694824219,84.63999938964844,84.69000244140625,49.67799758911133,7748100.0
2015-10-15,84.81999969482422,84.94999694824219,84.61000061035156,84.88999938964844,49.79534530639648,8049200.0
2015-10-16,84.91000366210938,85.29000091552734,84.88999938964844,85.27999877929688,50.02410888671875,5978200.0
2015-10-19,85.1500015258789,85.56999969482422,85.08000183105469,85.51000213623047,50.15901184082031,10347000.0
2015-10-20,85.37999725341797,85.69000244140625,85.29000091552734,85.58999633789062,50.205963134765625,10294800.0
2015-10-21,85.6500015258789,85.7699966430664,85.26000213623047,85.5,50.15312576293945,14332200.0
2015-10-22,85.58000183105469,85.68000030517578,85.41000366210938,85.52999877929688,50.17074203491211,11805100.0
2015-10-23,85.9000015258789,86.08999633789062,85.58000183105469,85.83000183105469,50.346710205078125,13201700.0
2015-10-26,85.93000030517578,85.94000244140625,85.68000030517578,85.73999786376953,50.29393768310547,9354100.0
2015-10-27,85.66999816894531,85.68000030517578,85.33999633789062,85.45999908447266,50.129669189453125,5585800.0
2015-10-28,85.45999908447266,85.70999908447266,85.30000305175781,85.69000244140625,50.26462936401367,8637000.0
2015-10-29,85.44999694824219,85.68000030517578,85.43000030517578,85.47000122070312,50.13558197021485,6064500.0
2015-10-30,85.52999877929688,85.76000213623047,85.38999938964844,85.56999969482422,50.19421005249024,8803100.0
2015-11-02,85.18000030517578,85.4800033569336,85.11000061035156,85.44000244140625,50.349796295166016,5476000.0
2015-11-03,85.36000061035156,85.58000183105469,85.36000061035156,85.52999877929688,50.40283203125,5873700.0
2015-11-04,85.56999969482422,85.56999969482422,85.23999786376953,85.27999877929688,50.255516052246094,6082100.0
2015-11-05,85.25,85.33999633789062,84.94000244140625,84.94999694824219,50.06100845336914,8529600.0
2015-11-06,84.62000274658203,84.69000244140625,84.33999633789062,84.54000091552734,49.81942367553711,8207700.0
2015-11-09,84.36000061035156,84.44000244140625,84.12999725341797,84.19000244140625,49.6131591796875,10127900.0
2015-11-10,84.0999984741211,84.19000244140625,83.87000274658203,84.0,49.50115966796875,9673000.0
2015-11-11,84.04000091552734,84.0999984741211,83.75,83.80000305175781,49.383338928222656,3943900.0
2015-11-12,83.47000122070312,83.68000030517578,83.22000122070312,83.23999786376953,49.0533332824707,11570600.0
2015-11-13,83.27999877929688,83.36000061035156,82.98999786376953,83.0,48.91189956665039,7487900.0
2015-11-16,82.91000366210938,83.44000244140625,82.80999755859375,83.38999938964844,49.14171600341797,8228200.0
2015-11-17,83.5999984741211,83.73999786376953,83.37000274658203,83.44999694824219,49.17707061767578,9106400.0
2015-11-18,83.4000015258789,83.66000366210938,83.4000015258789,83.61000061035156,49.2713623046875,7479000.0
2015-11-19,83.33000183105469,83.48999786376953,82.8499984741211,82.86000061035156,48.82939147949219,9428300.0
2015-11-20,82.87999725341797,83.20999908447266,82.80999755859375,82.83999633789062,48.81760025024414,9763700.0
2015-11-23,82.73999786376953,82.88999938964844,82.69000244140625,82.7699966430664,48.77633666992188,5138900.0
2015-11-24,82.6500015258789,82.91000366210938,82.56999969482422,82.87999725341797,48.84117889404297,9529200.0
2015-11-25,82.83999633789062,82.98999786376953,82.83999633789062,82.97000122070312,48.89421844482422,7132500.0
2015-11-27,83.0199966430664,83.1500015258789,82.94000244140625,83.0999984741211,48.97083282470703,2259900.0
2015-11-30,83.0999984741211,83.1500015258789,82.98999786376953,83.05000305175781,48.94137573242188,5356300.0
2015-12-01,82.8499984741211,83.27999877929688,82.80000305175781,83.23999786376953,49.28955078125,9849200.0
2015-12-02,83.18000030517578,83.44000244140625,83.02999877929688,83.06999969482422,49.18888473510742,11871300.0
2015-12-03,82.91999816894531,83.12999725341797,82.72000122070312,82.8499984741211,49.058589935302734,15290200.0
2015-12-04,82.80000305175781,82.93000030517578,82.5,82.66000366210938,48.94609451293945,14027900.0
2015-12-07,82.33000183105469,82.5,82.0199966430664,82.08000183105469,48.6026611328125,11989900.0
2015-12-08,81.43000030517578,81.62000274658203,80.95999908447266,81.05999755859375,47.998680114746094,25199100.0
2015-12-09,81.05999755859375,81.69999694824219,81.05000305175781,81.4800033569336,48.24739837646485,16703900.0
2015-12-10,81.2699966430664,81.56999969482422,81.0,81.13999938964844,48.04607772827149,14206800.0
2015-12-11,80.54000091552734,80.54000091552734,78.62000274658203,79.5199966430664,47.0867919921875,54233300.0
2015-12-14,79.4000015258789,79.51000213623047,78.20999908447266,78.83000183105469,46.67819595336914,38540500.0
2015-12-15,79.80000305175781,80.44999694824219,79.76000213623047,80.12000274658203,47.44207763671875,36337800.0
2015-12-16,80.38999938964844,80.88999938964844,80.05999755859375,80.7300033569336,47.80328750610352,30575300.0
2015-12-17,80.69999694824219,80.80999755859375,79.80000305175781,79.83000183105469,47.27036666870117,17345300.0
2015-12-18,79.55999755859375,79.79000091552734,79.33999633789062,79.52999877929688,47.09270858764648,23548900.0
2015-12-21,79.69999694824219,79.9000015258789,79.06999969482422,79.27999877929688,46.94467544555664,14468700.0
2015-12-22,79.4000015258789,80.26000213623047,79.36000061035156,80.23999786376953,47.51311111450195,12569500.0
2015-12-23,80.51000213623047,80.88999938964844,80.41999816894531,80.75,47.81509399414063,12824900.0
2015-12-24,80.3499984741211,80.69999694824219,80.2699966430664,80.48999786376953,47.912723541259766,5284300.0
2015-12-28,80.23999786376953,80.25,79.87999725341797,80.01000213623047,47.62701797485352,7151600.0
2015-12-29,80.16000366210938,80.52999877929688,80.1500015258789,80.47000122070312,47.90081787109375,7485500.0
2015-12-30,80.37000274658203,80.63999938964844,80.18000030517578,80.52999877929688,47.93655014038086,13145300.0
2015-12-31,80.4800033569336,80.87999725341797,80.38999938964844,80.58000183105469,47.96631622314453,7935200.0
2016-01-04,80.01000213623047,80.16000366210938,79.66999816894531,80.0999984741211,47.68061447143555,14787700.0
2016-01-05,80.33999633789062,80.52999877929688,80.06999969482422,80.25,47.76988220214844,11491300.0
2016-01-06,79.93000030517578,80.33000183105469,79.93000030517578,80.25,47.76988220214844,11320100.0
2016-01-07,79.66999816894531,80.0,79.62000274658203,79.7300033569336,47.46032333374024,11004700.0
2016-01-08,80.04000091552734,80.22000122070312,79.5,79.5199966430664,47.33534240722656,17902100.0
2016-01-11,79.86000061035156,79.94999694824219,79.30999755859375,79.4000015258789,47.263893127441406,16917700.0
2016-01-12,79.88999938964844,79.94999694824219,79.30000305175781,79.4800033569336,47.31150436401367,15217700.0
2016-01-13,79.54000091552734,79.62000274658203,78.48999786376953,78.5999984741211,46.7877082824707,20352700.0
2016-01-14,78.66000366210938,79.04000091552734,78.27999877929688,78.94999694824219,46.99604034423828,18572700.0
2016-01-15,77.66999816894531,78.68000030517578,77.41999816894531,77.91000366210938,46.37696075439453,27309900.0
2016-01-19,77.94999694824219,78.12999725341797,77.38999938964844,77.63999938964844,46.21622848510742,15975700.0
2016-01-20,77.02999877929688,77.41999816894531,75.81999969482422,77.12000274658203,45.90669631958008,25973500.0
2016-01-21,77.12000274658203,77.95999908447266,76.80000305175781,77.63999938964844,46.21622848510742,20065800.0
2016-01-22,78.4000015258789,78.91999816894531,78.23999786376953,78.83000183105469,46.92456817626953,17653100.0
2016-01-25,78.58999633789062,78.73999786376953,78.02999877929688,78.05000305175781,46.46030426025391,16448400.0
2016-01-26,78.36000061035156,78.79000091552734,78.18000030517578,78.75,46.876991271972656,12010900.0
2016-01-27,78.72000122070312,79.08000183105469,78.37999725341797,78.62999725341797,46.80556488037109,14563000.0
2016-01-28,79.11000061035156,79.29000091552734,78.73999786376953,79.02999877929688,47.04365158081055,14622600.0
2016-01-29,79.19999694824219,79.44999694824219,79.12999725341797,79.29000091552734,47.19843292236328,14218700.0
2016-02-01,78.76000213623047,78.79000091552734,78.30999755859375,78.43000030517578,46.91786956787109,8865500.0
2016-02-02,78.05000305175781,78.22000122070312,77.83000183105469,77.87000274658203,46.58287048339844,15442100.0
2016-02-03,78.11000061035156,78.4000015258789,77.62999725341797,78.25,46.810157775878906,15465200.0
2016-02-04,78.22000122070312,78.38999938964844,77.93000030517578,78.0,46.660640716552734,8989700.0
2016-02-05,77.98999786376953,77.98999786376953,77.27999877929688,77.4000015258789,46.30169296264648,14632300.0
2016-02-08,76.7699966430664,76.80000305175781,76.27999877929688,76.5,45.76332473754883,15649900.0
2016-02-09,76.08999633789062,76.55999755859375,75.87000274658203,76.20999908447266,45.589820861816406,18685000.0
2016-02-10,76.41000366210938,76.7300033569336,75.94999694824219,76.0999984741211,45.52401351928711,13086000.0
2016-02-11,75.3499984741211,75.87000274658203,75.08999633789062,75.58999633789062,45.21894836425781,22158200.0
2016-02-12,75.86000061035156,76.79000091552734,75.7699966430664,76.72000122070312,45.89492034912109,17751500.0
2016-02-16,76.80999755859375,77.02999877929688,76.69000244140625,76.79000091552734,45.93678283691406,14106000.0
2016-02-17,77.18000030517578,77.58999633789062,77.11000061035156,77.41999816894531,46.31365966796875,16353000.0
2016-02-18,77.69999694824219,77.75,77.44000244140625,77.48999786376953,46.35554122924805,13247300.0
2016-02-19,77.1500015258789,77.68000030517578,77.05000305175781,77.63999938964844,46.44526672363281,12879900.0
2016-02-22,78.04000091552734,78.3499984741211,77.94999694824219,78.30999755859375,46.84609222412109,13826600.0
2016-02-23,78.05999755859375,78.27999877929688,77.73999786376953,78.1500015258789,46.750370025634766,16809700.0
2016-02-24,77.55999755859375,78.37000274658203,77.45999908447266,78.27999877929688,46.828102111816406,13622100.0
2016-02-25,78.33000183105469,78.7300033569336,78.05999755859375,78.69999694824219,47.07938766479492,10699100.0
2016-02-26,78.94999694824219,79.30000305175781,78.86000061035156,79.2300033569336,47.39643096923828,12060200.0
2016-02-29,79.27999877929688,80.12999725341797,79.26000213623047,80.08000183105469,47.90492630004883,23746800.0
2016-03-01,79.83000183105469,81.01000213623047,79.54000091552734,80.91999816894531,48.66202545166016,24023200.0
2016-03-02,80.5,80.61000061035156,80.22000122070312,80.37000274658203,48.33126449584961,14987400.0
2016-03-03,80.2699966430664,80.87000274658203,79.98999786376953,80.63999938964844,48.4936408996582,12018400.0
2016-03-04,80.77999877929688,81.23999786376953,80.5,80.87000274658203,48.6319465637207,18029900.0
2016-03-07,80.68000030517578,81.0,80.66999816894531,80.97000122070312,48.692081451416016,12656200.0
2016-03-08,80.79000091552734,80.8499984741211,80.36000061035156,80.4000015258789,48.34931564331055,17813700.0
2016-03-09,80.55000305175781,80.69999694824219,80.36000061035156,80.5999984741211,48.46958923339844,7699600.0
2016-03-10,81.05999755859375,81.19000244140625,80.55000305175781,81.16000366210938,48.80634689331055,18167000.0
2016-03-11,81.72000122070312,82.26000213623047,81.63999938964844,82.13999938964844,49.39570617675781,18662700.0
2016-03-14,81.87999725341797,82.05999755859375,81.52999877929688,81.91000366210938,49.25736618041992,12512400.0
2016-03-15,81.4000015258789,81.4800033569336,81.11000061035156,81.1500015258789,48.80034255981445,16442600.0
2016-03-16,80.93000030517578,81.98999786376953,80.81999969482422,81.69000244140625,49.12506866455078,21567100.0
2016-03-17,81.87999725341797,82.3499984741211,81.72000122070312,82.20999908447266,49.43778610229492,18423000.0
2016-03-18,82.30000305175781,82.61000061035156,82.27999877929688,82.4000015258789,49.552024841308594,12922000.0
2016-03-21,82.38999938964844,82.45999908447266,82.13999938964844,82.30999755859375,49.49788284301758,12653600.0
2016-03-22,82.13999938964844,82.25,81.9800033569336,82.08999633789062,49.36562347412109,8941200.0
2016-03-23,82.06999969482422,82.06999969482422,81.68000030517578,81.70999908447266,49.1370964050293,11354200.0
2016-03-24,81.12000274658203,81.48999786376953,81.08000183105469,81.3499984741211,48.92062377929688,13497800.0
2016-03-28,81.26000213623047,81.43000030517578,80.94000244140625,80.9800033569336,48.69809722900391,11298900.0
2016-03-29,80.73999786376953,81.31999969482422,80.68000030517578,81.29000091552734,48.88454055786133,11348400.0
2016-03-30,81.44000244140625,81.70999908447266,81.38999938964844,81.58000183105469,49.058929443359375,11796400.0
2016-03-31,81.48999786376953,81.9000015258789,81.4800033569336,81.69000244140625,49.12506866455078,9436700.0
2016-04-01,80.9800033569336,81.51000213623047,80.80000305175781,81.37000274658203,49.16074752807617,10822400.0
2016-04-04,81.26000213623047,81.51000213623047,81.08000183105469,81.16999816894531,49.03987121582031,9269700.0
2016-04-05,80.81999969482422,81.06999969482422,80.77999877929688,80.87000274658203,48.85863494873047,13254500.0
2016-04-06,81.01000213623047,81.62000274658203,80.9800033569336,81.55000305175781,49.269439697265625,13935000.0
2016-04-07,81.22000122070312,81.41000366210938,81.05999755859375,81.1500015258789,49.027793884277344,11306100.0
2016-04-08,81.58000183105469,81.63999938964844,81.41999816894531,81.5199966430664,49.25135040283203,7953000.0
2016-04-11,81.6500015258789,81.86000061035156,81.62000274658203,81.62999725341797,49.31781768798828,8126900.0
2016-04-12,81.7699966430664,82.13999938964844,81.72000122070312,82.11000061035156,49.60781478881836,11772800.0
2016-04-13,82.30999755859375,82.81999969482422,82.30999755859375,82.6500015258789,49.93402862548828,13596100.0
2016-04-14,82.6500015258789,82.7300033569336,82.5,82.62000274658203,49.91593170166016,10758400.0
2016-04-15,82.47000122070312,82.56999969482422,82.4000015258789,82.48999786376953,49.83737564086914,7857300.0
2016-04-18,82.16000366210938,82.97000122070312,82.12999725341797,82.95999908447266,50.12131881713867,9211400.0
2016-04-19,83.1500015258789,83.41000366210938,83.08000183105469,83.30999755859375,50.33280563354492,11623600.0
2016-04-20,83.37999725341797,83.69999694824219,83.22000122070312,83.47000122070312,50.42945861816406,10128800.0
2016-04-21,83.56999969482422,83.5999984741211,83.16999816894531,83.20999908447266,50.27235794067383,13349500.0
2016-04-22,83.27999877929688,83.44999694824219,83.20999908447266,83.4000015258789,50.38715362548828,10982300.0
2016-04-25,83.25,83.37000274658203,83.05000305175781,83.08000183105469,50.19382095336914,8972400.0
2016-04-26,83.29000091552734,83.37000274658203,83.16000366210938,83.36000061035156,50.36300277709961,8291000.0
2016-04-27,83.44000244140625,83.91000366210938,83.41000366210938,83.8499984741211,50.65904998779297,10505400.0
2016-04-28,83.83000183105469,84.04000091552734,83.6500015258789,83.70999908447266,50.5744514465332,9229000.0
2016-04-29,83.62999725341797,83.91000366210938,83.3499984741211,83.8499984741211,50.65904998779297,20284700.0
2016-05-02,83.37999725341797,83.52999877929688,83.29000091552734,83.5,50.678470611572266,11420700.0
2016-05-03,83.19999694824219,83.22000122070312,82.83999633789062,82.95999908447266,50.350730895996094,18449200.0
2016-05-04,82.80999755859375,82.86000061035156,82.61000061035156,82.6500015258789,50.16259002685547,17645200.0
2016-05-05,82.91000366210938,82.91999816894531,82.54000091552734,82.58000183105469,50.12009048461914,18782100.0
2016-05-06,82.2300033569336,82.70999908447266,82.20999908447266,82.52999877929688,50.0897216796875,16204400.0
2016-05-09,82.4000015258789,82.58999633789062,82.27999877929688,82.37999725341797,49.998680114746094,11622800.0
2016-05-10,82.43000030517578,83.0999984741211,82.43000030517578,83.08000183105469,50.42354583740234,11420700.0
2016-05-11,83.08000183105469,83.36000061035156,82.93000030517578,83.0199966430664,50.38713455200195,20692000.0
2016-05-12,83.23999786376953,83.23999786376953,82.95999908447266,83.1500015258789,50.46604537963867,11312400.0
2016-05-13,83.06999969482422,83.18000030517578,82.73999786376953,82.77999877929688,50.241455078125,11332400.0
2016-05-16,82.93000030517578,83.27999877929688,82.87000274658203,83.23999786376953,50.52064514160156,12981700.0
2016-05-17,83.0999984741211,83.31999969482422,83.01000213623047,83.06999969482422,50.41748809814453,7489900.0
2016-05-18,83.0999984741211,83.33000183105469,82.8499984741211,83.08000183105469,50.42354583740234,16612500.0
2016-05-19,82.79000091552734,82.91000366210938,82.58999633789062,82.8499984741211,50.28396224975586,20290200.0
2016-05-20,82.86000061035156,83.16000366210938,82.86000061035156,83.13999938964844,50.4599838256836,10556700.0
2016-05-23,83.12000274658203,83.5999984741211,82.95999908447266,83.16000366210938,50.47210311889648,10457400.0
2016-05-24,83.37000274658203,83.66000366210938,83.30999755859375,83.66000366210938,50.77554702758789,10838400.0
2016-05-25,83.83000183105469,83.91999816894531,83.75,83.79000091552734,50.85448455810547,15119600.0
2016-05-26,83.94000244140625,83.94000244140625,83.54000091552734,83.55000305175781,50.70880889892578,12269000.0
2016-05-27,83.58999633789062,83.69000244140625,83.52999877929688,83.69000244140625,50.79376983642578,6225600.0
2016-05-31,83.75,83.87000274658203,83.5199966430664,83.61000061035156,50.7452392578125,11994100.0
2016-06-01,82.98999786376953,83.37999725341797,82.9000015258789,83.33999633789062,50.82573699951172,16488600.0
2016-06-02,83.19999694824219,83.41000366210938,83.11000061035156,83.36000061035156,50.83793258666992,12118900.0
2016-06-03,83.44000244140625,83.55999755859375,83.2300033569336,83.51000213623047,50.92941284179688,13093000.0
2016-06-06,83.77999877929688,83.93000030517578,83.62000274658203,83.87999725341797,51.15505599975586,16126200.0
2016-06-07,83.9800033569336,84.3499984741211,83.93000030517578,84.25,51.38072204589844,18423500.0
2016-06-08,84.36000061035156,84.5999984741211,84.3499984741211,84.56999969482422,51.57585906982422,14652800.0
2016-06-09,84.56999969482422,84.56999969482422,84.13999938964844,84.23999786376953,51.37459945678711,11188300.0
2016-06-10,83.9000015258789,84.0199966430664,83.66000366210938,83.83000183105469,51.12458801269531,15259900.0
2016-06-13,83.5,83.80999755859375,83.2699966430664,83.2699966430664,50.78305816650391,17257900.0
2016-06-14,83.12999725341797,83.23999786376953,82.7699966430664,82.98999786376953,50.61225128173828,20578800.0
2016-06-15,83.26000213623047,83.37999725341797,82.97000122070312,83.02999877929688,50.63669204711914,14202800.0
2016-06-16,82.8499984741211,83.1500015258789,82.44999694824219,83.08000183105469,50.66715240478516,19195500.0
2016-06-17,83.08999633789062,83.33000183105469,83.05999755859375,83.12999725341797,50.697635650634766,16113800.0
2016-06-20,83.7300033569336,83.97000122070312,83.52999877929688,83.62000274658203,50.996490478515625,13368400.0
2016-06-21,83.7699966430664,83.9800033569336,83.62999725341797,83.94000244140625,51.19163131713867,12141800.0
2016-06-22,83.98999786376953,84.12000274658203,83.88999938964844,84.0199966430664,51.24043655395508,10759500.0
2016-06-23,84.38999938964844,84.63999938964844,84.31999969482422,84.63999938964844,51.61851119995117,9920200.0
2016-06-24,82.98999786376953,84.19999694824219,82.9000015258789,83.25,50.77084732055664,31416700.0
2016-06-27,83.0,83.05999755859375,82.01000213623047,82.05000305175781,50.03901672363281,27244200.0
2016-06-28,82.83000183105469,83.11000061035156,82.69000244140625,83.08000183105469,50.66715240478516,13910300.0
2016-06-29,83.58000183105469,84.30000305175781,83.54000091552734,84.12999725341797,51.3074951171875,23604300.0
2016-06-30,84.05999755859375,84.80000305175781,83.94000244140625,84.69999694824219,51.65513610839844,26304600.0
2016-07-01,84.30000305175781,84.69999694824219,84.25,84.47000122070312,51.75745391845703,16343000.0
2016-07-05,84.30000305175781,84.30000305175781,83.8499984741211,83.98999786376953,51.46334457397461,12078200.0
2016-07-06,83.87999725341797,84.37000274658203,83.75,84.36000061035156,51.69005584716797,9607000.0
2016-07-07,84.37999725341797,84.5999984741211,84.25,84.47000122070312,51.75745391845703,13058100.0
2016-07-08,84.81999969482422,85.63999938964844,84.79000091552734,85.58999633789062,52.44371795654297,21395600.0
2016-07-11,85.63999938964844,85.91999816894531,85.5999984741211,85.63999938964844,52.4743537902832,18313500.0
2016-07-12,86.05999755859375,86.31999969482422,85.86000061035156,85.87999725341797,52.62142181396485,16074300.0
2016-07-13,85.87000274658203,85.9000015258789,85.51000213623047,85.62999725341797,52.46822738647461,13040300.0
2016-07-14,85.9000015258789,85.91000366210938,85.5999984741211,85.80000305175781,52.5723991394043,7764400.0
2016-07-15,85.8499984741211,85.94000244140625,85.5999984741211,85.62999725341797,52.46822738647461,9163800.0
2016-07-18,85.68000030517578,85.94000244140625,85.62999725341797,85.91999816894531,52.64592361450195,7447200.0
2016-07-19,85.7300033569336,85.87000274658203,85.54000091552734,85.69000244140625,52.5049934387207,7349700.0
2016-07-20,85.80999755859375,85.98999786376953,85.6500015258789,85.91000366210938,52.639793395996094,7247500.0
2016-07-21,85.77999877929688,86.08000183105469,85.73999786376953,85.79000091552734,52.56626892089844,11265000.0
2016-07-22,85.80999755859375,86.26000213623047,85.7300033569336,86.16999816894531,52.79909896850586,10523500.0
2016-07-25,86.08999633789062,86.08999633789062,85.68000030517578,85.76000213623047,52.54786682128906,14768400.0
2016-07-26,85.69999694824219,85.75,85.37999725341797,85.43000030517578,52.34571838378906,14292600.0
2016-07-27,85.58000183105469,85.72000122070312,85.33999633789062,85.69000244140625,52.5049934387207,11730800.0
2016-07-28,85.51000213623047,85.51000213623047,85.23999786376953,85.33000183105469,52.28442001342773,17968100.0
2016-07-29,85.18000030517578,85.43000030517578,84.98999786376953,85.41000366210938,52.33344650268555,15202400.0
2016-08-01,84.97000122070312,84.9800033569336,84.4800033569336,84.55000305175781,52.03982925415039,18335300.0
2016-08-02,84.5199966430664,84.61000061035156,84.29000091552734,84.43000030517578,51.96597671508789,21959800.0
2016-08-03,84.5,84.88999938964844,84.44999694824219,84.80999755859375,52.19986343383789,13733700.0
2016-08-04,85.12000274658203,85.45999908447266,85.0,85.3499984741211,52.53223419189453,11832000.0
2016-08-05,85.62999725341797,85.77999877929688,85.51000213623047,85.54000091552734,52.64917755126953,12314900.0
2016-08-08,85.69999694824219,85.93000030517578,85.5999984741211,85.88999938964844,52.86460876464844,10800900.0
2016-08-09,85.94000244140625,86.25,85.91999816894531,86.19000244140625,53.04925537109375,13772300.0
2016-08-10,86.20999908447266,86.25,86.0,86.02999877929688,52.95077896118164,7250400.0
2016-08-11,86.16999816894531,86.36000061035156,86.0999984741211,86.23999786376953,53.080020904541016,6732600.0
2016-08-12,86.19000244140625,86.33000183105469,86.12000274658203,86.30999755859375,53.12308120727539,3996500.0
2016-08-15,86.48999786376953,86.62000274658203,86.33000183105469,86.56999969482422,53.28315734863281,9396400.0
2016-08-16,86.5999984741211,86.5999984741211,86.3499984741211,86.38999938964844,53.17234802246094,8104400.0
2016-08-17,86.44999694824219,86.55000305175781,86.31999969482422,86.51000213623047,53.246185302734375,14139600.0
2016-08-18,86.58000183105469,86.8499984741211,86.5199966430664,86.8499984741211,53.455474853515625,8582700.0
2016-08-19,86.73999786376953,86.80999755859375,86.55000305175781,86.58999633789062,53.29543685913086,7474000.0
2016-08-22,86.5,86.55999755859375,86.30999755859375,86.44999694824219,53.20926284790039,5364700.0
2016-08-23,86.66999816894531,86.81999969482422,86.58999633789062,86.73999786376953,53.38773727416992,7476400.0
2016-08-24,86.7300033569336,86.77999877929688,86.48999786376953,86.5,53.24006271362305,6655300.0
2016-08-25,86.55000305175781,86.7699966430664,86.52999877929688,86.66000366210938,53.33854675292969,7482800.0
2016-08-26,86.61000061035156,87.0199966430664,86.41000366210938,86.55999755859375,53.2769660949707,10544900.0
2016-08-29,86.69000244140625,87.04000091552734,86.66000366210938,86.98999786376953,53.54164505004883,10038500.0
2016-08-30,86.98999786376953,87.13999938964844,86.79000091552734,87.04000091552734,53.57239532470703,16157400.0
2016-08-31,86.97000122070312,87.02999877929688,86.62000274658203,86.69999694824219,53.36315155029297,16985000.0
2016-09-01,86.4000015258789,86.52999877929688,86.12000274658203,86.5,53.468841552734375,14952700.0
2016-09-02,86.76000213623047,87.02999877929688,86.62000274658203,86.9000015258789,53.716094970703125,13540100.0
2016-09-06,86.87000274658203,87.01000213623047,86.8499984741211,87.0,53.77791595458984,12662000.0
2016-09-07,86.94999694824219,87.01000213623047,86.69999694824219,86.76000213623047,53.62956619262695,8245100.0
2016-09-08,86.7699966430664,86.81999969482422,86.58999633789062,86.5999984741211,53.53068923950195,8430700.0
2016-09-09,86.3499984741211,86.55999755859375,85.73999786376953,85.7699966430664,53.017608642578125,25087600.0
2016-09-12,85.5999984741211,86.2300033569336,85.55000305175781,86.06999969482422,53.20306396484375,17718300.0
2016-09-13,85.86000061035156,85.97000122070312,85.2699966430664,85.41000366210938,52.79507827758789,21907200.0
2016-09-14,85.52999877929688,85.80999755859375,85.29000091552734,85.38999938964844,52.78273010253906,14257700.0
2016-09-15,85.5,85.93000030517578,85.44000244140625,85.88999938964844,53.09177017211914,9964800.0
2016-09-16,85.77999877929688,85.93000030517578,85.58000183105469,85.91000366210938,53.10414505004883,8396600.0
2016-09-19,85.97000122070312,86.06999969482422,85.81999969482422,85.95999908447266,53.13505554199219,9855500.0
2016-09-20,86.0,86.0999984741211,85.72000122070312,85.86000061035156,53.07323455810547,8705600.0
2016-09-21,85.91000366210938,86.62000274658203,85.87999725341797,86.56999969482422,53.512115478515625,17484300.0
2016-09-22,86.86000061035156,87.12999725341797,86.70999908447266,86.86000061035156,53.69137954711914,11813600.0
2016-09-23,86.80000305175781,86.97000122070312,86.69999694824219,86.76000213623047,53.62956619262695,13122600.0
2016-09-26,86.56999969482422,86.68000030517578,86.30999755859375,86.37999725341797,53.3946418762207,6590500.0
2016-09-27,86.26000213623047,86.63999938964844,86.12999725341797,86.62999725341797,53.54920959472656,8516500.0
2016-09-28,86.77999877929688,87.2300033569336,86.47000122070312,87.20999908447266,53.907711029052734,11149300.0
2016-09-29,87.16999816894531,87.19000244140625,86.55999755859375,86.87999725341797,53.70374298095703,13425800.0
2016-09-30,87.0,87.29000091552734,86.9800033569336,87.26000213623047,53.93864822387695,12158000.0
2016-10-03,86.81999969482422,86.91000366210938,86.6500015258789,86.81999969482422,53.90510940551758,10708800.0
2016-10-04,86.94000244140625,87.0,86.55999755859375,86.66999816894531,53.811988830566406,11057500.0
2016-10-05,86.97000122070312,86.98999786376953,86.76000213623047,86.9000015258789,53.95480346679688,9424500.0
2016-10-06,86.97000122070312,86.98999786376953,86.7300033569336,86.94999694824219,53.985782623291016,9455200.0
2016-10-07,86.98999786376953,87.19000244140625,86.73999786376953,87.1500015258789,54.1099739074707,10824200.0
2016-10-10,87.20999908447266,87.5,87.1500015258789,87.4000015258789,54.265235900878906,4182300.0
2016-10-11,87.2699966430664,87.27999877929688,86.7699966430664,86.91000366210938,53.96099090576172,8855400.0
2016-10-12,86.87000274658203,87.02999877929688,86.7300033569336,86.87999725341797,53.942344665527344,7915300.0
2016-10-13,86.61000061035156,86.7699966430664,86.43000030517578,86.66000366210938,53.805763244628906,10614800.0
2016-10-14,86.91000366210938,86.9800033569336,86.73999786376953,86.86000061035156,53.929935455322266,6766300.0
2016-10-17,86.83999633789062,86.98999786376953,86.70999908447266,86.73999786376953,53.85542297363281,7790000.0
2016-10-18,87.05000305175781,87.12000274658203,86.81999969482422,87.08999633789062,54.072715759277344,8404600.0
2016-10-19,87.16000366210938,87.38999938964844,87.13999938964844,87.33999633789062,54.22795867919922,9874300.0
2016-10-20,87.33999633789062,87.41000366210938,87.18000030517578,87.3499984741211,54.23418426513672,12558000.0
2016-10-21,87.18000030517578,87.44999694824219,87.06999969482422,87.37000274658203,54.24658203125,8332900.0
2016-10-24,87.4800033569336,87.55999755859375,87.27999877929688,87.41999816894531,54.277645111083984,7200800.0
2016-10-25,87.33000183105469,87.41999816894531,87.2300033569336,87.37000274658203,54.24658203125,6906500.0
2016-10-26,87.1500015258789,87.3499984741211,86.98999786376953,87.0199966430664,54.02923583984375,13813300.0
2016-10-27,87.08999633789062,87.12999725341797,86.55000305175781,86.69999694824219,53.830596923828125,19333100.0
2016-10-28,86.5999984741211,86.66000366210938,86.20999908447266,86.27999877929688,53.56984329223633,19745600.0
2016-10-31,86.26000213623047,86.30999755859375,85.93000030517578,86.0199966430664,53.408390045166016,21174600.0
2016-11-01,85.68000030517578,85.68000030517578,84.97000122070312,85.30000305175781,53.20010757446289,26184000.0
2016-11-02,85.16000366210938,85.23999786376953,84.81999969482422,84.91999816894531,52.96309661865234,19593600.0
2016-11-03,85.0999984741211,85.2300033569336,84.87000274658203,84.94000244140625,52.975547790527344,12699700.0
2016-11-04,85.08999633789062,85.25,84.91000366210938,84.9800033569336,53.00050354003906,10970400.0
2016-11-07,85.75,86.22000122070312,85.69000244140625,86.16999816894531,53.74267578125,14416200.0
2016-11-08,85.7699966430664,86.12999725341797,85.73999786376953,85.9800033569336,53.62417984008789,20370600.0
2016-11-09,85.44999694824219,86.0,85.30000305175781,85.37999725341797,53.24996948242188,24858900.0
2016-11-10,85.19999694824219,85.19999694824219,84.20999908447266,84.26000213623047,52.55145263671875,33213300.0
2016-11-11,83.98999786376953,84.19999694824219,83.25,83.47000122070312,52.05873489379883,16442900.0
2016-11-14,83.25,84.19000244140625,83.23999786376953,84.08999633789062,52.445430755615234,21036000.0
2016-11-15,84.5199966430664,85.30999755859375,84.5199966430664,85.19999694824219,53.137725830078125,17888600.0
2016-11-16,84.83999633789062,85.0,84.7300033569336,84.86000061035156,52.92568206787109,11965700.0
2016-11-17,84.8499984741211,85.08999633789062,84.62999725341797,84.62999725341797,52.782222747802734,12017600.0
2016-11-18,84.80999755859375,84.94000244140625,84.4800033569336,84.62999725341797,52.782222747802734,17781800.0
2016-11-21,84.8499984741211,85.3499984741211,84.83999633789062,85.30999755859375,53.20632553100586,11581600.0
2016-11-22,85.44999694824219,86.02999877929688,85.41999816894531,85.94000244140625,53.59927368164063,16648100.0
2016-11-23,85.29000091552734,85.69000244140625,85.27999877929688,85.62000274658203,53.39970779418945,10662900.0
2016-11-25,85.66999816894531,85.76000213623047,85.5999984741211,85.7300033569336,53.46826553344727,2009600.0
2016-11-28,85.62000274658203,86.0,85.47000122070312,85.72000122070312,53.462039947509766,16897400.0
2016-11-29,85.5,85.69999694824219,85.43000030517578,85.61000061035156,53.39342498779297,9164000.0
2016-11-30,85.69999694824219,85.80000305175781,85.43000030517578,85.6500015258789,53.41835021972656,15211300.0
2016-12-01,85.27999877929688,85.31999969482422,84.87000274658203,84.87000274658203,53.16841125488281,18249400.0
2016-12-02,85.06999969482422,85.38999938964844,84.9800033569336,85.37999725341797,53.4879035949707,9360400.0
2016-12-05,85.41999816894531,85.66999816894531,85.37999725341797,85.5999984741211,53.62576675415039,9782100.0
2016-12-06,85.7300033569336,86.05999755859375,85.6500015258789,86.02999877929688,53.895118713378906,16090600.0
2016-12-07,86.13999938964844,86.5999984741211,86.06999969482422,86.45999908447266,54.16448593139648,20886400.0
2016-12-08,86.37000274658203,86.5,86.12999725341797,86.44999694824219,54.15824508666992,10782100.0
2016-12-09,86.41000366210938,86.62000274658203,86.36000061035156,86.48999786376953,54.183292388916016,6463400.0
2016-12-12,86.6500015258789,86.68000030517578,86.27999877929688,86.37000274658203,54.10812377929688,8457100.0
2016-12-13,86.69000244140625,86.83999633789062,86.55999755859375,86.58000183105469,54.23969268798828,10739200.0
2016-12-14,86.58000183105469,86.83999633789062,85.8499984741211,85.93000030517578,53.832462310791016,15672400.0
2016-12-15,85.79000091552734,86.13999938964844,85.75,85.97000122070312,53.8575439453125,11221700.0
2016-12-16,86.20999908447266,86.26000213623047,86.02999877929688,86.05000305175781,53.90763473510742,15722200.0
2016-12-19,86.12000274658203,86.37999725341797,86.0999984741211,86.2699966430664,54.04546737670898,5897900.0
2016-12-20,86.30000305175781,86.4800033569336,86.19000244140625,86.38999938964844,54.12064743041992,11072400.0
2016-12-21,86.3499984741211,86.62000274658203,86.33000183105469,86.54000091552734,54.21462631225586,17461400.0
2016-12-22,86.2699966430664,86.44000244140625,86.16999816894531,86.44000244140625,54.331539154052734,8507600.0
2016-12-23,86.47000122070312,86.61000061035156,86.41000366210938,86.5999984741211,54.43210983276367,4230500.0
2016-12-27,86.48999786376953,86.66000366210938,86.44999694824219,86.5199966430664,54.38181686401367,5840600.0
2016-12-28,86.63999938964844,86.63999938964844,86.36000061035156,86.4000015258789,54.30638885498047,6961200.0
2016-12-29,86.47000122070312,86.55000305175781,86.37999725341797,86.5199966430664,54.38181686401367,3794300.0
2016-12-30,86.58000183105469,86.69999694824219,86.37999725341797,86.55000305175781,54.40068054199219,7513400.0
2017-01-03,86.87999725341797,86.94999694824219,86.69999694824219,86.91000366210938,54.62694549560547,14050100.0
2017-01-04,87.0,87.38999938964844,87.0,87.37999725341797,54.92236709594727,11912400.0
2017-01-05,87.26000213623047,87.41999816894531,87.19999694824219,87.25,54.840633392333984,10458600.0
2017-01-06,87.16000366210938,87.27999877929688,87.04000091552734,87.2300033569336,54.82809066772461,6836400.0
2017-01-09,87.20999908447266,87.27999877929688,87.05000305175781,87.20999908447266,54.81547164916992,6648800.0
2017-01-10,87.30999755859375,87.43000030517578,87.18000030517578,87.22000122070312,54.82182312011719,11777000.0
2017-01-11,87.25,87.31999969482422,87.11000061035156,87.2699966430664,54.85324096679688,11914200.0
2017-01-12,87.25,87.30000305175781,87.12999725341797,87.29000091552734,54.86580657958984,12512300.0
2017-01-13,87.26000213623047,87.4000015258789,87.0999984741211,87.31999969482422,54.884647369384766,8861000.0
2017-01-17,87.26000213623047,87.29000091552734,87.1500015258789,87.2300033569336,54.82809066772461,8633000.0
2017-01-18,87.19999694824219,87.30999755859375,87.0999984741211,87.30999755859375,54.87836456298828,12715500.0
2017-01-19,87.25,87.30000305175781,86.94000244140625,87.02999877929688,54.70241928100586,10703200.0
2017-01-20,87.05999755859375,87.22000122070312,86.97000122070312,87.19999694824219,54.80924987792969,9262000.0
2017-01-23,87.12999725341797,87.22000122070312,87.04000091552734,87.19999694824219,54.80924987792969,13561300.0
2017-01-24,87.1500015258789,87.31999969482422,87.11000061035156,87.26000213623047,54.846954345703125,7490500.0
2017-01-25,87.4000015258789,87.56999969482422,87.33999633789062,87.56999969482422,55.041778564453125,8953900.0
2017-01-26,87.5,87.58999633789062,87.41000366210938,87.52999877929688,55.01665115356445,7443900.0
2017-01-27,87.45999908447266,87.69000244140625,87.44999694824219,87.61000061035156,55.06694412231445,7888100.0
2017-01-30,87.4800033569336,87.54000091552734,87.30999755859375,87.43000030517578,54.95378875732422,7637600.0
2017-01-31,87.38999938964844,87.41999816894531,87.18000030517578,87.33999633789062,54.897220611572266,12249400.0
2017-02-01,87.19999694824219,87.33000183105469,86.94999694824219,87.27999877929688,55.1004753112793,12489400.0
2017-02-02,87.2699966430664,87.37000274658203,87.13999938964844,87.33000183105469,55.13208770751953,10886200.0
2017-02-03,87.5199966430664,87.58000183105469,87.43000030517578,87.4800033569336,55.22675704956055,12674000.0
2017-02-06,87.5,87.52999877929688,87.3499984741211,87.41999816894531,55.18887710571289,7004900.0
2017-02-07,87.5199966430664,87.5199966430664,87.27999877929688,87.29000091552734,55.10681915283203,11170100.0
2017-02-08,87.29000091552734,87.36000061035156,87.12000274658203,87.3499984741211,55.14468002319336,11107300.0
2017-02-09,87.3499984741211,87.54000091552734,87.3499984741211,87.47000122070312,55.22045516967773,7292600.0
2017-02-10,87.5199966430664,87.55000305175781,87.4000015258789,87.52999877929688,55.25832748413086,5471800.0
2017-02-13,87.5999984741211,87.72000122070312,87.58999633789062,87.66000366210938,55.34041976928711,7477200.0
2017-02-14,87.6500015258789,87.76000213623047,87.47000122070312,87.72000122070312,55.37827682495117,8785000.0
2017-02-15,87.62999725341797,87.7699966430664,87.56999969482422,87.75,55.39723205566406,10582800.0
2017-02-16,87.66000366210938,88.08000183105469,87.51000213623047,87.68000030517578,55.3530387878418,8917800.0
2017-02-17,87.58999633789062,87.79000091552734,87.51000213623047,87.7699966430664,55.40985107421875,6247300.0
2017-02-21,87.7699966430664,88.05999755859375,87.7699966430664,88.05999755859375,55.592918395996094,10437800.0
2017-02-22,88.01000213623047,88.12000274658203,87.94000244140625,88.0999984741211,55.618160247802734,10963600.0
2017-02-23,88.29000091552734,88.30000305175781,88.08000183105469,88.18000030517578,55.668678283691406,8150200.0
2017-02-24,88.11000061035156,88.37000274658203,88.05999755859375,88.25,55.71285629272461,8390200.0
2017-02-27,88.25,88.36000061035156,88.19000244140625,88.36000061035156,55.7823371887207,5693300.0
2017-02-28,88.30000305175781,88.37000274658203,88.23999786376953,88.29000091552734,55.73813247680664,5868400.0
2017-03-01,88.18000030517578,88.30999755859375,88.18000030517578,88.2300033569336,55.94354248046875,10612100.0
2017-03-02,88.25,88.25,87.94999694824219,87.94999694824219,55.76601409912109,9193000.0
2017-03-03,88.0199966430664,88.08999633789062,87.81999969482422,87.98999786376953,55.7913818359375,15059300.0
2017-03-06,87.8499984741211,87.88999938964844,87.69000244140625,87.70999908447266,55.61382675170898,17066300.0
2017-03-07,87.52999877929688,87.5999984741211,87.12000274658203,87.13999938964844,55.252437591552734,17023100.0
2017-03-08,86.93000030517578,87.06999969482422,86.55000305175781,86.55999755859375,54.88467025756836,22433500.0
2017-03-09,86.37999725341797,86.72000122070312,86.19999694824219,86.33000183105469,54.73882675170898,21260700.0
2017-03-10,86.87999725341797,86.87999725341797,86.08000183105469,86.30000305175781,54.71980285644531,20643900.0
2017-03-13,86.37999725341797,86.4800033569336,86.12000274658203,86.37000274658203,54.76420974731445,13512300.0
2017-03-14,86.12000274658203,86.20999908447266,85.98999786376953,86.11000061035156,54.59933853149414,12808500.0
2017-03-15,86.4000015258789,87.30000305175781,86.31999969482422,87.30000305175781,55.353885650634766,19654600.0
2017-03-16,87.5,87.52999877929688,87.02999877929688,87.05000305175781,55.19535446166992,15807500.0
2017-03-17,87.25,87.25,87.04000091552734,87.08000183105469,55.21439743041992,9984500.0
2017-03-20,87.06999969482422,87.06999969482422,86.91000366210938,86.91000366210938,55.10660934448242,12220600.0
2017-03-21,87.08000183105469,87.16999816894531,86.27999877929688,86.29000091552734,54.713478088378906,16918200.0
2017-03-22,86.23999786376953,86.56999969482422,86.0199966430664,86.5,54.84662628173828,14054600.0
2017-03-23,86.43000030517578,86.75,86.37000274658203,86.52999877929688,54.86565780639648,10618900.0
2017-03-24,86.5999984741211,86.86000061035156,86.5999984741211,86.83000183105469,55.05583190917969,8920800.0
2017-03-27,86.5199966430664,86.77999877929688,86.4000015258789,86.73999786376953,54.998809814453125,7788700.0
2017-03-28,86.69999694824219,87.25,86.69999694824219,87.22000122070312,55.30314636230469,16871700.0
2017-03-29,87.27999877929688,87.55000305175781,87.22000122070312,87.4000015258789,55.41730499267578,12266300.0
2017-03-30,87.5999984741211,87.83000183105469,87.47000122070312,87.80999755859375,55.6772575378418,16367900.0
2017-03-31,87.7300033569336,87.9000015258789,87.69000244140625,87.77999877929688,55.65820693969727,11778400.0
2017-04-03,87.45999908447266,87.47000122070312,87.2300033569336,87.36000061035156,55.628299713134766,20664400.0
2017-04-04,87.37000274658203,87.48999786376953,87.29000091552734,87.38999938964844,55.64739227294922,8473900.0
2017-04-05,87.52999877929688,87.70999908447266,87.2699966430664,87.31999969482422,55.60283660888672,11102300.0
2017-04-06,87.4000015258789,87.5199966430664,87.30000305175781,87.43000030517578,55.67287063598633,7234500.0
2017-04-07,87.55000305175781,87.62000274658203,87.38999938964844,87.38999938964844,55.64739227294922,5457800.0
2017-04-10,87.52999877929688,87.62000274658203,87.44999694824219,87.51000213623047,55.72380447387695,7996900.0
2017-04-11,87.56999969482422,87.56999969482422,87.23999786376953,87.33999633789062,55.61556243896485,8005800.0
2017-04-12,87.4000015258789,87.5999984741211,87.31999969482422,87.4000015258789,55.653785705566406,8723800.0
2017-04-13,87.37000274658203,87.48999786376953,87.16000366210938,87.22000122070312,55.53915786743164,10446700.0
2017-04-17,87.33000183105469,87.5,87.2300033569336,87.4800033569336,55.704708099365234,7158700.0
2017-04-18,87.47000122070312,87.55999755859375,87.2300033569336,87.45999908447266,55.691993713378906,9062800.0
2017-04-19,87.51000213623047,87.69999694824219,87.33000183105469,87.37999725341797,55.641021728515625,8643200.0
2017-04-20,87.4800033569336,87.69000244140625,87.44000244140625,87.66999816894531,55.82571029663086,7766000.0
2017-04-21,87.63999938964844,87.70999908447266,87.48999786376953,87.5999984741211,55.78113555908203,11328200.0
2017-04-24,87.95999908447266,88.0199966430664,87.87999725341797,88.01000213623047,56.04219436645508,8904700.0
2017-04-25,88.06999969482422,88.19999694824219,88.02999877929688,88.16999816894531,56.14410400390625,12493400.0
2017-04-26,88.08999633789062,88.2300033569336,88.06999969482422,88.08999633789062,56.09315872192383,7269000.0
2017-04-27,88.08999633789062,88.16000366210938,88.01000213623047,88.1500015258789,56.13136291503906,6897900.0
2017-04-28,88.16000366210938,88.23999786376953,88.06999969482422,88.12000274658203,56.11225509643555,7542800.0
2017-05-01,87.75,87.8499984741211,87.69999694824219,87.79000091552734,56.14101028442383,10336000.0
2017-05-02,87.88999938964844,87.9000015258789,87.76000213623047,87.81999969482422,56.16020584106445,10792800.0
2017-05-03,87.88999938964844,87.94999694824219,87.80000305175781,87.9000015258789,56.21138000488281,7413400.0
2017-05-04,87.83999633789062,87.83999633789062,87.3499984741211,87.43000030517578,55.91079330444336,20562500.0
2017-05-05,87.43000030517578,87.66000366210938,87.37999725341797,87.58000183105469,56.00672912597656,14935200.0
2017-05-08,87.61000061035156,87.7300033569336,87.54000091552734,87.68000030517578,56.07071304321289,8199200.0
2017-05-09,87.80000305175781,87.8499984741211,87.61000061035156,87.62000274658203,56.032318115234375,10810000.0
2017-05-10,87.8499984741211,88.04000091552734,87.7300033569336,88.0,56.27533721923828,10824900.0
2017-05-11,87.94000244140625,88.04000091552734,87.83000183105469,88.01000213623047,56.28169250488281,8461400.0
2017-05-12,88.05999755859375,88.06999969482422,87.91000366210938,87.9800033569336,56.26249694824219,8929900.0
2017-05-15,88.12000274658203,88.25,88.11000061035156,88.18000030517578,56.39040756225586,10690200.0
2017-05-16,88.2699966430664,88.3499984741211,88.18000030517578,88.30999755859375,56.47357177734375,12638900.0
2017-05-17,88.0199966430664,88.0999984741211,87.87000274658203,87.91999816894531,56.22414779663086,14055700.0
2017-05-18,87.66000366210938,88.16000366210938,87.62999725341797,88.0199966430664,56.28811264038086,10731800.0
2017-05-19,88.16999816894531,88.30999755859375,88.12999725341797,88.18000030517578,56.39040756225586,15998800.0
2017-05-22,88.36000061035156,88.44999694824219,88.2699966430664,88.44999694824219,56.56306076049805,7181800.0
2017-05-23,88.48999786376953,88.48999786376953,88.3499984741211,88.44000244140625,56.55671310424805,6998400.0
2017-05-24,88.5,88.61000061035156,88.4000015258789,88.58999633789062,56.652591705322266,8533600.0
2017-05-25,88.58999633789062,88.75,88.48999786376953,88.5199966430664,56.60785675048828,7985500.0
2017-05-26,88.5,88.58999633789062,88.5,88.56999969482422,56.63983917236328,2909500.0
2017-05-30,88.55999755859375,88.69999694824219,88.5199966430664,88.66000366210938,56.69736862182617,5371100.0
2017-05-31,88.66999816894531,88.69999694824219,88.52999877929688,88.6500015258789,56.69096755981445,13758400.0
2017-06-01,88.36000061035156,88.5999984741211,88.29000091552734,88.52999877929688,56.85602951049805,19189300.0
2017-06-02,88.55000305175781,88.66000366210938,88.5,88.58000183105469,56.88815307617188,9491600.0
2017-06-05,88.55000305175781,88.63999938964844,88.45999908447266,88.5,56.83678436279297,10384400.0
2017-06-06,88.4800033569336,88.51000213623047,88.30999755859375,88.36000061035156,56.74684143066406,14386500.0
2017-06-07,88.44000244140625,88.44000244140625,88.06999969482422,88.18000030517578,56.63126373291016,13329000.0
2017-06-08,88.19999694824219,88.33999633789062,88.02999877929688,88.25,56.67620468139648,14208300.0
2017-06-09,88.33999633789062,88.44999694824219,88.19999694824219,88.31999969482422,56.72118377685547,10414900.0
2017-06-12,88.3499984741211,88.54000091552734,88.29000091552734,88.47000122070312,56.817508697509766,9900000.0
2017-06-13,88.51000213623047,88.63999938964844,88.5,88.62999725341797,56.92026519775391,8640400.0
2017-06-14,88.73999786376953,88.75,88.5199966430664,88.63999938964844,56.92670822143555,8850700.0
2017-06-15,88.41999816894531,88.44999694824219,88.12000274658203,88.30000305175781,56.70833206176758,10860500.0
2017-06-16,88.37999725341797,88.37999725341797,88.12999725341797,88.1500015258789,56.61199188232422,11996100.0
2017-06-19,88.31999969482422,88.44999694824219,88.29000091552734,88.41999816894531,56.785404205322266,6398400.0
2017-06-20,88.1500015258789,88.22000122070312,88.0999984741211,88.11000061035156,56.5863151550293,18318500.0
2017-06-21,88.12000274658203,88.16000366210938,87.5199966430664,87.5999984741211,56.258766174316406,26728100.0
2017-06-22,87.69000244140625,87.87999725341797,87.62999725341797,87.83999633789062,56.41290283203125,18699400.0
2017-06-23,87.87999725341797,88.22000122070312,87.87000274658203,88.19999694824219,56.64409255981445,11337700.0
2017-06-26,88.18000030517578,88.36000061035156,88.1500015258789,88.31999969482422,56.72118377685547,9504500.0
2017-06-27,88.31999969482422,88.33999633789062,87.9800033569336,88.04000091552734,56.54134368896485,15293300.0
2017-06-28,88.20999908447266,88.44000244140625,88.11000061035156,88.4000015258789,56.772552490234375,9755500.0
2017-06-29,88.26000213623047,88.38999938964844,88.05999755859375,88.18000030517578,56.63126373291016,14548400.0
2017-06-30,88.30000305175781,88.4800033569336,88.20999908447266,88.38999938964844,56.766090393066406,8202000.0
2017-07-03,88.01000213623047,88.25,87.87999725341797,87.97000122070312,56.73839569091797,13882000.0
2017-07-05,88.02999877929688,88.11000061035156,87.83999633789062,87.9000015258789,56.6932373046875,16269100.0
2017-07-06,87.87000274658203,87.88999938964844,87.54000091552734,87.68000030517578,56.5513801574707,15424700.0
2017-07-07,87.61000061035156,87.70999908447266,87.44999694824219,87.5999984741211,56.49974060058594,15731200.0
2017-07-10,87.5999984741211,87.73999786376953,87.56999969482422,87.69999694824219,56.564231872558594,12286600.0
2017-07-11,87.69999694824219,87.72000122070312,87.5199966430664,87.63999938964844,56.52555465698242,9261400.0
2017-07-12,87.98999786376953,88.20999908447266,87.87000274658203,88.20999908447266,56.893192291259766,17979900.0
2017-07-13,88.22000122070312,88.31999969482422,88.12999725341797,88.27999877929688,56.93833160400391,11744600.0
2017-07-14,88.33999633789062,88.56999969482422,88.25,88.52999877929688,57.09956359863281,12626700.0
2017-07-17,88.55000305175781,88.58999633789062,88.4800033569336,88.55999755859375,57.11893844604492,10158100.0
2017-07-18,88.54000091552734,88.63999938964844,88.47000122070312,88.5999984741211,57.14473342895508,9221100.0
2017-07-19,88.69000244140625,88.83000183105469,88.62999725341797,88.75,57.241512298583984,8250900.0
2017-07-20,88.83999633789062,88.8499984741211,88.66999816894531,88.80000305175781,57.27370834350586,11827800.0
2017-07-21,88.77999877929688,88.79000091552734,88.6500015258789,88.7300033569336,57.22857666015625,8771700.0
2017-07-24,88.70999908447266,88.80000305175781,88.6500015258789,88.80000305175781,57.27370834350586,4707500.0
2017-07-25,88.87000274658203,88.91000366210938,88.79000091552734,88.83999633789062,57.29950714111328,7292900.0
2017-07-26,88.97000122070312,89.04000091552734,88.86000061035156,88.97000122070312,57.38336944580078,7279800.0
2017-07-27,88.95999908447266,89.0,88.80999755859375,88.9000015258789,57.33821868896485,11624500.0
2017-07-28,88.8499984741211,88.91000366210938,88.7699966430664,88.91000366210938,57.34467697143555,4945300.0
2017-07-31,88.80000305175781,88.98999786376953,88.79000091552734,88.91000366210938,57.34467697143555,9779900.0
2017-08-01,88.61000061035156,88.68000030517578,88.56999969482422,88.62999725341797,57.401668548583984,14946800.0
2017-08-02,88.62999725341797,88.72000122070312,88.58999633789062,88.6500015258789,57.41459274291992,7422700.0
2017-08-03,88.56999969482422,88.66000366210938,88.41999816894531,88.4800033569336,57.30451202392578,9548300.0
2017-08-04,88.4800033569336,88.5199966430664,88.41000366210938,88.5,57.317481994628906,6451600.0
2017-08-07,88.5,88.5,88.4000015258789,88.45999908447266,57.29154968261719,5204700.0
2017-08-08,88.41999816894531,88.5,87.98999786376953,88.08000183105469,57.04544448852539,18534700.0
2017-08-09,87.9000015258789,87.9800033569336,87.68000030517578,87.73999786376953,56.825225830078125,15001700.0
2017-08-10,87.55999755859375,87.63999938964844,87.11000061035156,87.18000030517578,56.46255874633789,24749700.0
2017-08-11,87.37000274658203,87.45999908447266,87.26000213623047,87.33000183105469,56.559715270996094,17434300.0
2017-08-14,87.58999633789062,87.94000244140625,87.58999633789062,87.79000091552734,56.85762786865234,12566000.0
2017-08-15,87.80000305175781,87.88999938964844,87.7300033569336,87.81999969482422,56.87704849243164,6830500.0
2017-08-16,87.88999938964844,87.97000122070312,87.80000305175781,87.83000183105469,56.8835334777832,11716100.0
2017-08-17,87.72000122070312,87.80000305175781,87.29000091552734,87.33999633789062,56.56618118286133,14112300.0
2017-08-18,87.48999786376953,87.69000244140625,87.29000091552734,87.47000122070312,56.6503791809082,14324400.0
2017-08-21,87.58000183105469,87.61000061035156,87.44999694824219,87.55999755859375,56.70864486694336,7763400.0
2017-08-22,87.63999938964844,88.0,87.58999633789062,87.91999816894531,56.94182968139648,12982200.0
2017-08-23,87.7699966430664,87.97000122070312,87.70999908447266,87.93000030517578,56.94827651977539,6449500.0
2017-08-24,87.97000122070312,88.06999969482422,87.87999725341797,88.05999755859375,57.03248596191406,8480100.0
2017-08-25,88.04000091552734,88.25,88.01000213623047,88.22000122070312,57.13612747192383,6622800.0
2017-08-28,88.2699966430664,88.2699966430664,88.13999938964844,88.2300033569336,57.14260482788086,5161700.0
2017-08-29,88.01000213623047,88.1500015258789,87.98999786376953,88.12000274658203,57.07134246826172,8991600.0
2017-08-30,88.1500015258789,88.4000015258789,88.13999938964844,88.36000061035156,57.22677993774414,13431100.0
2017-08-31,88.41999816894531,88.61000061035156,88.41999816894531,88.5999984741211,57.38224411010742,12705200.0
2017-09-01,88.1500015258789,88.3499984741211,88.1500015258789,88.31999969482422,57.44076156616211,10535700.0
2017-09-05,88.26000213623047,88.26000213623047,87.95999908447266,88.12000274658203,57.31071853637695,9560500.0
2017-09-06,88.2300033569336,88.27999877929688,88.04000091552734,88.05999755859375,57.27165985107422,9023300.0
2017-09-07,88.19999694824219,88.19999694824219,88.05999755859375,88.06999969482422,57.27815628051758,8784000.0
2017-09-08,88.05999755859375,88.05999755859375,87.79000091552734,87.79000091552734,57.0960807800293,7688700.0
2017-09-11,87.94000244140625,88.19000244140625,87.8499984741211,88.06999969482422,57.27815628051758,8047600.0
2017-09-12,88.11000061035156,88.19000244140625,88.05000305175781,88.18000030517578,57.34970474243164,4752800.0
2017-09-13,88.0999984741211,88.2300033569336,88.05000305175781,88.20999908447266,57.36922454833984,11725900.0
2017-09-14,88.16999816894531,88.37000274658203,88.16000366210938,88.33000183105469,57.4472770690918,9554600.0
2017-09-15,88.27999877929688,88.43000030517578,88.23999786376953,88.41000366210938,57.499305725097656,8248000.0
2017-09-18,88.37999725341797,88.41999816894531,88.31999969482422,88.37000274658203,57.47327423095703,7442200.0
2017-09-19,88.4000015258789,88.47000122070312,88.31999969482422,88.45999908447266,57.53180694580078,7208300.0
2017-09-20,88.4800033569336,88.52999877929688,88.31999969482422,88.44999694824219,57.52530670166016,10087200.0
2017-09-21,88.4800033569336,88.48999786376953,88.31999969482422,88.33999633789062,57.45379638671875,6932300.0
2017-09-22,88.33000183105469,88.43000030517578,88.30000305175781,88.43000030517578,57.5123176574707,7570500.0
2017-09-25,88.4000015258789,88.5,88.36000061035156,88.4800033569336,57.544830322265625,4326200.0
2017-09-26,88.55999755859375,88.68000030517578,88.54000091552734,88.58999633789062,57.61638641357422,8816500.0
2017-09-27,88.58999633789062,88.66000366210938,88.48999786376953,88.62999725341797,57.64239883422852,7490100.0
2017-09-28,88.62999725341797,88.66999816894531,88.58000183105469,88.62999725341797,57.64239883422852,5934000.0
2017-09-29,88.69999694824219,88.76000213623047,88.5999984741211,88.76000213623047,57.72693634033203,8906900.0
2017-10-02,88.26000213623047,88.4000015258789,88.23999786376953,88.3499984741211,57.69752883911133,13097600.0
2017-10-03,88.3499984741211,88.5199966430664,88.3499984741211,88.51000213623047,57.80204772949219,5928800.0
2017-10-04,88.4800033569336,88.51000213623047,88.37000274658203,88.41999816894531,57.74325942993164,5832400.0
2017-10-05,88.41000366210938,88.52999877929688,88.41000366210938,88.52999877929688,57.81509399414063,5967900.0
2017-10-06,88.44999694824219,88.48999786376953,88.3499984741211,88.4000015258789,57.73017120361328,5847400.0
2017-10-09,88.44000244140625,88.47000122070312,88.37999725341797,88.41000366210938,57.73675155639648,3278400.0
2017-10-10,88.52999877929688,88.52999877929688,88.4000015258789,88.4800033569336,57.78242492675781,8786500.0
2017-10-11,88.4800033569336,88.4800033569336,88.37000274658203,88.38999938964844,57.72365951538086,7948700.0
2017-10-12,88.4000015258789,88.4000015258789,88.29000091552734,88.29000091552734,57.65836715698242,6181100.0
2017-10-13,88.41000366210938,88.43000030517578,88.27999877929688,88.33000183105469,57.68450164794922,3941200.0
2017-10-16,88.38999938964844,88.4000015258789,88.27999877929688,88.37999725341797,57.71711730957031,6060300.0
2017-10-17,88.37999725341797,88.55999755859375,88.37999725341797,88.51000213623047,57.80204772949219,7468100.0
2017-10-18,88.54000091552734,88.6500015258789,88.5199966430664,88.5999984741211,57.860801696777344,7974400.0
2017-10-19,88.4800033569336,88.6500015258789,88.44000244140625,88.61000061035156,57.86735534667969,7270600.0
2017-10-20,88.66000366210938,88.7300033569336,88.61000061035156,88.69000244140625,57.91957092285156,7107000.0
2017-10-23,88.69999694824219,88.73999786376953,88.58999633789062,88.58999633789062,57.854270935058594,7227200.0
2017-10-24,88.62000274658203,88.69000244140625,88.58000183105469,88.58999633789062,57.854270935058594,7103700.0
2017-10-25,88.52999877929688,88.52999877929688,88.22000122070312,88.33999633789062,57.69102478027344,16817000.0
2017-10-26,88.43000030517578,88.45999908447266,88.19000244140625,88.2300033569336,57.619171142578125,10649800.0
2017-10-27,88.30000305175781,88.48999786376953,88.2300033569336,88.47000122070312,57.77592849731445,13720000.0
2017-10-30,88.30000305175781,88.51000213623047,88.30000305175781,88.44999694824219,57.762840270996094,5954500.0
2017-10-31,88.48999786376953,88.51000213623047,88.44000244140625,88.47000122070312,57.77592849731445,7198400.0
2017-11-01,88.18000030517578,88.19999694824219,88.01000213623047,88.0199966430664,57.72084045410156,9505500.0
2017-11-02,88.01000213623047,88.08000183105469,87.9000015258789,87.97000122070312,57.68804550170898,6096800.0
2017-11-03,88.0199966430664,88.08000183105469,87.87000274658203,87.9800033569336,57.69456481933594,7003200.0
2017-11-06,87.93000030517578,88.04000091552734,87.88999938964844,87.98999786376953,57.70115661621094,12262400.0
2017-11-07,87.97000122070312,87.9800033569336,87.70999908447266,87.73999786376953,57.5372200012207,11805400.0
2017-11-08,87.73999786376953,87.73999786376953,87.30999755859375,87.3499984741211,57.28145217895508,18120000.0
2017-11-09,87.13999938964844,87.13999938964844,86.72000122070312,86.91999816894531,56.99947738647461,38343500.0
2017-11-10,86.94000244140625,87.18000030517578,86.87999725341797,87.11000061035156,57.12407302856445,24521600.0
2017-11-13,87.04000091552734,87.16000366210938,87.02999877929688,87.05000305175781,57.0847282409668,16280500.0
2017-11-14,86.91999816894531,86.95999908447266,86.62000274658203,86.68000030517578,56.842079162597656,13870600.0
2017-11-15,86.45999908447266,86.76000213623047,86.22000122070312,86.68000030517578,56.842079162597656,25382000.0
2017-11-16,87.12000274658203,87.5999984741211,87.04000091552734,87.52999877929688,57.39949417114258,30075200.0
2017-11-17,87.36000061035156,87.51000213623047,87.33999633789062,87.47000122070312,57.360164642333984,15942100.0
2017-11-20,87.5199966430664,87.62999725341797,87.43000030517578,87.48999786376953,57.37325668334961,8930300.0
2017-11-21,87.56999969482422,87.70999908447266,87.56999969482422,87.66999816894531,57.49131774902344,10102400.0
2017-11-22,87.72000122070312,87.87000274658203,87.69999694824219,87.80999755859375,57.583126068115234,9473800.0
2017-11-24,87.87000274658203,87.91999816894531,87.83000183105469,87.87000274658203,57.62244415283203,3126500.0
2017-11-27,87.87000274658203,87.87000274658203,87.54000091552734,87.5999984741211,57.445411682128906,10645400.0
2017-11-28,87.63999938964844,87.88999938964844,87.62999725341797,87.87000274658203,57.62244415283203,10403700.0
2017-11-29,87.81999969482422,87.87999725341797,87.68000030517578,87.76000213623047,57.55034255981445,11806200.0
2017-11-30,87.79000091552734,87.94999694824219,87.77999877929688,87.77999877929688,57.563438415527344,17981500.0
2017-12-01,87.41999816894531,87.5,86.9800033569336,87.37999725341797,57.54500961303711,15485800.0
2017-12-04,87.5,87.61000061035156,87.31999969482422,87.3499984741211,57.52524185180664,14801700.0
2017-12-05,87.4000015258789,87.44999694824219,87.27999877929688,87.30000305175781,57.49235153198242,9347600.0
2017-12-06,87.29000091552734,87.41000366210938,87.19999694824219,87.22000122070312,57.43962860107422,10081700.0
2017-12-07,87.26000213623047,87.30999755859375,87.16999816894531,87.26000213623047,57.46599578857422,8955900.0
2017-12-08,87.33000183105469,87.37000274658203,87.2699966430664,87.3499984741211,57.52524185180664,9100400.0
2017-12-11,87.3499984741211,87.38999938964844,87.29000091552734,87.37000274658203,57.53843688964844,11847900.0
2017-12-12,87.44999694824219,87.44999694824219,87.31999969482422,87.33000183105469,57.51208114624024,8846700.0
2017-12-13,87.37000274658203,87.44999694824219,87.33000183105469,87.37999725341797,57.54500961303711,7495000.0
2017-12-14,87.33999633789062,87.4000015258789,87.06999969482422,87.19999694824219,57.42645263671875,19337000.0
2017-12-15,87.30000305175781,87.33999633789062,87.19999694824219,87.20999908447266,57.43304061889648,14223900.0
2017-12-18,87.23999786376953,87.38999938964844,87.2300033569336,87.30000305175781,57.49235153198242,11735200.0
2017-12-19,87.30000305175781,87.3499984741211,87.08999633789062,87.12000274658203,57.37378692626953,10985000.0
2017-12-20,87.19999694824219,87.26000213623047,87.08999633789062,87.19000244140625,57.41986846923828,11857400.0
2017-12-21,86.93000030517578,86.98999786376953,86.87000274658203,86.91999816894531,57.48005294799805,11195700.0
2017-12-22,86.97000122070312,87.06999969482422,86.91000366210938,87.0,57.532958984375,11136900.0
2017-12-26,86.94000244140625,87.12999725341797,86.93000030517578,87.12999725341797,57.6189079284668,5798900.0
2017-12-27,87.08000183105469,87.20999908447266,87.08000183105469,87.16999816894531,57.64535903930664,5625500.0
2017-12-28,87.19000244140625,87.20999908447266,87.0999984741211,87.12999725341797,57.6189079284668,6116500.0
2017-12-29,87.13999938964844,87.30999755859375,87.08000183105469,87.26000213623047,57.70491409301758,5116800.0
2018-01-02,87.30000305175781,87.36000061035156,87.25,87.33999633789062,57.75779342651367,7223500.0
2018-01-03,87.33999633789062,87.77999877929688,87.33999633789062,87.76000213623047,58.03555679321289,20557100.0
2018-01-04,87.81999969482422,87.98999786376953,87.7699966430664,87.91000366210938,58.13472366333008,13610900.0
2018-01-05,87.97000122070312,88.01000213623047,87.87999725341797,87.97000122070312,58.17443084716797,9851600.0
2018-01-08,87.95999908447266,88.02999877929688,87.86000061035156,87.9000015258789,58.12814712524414,9804000.0
2018-01-09,87.98999786376953,87.98999786376953,87.61000061035156,87.62999725341797,57.94957733154297,13550400.0
2018-01-10,87.5,87.55999755859375,87.2699966430664,87.44000244140625,57.82390594482422,33182000.0
2018-01-11,87.5199966430664,87.73999786376953,87.45999908447266,87.7300033569336,58.01567840576172,12911500.0
2018-01-12,87.58999633789062,87.70999908447266,87.55000305175781,87.58000183105469,57.91650772094727,12088500.0
2018-01-16,87.63999938964844,87.7300033569336,87.44999694824219,87.52999877929688,57.88344192504883,18474100.0
2018-01-17,87.55999755859375,87.69000244140625,87.5199966430664,87.54000091552734,57.89007186889648,16340400.0
2018-01-18,87.5,87.55999755859375,87.4000015258789,87.44999694824219,57.83051681518555,16134900.0
2018-01-19,87.44000244140625,87.55000305175781,87.38999938964844,87.54000091552734,57.89007186889648,14401800.0
2018-01-22,87.48999786376953,87.6500015258789,87.48999786376953,87.62000274658203,57.94297409057617,16674700.0
2018-01-23,87.68000030517578,87.9000015258789,87.62999725341797,87.87999725341797,58.11491775512695,11600300.0
2018-01-24,87.80000305175781,87.87999725341797,87.6500015258789,87.75,58.028907775878906,10746300.0
2018-01-25,87.9000015258789,87.9000015258789,87.61000061035156,87.69000244140625,57.9892578125,11039300.0
2018-01-26,87.72000122070312,87.83999633789062,87.62999725341797,87.76000213623047,58.03555679321289,7164100.0
2018-01-29,87.62999725341797,87.68000030517578,87.43000030517578,87.44999694824219,57.83051681518555,19590800.0
2018-01-30,87.44999694824219,87.45999908447266,87.13999938964844,87.1500015258789,57.63218307495117,18469300.0
2018-01-31,87.30000305175781,87.41999816894531,87.20999908447266,87.30000305175781,57.73136901855469,12692800.0
2018-02-01,86.86000061035156,86.98999786376953,86.72000122070312,86.7699966430664,57.6224479675293,17920000.0
2018-02-02,86.55000305175781,86.62000274658203,86.1500015258789,86.22000122070312,57.25718307495117,24787000.0
2018-02-05,86.12999725341797,86.51000213623047,85.58000183105469,85.73999786376953,56.938438415527344,28071300.0
2018-02-06,85.51000213623047,86.36000061035156,85.51000213623047,86.26000213623047,57.28374481201172,33924300.0
2018-02-07,86.37999725341797,86.62000274658203,85.86000061035156,85.94000244140625,57.07124710083008,24298100.0
2018-02-08,85.91000366210938,86.0,85.18000030517578,85.19000244140625,56.57320022583008,25419300.0
2018-02-09,85.27999877929688,85.41999816894531,84.06999969482422,84.94999694824219,56.41381454467773,47230300.0
2018-02-12,85.19999694824219,85.66000366210938,85.16000366210938,85.52999877929688,56.79898834228516,23448100.0
2018-02-13,85.31999969482422,85.41999816894531,85.11000061035156,85.26000213623047,56.6196517944336,14679900.0
2018-02-14,84.98999786376953,85.44000244140625,84.9000015258789,85.41000366210938,56.71930313110352,19332400.0
2018-02-15,85.61000061035156,86.0999984741211,85.61000061035156,86.0999984741211,57.177490234375,21931600.0
2018-02-16,86.08999633789062,86.51000213623047,86.06999969482422,86.44999694824219,57.40992736816406,29195600.0
2018-02-20,86.19999694824219,86.37999725341797,86.11000061035156,86.1500015258789,57.21070098876953,22740600.0
2018-02-21,86.23999786376953,86.37999725341797,85.73999786376953,85.76000213623047,56.95169448852539,15656700.0
2018-02-22,85.80000305175781,86.13999938964844,85.73999786376953,85.81999969482422,56.99156188964844,14626900.0
2018-02-23,85.88999938964844,86.41999816894531,85.83000183105469,86.38999938964844,57.37004852294922,15919500.0
2018-02-26,86.44999694824219,86.68000030517578,86.38999938964844,86.54000091552734,57.46969985961914,10996300.0
2018-02-27,86.4800033569336,86.5,86.19999694824219,86.30999755859375,57.31697463989258,13840900.0
2018-02-28,86.41000366210938,86.4800033569336,86.12000274658203,86.18000030517578,57.23062896728516,8751000.0
2018-03-01,85.91000366210938,85.93000030517578,85.2699966430664,85.2699966430664,56.851261138916016,24974200.0
2018-03-02,85.31999969482422,85.79000091552734,85.29000091552734,85.75,57.17127227783203,18767600.0
2018-03-05,85.56999969482422,85.80999755859375,85.56999969482422,85.75,57.17127227783203,9000200.0
2018-03-06,85.83000183105469,85.94999694824219,85.69000244140625,85.87000274658203,57.25128173828125,14462900.0
2018-03-07,85.7699966430664,85.80999755859375,85.5999984741211,85.66000366210938,57.11128234863281,8195200.0
2018-03-08,85.76000213623047,85.80000305175781,85.61000061035156,85.76000213623047,57.17794036865234,10201800.0
2018-03-09,85.86000061035156,86.12999725341797,85.77999877929688,86.06999969482422,57.3846435546875,8942600.0
2018-03-12,86.0,86.06999969482422,85.79000091552734,85.93000030517578,57.29127883911133,10126500.0
2018-03-13,85.93000030517578,86.04000091552734,85.61000061035156,85.66000366210938,57.11128234863281,19020400.0
2018-03-14,85.7300033569336,85.77999877929688,85.5199966430664,85.55999755859375,57.04461669921875,10802500.0
2018-03-15,85.55000305175781,85.75,85.5,85.62000274658203,57.08463668823242,8647900.0
2018-03-16,85.63999938964844,85.80999755859375,85.58999633789062,85.80000305175781,57.2046127319336,11006000.0
2018-03-19,85.66000366210938,85.69000244140625,85.3499984741211,85.44999694824219,56.97126770019531,14298800.0
2018-03-20,85.43000030517578,85.6500015258789,85.43000030517578,85.62000274658203,57.08463668823242,14317800.0
2018-03-21,85.58000183105469,85.80999755859375,85.5199966430664,85.6500015258789,57.104610443115234,8643700.0
2018-03-22,85.44999694824219,85.56999969482422,85.12000274658203,85.13999938964844,56.764591217041016,15972300.0
2018-03-23,85.29000091552734,85.38999938964844,84.81999969482422,84.91999816894531,56.61791610717773,21847400.0
2018-03-26,85.3499984741211,85.48999786376953,85.12999725341797,85.47000122070312,56.98461532592773,12454200.0
2018-03-27,85.4800033569336,85.62999725341797,85.20999908447266,85.38999938964844,56.931278228759766,12661500.0
2018-03-28,85.36000061035156,85.44000244140625,85.19999694824219,85.3499984741211,56.904598236083984,14642900.0
2018-03-29,85.48999786376953,85.69999694824219,85.38999938964844,85.63999938964844,57.09793472290039,10299600.0
2018-04-02,85.12000274658203,85.2699966430664,84.88999938964844,84.95999908447266,56.87637710571289,18902700.0
2018-04-03,85.11000061035156,85.20999908447266,84.88999938964844,85.19999694824219,57.03701019287109,12994100.0
2018-04-04,84.9000015258789,85.44000244140625,84.9000015258789,85.38999938964844,57.16423416137695,9677200.0
2018-04-05,85.43000030517578,85.58000183105469,85.41000366210938,85.45999908447266,57.21107482910156,10152000.0
2018-04-06,85.41000366210938,85.5,85.16999816894531,85.2699966430664,57.08388519287109,12680800.0
2018-04-09,85.44999694824219,85.61000061035156,85.41000366210938,85.58999633789062,57.29813003540039,9043200.0
2018-04-10,85.69999694824219,85.94000244140625,85.68000030517578,85.9000015258789,57.50564956665039,11434100.0
2018-04-11,85.87000274658203,86.0,85.80999755859375,85.93000030517578,57.52570343017578,7675500.0
2018-04-12,86.02999877929688,86.26000213623047,85.97000122070312,86.23999786376953,57.73327255249024,23692600.0
2018-04-13,86.30000305175781,86.41000366210938,86.23999786376953,86.29000091552734,57.7667236328125,16213400.0
2018-04-16,86.38999938964844,86.51000213623047,86.27999877929688,86.41999816894531,57.853782653808594,10781600.0
2018-04-17,86.55000305175781,86.66000366210938,86.43000030517578,86.45999908447266,57.88053131103516,15577600.0
2018-04-18,86.5199966430664,86.55000305175781,86.33999633789062,86.37000274658203,57.820274353027344,13745600.0
2018-04-19,86.20999908447266,86.23999786376953,85.98999786376953,86.0999984741211,57.6395149230957,19345500.0
2018-04-20,86.05000305175781,86.08999633789062,85.87000274658203,85.88999938964844,57.498966217041016,17693500.0
2018-04-23,85.83000183105469,85.83999633789062,85.58000183105469,85.66000366210938,57.344974517822266,15971100.0
2018-04-24,85.69000244140625,85.7699966430664,85.37999725341797,85.48999786376953,57.23116683959961,17872600.0
2018-04-25,85.41000366210938,85.54000091552734,85.23999786376953,85.5,57.23787689208984,15078400.0
2018-04-26,85.56999969482422,85.86000061035156,85.5199966430664,85.80000305175781,57.43869018554688,17479700.0
2018-04-27,85.87000274658203,85.91999816894531,85.61000061035156,85.76000213623047,57.41189956665039,7014700.0
2018-04-30,85.69999694824219,85.8499984741211,85.69000244140625,85.69999694824219,57.37171936035156,12473000.0
2018-05-01,85.27999877929688,85.4000015258789,85.18000030517578,85.4000015258789,57.414093017578125,18707700.0
2018-05-02,85.4000015258789,85.55000305175781,85.31999969482422,85.37000274658203,57.39393615722656,12057000.0
2018-05-03,85.4000015258789,85.4000015258789,85.22000122070312,85.36000061035156,57.38722610473633,21626200.0
2018-05-04,85.20999908447266,85.44999694824219,85.16000366210938,85.41999816894531,57.42757415771485,14862100.0
2018-05-07,85.43000030517578,85.52999877929688,85.4000015258789,85.5,57.481327056884766,23063900.0
2018-05-08,85.44999694824219,85.47000122070312,85.30999755859375,85.37000274658203,57.39393615722656,13693500.0
2018-05-09,85.3499984741211,85.54000091552734,85.33999633789062,85.51000213623047,57.48806381225586,10476200.0
2018-05-10,85.56999969482422,85.79000091552734,85.55000305175781,85.76000213623047,57.6561164855957,13375800.0
2018-05-11,85.76000213623047,85.83999633789062,85.62999725341797,85.7300033569336,57.63594055175781,8505100.0
2018-05-14,85.72000122070312,85.81999969482422,85.56999969482422,85.75,57.64938735961914,14695800.0
2018-05-15,85.55999755859375,85.5999984741211,85.2699966430664,85.33000183105469,57.36701965332031,20008800.0
2018-05-16,85.37000274658203,85.47000122070312,85.29000091552734,85.44000244140625,57.44099044799805,13028100.0
2018-05-17,85.33999633789062,85.55999755859375,85.33999633789062,85.48999786376953,57.47461318969727,13198300.0
2018-05-18,85.3499984741211,85.45999908447266,85.33000183105469,85.4000015258789,57.414093017578125,14241600.0
2018-05-21,85.38999938964844,85.56999969482422,85.38999938964844,85.5199966430664,57.49476623535156,7000400.0
2018-05-22,85.55999755859375,85.62999725341797,85.51000213623047,85.58000183105469,57.53511047363281,6220700.0
2018-05-23,85.4800033569336,85.6500015258789,85.38999938964844,85.6500015258789,57.58219146728516,13053100.0
2018-05-24,85.5199966430664,85.72000122070312,85.5199966430664,85.69999694824219,57.61579132080078,12468600.0
2018-05-25,85.58000183105469,85.63999938964844,85.45999908447266,85.55999755859375,57.52168655395508,12895700.0
2018-05-29,85.37000274658203,85.4000015258789,85.16000366210938,85.19999694824219,57.27962112426758,13519800.0
2018-05-30,85.29000091552734,85.48999786376953,85.29000091552734,85.45999908447266,57.45444869995117,15145000.0
2018-05-31,85.48999786376953,85.5,85.36000061035156,85.37999725341797,57.40062713623047,17391000.0
2018-06-01,85.1500015258789,85.2300033569336,85.0999984741211,85.19000244140625,57.53167724609375,12891000.0
2018-06-04,85.2699966430664,85.41999816894531,85.2300033569336,85.37000274658203,57.65323257446289,13830900.0
2018-06-05,85.37000274658203,85.5199966430664,85.30000305175781,85.47000122070312,57.72075271606445,10614100.0
2018-06-06,85.41000366210938,85.70999908447266,85.37999725341797,85.68000030517578,57.86256790161133,6920900.0
2018-06-07,85.62999725341797,85.7699966430664,85.55000305175781,85.70999908447266,57.88283920288086,13764400.0
2018-06-08,85.5999984741211,85.7300033569336,85.56999969482422,85.66000366210938,57.84908676147461,9784000.0
2018-06-11,85.69999694824219,85.8499984741211,85.69000244140625,85.81999969482422,57.9571533203125,10429300.0
2018-06-12,85.83000183105469,85.97000122070312,85.7699966430664,85.88999938964844,58.00439834594727,12432400.0
2018-06-13,85.91000366210938,86.05000305175781,85.83000183105469,85.91999816894531,58.024658203125,9958900.0
2018-06-14,86.08000183105469,86.19000244140625,86.02999877929688,86.16999816894531,58.1934700012207,13954300.0
2018-06-15,86.11000061035156,86.16000366210938,85.98999786376953,86.12000274658203,58.15974807739258,16303700.0
2018-06-18,86.05000305175781,86.12999725341797,85.9800033569336,86.11000061035156,58.1529655456543,11512000.0
2018-06-19,85.94000244140625,86.02999877929688,85.87000274658203,85.98999786376953,58.07196044921875,12543200.0
2018-06-20,86.08000183105469,86.12999725341797,86.02999877929688,86.08000183105469,58.1327018737793,10422800.0
2018-06-21,86.06999969482422,86.06999969482422,85.87000274658203,85.9000015258789,58.011173248291016,8132500.0
2018-06-22,86.04000091552734,86.08999633789062,85.87999725341797,85.91000366210938,58.017913818359375,7385200.0
2018-06-25,85.7699966430664,85.80999755859375,85.62999725341797,85.70999908447266,57.88283920288086,13975400.0
2018-06-26,85.70999908447266,85.7300033569336,85.5999984741211,85.69999694824219,57.8760986328125,7503900.0
2018-06-27,85.6500015258789,85.70999908447266,85.47000122070312,85.5199966430664,57.75454711914063,13119200.0
2018-06-28,85.3499984741211,85.41000366210938,85.16000366210938,85.27999877929688,57.59246063232422,13829300.0
2018-06-29,85.38999938964844,85.5199966430664,85.05999755859375,85.08000183105469,57.45739364624024,17450500.0
2018-07-02,84.63999938964844,84.80000305175781,84.5999984741211,84.77999877929688,57.51233673095703,22438600.0
2018-07-03,84.83999633789062,84.95999908447266,84.73999786376953,84.79000091552734,57.51912307739258,10098600.0
2018-07-05,84.9000015258789,85.12999725341797,84.88999938964844,85.11000061035156,57.7362060546875,12729400.0
2018-07-06,85.12999725341797,85.33000183105469,85.12000274658203,85.33000183105469,57.88543319702149,9640300.0
2018-07-09,85.37000274658203,85.54000091552734,85.36000061035156,85.45999908447266,57.97362518310547,11517200.0
2018-07-10,85.5,85.58000183105469,85.45999908447266,85.47000122070312,57.98039245605469,7531700.0
2018-07-11,85.38999938964844,85.44999694824219,85.30000305175781,85.33999633789062,57.89219284057617,14111200.0
2018-07-12,85.4800033569336,85.6500015258789,85.44000244140625,85.61000061035156,58.07537841796875,10327300.0
2018-07-13,85.68000030517578,85.72000122070312,85.61000061035156,85.61000061035156,58.07537841796875,9860300.0
2018-07-16,85.62000274658203,85.62999725341797,85.51000213623047,85.55000305175781,58.0346794128418,7963100.0
2018-07-17,85.48999786376953,85.6500015258789,85.44999694824219,85.58000183105469,58.05504608154297,10721000.0
2018-07-18,85.61000061035156,85.68000030517578,85.52999877929688,85.62000274658203,58.08216857910156,12838600.0
2018-07-19,85.56999969482422,85.63999938964844,85.48999786376953,85.58000183105469,58.05504608154297,6907300.0
2018-07-20,85.62000274658203,85.69000244140625,85.58000183105469,85.62000274658203,58.08216857910156,9329000.0
2018-07-23,85.66999816894531,85.69000244140625,85.58999633789062,85.58999633789062,58.06182098388672,7459200.0
2018-07-24,85.5999984741211,85.83000183105469,85.5999984741211,85.7699966430664,58.18392181396485,11803700.0
2018-07-25,85.79000091552734,85.94999694824219,85.72000122070312,85.93000030517578,58.29246139526367,11342300.0
2018-07-26,85.94000244140625,86.01000213623047,85.9000015258789,85.94000244140625,58.29924392700195,9233600.0
2018-07-27,85.94999694824219,85.9800033569336,85.80999755859375,85.91000366210938,58.27889633178711,10811200.0
2018-07-30,85.94000244140625,86.01000213623047,85.8499984741211,85.94000244140625,58.29924392700195,8400500.0
2018-07-31,86.0999984741211,86.1500015258789,86.05000305175781,86.12000274658203,58.42137908935547,10709500.0
2018-08-01,85.76000213623047,85.87999725341797,85.66999816894531,85.83000183105469,58.47379684448242,23297900.0
2018-08-02,85.76000213623047,85.88999938964844,85.72000122070312,85.87999725341797,58.50788879394531,10989200.0
2018-08-03,85.86000061035156,85.98999786376953,85.8499984741211,85.94999694824219,58.55555725097656,6940500.0
2018-08-06,85.87000274658203,86.11000061035156,85.87000274658203,86.11000061035156,58.664588928222656,7521900.0
2018-08-07,85.87000274658203,86.2300033569336,85.87000274658203,86.1500015258789,58.69182968139648,8408200.0
2018-08-08,86.12999725341797,86.16999816894531,86.08000183105469,86.0999984741211,58.657752990722656,10103600.0
2018-08-09,86.11000061035156,86.13999938964844,86.0,86.04000091552734,58.61687088012695,6354700.0
2018-08-10,85.9000015258789,86.01000213623047,85.81999969482422,85.88999938964844,58.51469421386719,9473300.0
2018-08-13,85.95999908447266,85.95999908447266,85.7699966430664,85.83000183105469,58.47379684448242,10479000.0
2018-08-14,85.87999725341797,86.01000213623047,85.86000061035156,85.9800033569336,58.57598114013672,9767700.0
2018-08-15,85.87000274658203,85.9000015258789,85.7300033569336,85.83000183105469,58.47379684448242,14684800.0
2018-08-16,85.91000366210938,85.98999786376953,85.86000061035156,85.94000244140625,58.54875564575195,14931800.0
2018-08-17,85.9000015258789,86.06999969482422,85.9000015258789,86.04000091552734,58.61687088012695,15280900.0
2018-08-20,86.08999633789062,86.1500015258789,86.02999877929688,86.08000183105469,58.64410400390625,8174900.0
2018-08-21,86.11000061035156,86.29000091552734,86.08999633789062,86.20999908447266,58.73271179199219,9281400.0
2018-08-22,86.19999694824219,86.27999877929688,86.19999694824219,86.23999786376953,58.753150939941406,8297400.0
2018-08-23,86.23999786376953,86.31999969482422,86.19000244140625,86.2300033569336,58.74631118774414,7751800.0
2018-08-24,86.27999877929688,86.41000366210938,86.25,86.37999725341797,58.84849548339844,7458500.0
2018-08-27,86.4000015258789,86.45999908447266,86.37000274658203,86.41000366210938,58.868919372558594,5581700.0
2018-08-28,86.37000274658203,86.41000366210938,86.31999969482422,86.37000274658203,58.84170150756836,8175300.0
2018-08-29,86.33999633789062,86.38999938964844,86.27999877929688,86.31999969482422,58.80763626098633,7403700.0
2018-08-30,86.33000183105469,86.3499984741211,86.22000122070312,86.25,58.75995635986328,8481700.0
2018-08-31,86.29000091552734,86.41999816894531,86.27999877929688,86.36000061035156,58.83490753173828,9569300.0
2018-09-04,85.88999938964844,85.93000030517578,85.72000122070312,85.80999755859375,58.71242904663086,16029000.0
2018-09-05,85.80000305175781,85.83000183105469,85.69000244140625,85.72000122070312,58.65081787109375,13369200.0
2018-09-06,85.80000305175781,85.83000183105469,85.72000122070312,85.79000091552734,58.69872283935547,13137500.0
2018-09-07,85.62999725341797,85.7699966430664,85.62999725341797,85.69999694824219,58.63715744018555,12374700.0
2018-09-10,85.80000305175781,85.88999938964844,85.7699966430664,85.87000274658203,58.75346374511719,6997900.0
2018-09-11,85.76000213623047,85.9800033569336,85.76000213623047,85.88999938964844,58.76714706420898,17897800.0
2018-09-12,85.91999816894531,86.1500015258789,85.91999816894531,86.08999633789062,58.90398025512695,14041900.0
2018-09-13,86.16999816894531,86.30999755859375,86.16999816894531,86.25,59.013450622558594,10375800.0
2018-09-14,86.23999786376953,86.38999938964844,86.2300033569336,86.33000183105469,59.06818389892578,12945000.0
2018-09-17,86.30999755859375,86.33000183105469,86.2300033569336,86.2699966430664,59.02714920043945,13279900.0
2018-09-18,86.29000091552734,86.36000061035156,86.23999786376953,86.26000213623047,59.02030944824219,19882300.0
2018-09-19,86.23999786376953,86.29000091552734,86.08000183105469,86.0999984741211,58.91083526611328,14471100.0
2018-09-20,86.12000274658203,86.22000122070312,85.93000030517578,86.22000122070312,58.992919921875,15360100.0
2018-09-21,86.22000122070312,86.27999877929688,86.19999694824219,86.23999786376953,59.006595611572266,10966700.0
2018-09-24,86.19999694824219,86.25,86.08000183105469,86.19999694824219,58.97925567626953,10229400.0
2018-09-25,86.12999725341797,86.18000030517578,86.08999633789062,86.12999725341797,58.93135452270508,13240400.0
2018-09-26,86.19000244140625,86.33999633789062,86.16999816894531,86.22000122070312,58.992919921875,19504800.0
2018-09-27,86.30999755859375,86.4000015258789,86.2699966430664,86.37999725341797,59.10242462158203,7996600.0
2018-09-28,86.3499984741211,86.47000122070312,86.27999877929688,86.44000244140625,59.1434440612793,17085200.0
2018-10-01,86.16000366210938,86.30000305175781,86.13999938964844,86.30000305175781,59.31459045410156,22566000.0
2018-10-02,86.26000213623047,86.30000305175781,86.18000030517578,86.2300033569336,59.266483306884766,13577600.0
2018-10-03,86.27999877929688,86.30999755859375,85.91000366210938,86.0,59.10841751098633,17930600.0
2018-10-04,85.81999969482422,85.9000015258789,85.58000183105469,85.68000030517578,58.888431549072266,24935100.0
2018-10-05,85.6500015258789,85.66999816894531,85.30000305175781,85.30000305175781,58.6273307800293,25063300.0
2018-10-08,85.3499984741211,85.36000061035156,85.08000183105469,85.11000061035156,58.496707916259766,12869500.0
2018-10-09,85.13999938964844,85.30999755859375,85.12000274658203,85.23999786376953,58.58602523803711,19488500.0
2018-10-10,85.11000061035156,85.11000061035156,84.61000061035156,84.62999725341797,58.16682052612305,25204700.0
2018-10-11,84.83000183105469,85.0,84.56999969482422,84.69999694824219,58.21489334106445,37665300.0
2018-10-12,85.11000061035156,85.20999908447266,84.94000244140625,85.1500015258789,58.52421569824219,31877600.0
2018-10-15,85.08000183105469,85.19000244140625,85.04000091552734,85.08999633789062,58.48295211791992,16658500.0
2018-10-16,85.25,85.4000015258789,85.23999786376953,85.37999725341797,58.68228149414063,18955700.0
2018-10-17,85.26000213623047,85.36000061035156,85.13999938964844,85.20999908447266,58.5654411315918,18739400.0
2018-10-18,85.1500015258789,85.19000244140625,84.8499984741211,84.8499984741211,58.31802368164063,28653800.0
2018-10-19,85.05000305175781,85.06999969482422,84.8499984741211,84.9000015258789,58.35235595703125,20606400.0
2018-10-22,85.0999984741211,85.1500015258789,84.87000274658203,84.94000244140625,58.37984848022461,15049900.0
2018-10-23,84.6500015258789,84.9000015258789,84.55000305175781,84.86000061035156,58.32489013671875,20873200.0
2018-10-24,84.87999725341797,84.91999816894531,84.41000366210938,84.44000244140625,58.03620147705078,23827800.0
2018-10-25,84.61000061035156,84.66999816894531,84.43000030517578,84.61000061035156,58.15303802490234,29513700.0
2018-10-26,84.30999755859375,84.52999877929688,84.16999816894531,84.2300033569336,57.89188003540039,27424100.0
2018-10-29,84.4000015258789,84.44000244140625,84.04000091552734,84.1500015258789,57.83688354492188,23379400.0
2018-10-30,84.16999816894531,84.3499984741211,83.98999786376953,84.3499984741211,57.974342346191406,24105300.0
2018-10-31,84.44999694824219,84.58999633789062,84.3499984741211,84.3499984741211,57.974342346191406,23047900.0
2018-11-01,84.08999633789062,84.41000366210938,84.0,84.31999969482422,58.240272521972656,33115700.0
2018-11-02,84.41999816894531,84.52999877929688,84.13999938964844,84.2699966430664,58.20576095581055,19675800.0
2018-11-05,84.2699966430664,84.44000244140625,84.2300033569336,84.33999633789062,58.25410842895508,12299600.0
2018-11-06,84.41000366210938,84.55999755859375,84.37999725341797,84.55999755859375,58.40605163574219,14675500.0
2018-11-07,84.63999938964844,85.06999969482422,84.63999938964844,85.05000305175781,58.74446868896485,26155500.0
2018-11-08,84.8499984741211,85.08000183105469,84.81999969482422,84.83999633789062,58.59943008422852,20677500.0
2018-11-09,84.66999816894531,84.68000030517578,84.27999877929688,84.36000061035156,58.26791000366211,20869300.0
2018-11-12,84.33000183105469,84.41000366210938,83.80999755859375,83.83999633789062,57.90876007080078,22319600.0
2018-11-13,83.86000061035156,84.0199966430664,83.62999725341797,83.69999694824219,57.81206130981445,22907600.0
2018-11-14,83.80999755859375,83.98999786376953,83.33999633789062,83.54000091552734,57.70152282714844,44747700.0
2018-11-15,83.19000244140625,83.5199966430664,82.98999786376953,83.5199966430664,57.68771362304688,32332600.0
2018-11-16,83.16000366210938,83.30000305175781,83.0,83.2699966430664,57.51504898071289,64912800.0
2018-11-19,83.05000305175781,83.23999786376953,82.9000015258789,83.01000213623047,57.33544921875,36567300.0
2018-11-20,82.77999877929688,82.97000122070312,82.69999694824219,82.75,57.15586853027344,21901900.0
2018-11-21,83.16999816894531,83.33999633789062,83.06999969482422,83.16999816894531,57.44597625732422,16560400.0
2018-11-23,82.83000183105469,82.9000015258789,82.70999908447266,82.70999908447266,57.12825393676758,9708100.0
2018-11-26,83.02999877929688,83.13999938964844,82.91000366210938,83.0999984741211,57.39762878417969,19807100.0
2018-11-27,82.94000244140625,83.06999969482422,82.87000274658203,83.05999755859375,57.36998748779297,14370700.0
2018-11-28,83.11000061035156,83.7699966430664,83.05999755859375,83.75,57.84657669067383,23513100.0
2018-11-29,83.58999633789062,83.88999938964844,83.54000091552734,83.7699966430664,57.86038589477539,17927900.0
2018-11-30,83.55999755859375,83.73999786376953,83.55000305175781,83.5999984741211,57.74297332763672,15081000.0
2018-12-03,83.6500015258789,83.83000183105469,83.5,83.80000305175781,58.14262390136719,27052900.0
2018-12-04,83.62999725341797,83.70999908447266,83.19999694824219,83.27999877929688,57.78182220458984,32066500.0
2018-12-06,82.8499984741211,83.08999633789062,82.72000122070312,82.98999786376953,57.58060073852539,27661900.0
2018-12-07,83.26000213623047,83.38999938964844,82.83000183105469,82.83000183105469,57.46961975097656,28901200.0
2018-12-10,82.81999969482422,82.95999908447266,82.55999755859375,82.88999938964844,57.51123809814453,23434700.0
2018-12-11,83.18000030517578,83.26000213623047,82.97000122070312,83.04000091552734,57.61528396606445,19243900.0
2018-12-12,83.31999969482422,83.58999633789062,83.29000091552734,83.30999755859375,57.80265426635742,17571500.0
2018-12-13,83.5,83.5999984741211,83.43000030517578,83.51000213623047,57.94140625,15859200.0
2018-12-14,83.37000274658203,83.4800033569336,83.0999984741211,83.16000366210938,57.69858932495117,16397600.0
2018-12-17,83.08999633789062,83.16000366210938,82.55000305175781,82.62000274658203,57.32387161254883,24124900.0
2018-12-18,82.36000061035156,82.43000030517578,81.9000015258789,82.08000183105469,57.22002029418945,25284300.0
2018-12-19,82.12000274658203,82.26000213623047,81.23999786376953,81.33999633789062,56.70414733886719,32062700.0
2018-12-20,81.06999969482422,81.19000244140625,80.01000213623047,80.62999725341797,56.20917892456055,68796100.0
2018-12-21,80.58999633789062,80.93000030517578,80.0999984741211,80.2300033569336,55.93034744262695,56295000.0
2018-12-24,80.2300033569336,80.3499984741211,79.62999725341797,79.62999725341797,55.51207733154297,18853600.0
2018-12-26,79.7300033569336,80.97000122070312,79.55000305175781,80.97000122070312,56.44624710083008,25010300.0
2018-12-27,80.48999786376953,80.97000122070312,80.37999725341797,80.91999816894531,56.41138458251953,31806100.0
2018-12-28,80.98999786376953,81.31999969482422,80.8499984741211,81.04000091552734,56.4949951171875,30106400.0
2018-12-31,81.19000244140625,81.33000183105469,81.08999633789062,81.0999984741211,56.536842346191406,14153600.0
2019-01-02,80.72000122070312,81.11000061035156,80.6500015258789,80.98999786376953,56.46015167236328,26977400.0
2019-01-03,80.91000366210938,81.16000366210938,80.77999877929688,81.02999877929688,56.488040924072266,32776600.0
2019-01-04,81.66999816894531,82.5,81.56999969482422,82.38999938964844,57.436161041259766,38754000.0
2019-01-07,82.58000183105469,83.19000244140625,82.56999969482422,83.19000244140625,57.99385070800781,38127600.0
2019-01-08,83.38999938964844,83.73999786376953,83.26000213623047,83.7300033569336,58.370262145996094,30795000.0
2019-01-09,83.8499984741211,84.01000213623047,83.79000091552734,83.83000183105469,58.43998718261719,40909400.0
2019-01-10,83.66000366210938,84.20999908447266,83.55000305175781,84.16000366210938,58.67007446289063,50520000.0
2019-01-11,83.81999969482422,83.9800033569336,83.77999877929688,83.88999938964844,58.4818229675293,19793300.0
2019-01-14,83.66999816894531,83.7699966430664,83.55000305175781,83.62000274658203,58.29362106323242,20137700.0
2019-01-15,83.62000274658203,83.94000244140625,83.55000305175781,83.9000015258789,58.48882675170898,24799000.0
2019-01-16,84.01000213623047,84.13999938964844,83.95999908447266,84.02999877929688,58.57942581176758,26508100.0
2019-01-17,83.94000244140625,84.29000091552734,83.88999938964844,84.26000213623047,58.7397575378418,24574400.0
2019-01-18,84.41999816894531,84.66999816894531,84.38999938964844,84.5,58.90706634521485,36236400.0
2019-01-22,84.33000183105469,84.33999633789062,83.83000183105469,83.94000244140625,58.51668548583984,25504200.0
2019-01-23,84.05999755859375,84.2300033569336,83.87000274658203,84.11000061035156,58.63516616821289,18529400.0
2019-01-24,84.08000183105469,84.22000122070312,83.94000244140625,84.19999694824219,58.69792175292969,17875500.0
2019-01-25,84.36000061035156,84.48999786376953,84.33999633789062,84.41000366210938,58.844329833984375,16775200.0
2019-01-28,84.19000244140625,84.33000183105469,84.06999969482422,84.27999877929688,58.75373077392578,14694100.0
2019-01-29,84.3499984741211,84.3499984741211,84.02999877929688,84.2300033569336,58.718841552734375,18717000.0
2019-01-30,84.33999633789062,85.02999877929688,84.33000183105469,84.9000015258789,59.18592834472656,25993500.0
2019-01-31,84.87999725341797,85.23999786376953,84.87999725341797,85.11000061035156,59.33231735229492,27070400.0
2019-02-01,84.66000366210938,84.76000213623047,84.54000091552734,84.68000030517578,59.3036003112793,24749900.0
2019-02-04,84.69000244140625,84.93000030517578,84.61000061035156,84.87999725341797,59.44366455078125,15968400.0
2019-02-05,84.94000244140625,85.2699966430664,84.93000030517578,85.18000030517578,59.65376281738281,33188300.0
2019-02-06,85.11000061035156,85.20999908447266,85.0199966430664,85.0999984741211,59.59772872924805,25936800.0
2019-02-07,84.83000183105469,84.9000015258789,84.66000366210938,84.80999755859375,59.39466857910156,27119400.0
2019-02-08,84.70999908447266,84.80999755859375,84.58000183105469,84.79000091552734,59.380619049072266,16728100.0
2019-02-11,84.7699966430664,84.87000274658203,84.69999694824219,84.83000183105469,59.408653259277344,10051800.0
2019-02-12,85.08000183105469,85.2699966430664,85.06999969482422,85.23999786376953,59.69576644897461,20174000.0
2019-02-13,85.29000091552734,85.30999755859375,85.05000305175781,85.12000274658203,59.61173248291016,25088400.0
2019-02-14,84.9800033569336,85.22000122070312,84.86000061035156,85.12999725341797,59.618743896484375,19406700.0
2019-02-15,85.27999877929688,85.45999908447266,85.27999877929688,85.4000015258789,59.807838439941406,24052000.0
2019-02-19,85.30000305175781,85.4800033569336,85.26000213623047,85.43000030517578,59.82884216308594,11317700.0
2019-02-20,85.45999908447266,85.55000305175781,85.33000183105469,85.5,59.87785339355469,9925700.0
2019-02-21,85.44999694824219,85.52999877929688,85.3499984741211,85.41999816894531,59.82183456420898,15479800.0
2019-02-22,85.5199966430664,85.66999816894531,85.48999786376953,85.58999633789062,59.9409065246582,12330300.0
2019-02-25,85.70999908447266,85.83000183105469,85.62000274658203,85.66000366210938,59.98995208740234,13698200.0
2019-02-26,85.72000122070312,85.87000274658203,85.66999816894531,85.7699966430664,60.06697463989258,16049300.0
2019-02-27,85.80000305175781,85.86000061035156,85.7300033569336,85.80000305175781,60.08794403076172,14818900.0
2019-02-28,85.77999877929688,85.83000183105469,85.69999694824219,85.75,60.05293655395508,21340600.0
2019-03-01,85.55000305175781,85.66000366210938,85.5,85.61000061035156,60.22317123413086,26455300.0
2019-03-04,85.70999908447266,85.75,85.33999633789062,85.4800033569336,60.13172149658203,16034400.0
2019-03-05,85.4800033569336,85.48999786376953,85.36000061035156,85.44000244140625,60.1036262512207,14510100.0
2019-03-06,85.4000015258789,85.41999816894531,85.26000213623047,85.30000305175781,60.005126953125,16806400.0
2019-03-07,85.33000183105469,85.33999633789062,85.08000183105469,85.23999786376953,59.96286392211914,28101100.0
2019-03-08,84.9800033569336,85.12000274658203,84.80999755859375,85.0999984741211,59.86442565917969,21043400.0
2019-03-11,85.06999969482422,85.38999938964844,85.05000305175781,85.37999725341797,60.0613899230957,17922400.0
2019-03-12,85.30999755859375,85.58000183105469,85.29000091552734,85.52999877929688,60.16690826416016,20180500.0
2019-03-13,85.58000183105469,85.7699966430664,85.55999755859375,85.76000213623047,60.32868957519531,24524800.0
2019-03-14,85.72000122070312,85.83000183105469,85.68000030517578,85.69999694824219,60.2864875793457,12342500.0
2019-03-15,85.76000213623047,85.87999725341797,85.75,85.77999877929688,60.34276580810547,21775300.0
2019-03-18,85.79000091552734,85.83000183105469,85.66999816894531,85.75,60.321659088134766,10498900.0
2019-03-19,85.80999755859375,85.95999908447266,85.75,85.80000305175781,60.3568229675293,14067200.0
2019-03-20,85.80999755859375,86.30000305175781,85.6500015258789,86.16999816894531,60.617095947265625,31184400.0
2019-03-21,86.05999755859375,86.26000213623047,86.04000091552734,86.1500015258789,60.603065490722656,16400700.0
2019-03-22,86.0199966430664,86.05000305175781,85.75,85.83999633789062,60.38500595092773,27030400.0
2019-03-25,85.77999877929688,85.91000366210938,85.6500015258789,85.80999755859375,60.36388397216797,23592100.0
2019-03-26,85.94999694824219,86.1500015258789,85.88999938964844,86.0199966430664,60.51159286499024,18762700.0
2019-03-27,86.06999969482422,86.23999786376953,85.87999725341797,86.08000183105469,60.55381393432617,16706700.0
2019-03-28,86.08999633789062,86.25,86.04000091552734,86.25,60.67338943481445,19706700.0
2019-03-29,86.31999969482422,86.52999877929688,86.30000305175781,86.47000122070312,60.82812881469727,22358900.0
2019-04-01,86.20999908447266,86.27999877929688,86.05000305175781,86.06999969482422,60.81332015991211,21353900.0
2019-04-02,86.08999633789062,86.13999938964844,85.94000244140625,86.11000061035156,60.841583251953125,15129300.0
2019-04-03,86.19999694824219,86.30999755859375,86.0999984741211,86.13999938964844,60.86277389526367,13746500.0
2019-04-04,86.1500015258789,86.27999877929688,86.12999725341797,86.2699966430664,60.954627990722656,14435700.0
2019-04-05,86.36000061035156,86.5,86.33999633789062,86.43000030517578,61.06769180297852,14227000.0
2019-04-08,86.38999938964844,86.41000366210938,86.30999755859375,86.37999725341797,61.0323371887207,11472100.0
2019-04-09,86.33000183105469,86.41999816894531,86.2699966430664,86.31999969482422,60.98996353149414,19118700.0
2019-04-10,86.43000030517578,86.69999694824219,86.43000030517578,86.69999694824219,61.25847244262695,16767000.0
2019-04-11,86.69000244140625,86.86000061035156,86.6500015258789,86.83000183105469,61.35030364990234,20976100.0
2019-04-12,86.93000030517578,87.01000213623047,86.79000091552734,86.95999908447266,61.44215774536133,17442800.0
2019-04-15,86.94999694824219,86.94999694824219,86.83000183105469,86.9000015258789,61.3997688293457,13940000.0
2019-04-16,86.95999908447266,86.97000122070312,86.81999969482422,86.8499984741211,61.36443328857422,11543800.0
2019-04-17,86.94000244140625,86.94000244140625,86.62999725341797,86.63999938964844,61.21607208251953,11818600.0
2019-04-18,86.79000091552734,86.79000091552734,86.58000183105469,86.68000030517578,61.24430465698242,15295500.0
2019-04-22,86.62000274658203,86.66000366210938,86.5199966430664,86.52999877929688,61.13833618164063,24591400.0
2019-04-23,86.63999938964844,86.87999725341797,86.58999633789062,86.83000183105469,61.35030364990234,15094100.0
2019-04-24,86.8499984741211,86.8499984741211,86.69999694824219,86.70999908447266,61.265506744384766,11938800.0
2019-04-25,86.69999694824219,86.80999755859375,86.56999969482422,86.75,61.29376983642578,14369000.0
2019-04-26,86.8499984741211,86.9800033569336,86.8499984741211,86.97000122070312,61.44922637939453,11937200.0
2019-04-29,86.94999694824219,87.0,86.93000030517578,86.93000030517578,61.42097854614258,7601200.0
2019-04-30,86.97000122070312,87.04000091552734,86.91999816894531,86.94000244140625,61.42804336547852,11168100.0
2019-05-01,86.58999633789062,86.87000274658203,86.27999877929688,86.29000091552734,61.22652053833008,24574300.0
2019-05-02,86.36000061035156,86.4800033569336,86.18000030517578,86.3499984741211,61.269081115722656,24936600.0
2019-05-03,86.5199966430664,86.5999984741211,86.47000122070312,86.56999969482422,61.42519378662109,18522700.0
2019-05-06,86.18000030517578,86.62000274658203,86.0,86.61000061035156,61.45357131958008,18893700.0
2019-05-07,86.4000015258789,86.44999694824219,85.94999694824219,86.08999633789062,61.08460235595703,30266300.0
2019-05-08,86.0999984741211,86.30000305175781,86.02999877929688,86.12000274658203,61.10589599609375,27527500.0
2019-05-09,85.98999786376953,86.05999755859375,85.68000030517578,85.98999786376953,61.01366424560547,30890400.0
2019-05-10,85.95999908447266,86.30999755859375,85.75,86.2300033569336,61.1839599609375,33782400.0
2019-05-13,85.68000030517578,85.7699966430664,85.41999816894531,85.44000244140625,60.62343215942383,34801600.0
2019-05-14,85.61000061035156,85.83000183105469,85.52999877929688,85.62999725341797,60.758209228515625,18128500.0
2019-05-15,85.48999786376953,85.76000213623047,85.44000244140625,85.70999908447266,60.81495666503906,19543700.0
2019-05-16,85.83000183105469,86.11000061035156,85.80000305175781,85.97000122070312,60.99948501586914,29384100.0
2019-05-17,85.79000091552734,86.0999984741211,85.79000091552734,85.94000244140625,60.97818756103516,27089400.0
2019-05-20,85.91999816894531,86.08000183105469,85.77999877929688,85.86000061035156,60.921424865722656,15780000.0
2019-05-21,85.98999786376953,86.1500015258789,85.98999786376953,86.12999725341797,61.11298370361328,15004300.0
2019-05-22,86.08000183105469,86.19999694824219,85.97000122070312,86.19999694824219,61.16266632080078,14976200.0
2019-05-23,85.95999908447266,85.98999786376953,85.66999816894531,85.7699966430664,60.85755920410156,18333400.0
2019-05-24,85.87000274658203,85.97000122070312,85.63999938964844,85.6500015258789,60.77241134643555,17611600.0
2019-05-28,85.75,85.81999969482422,85.48999786376953,85.56999969482422,60.71565246582031,20544600.0
2019-05-29,85.45999908447266,85.5199966430664,85.25,85.33999633789062,60.55245590209961,25441900.0
2019-05-30,85.48999786376953,85.6500015258789,85.44000244140625,85.5199966430664,60.68017578125,20311900.0
2019-05-31,85.23999786376953,85.33999633789062,84.87999725341797,84.9000015258789,60.2402572631836,34947400.0
2019-06-03,84.6500015258789,84.77999877929688,84.47000122070312,84.6500015258789,60.337196350097656,58940600.0
2019-06-04,84.91000366210938,85.51000213623047,84.91000366210938,85.5,60.94305419921875,34113300.0
2019-06-05,85.58000183105469,85.72000122070312,85.43000030517578,85.69999694824219,61.08560943603516,28368700.0
2019-06-06,85.68000030517578,85.95999908447266,85.56999969482422,85.87999725341797,61.21390151977539,23538600.0
2019-06-07,86.0,86.20999908447266,85.16000366210938,86.0999984741211,61.37071990966797,29934000.0
2019-06-10,86.26000213623047,86.33999633789062,86.18000030517578,86.2300033569336,61.46343231201172,17482200.0
2019-06-11,86.51000213623047,86.66000366210938,86.22000122070312,86.3499984741211,61.54894256591797,34293700.0
2019-06-12,86.33000183105469,86.3499984741211,86.12999725341797,86.1500015258789,61.40639114379883,18195500.0
2019-06-13,86.30000305175781,86.41000366210938,86.25,86.3499984741211,61.54894256591797,19438500.0
2019-06-14,86.31999969482422,86.36000061035156,86.22000122070312,86.29000091552734,61.50616836547852,8842000.0
2019-06-17,86.23999786376953,86.29000091552734,86.12000274658203,86.16000366210938,61.41351318359375,10554000.0
2019-06-18,86.56999969482422,86.7699966430664,86.54000091552734,86.76000213623047,61.84116363525391,22540400.0
2019-06-19,86.69999694824219,87.19000244140625,86.55000305175781,87.16999816894531,62.13340759277344,28212600.0
2019-06-20,87.43000030517578,87.6500015258789,87.29000091552734,87.61000061035156,62.447044372558594,48362000.0
2019-06-21,87.37999725341797,87.44999694824219,87.33000183105469,87.33000183105469,62.24746322631836,22467800.0
2019-06-24,87.33000183105469,87.37000274658203,87.27999877929688,87.31999969482422,62.24028396606445,13764100.0
2019-06-25,87.30999755859375,87.30999755859375,86.88999938964844,86.94999694824219,61.97658157348633,26173600.0
2019-06-26,87.12000274658203,87.16000366210938,86.87999725341797,86.91000366210938,61.948055267333984,19554600.0
2019-06-27,87.05999755859375,87.19999694824219,87.0199966430664,87.1500015258789,62.11918640136719,12995100.0
2019-06-28,87.19999694824219,87.25,87.1500015258789,87.18000030517578,62.14053726196289,14690800.0
2019-07-01,87.12999725341797,87.26000213623047,86.80000305175781,86.81999969482422,62.15914916992188,26036100.0
2019-07-02,86.87999725341797,87.05999755859375,86.83999633789062,87.01000213623047,62.295166015625,20683200.0
2019-07-03,87.05000305175781,87.38999938964844,87.02999877929688,87.33999633789062,62.53142166137695,16237900.0
2019-07-05,87.08000183105469,87.08999633789062,86.8499984741211,86.98999786376953,62.28086853027344,17591400.0
2019-07-08,86.94999694824219,86.94999694824219,86.80999755859375,86.81999969482422,62.15914916992188,16679400.0
2019-07-09,86.76000213623047,86.80000305175781,86.69999694824219,86.72000122070312,62.08751678466797,19189100.0
2019-07-10,86.93000030517578,87.08000183105469,86.88999938964844,86.95999908447266,62.25937271118164,24497000.0
2019-07-11,87.01000213623047,87.01000213623047,86.66999816894531,86.79000091552734,62.13770294189453,19191200.0
2019-07-12,86.79000091552734,86.94000244140625,86.72000122070312,86.93000030517578,62.2379035949707,21291200.0
2019-07-15,86.91000366210938,87.06999969482422,86.86000061035156,86.98999786376953,62.28086853027344,10735200.0
2019-07-16,86.9800033569336,86.9800033569336,86.7300033569336,86.80999755859375,62.151973724365234,20147200.0
2019-07-17,86.87999725341797,86.87999725341797,86.69000244140625,86.69999694824219,62.0732307434082,9361300.0
2019-07-18,86.70999908447266,86.76000213623047,86.51000213623047,86.73999786376953,62.10186004638672,17236600.0
2019-07-19,86.73999786376953,86.77999877929688,86.55999755859375,86.58999633789062,61.9944953918457,14771000.0
2019-07-22,86.69000244140625,86.87999725341797,86.6500015258789,86.87999725341797,62.20208358764648,12852800.0
2019-07-23,86.94999694824219,87.05999755859375,86.8499984741211,87.02999877929688,62.30950927734375,14051800.0
2019-07-24,87.01000213623047,87.11000061035156,86.98999786376953,87.0999984741211,62.35958862304688,12713700.0
2019-07-25,87.1500015258789,87.1500015258789,86.91000366210938,86.9800033569336,62.273704528808594,14272500.0
2019-07-26,87.12000274658203,87.19000244140625,87.08000183105469,87.16999816894531,62.40975570678711,8512700.0
2019-07-29,87.1500015258789,87.16000366210938,86.95999908447266,87.04000091552734,62.3166389465332,14731800.0
2019-07-30,86.9000015258789,87.08999633789062,86.83999633789062,87.08000183105469,62.34532165527344,13794100.0
2019-07-31,87.1500015258789,87.26000213623047,86.58000183105469,86.93000030517578,62.2379035949707,23449700.0
2019-08-01,86.55000305175781,86.98999786376953,86.48999786376953,86.5199966430664,62.206974029541016,28839000.0
2019-08-02,86.48999786376953,86.48999786376953,86.18000030517578,86.38999938964844,62.11354446411133,23559600.0
2019-08-05,85.87000274658203,85.87000274658203,85.3499984741211,85.48999786376953,61.466426849365234,47727900.0
2019-08-06,85.87000274658203,86.12000274658203,85.66999816894531,86.04000091552734,61.86186218261719,28695000.0
2019-08-07,85.69000244140625,86.12999725341797,85.44999694824219,86.02999877929688,61.85470199584961,38028500.0
2019-08-08,86.05000305175781,86.41999816894531,86.05000305175781,86.37000274658203,62.0991439819336,27074700.0
2019-08-09,86.22000122070312,86.3499984741211,86.08000183105469,86.25,62.01285552978516,19090800.0
2019-08-12,86.01000213623047,86.13999938964844,85.87999725341797,85.94999694824219,61.797157287597656,17466700.0
2019-08-13,85.94000244140625,86.41000366210938,85.87999725341797,86.33000183105469,62.07037734985352,30078600.0
2019-08-14,85.94000244140625,85.97000122070312,85.5,85.55999755859375,61.51675033569336,29745300.0
2019-08-15,85.70999908447266,85.9000015258789,85.6500015258789,85.80999755859375,61.69649887084961,27296500.0
2019-08-16,85.94000244140625,86.12999725341797,85.94000244140625,86.0999984741211,61.90498733520508,15780200.0
2019-08-19,86.26000213623047,86.36000061035156,86.22000122070312,86.3499984741211,62.08473587036133,13603000.0
2019-08-20,86.38999938964844,86.47000122070312,86.25,86.41999816894531,62.1351203918457,16126800.0
2019-08-21,86.63999938964844,86.8499984741211,86.58000183105469,86.79000091552734,62.401145935058594,18334300.0
2019-08-22,86.94000244140625,87.02999877929688,86.75,86.94999694824219,62.516143798828125,20677200.0
2019-08-23,86.79000091552734,87.13999938964844,86.4800033569336,86.55000305175781,62.22856521606445,30340300.0
2019-08-26,86.81999969482422,86.9800033569336,86.73999786376953,86.9800033569336,62.5377197265625,14187800.0
2019-08-27,87.1500015258789,87.18000030517578,86.79000091552734,86.94000244140625,62.50892639160156,14722700.0
2019-08-28,86.91999816894531,87.19000244140625,86.88999938964844,87.1500015258789,62.65999984741211,13576000.0
2019-08-29,87.33999633789062,87.41000366210938,87.19000244140625,87.23999786376953,62.72467041015625,16271400.0
2019-08-30,87.37999725341797,87.38999938964844,86.97000122070312,87.16000366210938,62.667137145996094,14413600.0
2019-09-03,86.72000122070312,86.72000122070312,86.38999938964844,86.54000091552734,62.48735427856445,20561500.0
2019-09-04,86.69000244140625,86.75,86.58999633789062,86.72000122070312,62.61734390258789,13526700.0
2019-09-05,86.80000305175781,87.12999725341797,86.77999877929688,87.05999755859375,62.86281204223633,23399100.0
2019-09-06,87.18000030517578,87.30000305175781,87.04000091552734,87.13999938964844,62.92058181762695,25162700.0
2019-09-09,87.19000244140625,87.26000213623047,87.0199966430664,87.2300033569336,62.985572814941406,17484200.0
2019-09-10,87.23999786376953,87.30999755859375,87.0999984741211,87.27999877929688,63.02168273925781,14055800.0
2019-09-11,87.2300033569336,87.30000305175781,87.16999816894531,87.2699966430664,63.014461517333984,13999200.0
2019-09-12,87.33999633789062,87.43000030517578,87.25,87.31999969482422,63.05052947998047,23246400.0
2019-09-13,87.16999816894531,87.30999755859375,87.11000061035156,87.16000366210938,62.935035705566406,34407300.0
2019-09-16,87.30000305175781,87.4800033569336,87.18000030517578,87.47000122070312,63.15885162353516,23020800.0
2019-09-17,87.5,87.52999877929688,87.33999633789062,87.5199966430664,63.19497680664063,14626400.0
2019-09-18,87.45999908447266,87.54000091552734,87.19000244140625,87.47000122070312,63.15885162353516,15913800.0
2019-09-19,87.41999816894531,87.54000091552734,87.33000183105469,87.37000274658203,63.086669921875,13327000.0
2019-09-20,87.4000015258789,87.51000213623047,87.33999633789062,87.4800033569336,63.16608428955078,23298400.0
2019-09-23,87.41000366210938,87.51000213623047,87.38999938964844,87.44000244140625,63.13721466064453,15456800.0
2019-09-24,87.5199966430664,87.52999877929688,87.20999908447266,87.31999969482422,63.05052947998047,21934200.0
2019-09-25,87.25,87.29000091552734,87.02999877929688,87.2300033569336,62.985572814941406,15142100.0
2019-09-26,87.2300033569336,87.26000213623047,87.04000091552734,87.16999816894531,62.9422492980957,13873100.0
2019-09-27,87.16000366210938,87.2300033569336,87.0,87.06999969482422,62.87001800537109,13419200.0
2019-09-30,87.05999755859375,87.16999816894531,87.0199966430664,87.16999816894531,62.9422492980957,21827700.0
2019-10-01,86.83999633789062,86.86000061035156,86.55000305175781,86.62000274658203,62.79724884033203,27665700.0
2019-10-02,86.56999969482422,86.58000183105469,86.04000091552734,86.11000061035156,62.427513122558594,33789500.0
2019-10-03,86.12000274658203,86.23999786376953,85.75,86.16000366210938,62.46377944946289,30387800.0
2019-10-04,86.2699966430664,86.44000244140625,86.19999694824219,86.43000030517578,62.65949249267578,17588600.0
2019-10-07,86.37000274658203,86.48999786376953,86.25,86.36000061035156,62.60874557495117,14542500.0
2019-10-08,86.2699966430664,86.31999969482422,86.04000091552734,86.04000091552734,62.37678146362305,15471500.0
2019-10-09,86.2699966430664,86.37999725341797,86.25,86.30000305175781,62.56526184082031,11351300.0
2019-10-10,86.31999969482422,86.4800033569336,86.30000305175781,86.41000366210938,62.645015716552734,11092800.0
2019-10-11,86.63999938964844,86.83000183105469,86.56999969482422,86.7699966430664,62.90599060058594,18661400.0
2019-10-14,86.7699966430664,86.87000274658203,86.69000244140625,86.83000183105469,62.949485778808594,9842600.0
2019-10-15,86.83999633789062,87.06999969482422,86.80000305175781,87.0199966430664,63.08725357055664,26321500.0
2019-10-16,86.98999786376953,87.01000213623047,86.94000244140625,86.94999694824219,63.03647994995117,11813000.0
2019-10-17,87.01000213623047,87.0999984741211,87.0,87.06999969482422,63.12346649169922,14814300.0
2019-10-18,87.06999969482422,87.12999725341797,86.95999908447266,87.08999633789062,63.13798522949219,21363700.0
2019-10-21,87.16000366210938,87.16999816894531,87.11000061035156,87.12000274658203,63.15974426269531,10090400.0
2019-10-22,87.18000030517578,87.18000030517578,87.08000183105469,87.13999938964844,63.17423629760742,15464300.0
2019-10-23,87.1500015258789,87.2300033569336,87.08999633789062,87.22000122070312,63.23223114013672,9097500.0
2019-10-24,87.26000213623047,87.31999969482422,87.16999816894531,87.31999969482422,63.3047103881836,14832800.0
2019-10-25,87.30000305175781,87.41999816894531,87.30000305175781,87.38999938964844,63.35550308227539,11593600.0
2019-10-28,87.4000015258789,87.44000244140625,87.36000061035156,87.37999725341797,63.34822082519531,10646500.0
2019-10-29,87.37000274658203,87.4000015258789,87.19999694824219,87.22000122070312,63.23223114013672,10655700.0
2019-10-30,87.2699966430664,87.27999877929688,87.0,87.11000061035156,63.152469635009766,24566400.0
2019-10-31,87.08999633789062,87.0999984741211,86.79000091552734,86.80999755859375,62.93498611450195,24576400.0
2019-11-01,86.58999633789062,86.91000366210938,86.58000183105469,86.81999969482422,63.205078125,23894100.0
2019-11-04,86.9800033569336,87.05000305175781,86.94000244140625,87.0,63.33611679077149,14135800.0
2019-11-05,87.06999969482422,87.08000183105469,86.81999969482422,86.91000366210938,63.27059555053711,21946800.0
2019-11-06,86.91000366210938,86.91000366210938,86.77999877929688,86.80999755859375,63.19783020019531,8976900.0
2019-11-07,86.94000244140625,86.9800033569336,86.75,86.7699966430664,63.1686897277832,15077600.0
2019-11-08,86.76000213623047,86.87999725341797,86.63999938964844,86.8499984741211,63.22690963745117,11692800.0
2019-11-11,86.7699966430664,86.83999633789062,86.68000030517578,86.80000305175781,63.19051742553711,4933600.0
2019-11-12,86.75,86.88999938964844,86.7300033569336,86.81999969482422,63.205078125,14690200.0
2019-11-13,86.7300033569336,86.7699966430664,86.68000030517578,86.7300033569336,63.13958358764648,15333600.0
2019-11-14,86.73999786376953,86.80000305175781,86.6500015258789,86.68000030517578,63.10316848754883,14965100.0
2019-11-15,86.7699966430664,86.94999694824219,86.76000213623047,86.94000244140625,63.292442321777344,12996200.0
2019-11-18,86.87000274658203,86.9000015258789,86.79000091552734,86.83000183105469,63.21235656738281,13135800.0
2019-11-19,86.73999786376953,86.75,86.5199966430664,86.5199966430664,62.98667907714844,20175500.0
2019-11-20,86.47000122070312,86.58000183105469,86.33000183105469,86.33999633789062,62.85562515258789,22566100.0
2019-11-21,86.43000030517578,86.44999694824219,86.2699966430664,86.36000061035156,62.87019729614258,17853800.0
2019-11-22,86.48999786376953,86.69000244140625,86.4000015258789,86.69000244140625,63.110443115234375,20394800.0
2019-11-25,86.70999908447266,86.94000244140625,86.70999908447266,86.91999816894531,63.27789688110352,16885300.0
2019-11-26,86.94999694824219,87.0199966430664,86.9000015258789,87.0199966430664,63.350704193115234,11469400.0
2019-11-27,86.98999786376953,87.1500015258789,86.94999694824219,87.12999725341797,63.4307746887207,11814700.0
2019-11-29,87.11000061035156,87.11000061035156,86.93000030517578,86.94000244140625,63.292442321777344,11519500.0
2019-12-02,86.62999725341797,86.62999725341797,86.3499984741211,86.54000091552734,63.24934387207031,20966400.0
2019-12-03,86.33999633789062,86.47000122070312,86.23999786376953,86.41999816894531,63.1616096496582,29757200.0
2019-12-04,86.45999908447266,86.70999908447266,86.45999908447266,86.68000030517578,63.35165023803711,12406800.0
2019-12-05,86.73999786376953,86.80999755859375,86.58000183105469,86.80999755859375,63.4466438293457,18158900.0
2019-12-06,86.94999694824219,87.01000213623047,86.8499984741211,86.93000030517578,63.53435134887695,16094700.0
2019-12-09,86.9000015258789,87.0,86.9000015258789,86.93000030517578,63.53435134887695,18034300.0
2019-12-10,86.93000030517578,87.1500015258789,86.9000015258789,87.13999938964844,63.68784332275391,15117100.0
2019-12-11,87.16000366210938,87.33999633789062,87.08999633789062,87.31999969482422,63.81941986083984,14127500.0
2019-12-12,87.36000061035156,87.61000061035156,87.33000183105469,87.5199966430664,63.9655647277832,18958100.0
2019-12-13,87.55000305175781,87.6500015258789,87.5,87.61000061035156,64.03135681152344,18088100.0
2019-12-16,87.73999786376953,87.83000183105469,87.69999694824219,87.77999877929688,64.15560913085938,17517400.0
2019-12-17,87.79000091552734,88.05000305175781,87.79000091552734,88.05000305175781,64.35295104980469,18650700.0
2019-12-18,88.08999633789062,88.25,88.05999755859375,88.20999908447266,64.4698715209961,31575700.0
2019-12-19,87.91000366210938,87.93000030517578,87.72000122070312,87.8499984741211,64.43614959716797,29429300.0
2019-12-20,87.94999694824219,87.98999786376953,87.69999694824219,87.72000122070312,64.34076690673828,31918800.0
2019-12-23,87.75,87.80000305175781,87.7300033569336,87.76000213623047,64.37015533447266,9720200.0
2019-12-24,87.77999877929688,87.83000183105469,87.7300033569336,87.83000183105469,64.42147064208984,4854900.0
2019-12-26,87.94000244140625,87.98999786376953,87.88999938964844,87.95999908447266,64.51679992675781,11382700.0
2019-12-27,88.0199966430664,88.0199966430664,87.88999938964844,87.91999816894531,64.48749542236328,11627100.0
2019-12-30,88.0,88.0199966430664,87.7699966430664,87.86000061035156,64.44348907470703,12524300.0
2019-12-31,87.86000061035156,87.94999694824219,87.80999755859375,87.94000244140625,64.50212097167969,8310800.0
2020-01-02,88.0999984741211,88.31999969482422,88.05000305175781,88.30999755859375,64.7735366821289,15756600.0
2020-01-03,88.12000274658203,88.27999877929688,88.04000091552734,88.22000122070312,64.70751953125,17342200.0
2020-01-06,88.11000061035156,88.18000030517578,88.05000305175781,88.12999725341797,64.6414566040039,17936900.0
2020-01-07,88.13999938964844,88.16000366210938,88.04000091552734,88.05000305175781,64.58284759521484,9640300.0
2020-01-08,88.06999969482422,88.2300033569336,88.0199966430664,88.12999725341797,64.6414566040039,16088100.0
2020-01-09,88.23999786376953,88.37000274658203,88.16999816894531,88.36000061035156,64.81021118164062,16649500.0
2020-01-10,88.37000274658203,88.41000366210938,88.30000305175781,88.38999938964844,64.83221435546875,16182900.0
2020-01-13,88.4000015258789,88.44999694824219,88.3499984741211,88.38999938964844,64.83221435546875,17762400.0
2020-01-14,88.37000274658203,88.48999786376953,88.27999877929688,88.37999725341797,64.82488250732422,29157100.0
2020-01-15,88.4000015258789,88.52999877929688,88.38999938964844,88.4000015258789,64.83955383300781,24637900.0
2020-01-16,88.47000122070312,88.52999877929688,88.37999725341797,88.43000030517578,64.86155700683594,22349200.0
2020-01-17,88.4800033569336,88.51000213623047,88.36000061035156,88.36000061035156,64.81021118164062,29626700.0
2020-01-21,88.33999633789062,88.43000030517578,88.16999816894531,88.16999816894531,64.67083740234375,19724900.0
2020-01-22,88.30999755859375,88.37000274658203,88.2300033569336,88.33000183105469,64.7882080078125,17731800.0
2020-01-23,88.18000030517578,88.19999694824219,88.0199966430664,88.05999755859375,64.59015655517578,28566200.0
2020-01-24,88.06999969482422,88.06999969482422,87.6500015258789,87.69000244140625,64.31877136230469,40838300.0
2020-01-27,87.23999786376953,87.37999725341797,86.95999908447266,87.0999984741211,63.88603210449219,41372700.0
2020-01-28,87.5,87.95999908447266,87.38999938964844,87.8499984741211,64.43614959716797,32628300.0
2020-01-29,87.97000122070312,88.2300033569336,87.77999877929688,87.80000305175781,64.39945983886719,17308200.0
2020-01-30,87.51000213623047,87.91000366210938,87.5,87.88999938964844,64.46548461914062,20103300.0
2020-01-31,87.80000305175781,87.80000305175781,87.38999938964844,87.52999877929688,64.20140838623047,35659700.0
2020-02-03,87.33000183105469,87.47000122070312,87.12999725341797,87.1500015258789,64.19110870361328,25754700.0
2020-02-04,87.5,87.69000244140625,87.4800033569336,87.66999816894531,64.5741195678711,25063800.0
2020-02-05,87.87999725341797,88.05999755859375,87.83999633789062,88.02999877929688,64.83929443359375,36687700.0
2020-02-06,88.0,88.1500015258789,87.87000274658203,88.0999984741211,64.89082336425781,18329900.0
2020-02-07,87.98999786376953,88.05000305175781,87.87999725341797,87.97000122070312,64.79511260986328,12865100.0
2020-02-10,87.94999694824219,88.0999984741211,87.87999725341797,88.08999633789062,64.88348388671875,14220000.0
2020-02-11,88.2699966430664,88.27999877929688,88.1500015258789,88.1500015258789,64.92766571044922,16821500.0
2020-02-12,88.31999969482422,88.45999908447266,88.26000213623047,88.37999725341797,65.09705352783203,26688200.0
2020-02-13,88.30999755859375,88.45999908447266,88.29000091552734,88.41000366210938,65.11917114257812,13297900.0
2020-02-14,88.44000244140625,88.48999786376953,88.3499984741211,88.4000015258789,65.1117935180664,11398800.0
2020-02-18,88.3499984741211,88.4000015258789,88.1500015258789,88.22000122070312,64.97923278808594,26635300.0
2020-02-19,88.30999755859375,88.37000274658203,88.25,88.26000213623047,65.00868225097656,18547500.0
2020-02-20,88.31999969482422,88.44000244140625,88.05999755859375,88.41000366210938,65.11917114257812,31277000.0
2020-02-21,88.33999633789062,88.37999725341797,88.16000366210938,88.33000183105469,65.06024932861328,23027000.0
2020-02-24,87.5,87.5999984741211,87.19999694824219,87.37999725341797,64.36054992675781,57828300.0
2020-02-25,87.76000213623047,87.80999755859375,86.69000244140625,86.7699966430664,63.91122055053711,68418000.0
2020-02-26,86.93000030517578,87.25,86.5999984741211,86.86000061035156,63.97751998901367,69233800.0
2020-02-27,86.12999725341797,86.69000244140625,85.5199966430664,85.69000244140625,63.11574172973633,72596300.0
2020-02-28,84.69000244140625,86.1500015258789,84.69000244140625,86.04000091552734,63.37351608276367,97472600.0
2020-03-02,85.63999938964844,86.4000015258789,85.2300033569336,86.30999755859375,63.85441589355469,72357700.0
2020-03-03,86.37999725341797,87.19000244140625,85.73999786376953,85.94000244140625,63.58069610595703,58721000.0
2020-03-04,86.66000366210938,87.16000366210938,86.58999633789062,87.12000274658203,64.45366668701172,52664700.0
2020-03-05,86.36000061035156,86.51000213623047,85.8499984741211,86.0199966430664,63.63985443115234,62455700.0
2020-03-06,84.52999877929688,85.27999877929688,84.08999633789062,85.05000305175781,62.92223358154297,69860600.0
2020-03-09,79.63999938964844,83.48999786376953,79.63999938964844,81.38999938964844,60.21445846557617,73609600.0
2020-03-10,82.62000274658203,82.87000274658203,81.12999725341797,82.63999938964844,61.1392707824707,57598000.0
2020-03-11,81.25,81.69000244140625,80.19999694824219,80.83999633789062,59.807559967041016,60006600.0
2020-03-12,76.37999725341797,80.25,76.2300033569336,77.61000061035156,57.41790390014648,82926400.0
2020-03-13,80.12999725341797,80.27999877929688,78.13999938964844,80.05000305175781,59.223106384277344,69164600.0
2020-03-16,75.72000122070312,77.6500015258789,74.30000305175781,75.6500015258789,55.96785736083984,43080100.0
2020-03-17,75.55000305175781,77.69999694824219,74.62999725341797,76.36000061035156,56.49311828613281,68569400.0
2020-03-18,73.8499984741211,74.75,71.91000366210938,72.98999786376953,53.99993515014648,54289800.0
2020-03-19,71.86000061035156,72.66999816894531,70.7699966430664,71.3499984741211,52.786617279052734,45706300.0
2020-03-20,71.41000366210938,72.13999938964844,69.41000366210938,69.75,51.60289001464844,55796500.0
2020-03-23,70.05000305175781,70.12000274658203,67.5199966430664,68.62999725341797,50.77427291870117,48862100.0
2020-03-24,70.08999633789062,71.94999694824219,69.9000015258789,71.45999908447266,52.86798858642578,51304000.0
2020-03-25,72.25,75.56999969482422,72.08000183105469,73.47000122070312,54.35506057739258,45692600.0
2020-03-26,74.01000213623047,76.83000183105469,73.69999694824219,76.83000183105469,56.84085464477539,41965200.0
2020-03-27,75.44000244140625,78.37000274658203,75.36000061035156,77.02999877929688,56.98881149291992,66536800.0
2020-03-30,77.0999984741211,78.04000091552734,76.63999938964844,77.69000244140625,57.47711944580078,35016900.0
2020-03-31,77.37000274658203,77.70999908447266,76.9800033569336,77.06999969482422,57.01839828491211,31103400.0
2020-04-01,75.18000030517578,75.2699966430664,74.37000274658203,74.58000183105469,55.45328140258789,36859100.0
2020-04-02,74.37000274658203,76.30000305175781,74.2300033569336,75.16000366210938,55.88451385498047,31824800.0
2020-04-03,75.0,75.19999694824219,73.31999969482422,73.55000305175781,54.68741989135742,39986200.0
2020-04-06,75.05999755859375,75.55999755859375,74.80999755859375,75.33999633789062,56.018367767333984,32347800.0
2020-04-07,76.43000030517578,76.72000122070312,75.23999786376953,75.33999633789062,56.018367767333984,35120800.0
2020-04-08,75.95999908447266,77.62999725341797,75.69000244140625,77.30000305175781,57.475704193115234,46291400.0
2020-04-09,81.97000122070312,84.05000305175781,81.48999786376953,82.36000061035156,61.23802185058594,88846900.0
2020-04-13,81.80999755859375,81.91999816894531,80.41999816894531,81.18000030517578,60.36063003540039,40390500.0
2020-04-14,81.91000366210938,82.08999633789062,80.97000122070312,81.5199966430664,60.61344146728516,37632800.0
2020-04-15,80.25,80.91000366210938,79.95999908447266,80.76000213623047,60.0483627319336,34367500.0
2020-04-16,80.55999755859375,80.75,79.93000030517578,80.68000030517578,59.98883438110352,25821900.0
2020-04-17,81.31999969482422,81.4000015258789,80.8499984741211,81.08999633789062,60.2937126159668,38251800.0
2020-04-20,80.29000091552734,80.79000091552734,79.72000122070312,79.87000274658203,59.38662338256836,24676200.0
2020-04-21,78.95999908447266,79.05999755859375,78.25,78.41000366210938,58.30103302001953,42335600.0
2020-04-22,79.26000213623047,79.37000274658203,78.83999633789062,79.0999984741211,58.814064025878906,15720900.0
2020-04-23,79.25,79.66000366210938,78.7300033569336,79.05999755859375,58.78434371948242,23896700.0
2020-04-24,79.12000274658203,79.2300033569336,78.16000366210938,78.31999969482422,58.23411560058594,37915200.0
2020-04-27,78.69999694824219,78.93000030517578,78.51000213623047,78.63999938964844,58.47202301025391,20550700.0
2020-04-28,79.06999969482422,79.12000274658203,78.44000244140625,78.87999725341797,58.65047454833984,23927600.0
2020-04-29,79.43000030517578,80.36000061035156,79.2699966430664,80.2699966430664,59.68401718139648,34838300.0
2020-04-30,79.8499984741211,80.55999755859375,79.52999877929688,80.43000030517578,59.80297470092773,34636000.0
2020-05-01,79.33999633789062,79.54000091552734,78.61000061035156,78.68000030517578,58.77142333984375,31859400.0
2020-05-04,78.52999877929688,78.87000274658203,78.19999694824219,78.56999969482422,58.68923568725586,20400900.0
2020-05-05,78.81999969482422,79.25,78.81999969482422,79.25,59.19720458984375,26484200.0
2020-05-06,79.33000183105469,79.43000030517578,78.7699966430664,78.80000305175781,58.86105728149414,18823300.0
2020-05-07,79.19999694824219,79.70999908447266,78.97000122070312,79.0,59.01047134399414,19581700.0
2020-05-08,79.33000183105469,79.76000213623047,79.2699966430664,79.75,59.5706672668457,21770400.0
2020-05-11,79.58000183105469,79.72000122070312,79.33999633789062,79.38999938964844,59.3017578125,14285100.0
2020-05-12,79.91000366210938,80.0,79.29000091552734,79.29000091552734,59.22706604003906,25332700.0
2020-05-13,79.3499984741211,79.41999816894531,78.73999786376953,78.87000274658203,58.91332626342773,29962000.0
2020-05-14,78.45999908447266,78.9000015258789,77.9800033569336,78.5999984741211,58.711669921875,30429100.0
2020-05-15,78.37000274658203,78.83999633789062,78.16999816894531,78.70999908447266,58.79380798339844,34133400.0
2020-05-18,79.95999908447266,80.16000366210938,79.66000366210938,80.0999984741211,59.832130432128906,31900200.0
2020-05-19,80.04000091552734,80.43000030517578,79.88999938964844,80.19999694824219,59.90681838989258,18536500.0
2020-05-20,80.62000274658203,81.25,80.55000305175781,81.05000305175781,60.54172897338867,36053700.0
2020-05-21,81.02999877929688,81.2300033569336,80.80000305175781,81.02999877929688,60.52679061889648,23307300.0
2020-05-22,80.94999694824219,81.33000183105469,80.80999755859375,81.2300033569336,60.67619323730469,11311900.0
2020-05-26,81.83000183105469,82.16000366210938,81.18000030517578,81.83999633789062,61.1318473815918,27673800.0
2020-05-27,82.41999816894531,82.44999694824219,81.66000366210938,82.01000213623047,61.25883483886719,24905000.0
2020-05-28,82.12999725341797,82.55000305175781,81.94000244140625,82.08999633789062,61.3185920715332,23282500.0
2020-05-29,82.05000305175781,82.62000274658203,81.87999725341797,82.41999816894531,61.5650749206543,32189000.0
2020-06-01,81.94000244140625,82.75,81.81999969482422,82.72000122070312,62.030757904052734,46987000.0
2020-06-02,82.8499984741211,83.58000183105469,82.62000274658203,83.54000091552734,62.64568328857422,35930900.0
2020-06-03,83.87999725341797,84.37999725341797,83.77999877929688,83.93000030517578,62.93812561035156,35991000.0
2020-06-04,83.83999633789062,83.9800033569336,83.5199966430664,83.66999816894531,62.743160247802734,36405800.0
2020-06-05,84.56999969482422,85.02999877929688,84.4000015258789,84.45999908447266,63.33555603027344,35306500.0
2020-06-08,84.66000366210938,84.68000030517578,84.3499984741211,84.55999755859375,63.41055679321289,20493100.0
2020-06-09,84.11000061035156,84.1500015258789,83.58000183105469,83.9000015258789,62.91564178466797,28412400.0
2020-06-10,83.79000091552734,84.22000122070312,83.26000213623047,83.77999877929688,62.825660705566406,36663100.0
2020-06-11,82.58000183105469,82.62000274658203,81.47000122070312,81.62999725341797,61.21337127685547,48794500.0
2020-06-12,82.73999786376953,82.87000274658203,81.8499984741211,82.44000244140625,61.82078552246094,36156800.0
2020-06-15,81.9000015258789,83.77999877929688,81.72000122070312,83.23999786376953,62.42070388793945,39432300.0
2020-06-16,84.25,84.33000183105469,83.30999755859375,83.58000183105469,62.6756591796875,40976300.0
2020-06-17,83.5199966430664,83.62000274658203,83.1500015258789,83.19000244140625,62.38320159912109,17066700.0
2020-06-18,82.95999908447266,83.20999908447266,82.83000183105469,83.16000366210938,62.3607177734375,22223600.0
2020-06-19,83.31999969482422,83.37000274658203,82.70999908447266,82.87999725341797,62.15073776245117,32037600.0
2020-06-22,82.87000274658203,83.02999877929688,82.69000244140625,82.81999969482422,62.10570526123047,21536000.0
2020-06-23,83.11000061035156,83.13999938964844,82.88999938964844,82.94000244140625,62.195743560791016,17438000.0
2020-06-24,82.68000030517578,82.77999877929688,81.54000091552734,82.08999633789062,61.558349609375,43720600.0
2020-06-25,81.87000274658203,82.16999816894531,81.48999786376953,82.12000274658203,61.58084487915039,31159700.0
2020-06-26,82.01000213623047,82.01000213623047,81.2300033569336,81.33999633789062,60.99591827392578,33705800.0
2020-06-29,81.44000244140625,81.44999694824219,80.4800033569336,80.87999725341797,60.65096282958984,76540200.0
2020-06-30,81.1500015258789,81.80000305175781,81.08000183105469,81.62000274658203,61.20585632324219,40554300.0
2020-07-01,81.41000366210938,81.7699966430664,81.41000366210938,81.52999877929688,61.396392822265625,28799100.0
2020-07-02,82.23999786376953,82.51000213623047,81.97000122070312,82.12999725341797,61.84823226928711,30623300.0
2020-07-06,82.62000274658203,82.73999786376953,82.41000366210938,82.72000122070312,62.29254531860352,22888200.0
2020-07-07,82.62999725341797,82.83999633789062,82.12999725341797,82.16999816894531,61.87836456298828,22408000.0
2020-07-08,82.12999725341797,82.5,82.12000274658203,82.38999938964844,62.04402542114258,21155700.0
2020-07-09,82.38999938964844,82.45999908447266,81.83000183105469,82.20999908447266,61.9084587097168,21655600.0
2020-07-10,82.06999969482422,82.54000091552734,81.9800033569336,82.48999786376953,62.11931991577149,17903400.0
2020-07-13,82.80000305175781,82.91000366210938,82.02999877929688,82.04000091552734,61.78045654296875,20039400.0
2020-07-14,82.04000091552734,82.77999877929688,82.04000091552734,82.73999786376953,62.30759048461914,31929700.0
2020-07-15,83.23999786376953,83.30999755859375,82.91000366210938,83.20999908447266,62.66154098510742,21291300.0
2020-07-16,83.16000366210938,83.30000305175781,83.08000183105469,83.29000091552734,62.72178649902344,17570400.0
2020-07-17,83.4800033569336,83.55000305175781,83.20999908447266,83.5199966430664,62.894981384277344,22863700.0
2020-07-20,83.58999633789062,84.05999755859375,83.51000213623047,84.0199966430664,63.27147674560547,16701600.0
2020-07-21,84.30000305175781,84.58000183105469,84.2699966430664,84.41000366210938,63.5651969909668,22331600.0
2020-07-22,84.5,84.62000274658203,84.33999633789062,84.58000183105469,63.69321441650391,15251400.0
2020-07-23,84.56999969482422,84.62000274658203,83.97000122070312,84.5199966430664,63.64801406860352,28434900.0
2020-07-24,84.33999633789062,84.69999694824219,84.30000305175781,84.5999984741211,63.70826721191406,14977500.0
2020-07-27,84.7300033569336,84.81999969482422,84.51000213623047,84.80000305175781,63.858863830566406,12931500.0
2020-07-28,84.72000122070312,84.80000305175781,84.5,84.58000183105469,63.69321441650391,14862900.0
2020-07-29,84.83999633789062,85.11000061035156,84.69999694824219,85.05000305175781,64.04715728759766,18012800.0
2020-07-30,84.77999877929688,85.2699966430664,84.73999786376953,85.2300033569336,64.18269348144531,54812400.0
2020-07-31,85.19999694824219,85.4000015258789,84.9000015258789,85.38999938964844,64.3031997680664,28623100.0
2020-08-03,85.02999877929688,85.11000061035156,84.8499984741211,85.06999969482422,64.3190689086914,17480600.0
2020-08-04,84.97000122070312,85.06999969482422,84.80000305175781,85.04000091552734,64.29638671875,17120700.0
2020-08-05,85.05999755859375,85.2300033569336,85.01000213623047,85.19000244140625,64.40979766845703,14566000.0
2020-08-06,85.19000244140625,85.4000015258789,85.0999984741211,85.37999725341797,64.55345916748047,13258600.0
2020-08-07,85.3499984741211,85.3499984741211,85.05000305175781,85.16999816894531,64.39469909667969,14289900.0
2020-08-10,85.26000213623047,85.30000305175781,85.01000213623047,85.20999908447266,64.42491912841797,13708700.0
2020-08-11,85.25,85.2699966430664,84.4000015258789,84.44000244140625,63.842769622802734,20535400.0
2020-08-12,84.80999755859375,85.0199966430664,84.45999908447266,84.45999908447266,63.85786056518555,18003400.0
2020-08-13,84.4800033569336,84.80999755859375,84.1500015258789,84.2300033569336,63.6839485168457,28444900.0
2020-08-14,84.20999908447266,84.30000305175781,83.91999816894531,84.08000183105469,63.5705451965332,14072300.0
2020-08-17,84.16000366210938,84.62000274658203,84.0999984741211,84.58000183105469,63.94858932495117,13756500.0
2020-08-18,84.62000274658203,84.7699966430664,84.41000366210938,84.70999908447266,64.04688262939453,24900300.0
2020-08-19,84.66999816894531,84.79000091552734,84.37000274658203,84.47000122070312,63.865421295166016,18738300.0
2020-08-20,84.33000183105469,84.75,84.31999969482422,84.75,64.07715606689453,19912800.0
2020-08-21,84.75,84.80999755859375,84.62999725341797,84.73999786376953,64.06954193115234,17570600.0
2020-08-24,84.9000015258789,85.16999816894531,84.88999938964844,85.12999725341797,64.36444091796875,16058100.0
2020-08-25,85.13999938964844,85.27999877929688,84.91000366210938,85.22000122070312,64.4324951171875,24018600.0
2020-08-26,85.2300033569336,85.37000274658203,85.16999816894531,85.20999908447266,64.42491912841797,16243100.0
2020-08-27,85.31999969482422,85.3499984741211,84.9000015258789,85.08000183105469,64.32664489746094,19861800.0
2020-08-28,85.12999725341797,85.2699966430664,85.08999633789062,85.1500015258789,64.37954711914062,14418500.0
2020-08-31,85.12999725341797,85.2300033569336,84.98999786376953,85.02999877929688,64.2888412475586,21473800.0
2020-09-01,84.70999908447266,85.2300033569336,84.63999938964844,85.1500015258789,64.6387710571289,22774200.0
2020-09-02,85.19999694824219,85.38999938964844,84.94999694824219,85.25,64.71470642089844,15878600.0
2020-09-03,85.0999984741211,85.12000274658203,84.37000274658203,84.72000122070312,64.3123550415039,34169800.0
2020-09-04,84.80000305175781,84.94000244140625,83.9800033569336,84.48999786376953,64.13777160644531,36087300.0
2020-09-08,84.13999938964844,84.41000366210938,83.91000366210938,84.0199966430664,63.78097915649414,34967600.0
2020-09-09,84.37999725341797,84.73999786376953,84.25,84.68000030517578,64.28199005126953,32976800.0
2020-09-10,84.80999755859375,84.83000183105469,84.25,84.27999877929688,63.97833633422852,32866300.0
2020-09-11,84.33999633789062,84.48999786376953,84.0999984741211,84.44999694824219,64.10738372802734,20807100.0
2020-09-14,84.62000274658203,84.69999694824219,84.2699966430664,84.36000061035156,64.03907012939453,28958000.0
2020-09-15,84.55000305175781,84.72000122070312,84.44000244140625,84.58999633789062,64.21365356445312,22176900.0
2020-09-16,84.6500015258789,84.98999786376953,84.51000213623047,84.58999633789062,64.21365356445312,26951200.0
2020-09-17,84.30999755859375,84.66000366210938,84.2300033569336,84.5,64.14537048339844,25752400.0
2020-09-18,84.66999816894531,84.69000244140625,84.25,84.29000091552734,63.98591232299805,29891800.0
2020-09-21,83.93000030517578,84.02999877929688,83.37999725341797,83.61000061035156,63.4697380065918,42968900.0
2020-09-22,83.70999908447266,83.94999694824219,83.5199966430664,83.9000015258789,63.68985366821289,41396800.0
2020-09-23,83.9800033569336,83.9800033569336,82.95999908447266,83.05000305175781,63.04464721679688,39577800.0
2020-09-24,82.87000274658203,83.33999633789062,82.55999755859375,83.0999984741211,63.08259963989258,38755800.0
2020-09-25,83.0,83.16000366210938,82.76000213623047,82.94999694824219,62.96870422363281,36032200.0
2020-09-28,83.37999725341797,83.62000274658203,83.19000244140625,83.48999786376953,63.378639221191406,20277000.0
2020-09-29,83.55999755859375,83.61000061035156,83.29000091552734,83.55999755859375,63.43180084228516,20243400.0
2020-09-30,83.55999755859375,84.02999877929688,83.55000305175781,83.9000015258789,63.68985366821289,28797600.0
2020-10-01,83.80999755859375,83.88999938964844,83.69000244140625,83.83000183105469,63.90868377685547,31098000.0
2020-10-02,83.27999877929688,83.87000274658203,83.27999877929688,83.83000183105469,63.90868377685547,26284300.0
2020-10-05,83.98999786376953,84.4800033569336,83.91999816894531,84.45999908447266,64.38896942138672,27394000.0
2020-10-06,84.4800033569336,84.75,84.22000122070312,84.2699966430664,64.24410247802734,37848500.0
2020-10-07,84.5199966430664,84.62999725341797,84.47000122070312,84.56999969482422,64.47282409667969,20968200.0
2020-10-08,84.83999633789062,84.8499984741211,84.63999938964844,84.76000213623047,64.61766052246094,18738800.0
2020-10-09,84.88999938964844,85.02999877929688,84.76000213623047,84.94999694824219,64.76251983642578,21287800.0
2020-10-12,85.22000122070312,85.47000122070312,85.12999725341797,85.37999725341797,65.09034729003906,10503400.0
2020-10-13,85.16000366210938,85.26000213623047,84.93000030517578,85.0,64.8006591796875,25183100.0
2020-10-14,84.95999908447266,85.0199966430664,84.72000122070312,84.79000091552734,64.64056396484375,31620600.0
2020-10-15,84.44999694824219,84.77999877929688,84.31999969482422,84.7300033569336,64.59478759765625,32232100.0
2020-10-16,84.86000061035156,84.94000244140625,84.5199966430664,84.62999725341797,64.5185546875,27456900.0
2020-10-19,84.80000305175781,84.86000061035156,84.30000305175781,84.33000183105469,64.28987884521484,20998100.0
2020-10-20,84.4800033569336,84.7699966430664,84.47000122070312,84.62999725341797,64.5185546875,27650700.0
2020-10-21,84.62000274658203,84.80000305175781,84.52999877929688,84.62000274658203,64.51094055175781,26901600.0
2020-10-22,84.61000061035156,84.83999633789062,84.44999694824219,84.7699966430664,64.62529754638672,28977800.0
2020-10-23,84.9000015258789,84.91999816894531,84.66999816894531,84.87000274658203,64.70150756835938,20734700.0
2020-10-26,84.55999755859375,84.62000274658203,84.08999633789062,84.12000274658203,64.12976837158203,50102400.0
2020-10-27,84.18000030517578,84.33999633789062,84.12000274658203,84.16000366210938,64.16026306152344,30880900.0
2020-10-28,83.61000061035156,83.72000122070312,83.30999755859375,83.45999908447266,63.62662506103516,45794300.0
2020-10-29,83.4000015258789,83.73999786376953,83.2699966430664,83.69999694824219,63.8095588684082,37112600.0
2020-10-30,83.62999725341797,83.91999816894531,83.43000030517578,83.87999725341797,63.946773529052734,36801700.0
2020-11-02,83.77999877929688,83.8499984741211,83.48999786376953,83.72000122070312,64.09915161132812,25665400.0
2020-11-03,83.88999938964844,84.44000244140625,83.88999938964844,84.44000244140625,64.65043640136719,39777600.0
2020-11-04,84.69000244140625,85.41000366210938,84.66000366210938,85.2300033569336,65.25526428222656,57673400.0
2020-11-05,85.63999938964844,85.87999725341797,85.41999816894531,85.52999877929688,65.48494720458984,55079000.0
2020-11-06,85.55999755859375,85.58000183105469,85.11000061035156,85.2300033569336,65.25526428222656,25953400.0
2020-11-09,86.87999725341797,86.9000015258789,85.83999633789062,85.87999725341797,65.75293731689453,59347100.0
2020-11-10,85.77999877929688,86.05999755859375,83.37999725341797,85.76000213623047,65.66104125976562,39295700.0
2020-11-11,85.91999816894531,85.93000030517578,85.62999725341797,85.7300033569336,65.63809967041016,14416200.0
2020-11-12,85.6500015258789,85.6500015258789,85.1500015258789,85.1500015258789,65.19401550292969,43300100.0
2020-11-13,85.25,85.52999877929688,85.23999786376953,85.44000244140625,65.41602325439453,20277100.0
2020-11-16,85.9000015258789,85.95999908447266,85.69000244140625,85.91999816894531,65.7835693359375,28350400.0
2020-11-17,85.77999877929688,86.11000061035156,85.72000122070312,85.94999694824219,65.80653381347656,23747100.0
2020-11-18,86.04000091552734,86.13999938964844,85.76000213623047,85.79000091552734,65.68406677246094,22098900.0
2020-11-19,85.70999908447266,86.13999938964844,85.6500015258789,86.08000183105469,65.90608978271484,21704200.0
2020-11-20,85.91999816894531,86.0199966430664,85.8499984741211,85.91999816894531,65.7835693359375,48530200.0
2020-11-23,86.13999938964844,86.20999908447266,85.95999908447266,86.05000305175781,65.8830795288086,23790600.0
2020-11-24,86.31999969482422,86.5199966430664,86.20999908447266,86.30999755859375,66.08218383789062,26080100.0
2020-11-25,86.30000305175781,86.41999816894531,86.19000244140625,86.2699966430664,66.05150604248047,26510900.0
2020-11-27,86.43000030517578,86.5,86.38999938964844,86.41000366210938,66.15874481201172,7338500.0
2020-11-30,86.43000030517578,86.43000030517578,86.1500015258789,86.31999969482422,66.08983612060547,24256900.0
2020-12-01,86.25,86.38999938964844,86.18000030517578,86.19999694824219,66.25969696044922,26256700.0
2020-12-02,86.22000122070312,86.55000305175781,86.1500015258789,86.44000244140625,66.44417572021484,23705000.0
2020-12-03,86.5199966430664,86.69999694824219,86.44000244140625,86.48999786376953,66.48260498046875,20748400.0
2020-12-04,86.66999816894531,86.9000015258789,86.5199966430664,86.8499984741211,66.75931549072266,19362000.0
2020-12-07,86.80000305175781,86.83999633789062,86.68000030517578,86.80999755859375,66.72860717773438,17811300.0
2020-12-08,86.7699966430664,86.8499984741211,86.69999694824219,86.73999786376953,66.67475128173828,21408300.0
2020-12-09,86.8499984741211,86.8499984741211,86.48999786376953,86.61000061035156,66.5748062133789,36608500.0
2020-12-10,86.4800033569336,86.87999725341797,86.45999908447266,86.7699966430664,66.69783782958984,24251500.0
2020-12-11,86.72000122070312,86.86000061035156,86.54000091552734,86.68000030517578,66.62867736816406,17699600.0
2020-12-14,86.83000183105469,86.87999725341797,86.5999984741211,86.69999694824219,66.6440200805664,20705200.0
2020-12-15,86.8499984741211,87.0,86.68000030517578,86.97000122070312,66.85157012939453,25052800.0
2020-12-16,86.94000244140625,86.97000122070312,86.5999984741211,86.83999633789062,66.75165557861328,42386700.0
2020-12-17,86.58999633789062,86.68000030517578,86.51000213623047,86.61000061035156,66.85118865966797,23911400.0
2020-12-18,86.6500015258789,86.72000122070312,86.55000305175781,86.68000030517578,66.90522003173828,26741200.0
2020-12-21,86.37999725341797,86.55000305175781,86.22000122070312,86.37000274658203,66.66596984863281,30308300.0
2020-12-22,86.43000030517578,86.54000091552734,86.3499984741211,86.4800033569336,66.75086975097656,21975100.0
2020-12-23,86.62000274658203,86.91000366210938,86.5999984741211,86.87000274658203,67.05191040039062,15913900.0
2020-12-24,86.94999694824219,87.05000305175781,86.94000244140625,87.05000305175781,67.19082641601562,7327300.0
2020-12-28,87.18000030517578,87.2300033569336,87.04000091552734,87.16000366210938,67.2757568359375,22575500.0
2020-12-29,87.30999755859375,87.30999755859375,87.04000091552734,87.05000305175781,67.19082641601562,22893000.0
2020-12-30,87.08000183105469,87.27999877929688,87.08000183105469,87.2300033569336,67.32975006103516,21080100.0
2020-12-31,87.20999908447266,87.33999633789062,87.16999816894531,87.30000305175781,67.38378143310547,12059900.0
2021-01-04,87.4000015258789,87.4000015258789,86.87000274658203,87.12000274658203,67.2448501586914,34528300.0
2021-01-05,87.0199966430664,87.25,86.9800033569336,87.1500015258789,67.26802825927734,33725500.0
2021-01-06,87.08999633789062,87.33999633789062,86.97000122070312,86.98999786376953,67.14452362060547,37148100.0
2021-01-07,87.18000030517578,87.37000274658203,87.12999725341797,87.23999786376953,67.3375015258789,25868200.0
2021-01-08,87.3499984741211,87.37999725341797,87.13999938964844,87.37000274658203,67.43783569335938,27403600.0
2021-01-11,87.0199966430664,87.16999816894531,86.88999938964844,86.9000015258789,67.07508850097656,26608000.0
2021-01-12,86.88999938964844,87.06999969482422,86.79000091552734,87.01000213623047,67.15998077392578,41746100.0
2021-01-13,86.9800033569336,87.30999755859375,86.94999694824219,87.2699966430664,67.36065673828125,47710300.0
2021-01-14,87.2699966430664,87.37999725341797,87.22000122070312,87.25,67.34522247314453,25484800.0
2021-01-15,87.13999938964844,87.2699966430664,87.05000305175781,87.11000061035156,67.23716735839844,48134800.0
2021-01-19,87.3499984741211,87.37999725341797,87.1500015258789,87.36000061035156,67.43010711669922,24270500.0
2021-01-20,87.62000274658203,87.62000274658203,87.37000274658203,87.5199966430664,67.55361938476562,24534700.0
2021-01-21,87.47000122070312,87.56999969482422,87.37999725341797,87.47000122070312,67.51502990722656,20451400.0
2021-01-22,87.27999877929688,87.38999938964844,87.18000030517578,87.30000305175781,67.38378143310547,26615900.0
2021-01-25,87.30000305175781,87.33999633789062,87.02999877929688,87.31999969482422,67.39923095703125,28718200.0
2021-01-26,87.29000091552734,87.33000183105469,87.18000030517578,87.19000244140625,67.29885864257812,39103500.0
2021-01-27,87.0199966430664,87.22000122070312,86.80999755859375,86.94000244140625,67.10592651367188,46378600.0
2021-01-28,87.16000366210938,87.48999786376953,87.13999938964844,87.19999694824219,67.30660247802734,38836200.0
2021-01-29,87.12999725341797,87.37000274658203,86.88999938964844,86.97000122070312,67.12910461425781,46095900.0
2021-02-01,86.80999755859375,86.97000122070312,86.66000366210938,86.93000030517578,67.34446716308594,35620700.0
2021-02-02,87.1500015258789,87.26000213623047,87.08999633789062,87.13999938964844,67.50714874267578,29522300.0
2021-02-03,87.19999694824219,87.36000061035156,87.16999816894531,87.20999908447266,67.56136322021484,31911000.0
2021-02-04,87.3499984741211,87.47000122070312,87.30999755859375,87.38999938964844,67.7008056640625,21181100.0
2021-02-05,87.62999725341797,87.6500015258789,87.4800033569336,87.5199966430664,67.80152893066406,21653100.0
2021-02-08,87.58999633789062,87.77999877929688,87.55999755859375,87.77999877929688,68.0029525756836,16590100.0
2021-02-09,87.6500015258789,87.7300033569336,87.56999969482422,87.62000274658203,67.87902069091797,14404300.0
2021-02-10,87.62000274658203,87.68000030517578,87.47000122070312,87.5999984741211,67.86348724365234,20469400.0
2021-02-11,87.63999938964844,87.68000030517578,87.54000091552734,87.63999938964844,67.89449310302734,17047200.0
2021-02-12,87.55000305175781,87.79000091552734,87.55000305175781,87.77999877929688,68.0029525756836,17800100.0
2021-02-16,87.7300033569336,87.73999786376953,87.56999969482422,87.63999938964844,67.89449310302734,22264400.0
2021-02-17,87.45999908447266,87.61000061035156,87.43000030517578,87.61000061035156,67.8712158203125,20276700.0
2021-02-18,87.47000122070312,87.58999633789062,87.38999938964844,87.48999786376953,67.77826690673828,26366700.0
2021-02-19,87.62999725341797,87.62999725341797,87.4800033569336,87.5,67.7860336303711,28124800.0
2021-02-22,87.37000274658203,87.45999908447266,87.2300033569336,87.2300033569336,67.57684326171875,25455400.0
2021-02-23,87.19000244140625,87.51000213623047,87.01000213623047,87.44000244140625,67.73955535888672,29015900.0
2021-02-24,87.30999755859375,87.52999877929688,87.2300033569336,87.52999877929688,67.80926513671875,21791800.0
2021-02-25,87.33000183105469,87.41999816894531,86.5999984741211,86.69999694824219,67.16627502441406,59413400.0
2021-02-26,86.87999725341797,86.91999816894531,86.41000366210938,86.44000244140625,66.96483612060547,46615300.0
2021-03-01,86.66999816894531,87.16000366210938,86.55999755859375,87.0999984741211,67.7166519165039,48014200.0
2021-03-02,87.1500015258789,87.16000366210938,86.93000030517578,86.97000122070312,67.61558532714844,23988500.0
2021-03-03,86.83999633789062,86.91000366210938,86.66000366210938,86.69000244140625,67.39787292480469,30197000.0
2021-03-04,86.75,86.94999694824219,86.08000183105469,86.36000061035156,67.14132690429688,49020300.0
2021-03-05,86.48999786376953,86.72000122070312,86.08999633789062,86.62000274658203,67.34346008300781,46950100.0
2021-03-08,86.56999969482422,86.63999938964844,85.97000122070312,85.98999786376953,66.85367584228516,39868700.0
2021-03-09,86.22000122070312,86.44999694824219,86.08000183105469,86.11000061035156,66.9469985961914,31441100.0
2021-03-10,86.22000122070312,86.5,86.1500015258789,86.37999725341797,67.15686798095703,23776600.0
2021-03-11,86.58000183105469,86.86000061035156,86.58000183105469,86.69999694824219,67.4056625366211,27728500.0
2021-03-12,86.55999755859375,86.5999984741211,86.37000274658203,86.45999908447266,67.21910095214844,21842000.0
2021-03-15,86.4000015258789,86.55000305175781,86.30999755859375,86.47000122070312,67.22686004638672,14719400.0
2021-03-16,86.43000030517578,86.48999786376953,86.18000030517578,86.2699966430664,67.07136535644531,22931400.0
2021-03-17,86.0999984741211,86.6500015258789,86.04000091552734,86.38999938964844,67.16465759277344,28345800.0
2021-03-18,86.05999755859375,86.16999816894531,85.70999908447266,85.7300033569336,66.65155792236328,37150300.0
2021-03-19,85.86000061035156,86.1500015258789,85.6500015258789,86.05999755859375,66.90808868408203,47467800.0
2021-03-22,86.19999694824219,86.5199966430664,86.1500015258789,86.37000274658203,67.14910888671875,32979500.0
2021-03-23,86.3499984741211,86.5,86.25,86.45999908447266,67.21910095214844,24705800.0
2021-03-24,86.54000091552734,86.80000305175781,86.51000213623047,86.51000213623047,67.25796508789062,31374500.0
2021-03-25,86.44999694824219,86.66000366210938,86.36000061035156,86.66000366210938,67.3745346069336,24070300.0
2021-03-26,86.76000213623047,86.93000030517578,86.56999969482422,86.91999816894531,67.57670593261719,25948000.0
2021-03-29,86.86000061035156,87.0,86.69999694824219,86.97000122070312,67.61558532714844,17447500.0
2021-03-30,86.83000183105469,86.87999725341797,86.73999786376953,86.76000213623047,67.45231628417969,19622100.0
2021-03-31,86.86000061035156,87.20999908447266,86.8499984741211,87.18000030517578,67.77884674072266,41604700.0
2021-04-01,86.97000122070312,87.06999969482422,86.8499984741211,87.06999969482422,67.92239379882812,30806600.0
2021-04-05,87.08000183105469,87.18000030517578,87.04000091552734,87.11000061035156,67.95355224609375,20758300.0
2021-04-06,87.12999725341797,87.30000305175781,87.12999725341797,87.26000213623047,68.07061767578125,15367900.0
2021-04-07,87.27999877929688,87.31999969482422,87.16999816894531,87.2300033569336,68.04718017578125,15645400.0
2021-04-08,87.33000183105469,87.36000061035156,87.23999786376953,87.26000213623047,68.07061767578125,11052100.0
2021-04-09,87.1500015258789,87.20999908447266,87.0999984741211,87.19999694824219,68.02378845214844,17413100.0
2021-04-12,87.0999984741211,87.13999938964844,87.0199966430664,87.11000061035156,67.95355224609375,15464500.0
2021-04-13,87.01000213623047,87.19999694824219,86.91000366210938,87.16999816894531,68.00039672851562,20643500.0
2021-04-14,87.19000244140625,87.29000091552734,87.08999633789062,87.12999725341797,67.96920776367188,17992800.0
2021-04-15,87.33000183105469,87.4800033569336,87.2699966430664,87.4800033569336,68.24222564697266,20944400.0
2021-04-16,87.5,87.52999877929688,87.30000305175781,87.30000305175781,68.10181427001953,32509300.0
2021-04-19,87.19999694824219,87.29000091552734,87.12000274658203,87.16000366210938,67.99259948730469,23904900.0
2021-04-20,87.05999755859375,87.13999938964844,86.95999908447266,87.01000213623047,67.87556457519531,22901000.0
2021-04-21,86.97000122070312,87.30000305175781,86.95999908447266,87.30000305175781,68.10181427001953,19527000.0
2021-04-22,87.31999969482422,87.33000183105469,87.12000274658203,87.13999938964844,67.97699737548828,18506500.0
2021-04-23,87.19999694824219,87.44999694824219,87.19000244140625,87.37000274658203,68.15641784667969,14388700.0
2021-04-26,87.37999725341797,87.4800033569336,87.29000091552734,87.33000183105469,68.12520599365234,12746100.0
2021-04-27,87.37999725341797,87.37999725341797,87.20999908447266,87.20999908447266,68.03157043457031,17660600.0
2021-04-28,87.23999786376953,87.44999694824219,87.16999816894531,87.37999725341797,68.16419219970703,14795000.0
2021-04-29,87.55000305175781,87.55000305175781,87.3499984741211,87.4800033569336,68.24222564697266,17152900.0
2021-04-30,87.37000274658203,87.48999786376953,87.3499984741211,87.44000244140625,68.21102142333984,23367500.0
2021-05-03,87.2300033569336,87.33000183105469,87.16999816894531,87.18000030517578,68.23763275146484,15782400.0
2021-05-04,87.11000061035156,87.1500015258789,86.97000122070312,87.12999725341797,68.19850158691406,23089700.0
2021-05-05,87.19000244140625,87.31999969482422,87.16999816894531,87.30000305175781,68.33154296875,13676300.0
2021-05-06,87.29000091552734,87.33999633789062,87.1500015258789,87.2699966430664,68.3080825805664,23110100.0
2021-05-07,87.3499984741211,87.41000366210938,87.2300033569336,87.33000183105469,68.35503387451172,17872700.0
2021-05-10,87.36000061035156,87.37999725341797,87.12999725341797,87.12999725341797,68.19850158691406,16580800.0
2021-05-11,86.9000015258789,87.08999633789062,86.80999755859375,87.04000091552734,68.1280517578125,28683600.0
2021-05-12,86.91999816894531,86.9800033569336,86.62000274658203,86.62000274658203,67.7992935180664,31630100.0
2021-05-13,86.7699966430664,87.0,86.76000213623047,86.93000030517578,68.04193115234375,28689600.0
2021-05-14,87.05000305175781,87.20999908447266,87.0199966430664,87.20999908447266,68.2610855102539,22550800.0
2021-05-17,87.19999694824219,87.20999908447266,86.98999786376953,87.05000305175781,68.13587188720703,13545000.0
2021-05-18,87.16999816894531,87.16999816894531,86.83000183105469,86.83999633789062,67.97150421142578,16447500.0
2021-05-19,86.5999984741211,86.83999633789062,86.56999969482422,86.61000061035156,67.79145050048828,34701000.0
2021-05-20,86.68000030517578,87.33999633789062,86.68000030517578,86.9800033569336,68.08109283447266,28013700.0
2021-05-21,87.08000183105469,87.12999725341797,86.91999816894531,87.11000061035156,68.18280792236328,36466200.0
2021-05-24,87.18000030517578,87.30999755859375,87.0999984741211,87.20999908447266,68.2610855102539,24277800.0
2021-05-25,87.26000213623047,87.27999877929688,87.13999938964844,87.22000122070312,68.26892852783203,15466600.0
2021-05-26,87.16000366210938,87.2699966430664,87.16000366210938,87.25,68.29243469238281,14354900.0
2021-05-27,87.37999725341797,87.37999725341797,87.19999694824219,87.20999908447266,68.2610855102539,12682100.0
2021-05-28,87.30000305175781,87.3499984741211,87.18000030517578,87.18000030517578,68.23763275146484,15464100.0
2021-06-01,87.05999755859375,87.16000366210938,87.0,87.1500015258789,68.44261169433594,22655300.0
2021-06-02,87.1500015258789,87.2699966430664,87.12000274658203,87.26000213623047,68.52899932861328,13698300.0
2021-06-03,87.02999877929688,87.2300033569336,86.98999786376953,87.08000183105469,68.38764190673828,16701800.0
2021-06-04,87.2300033569336,87.30999755859375,87.16999816894531,87.2699966430664,68.53682708740234,26829200.0
2021-06-07,87.29000091552734,87.3499984741211,87.26000213623047,87.30000305175781,68.5604019165039,9189800.0
2021-06-08,87.44000244140625,87.44000244140625,87.30999755859375,87.36000061035156,68.60753631591797,10983900.0
2021-06-09,87.47000122070312,87.48999786376953,87.4000015258789,87.43000030517578,68.66249084472656,13232200.0
2021-06-10,87.5,87.66000366210938,87.45999908447266,87.58999633789062,68.78813934326172,15290000.0
2021-06-11,87.6500015258789,87.69000244140625,87.55000305175781,87.62000274658203,68.81169891357422,12559600.0
2021-06-14,87.58999633789062,87.58999633789062,87.47000122070312,87.54000091552734,68.74889373779297,19408600.0
2021-06-15,87.4800033569336,87.56999969482422,87.44000244140625,87.52999877929688,68.74103546142578,16037000.0
2021-06-16,87.52999877929688,87.56999969482422,87.26000213623047,87.41000366210938,68.64679718017578,21267200.0
2021-06-17,87.45999908447266,87.5,87.37999725341797,87.47000122070312,68.69390869140625,21099000.0
2021-06-18,87.33999633789062,87.44999694824219,87.29000091552734,87.43000030517578,68.66249084472656,35134500.0
2021-06-21,87.5199966430664,87.5999984741211,87.44999694824219,87.5999984741211,68.79598999023438,21265000.0
2021-06-22,87.56999969482422,87.66000366210938,87.5199966430664,87.66000366210938,68.84313201904297,14604400.0
2021-06-23,87.62999725341797,87.75,87.56999969482422,87.56999969482422,68.77245330810547,16583100.0
2021-06-24,87.73999786376953,87.83999633789062,87.69999694824219,87.83999633789062,68.98450469970703,12722300.0
2021-06-25,87.8499984741211,87.94999694824219,87.83000183105469,87.93000030517578,69.05518341064453,16175000.0
2021-06-28,87.97000122070312,87.97000122070312,87.86000061035156,87.91999816894531,69.04731750488281,16019300.0
2021-06-29,87.94000244140625,88.02999877929688,87.93000030517578,88.02999877929688,69.13370513916016,12728000.0
2021-06-30,87.97000122070312,88.06999969482422,87.95999908447266,88.04000091552734,69.14156341552734,26093500.0
2021-07-01,87.83000183105469,87.91999816894531,87.80999755859375,87.91999816894531,69.27706909179688,31932400.0
2021-07-02,87.95999908447266,88.06999969482422,87.91999816894531,88.05999755859375,69.38741302490234,11464800.0
2021-07-06,88.05999755859375,88.08000183105469,87.94000244140625,88.01000213623047,69.34800720214844,17784300.0
2021-07-07,88.08999633789062,88.0999984741211,87.93000030517578,88.04000091552734,69.37162780761719,11463700.0
2021-07-08,87.80999755859375,87.93000030517578,87.7699966430664,87.8499984741211,69.2219467163086,21936400.0
2021-07-09,87.87999725341797,88.0199966430664,87.87000274658203,88.0,69.34012603759766,17698100.0
2021-07-12,88.0,88.0199966430664,87.88999938964844,87.97000122070312,69.31648254394531,17546700.0
2021-07-13,87.91999816894531,87.95999908447266,87.69999694824219,87.70999908447266,69.11160278320312,26938600.0
2021-07-14,87.80999755859375,87.87999725341797,87.73999786376953,87.8499984741211,69.2219467163086,16100200.0
2021-07-15,87.7699966430664,87.81999969482422,87.72000122070312,87.79000091552734,69.17464447021484,16384800.0
2021-07-16,87.83999633789062,87.83999633789062,87.63999938964844,87.66999816894531,69.08009338378906,17820400.0
2021-07-19,87.45999908447266,87.48999786376953,86.9800033569336,87.08000183105469,68.61522674560547,54224700.0
2021-07-20,87.16000366210938,87.52999877929688,87.08000183105469,87.5199966430664,68.9618911743164,26941300.0
2021-07-21,87.58000183105469,87.76000213623047,87.55999755859375,87.7300033569336,69.12739562988281,18522600.0
2021-07-22,87.73999786376953,87.8499984741211,87.6500015258789,87.77999877929688,69.16677856445312,17110500.0
2021-07-23,87.87999725341797,87.98999786376953,87.83000183105469,87.94999694824219,69.30072021484375,19441000.0
2021-07-26,87.91999816894531,87.97000122070312,87.77999877929688,87.81999969482422,69.1982650756836,15282700.0
2021-07-27,87.69999694824219,87.7699966430664,87.55999755859375,87.69999694824219,69.10376739501953,19919000.0
2021-07-28,87.80000305175781,87.8499984741211,87.66999816894531,87.7699966430664,69.15885925292969,15129200.0
2021-07-29,87.83000183105469,88.0,87.83000183105469,87.95999908447266,69.30863189697266,18675000.0
2021-07-30,87.93000030517578,87.97000122070312,87.83999633789062,87.83999633789062,69.21406555175781,21062100.0
2021-08-02,87.66999816894531,87.69000244140625,87.33999633789062,87.33999633789062,69.04251098632812,27274400.0
2021-08-03,87.38999938964844,87.45999908447266,87.27999877929688,87.44000244140625,69.12155151367188,16058700.0
2021-08-04,87.37000274658203,87.41999816894531,87.27999877929688,87.27999877929688,68.99506378173828,17113300.0
2021-08-05,87.33000183105469,87.5199966430664,87.33000183105469,87.4800033569336,69.1531982421875,15465700.0
2021-08-06,87.43000030517578,87.5199966430664,87.37000274658203,87.37999725341797,69.07412719726562,12923200.0
2021-08-09,87.33999633789062,87.36000061035156,87.18000030517578,87.18000030517578,68.91604614257812,10788700.0
2021-08-10,87.19000244140625,87.19999694824219,86.97000122070312,86.9800033569336,68.75794219970703,31522900.0
2021-08-11,87.04000091552734,87.16000366210938,87.01000213623047,87.12000274658203,68.86860656738281,15834400.0
2021-08-12,87.12000274658203,87.29000091552734,87.08999633789062,87.2699966430664,68.98719024658203,14127800.0
2021-08-13,87.30000305175781,87.45999908447266,87.30000305175781,87.45999908447266,69.13736724853516,10016800.0
2021-08-16,87.44000244140625,87.48999786376953,87.3499984741211,87.48999786376953,69.16107940673828,12598100.0
2021-08-17,87.38999938964844,87.4000015258789,87.19999694824219,87.29000091552734,69.00300598144531,18468400.0
2021-08-18,87.30000305175781,87.38999938964844,87.08999633789062,87.08999633789062,68.8448715209961,12147600.0
2021-08-19,87.0,87.19999694824219,86.94999694824219,87.08000183105469,68.83698272705078,20026700.0
2021-08-20,87.0999984741211,87.33000183105469,87.08999633789062,87.29000091552734,69.00300598144531,16784100.0
2021-08-23,87.41000366210938,87.58999633789062,87.41000366210938,87.55999755859375,69.2164077758789,21933100.0
2021-08-24,87.58000183105469,87.69999694824219,87.55000305175781,87.68000030517578,69.31129455566406,20828100.0
2021-08-25,87.69999694824219,87.81999969482422,87.66000366210938,87.7699966430664,69.38241577148438,19085400.0
2021-08-26,87.76000213623047,87.7699966430664,87.58000183105469,87.72000122070312,69.34288787841797,17676100.0
2021-08-27,87.75,87.98999786376953,87.7300033569336,87.95999908447266,69.53265380859375,18519700.0
2021-08-30,87.9800033569336,88.0999984741211,87.95999908447266,88.06999969482422,69.61957550048828,11640000.0
2021-08-31,88.05999755859375,88.0999984741211,87.97000122070312,88.08999633789062,69.63536834716797,19163900.0
2021-09-01,87.83999633789062,87.9800033569336,87.81999969482422,87.88999938964844,69.69487762451172,22973500.0
2021-09-02,88.0,88.0199966430664,87.93000030517578,88.0,69.78209686279297,16521300.0
2021-09-03,87.95999908447266,88.04000091552734,87.88999938964844,88.01000213623047,69.79003143310547,6491000.0
2021-09-07,87.98999786376953,87.98999786376953,87.7699966430664,87.77999877929688,69.60765838623047,11728800.0
2021-09-08,87.79000091552734,87.91000366210938,87.70999908447266,87.87999725341797,69.68694305419922,13020900.0
2021-09-09,87.87000274658203,87.9800033569336,87.86000061035156,87.95999908447266,69.75039672851562,23024700.0
2021-09-10,88.08000183105469,88.08999633789062,87.81999969482422,87.83000183105469,69.64727020263672,16112600.0
2021-09-13,87.94999694824219,88.05999755859375,87.88999938964844,88.05000305175781,69.82173156738281,17136900.0
2021-09-14,88.08000183105469,88.12000274658203,87.97000122070312,88.01000213623047,69.79003143310547,20108000.0
2021-09-15,88.0199966430664,88.13999938964844,88.01000213623047,88.13999938964844,69.89312744140625,17069500.0
2021-09-16,88.11000061035156,88.13999938964844,87.94999694824219,88.11000061035156,69.86933135986328,13859700.0
2021-09-17,88.08000183105469,88.08999633789062,87.97000122070312,88.0,69.78209686279297,38948500.0
2021-09-20,87.5999984741211,87.80999755859375,87.55000305175781,87.69000244140625,69.53627014160156,49641000.0
2021-09-21,87.83000183105469,87.87999725341797,87.68000030517578,87.83999633789062,69.65519714355469,27304200.0
2021-09-22,87.97000122070312,88.08000183105469,87.8499984741211,88.0,69.78209686279297,24344800.0
2021-09-23,88.05000305175781,88.16000366210938,87.95999908447266,88.04000091552734,69.81379699707031,27590300.0
2021-09-24,87.95999908447266,88.0199966430664,87.86000061035156,87.91000366210938,69.71072387695312,21713200.0
2021-09-27,87.76000213623047,87.88999938964844,87.7300033569336,87.83000183105469,69.64727020263672,17652900.0
2021-09-28,87.66000366210938,87.69999694824219,87.37999725341797,87.43000030517578,69.330078125,35515900.0
2021-09-29,87.52999877929688,87.70999908447266,87.51000213623047,87.58999633789062,69.45694732666016,19783400.0
2021-09-30,87.63999938964844,87.68000030517578,87.37999725341797,87.48999786376953,69.3776626586914,41680700.0
2021-10-01,87.3499984741211,87.4800033569336,87.13999938964844,87.41000366210938,69.5439453125,30062800.0
2021-10-04,87.3499984741211,87.37999725341797,87.08000183105469,87.0999984741211,69.29731750488281,24726400.0
2021-10-05,87.19000244140625,87.22000122070312,87.02999877929688,87.05999755859375,69.26548767089844,22347700.0
2021-10-06,86.87000274658203,87.04000091552734,86.7699966430664,87.01000213623047,69.22569274902344,28905900.0
2021-10-07,87.12999725341797,87.30000305175781,86.95999908447266,87.0199966430664,69.23365783691406,29054000.0
2021-10-08,87.0,87.05000305175781,86.76000213623047,86.76000213623047,69.02680969238281,28064300.0
2021-10-11,86.76000213623047,86.80999755859375,86.48999786376953,86.48999786376953,68.81200408935547,16068400.0
2021-10-12,86.5999984741211,86.7699966430664,86.58000183105469,86.6500015258789,68.93930053710938,32922200.0
2021-10-13,86.69999694824219,86.87999725341797,86.55999755859375,86.87999725341797,69.1222915649414,29370400.0
2021-10-14,87.05000305175781,87.37999725341797,87.04000091552734,87.37000274658203,69.51213073730469,26937000.0
2021-10-15,87.38999938964844,87.38999938964844,87.16999816894531,87.22000122070312,69.39277648925781,29782900.0
2021-10-18,87.0199966430664,87.18000030517578,86.98999786376953,87.18000030517578,69.36096954345703,20338400.0
2021-10-19,87.18000030517578,87.25,87.12000274658203,87.23999786376953,69.40869140625,26103300.0
2021-10-20,87.25,87.29000091552734,87.19000244140625,87.2699966430664,69.43257904052734,19720100.0
2021-10-21,87.25,87.29000091552734,86.98999786376953,87.05000305175781,69.2575454711914,19273600.0
2021-10-22,87.0199966430664,87.05999755859375,86.80000305175781,86.83999633789062,69.0904541015625,20734400.0
2021-10-25,86.94000244140625,87.08000183105469,86.7699966430664,86.98999786376953,69.20980072021484,20230000.0
2021-10-26,87.12000274658203,87.19999694824219,87.01000213623047,87.01000213623047,69.22569274902344,19617200.0
2021-10-27,87.0999984741211,87.12999725341797,86.93000030517578,86.94000244140625,69.1700210571289,18521300.0
2021-10-28,86.9800033569336,87.16000366210938,86.9800033569336,87.16000366210938,69.34503173828125,16374700.0
2021-10-29,87.0199966430664,87.05000305175781,86.93000030517578,86.93000030517578,69.16204071044922,26521600.0
2021-11-01,86.7300033569336,86.77999877929688,86.55000305175781,86.55999755859375,69.08781433105469,29987000.0
2021-11-02,86.55999755859375,86.83999633789062,86.55999755859375,86.7699966430664,69.25543212890625,26441600.0
2021-11-03,86.70999908447266,86.95999908447266,86.69000244140625,86.94000244140625,69.39114379882812,22984200.0
2021-11-04,87.0199966430664,87.55999755859375,87.0,87.16999816894531,69.57469177246094,28989800.0
2021-11-05,87.30000305175781,87.5199966430664,87.25,87.5,69.83807373046875,27595000.0
2021-11-08,87.58999633789062,87.61000061035156,87.33999633789062,87.38999938964844,69.75029754638672,11957900.0
2021-11-09,87.38999938964844,87.45999908447266,87.27999877929688,87.45999908447266,69.80616760253906,13732600.0
2021-11-10,87.3499984741211,87.3499984741211,86.94000244140625,86.97000122070312,69.41506958007812,30438400.0
2021-11-11,87.02999877929688,87.04000091552734,86.81999969482422,86.81999969482422,69.29531860351562,10086100.0
2021-11-12,86.91999816894531,87.05000305175781,86.83999633789062,86.8499984741211,69.31930541992188,26392400.0
2021-11-15,86.91000366210938,86.91999816894531,86.7300033569336,86.75,69.23948669433594,17057100.0
2021-11-16,86.7699966430664,86.87000274658203,86.73999786376953,86.79000091552734,69.27141571044922,14302000.0
2021-11-17,86.81999969482422,86.83999633789062,86.69999694824219,86.69999694824219,69.1995620727539,17919200.0
2021-11-18,86.80999755859375,86.80999755859375,86.62999725341797,86.62999725341797,69.14368438720703,23421300.0
2021-11-19,86.62999725341797,86.7699966430664,86.55999755859375,86.55999755859375,69.08781433105469,45282700.0
2021-11-22,86.63999938964844,86.66999816894531,86.22000122070312,86.2300033569336,68.8244400024414,26266000.0
2021-11-23,86.2300033569336,86.37000274658203,86.02999877929688,86.11000061035156,68.7286376953125,33967100.0
2021-11-24,86.0,86.11000061035156,85.76000213623047,86.08999633789062,68.71268463134766,31158800.0
2021-11-26,85.61000061035156,85.62000274658203,85.33999633789062,85.47000122070312,68.21786499023438,36123400.0
2021-11-29,85.80999755859375,86.12999725341797,85.76000213623047,86.0,68.640869140625,31728900.0
2021-11-30,85.95999908447266,86.06999969482422,85.5199966430664,85.63999938964844,68.35353088378906,35465700.0
2021-12-01,85.7699966430664,85.94000244140625,85.31999969482422,85.37000274658203,68.3631362915039,41845200.0
2021-12-02,85.41999816894531,86.05999755859375,85.41000366210938,86.0,68.86763763427734,42383500.0
2021-12-03,86.05000305175781,86.0999984741211,85.83000183105469,86.0,68.86763763427734,47368800.0
2021-12-06,86.02999877929688,86.4800033569336,86.0,86.37999725341797,69.17191314697266,28211300.0
2021-12-07,86.70999908447266,87.06999969482422,86.63999938964844,86.83999633789062,69.5403060913086,42893500.0
2021-12-08,86.77999877929688,86.87000274658203,86.68000030517578,86.81999969482422,69.52433013916016,26598200.0
2021-12-09,86.80000305175781,86.80000305175781,86.43000030517578,86.43000030517578,69.21199035644531,24939100.0
2021-12-10,86.55999755859375,86.66000366210938,86.52999877929688,86.62999725341797,69.37213897705078,20247200.0
2021-12-13,86.62999725341797,86.70999908447266,86.55999755859375,86.62999725341797,69.37213897705078,17125800.0
2021-12-14,86.5,86.58999633789062,86.33000183105469,86.4800033569336,69.25202178955078,20310500.0
2021-12-15,86.47000122070312,86.83999633789062,86.33000183105469,86.80999755859375,69.51627349853516,31699000.0
2021-12-16,86.55000305175781,86.62999725341797,86.38999938964844,86.44999694824219,69.46485137939453,27374000.0
2021-12-17,86.36000061035156,86.51000213623047,86.20999908447266,86.37000274658203,69.40055847167969,27248200.0
2021-12-20,86.12999725341797,86.29000091552734,86.08999633789062,86.22000122070312,69.28005981445312,27560400.0
2021-12-21,86.33999633789062,86.69000244140625,86.33999633789062,86.68000030517578,69.64965057373047,24390500.0
2021-12-22,86.6500015258789,86.93000030517578,86.63999938964844,86.91000366210938,69.83448028564453,17433300.0
2021-12-23,86.95999908447266,87.20999908447266,86.94000244140625,87.16000366210938,70.03534698486328,15612100.0
2021-12-27,87.16999816894531,87.31999969482422,87.12999725341797,87.25,70.10767364501953,13396700.0
2021-12-28,87.22000122070312,87.23999786376953,87.08000183105469,87.20999908447266,70.07550048828125,17150700.0
2021-12-29,87.1500015258789,87.18000030517578,87.05000305175781,87.06999969482422,69.96302795410156,16760300.0
2021-12-30,87.0999984741211,87.0999984741211,86.98999786376953,87.02999877929688,69.93092346191406,12326100.0
2021-12-31,87.05999755859375,87.12000274658203,86.9800033569336,87.01000213623047,69.91481018066406,11505300.0
2022-01-03,86.91999816894531,86.97000122070312,86.76000213623047,86.97000122070312,69.8826904296875,35368400.0
2022-01-04,87.0,87.0,86.66999816894531,86.75,69.70590209960938,33609900.0
2022-01-05,86.73999786376953,86.77999877929688,86.08000183105469,86.08000183105469,69.16754913330078,44808500.0
2022-01-06,86.0999984741211,86.31999969482422,86.05000305175781,86.08999633789062,69.17558288574219,42823200.0
2022-01-07,86.08999633789062,86.0999984741211,85.86000061035156,85.87000274658203,68.99878692626953,34630100.0
2022-01-10,85.76000213623047,85.95999908447266,85.37000274658203,85.94000244140625,69.05504608154297,52621800.0
2022-01-11,85.98999786376953,86.33999633789062,85.75,86.33999633789062,69.37646484375,32513100.0
2022-01-12,86.47000122070312,86.5199966430664,86.33999633789062,86.4800033569336,69.48896026611328,24621400.0
2022-01-13,86.45999908447266,86.5,86.13999938964844,86.16999816894531,69.23985290527344,31699700.0
2022-01-14,86.11000061035156,86.2300033569336,86.0,86.08999633789062,69.17558288574219,31046200.0
2022-01-18,85.83999633789062,85.8499984741211,85.61000061035156,85.66999816894531,68.83810424804688,46331500.0
2022-01-19,85.81999969482422,85.95999908447266,85.55999755859375,85.58999633789062,68.77381134033203,31390200.0
2022-01-20,85.75,85.97000122070312,85.41000366210938,85.43000030517578,68.64524841308594,38217700.0
2022-01-21,85.43000030517578,85.5999984741211,85.33000183105469,85.44000244140625,68.6532974243164,57098000.0
2022-01-24,85.19000244140625,85.41000366210938,84.7699966430664,85.3499984741211,68.58097076416016,79230800.0
2022-01-25,85.08999633789062,85.29000091552734,84.9000015258789,85.0999984741211,68.38008880615234,43642700.0
2022-01-26,85.47000122070312,85.87000274658203,84.69999694824219,84.80999755859375,68.1470718383789,63574900.0
2022-01-27,85.0199966430664,85.12000274658203,84.25,84.44000244140625,67.8497543334961,47351000.0
2022-01-28,84.25,84.69000244140625,83.94999694824219,84.68000030517578,68.04259490966797,51496700.0
2022-01-31,84.5,84.83000183105469,84.22000122070312,84.69999694824219,68.05867767333984,78932100.0
2022-02-01,84.6500015258789,84.77999877929688,84.37000274658203,84.7300033569336,68.328857421875,42377300.0
2022-02-02,84.9000015258789,84.95999908447266,84.61000061035156,84.86000061035156,68.43366241455078,29261500.0
2022-02-03,84.47000122070312,84.54000091552734,84.08999633789062,84.0999984741211,67.82078552246094,44760800.0
2022-02-04,83.76000213623047,83.9000015258789,83.19999694824219,83.7699966430664,67.5546646118164,65508300.0
2022-02-07,83.54000091552734,83.86000061035156,83.41999816894531,83.70999908447266,67.50628662109375,37620700.0
2022-02-08,83.77999877929688,83.8499984741211,83.58000183105469,83.62000274658203,67.43372344970703,39549000.0
2022-02-09,83.94000244140625,84.12000274658203,83.94000244140625,84.05999755859375,67.78850555419922,37641800.0
2022-02-10,83.54000091552734,83.83000183105469,82.94000244140625,82.94999694824219,66.89337921142578,57751400.0
2022-02-11,83.2300033569336,83.25,82.44999694824219,82.66000366210938,66.65951538085938,58997100.0
2022-02-14,82.6500015258789,82.83000183105469,82.22000122070312,82.5199966430664,66.546630859375,36550200.0
2022-02-15,82.73999786376953,82.80999755859375,82.55999755859375,82.66000366210938,66.65951538085938,32724800.0
2022-02-16,82.61000061035156,83.18000030517578,82.54000091552734,83.12000274658203,67.03050994873047,38996000.0
2022-02-17,82.97000122070312,82.97000122070312,82.70999908447266,82.7699966430664,66.74821472167969,30755200.0
2022-02-18,82.69000244140625,82.98999786376953,82.62000274658203,82.88999938964844,66.8449935913086,43848800.0
2022-02-22,82.83999633789062,83.05000305175781,82.58999633789062,82.69999694824219,66.69178009033203,37004300.0
2022-02-23,82.8499984741211,82.91000366210938,82.52999877929688,82.55000305175781,66.5708236694336,36545400.0
2022-02-24,81.91000366210938,83.18000030517578,81.83000183105469,83.13999938964844,67.04660034179688,56132500.0
2022-02-25,83.22000122070312,83.62999725341797,83.22000122070312,83.61000061035156,67.42562103271484,44118800.0
2022-02-28,83.22000122070312,83.87999725341797,83.22000122070312,83.66999816894531,67.47403717041016,54006400.0
2022-03-01,83.43000030517578,83.63999938964844,82.94999694824219,83.12999725341797,67.285400390625,43268500.0
2022-03-02,83.08000183105469,83.36000061035156,82.94000244140625,83.33000183105469,67.44731140136719,41489200.0
2022-03-03,83.4800033569336,83.5,82.20999908447266,83.08000183105469,67.24497985839844,23594200.0
2022-03-04,82.94000244140625,82.94000244140625,82.4800033569336,82.54000091552734,66.80787658691406,32141100.0
2022-03-07,82.38999938964844,82.41000366210938,81.75,81.81999969482422,66.22510528564453,43675900.0
2022-03-08,81.87999725341797,82.08999633789062,81.5,81.52999877929688,65.99038696289062,57474500.0
2022-03-09,82.01000213623047,82.31999969482422,81.8499984741211,82.20999908447266,66.54078674316406,31143000.0
2022-03-10,81.76000213623047,81.87000274658203,81.41999816894531,81.5199966430664,65.98229217529297,46408900.0
2022-03-11,81.62999725341797,81.6500015258789,80.86000061035156,80.93000030517578,65.50476837158203,40097000.0
2022-03-14,80.8499984741211,80.87000274658203,79.87999725341797,79.97000122070312,64.72774505615234,61536700.0
2022-03-15,80.12999725341797,80.76000213623047,80.0999984741211,80.56999969482422,65.21337127685547,57385300.0
2022-03-16,80.95999908447266,81.73999786376953,80.55000305175781,81.69999694824219,66.12797546386719,66254800.0
2022-03-17,81.7699966430664,82.30000305175781,81.75,82.26000213623047,66.58123779296875,48573700.0
2022-03-18,82.0999984741211,82.54000091552734,81.94999694824219,82.52999877929688,66.79978942871094,59780500.0
2022-03-21,82.38999938964844,82.44999694824219,81.41999816894531,81.58000183105469,66.0308609008789,62364300.0
2022-03-22,81.66000366210938,82.06999969482422,81.5,82.0,66.3708267211914,40148600.0
2022-03-23,81.86000061035156,82.01000213623047,81.58999633789062,81.73999786376953,66.1603775024414,36294900.0
2022-03-24,81.7300033569336,81.94000244140625,81.5199966430664,81.91000366210938,66.29798126220703,18435800.0
2022-03-25,81.91999816894531,81.91999816894531,81.26000213623047,81.31999969482422,65.8204116821289,36497500.0
2022-03-28,81.27999877929688,81.8499984741211,81.26000213623047,81.83000183105469,66.23321533203125,26886100.0
2022-03-29,82.19999694824219,82.86000061035156,82.1500015258789,82.83999633789062,67.05072021484375,49781100.0
2022-03-30,82.62000274658203,82.69999694824219,82.38999938964844,82.58999633789062,66.84835815429688,43905200.0
2022-03-31,82.69000244140625,82.7300033569336,82.2699966430664,82.29000091552734,66.60552978515625,40717600.0
2022-04-01,81.83000183105469,82.02999877929688,81.6500015258789,81.94999694824219,66.60065460205078,31316100.0
2022-04-04,82.0199966430664,82.58000183105469,82.0,82.56999969482422,67.1045150756836,32710900.0
2022-04-05,82.38999938964844,82.47000122070312,81.47000122070312,81.5,66.23495483398438,51886400.0
2022-04-06,80.94000244140625,81.4000015258789,80.69000244140625,80.86000061035156,65.71481323242188,67118000.0
2022-04-07,80.94000244140625,81.04000091552734,80.72000122070312,80.7300033569336,65.60917663574219,42831400.0
2022-04-08,80.4800033569336,80.7300033569336,80.2300033569336,80.23999786376953,65.2109375,42177200.0
2022-04-11,79.9800033569336,80.06999969482422,79.58000183105469,79.69000244140625,64.76394653320312,42293400.0
2022-04-12,80.23999786376953,80.62000274658203,80.06999969482422,80.30000305175781,65.25968170166016,38031000.0
2022-04-13,80.44000244140625,80.87999725341797,80.37999725341797,80.77999877929688,65.64979553222656,31635500.0
2022-04-14,80.77999877929688,80.88999938964844,80.02999877929688,80.23999786376953,65.2109375,45130400.0
2022-04-18,80.16000366210938,80.36000061035156,80.0,80.11000061035156,65.10529327392578,20864100.0
2022-04-19,79.95999908447266,80.19000244140625,79.86000061035156,80.04000091552734,65.04840087890625,29920800.0
2022-04-20,80.27999877929688,80.44000244140625,80.16000366210938,80.29000091552734,65.2515869140625,25769700.0
2022-04-21,80.48999786376953,80.54000091552734,79.66999816894531,79.73999786376953,64.80460357666016,38695100.0
2022-04-22,79.63999938964844,79.66000366210938,79.16999816894531,79.26000213623047,64.41452026367188,28243000.0
2022-04-25,79.4000015258789,80.0,79.2699966430664,79.93000030517578,64.95899963378906,35914500.0
2022-04-26,79.9000015258789,79.9000015258789,79.44999694824219,79.45999908447266,64.57705688476562,31171600.0
2022-04-27,79.47000122070312,79.66999816894531,78.98999786376953,79.06999969482422,64.26008605957031,37598600.0
2022-04-28,79.23999786376953,79.62999725341797,78.94000244140625,79.51000213623047,64.61766815185547,30808800.0
2022-04-29,79.13999938964844,79.25,78.4800033569336,78.52999877929688,63.82121658325195,35697100.0
2022-05-02,78.16000366210938,78.30000305175781,77.83000183105469,78.2300033569336,63.82530975341797,38674400.0
2022-05-03,78.4000015258789,78.76000213623047,78.3499984741211,78.63999938964844,64.1598129272461,42665700.0
2022-05-04,78.6500015258789,79.6500015258789,78.08000183105469,79.44000244140625,64.81250762939453,55154900.0
2022-05-05,78.97000122070312,79.0199966430664,77.80999755859375,78.02999877929688,63.66215515136719,53807900.0
2022-05-06,77.62999725341797,78.0,77.41000366210938,77.58999633789062,63.303165435791016,39256900.0
2022-05-09,77.12999725341797,77.30999755859375,76.72000122070312,76.7699966430664,62.63414764404297,38442700.0
2022-05-10,77.38999938964844,77.52999877929688,76.83999633789062,77.20999908447266,62.993125915527344,48419700.0
2022-05-11,77.0,77.48999786376953,76.73999786376953,76.75,62.61783218383789,42473500.0
2022-05-12,76.66000366210938,76.9800033569336,76.4000015258789,76.72000122070312,62.59332275390625,49069700.0
2022-05-13,76.9800033569336,77.05999755859375,76.43000030517578,76.80999755859375,62.66676712036133,49084400.0
2022-05-16,76.83999633789062,76.95999908447266,76.56999969482422,76.69999694824219,62.57702255249024,33300100.0
2022-05-17,76.86000061035156,76.87000274658203,76.44000244140625,76.62999725341797,62.51991271972656,41666500.0
2022-05-18,76.20999908447266,76.25,75.91000366210938,76.0,62.00592041015625,47647800.0
2022-05-19,75.94999694824219,76.66999816894531,75.87000274658203,76.51000213623047,62.42201232910156,53929100.0
2022-05-20,76.77999877929688,76.80000305175781,76.2300033569336,76.45999908447266,62.3812141418457,56691000.0
2022-05-23,76.63999938964844,76.86000061035156,76.58000183105469,76.76000213623047,62.62594604492188,29917100.0
2022-05-24,76.58000183105469,77.26000213623047,76.55000305175781,77.22000122070312,63.00129318237305,42246500.0
2022-05-25,77.30999755859375,78.44000244140625,77.2699966430664,78.38999938964844,63.95585250854492,56661500.0
2022-05-26,78.68000030517578,79.5199966430664,78.47000122070312,79.4800033569336,64.84513092041016,64773400.0
2022-05-27,79.80000305175781,80.19000244140625,79.61000061035156,80.19000244140625,65.42440795898438,52813100.0
2022-05-31,79.73999786376953,79.86000061035156,79.31999969482422,79.5,64.86145782470703,68424700.0
2022-06-01,79.2300033569336,79.44999694824219,78.75,78.9000015258789,64.6214828491211,87646100.0
2022-06-02,78.91999816894531,79.23999786376953,78.69000244140625,79.2300033569336,64.89176940917969,34752500.0
2022-06-03,78.87000274658203,78.87000274658203,78.5199966430664,78.63999938964844,64.40853118896484,36008000.0
2022-06-06,78.77999877929688,78.80000305175781,77.95999908447266,78.05000305175781,63.925289154052734,35756100.0
2022-06-07,77.79000091552734,78.31999969482422,77.7300033569336,78.2300033569336,64.07273864746094,31499900.0
2022-06-08,78.04000091552734,78.06999969482422,77.45999908447266,77.55999755859375,63.52397537231445,25361600.0
2022-06-09,77.26000213623047,77.51000213623047,76.79000091552734,76.94000244140625,63.01617050170898,49468700.0
2022-06-10,76.19999694824219,76.22000122070312,75.27999877929688,75.62999725341797,61.943241119384766,59907000.0
2022-06-13,74.25,74.30999755859375,72.88999938964844,73.0999984741211,59.8711051940918,122714600.0
2022-06-14,73.44999694824219,74.2300033569336,73.05000305175781,73.58000183105469,60.264251708984375,62818600.0
2022-06-15,74.19999694824219,75.38999938964844,74.04000091552734,75.01000213623047,61.435428619384766,70628200.0
2022-06-16,73.9000015258789,74.1500015258789,73.22000122070312,73.81999969482422,60.46081161499024,61583400.0
2022-06-17,73.98999786376953,74.56999969482422,73.80999755859375,74.05000305175781,60.649200439453125,49281000.0
2022-06-21,74.5,74.66999816894531,73.93000030517578,74.0,60.60823059082031,45924600.0
2022-06-22,73.87000274658203,74.25,73.80999755859375,73.9800033569336,60.59183883666992,38204800.0
2022-06-23,74.19000244140625,74.58000183105469,74.08000183105469,74.51000213623047,61.02595520019531,30961800.0
2022-06-24,74.75,75.36000061035156,74.58999633789062,75.04000091552734,61.46001815795898,38198600.0
2022-06-27,75.0999984741211,75.0999984741211,74.58000183105469,74.58000183105469,61.083255767822266,25658200.0
2022-06-28,74.69000244140625,74.79000091552734,73.75,73.76000213623047,60.411659240722656,39303800.0
2022-06-29,73.72000122070312,73.79000091552734,73.43000030517578,73.6500015258789,60.321563720703125,36806800.0
2022-06-30,73.33000183105469,73.83000183105469,73.05999755859375,73.61000061035156,60.2888069152832,45139900.0
2022-07-01,73.5,74.2300033569336,73.44999694824219,73.9800033569336,60.86388397216797,38849300.0
2022-07-05,73.51000213623047,73.9800033569336,73.02999877929688,73.91000366210938,60.80631256103516,38316200.0
2022-07-06,73.79000091552734,74.0,73.5199966430664,73.62999725341797,60.57594680786133,44706000.0
2022-07-07,74.08999633789062,74.87999725341797,74.02999877929688,74.83000183105469,61.56319808959961,44430400.0
2022-07-08,74.55999755859375,74.95999908447266,74.36000061035156,74.88999938964844,61.6125373840332,31230300.0
2022-07-11,74.80000305175781,74.91999816894531,74.44999694824219,74.47000122070312,61.26701354980469,28213700.0
2022-07-12,74.55999755859375,74.9000015258789,74.5,74.7699966430664,61.51381301879883,24036500.0
2022-07-13,74.0,74.91999816894531,73.91999816894531,74.69000244140625,61.448001861572266,46874900.0
2022-07-14,74.08000183105469,74.62999725341797,73.61000061035156,74.55000305175781,61.33282852172852,53953100.0
2022-07-15,74.7699966430664,75.5,74.76000213623047,75.5,62.1143913269043,48360800.0
2022-07-18,75.69000244140625,75.72000122070312,74.69000244140625,74.7699966430664,61.51381301879883,33302800.0
2022-07-19,75.04000091552734,75.94000244140625,75.04000091552734,75.76000213623047,62.32830810546875,31028200.0
2022-07-20,76.05999755859375,76.62000274658203,75.87999725341797,76.08999633789062,62.59979248046875,82881900.0
2022-07-21,76.0199966430664,77.05999755859375,75.93000030517578,76.98999786376953,63.34023666381836,52282000.0
2022-07-22,77.11000061035156,77.54000091552734,76.6500015258789,76.88999938964844,63.25796508789063,51055800.0
2022-07-25,76.94999694824219,77.08999633789062,76.6500015258789,76.87000274658203,63.241512298583984,26032000.0
2022-07-26,76.62000274658203,76.70999908447266,76.27999877929688,76.33000183105469,62.79727935791016,24151200.0
2022-07-27,76.66999816894531,77.47000122070312,76.66999816894531,77.16999816894531,63.48833084106445,35075700.0
2022-07-28,77.54000091552734,78.0199966430664,77.2300033569336,77.95999908447266,64.13826751708984,42335900.0
2022-07-29,77.95999908447266,78.3499984741211,77.75,78.19000244140625,64.32743835449219,33606800.0
2022-08-01,77.63999938964844,78.08000183105469,77.51000213623047,77.91000366210938,64.3472900390625,31595600.0
2022-08-02,77.7699966430664,77.86000061035156,77.5,77.55000305175781,64.04997253417969,40604400.0
2022-08-03,77.77999877929688,78.25,77.56999969482422,78.2300033569336,64.61160278320312,35660900.0
2022-08-04,78.33999633789062,78.44999694824219,78.11000061035156,78.44000244140625,64.7850341796875,24386400.0
2022-08-05,77.5,78.11000061035156,77.38999938964844,78.04000091552734,64.45469665527344,31006700.0
2022-08-08,78.33999633789062,78.6500015258789,78.05000305175781,78.11000061035156,64.51248931884766,19465600.0
2022-08-09,77.93000030517578,77.95999908447266,77.5,77.52999877929688,64.03343963623047,24675700.0
2022-08-10,78.5199966430664,78.7699966430664,78.38999938964844,78.69000244140625,64.99150085449219,38121800.0
2022-08-11,79.19999694824219,79.31999969482422,78.12999725341797,78.23999786376953,64.61985778808594,37778700.0
2022-08-12,78.5199966430664,78.97000122070312,78.29000091552734,78.94000244140625,65.19799041748047,16912300.0
2022-08-15,78.81999969482422,79.0,78.6500015258789,78.80000305175781,65.08238983154297,18441100.0
2022-08-16,78.7300033569336,78.7300033569336,78.26000213623047,78.43000030517578,64.77679443359375,22963200.0
2022-08-17,77.87999725341797,78.04000091552734,77.58999633789062,77.62000274658203,64.10779571533203,28774600.0
2022-08-18,77.80999755859375,77.87999725341797,77.66000366210938,77.73999786376953,64.20690155029297,19089300.0
2022-08-19,77.33000183105469,77.37000274658203,76.77999877929688,76.94999694824219,63.5544319152832,45428900.0
2022-08-22,76.36000061035156,76.4000015258789,76.01000213623047,76.08000183105469,62.83586883544922,42014200.0
2022-08-23,76.0999984741211,76.4000015258789,75.83000183105469,76.2699966430664,62.99279022216797,33240000.0
2022-08-24,76.23999786376953,76.5,76.16000366210938,76.36000061035156,63.06712341308594,16917400.0
2022-08-25,76.58000183105469,77.13999938964844,76.44999694824219,77.08000183105469,63.66179275512695,20080000.0
2022-08-26,77.12000274658203,77.12000274658203,75.73999786376953,75.80999755859375,62.61286544799805,34460600.0
2022-08-29,75.3499984741211,75.7699966430664,75.26000213623047,75.5199966430664,62.37335205078125,28020200.0
2022-08-30,75.5999984741211,75.66000366210938,74.69999694824219,74.94000244140625,61.894317626953125,66233900.0
2022-08-31,74.97000122070312,75.12000274658203,74.51000213623047,74.52999877929688,61.55569076538086,39161800.0
2022-09-01,73.94999694824219,74.41000366210938,73.61000061035156,74.36000061035156,61.718360900878906,38499700.0
2022-09-02,75.0,75.06999969482422,74.2300033569336,74.30999755859375,61.67685317993164,22364500.0
2022-09-06,74.30999755859375,74.38999938964844,73.8499984741211,74.11000061035156,61.510887145996094,28820900.0
2022-09-07,74.20999908447266,75.19000244140625,74.19000244140625,75.18000030517578,62.39896774291992,26853200.0
2022-09-08,74.9000015258789,75.55000305175781,74.77999877929688,75.51000213623047,62.67287063598633,26928000.0
2022-09-09,75.87999725341797,76.16999816894531,75.62999725341797,75.80999755859375,62.92186737060547,29526800.0
2022-09-12,76.08000183105469,76.2300033569336,75.7699966430664,76.04000091552734,63.11275863647461,30276100.0
2022-09-13,74.9800033569336,75.16999816894531,74.27999877929688,74.30999755859375,61.67685317993164,47111300.0
2022-09-14,74.36000061035156,74.91000366210938,74.30999755859375,74.41999816894531,61.76816177368164,29672400.0
2022-09-15,74.29000091552734,74.44000244140625,73.91000366210938,73.94999694824219,61.37806701660156,46282300.0
2022-09-16,73.5,74.19999694824219,73.37000274658203,74.19999694824219,61.58556365966797,56479900.0
2022-09-19,73.91000366210938,74.48999786376953,73.83999633789062,74.4800033569336,61.81798553466797,26891900.0
2022-09-20,74.0199966430664,74.06999969482422,73.66999816894531,73.72000122070312,61.18717575073242,32769500.0
2022-09-21,73.9000015258789,74.23999786376953,73.16000366210938,73.5,61.00457000732422,37851300.0
2022-09-22,73.25,73.38999938964844,72.80000305175781,73.05999755859375,60.63936233520508,48278100.0
2022-09-23,72.55999755859375,72.7300033569336,71.87999725341797,72.12999725341797,59.86749649047852,53312000.0
2022-09-26,71.91999816894531,72.18000030517578,71.26000213623047,71.27999877929688,59.16198348999024,42287400.0
2022-09-27,71.88999938964844,71.91999816894531,70.9000015258789,71.12999725341797,59.03750228881836,45295500.0
2022-09-28,71.66999816894531,72.48999786376953,71.44000244140625,72.4000015258789,60.091583251953125,48935800.0
2022-09-29,71.93000030517578,71.97000122070312,71.31999969482422,71.72000122070312,59.52719497680664,38068800.0
2022-09-30,71.7300033569336,72.27999877929688,71.37999725341797,71.38999938964844,59.2532958984375,42928700.0
2022-10-03,71.5999984741211,72.12999725341797,71.45999908447266,71.97000122070312,60.02982711791992,48967900.0
2022-10-04,72.9000015258789,73.52999877929688,72.7699966430664,73.5199966430664,61.32267379760742,45901300.0
2022-10-05,72.91999816894531,73.4000015258789,72.61000061035156,73.2300033569336,61.08077621459961,47833500.0
2022-10-06,73.1500015258789,73.45999908447266,72.9000015258789,73.01000213623047,60.89728927612305,37196000.0
2022-10-07,72.56999969482422,72.7699966430664,72.0999984741211,72.12000274658203,60.15494918823242,33983000.0
2022-10-10,72.06999969482422,72.11000061035156,70.91999816894531,71.23999786376953,59.42094802856445,37759700.0
2022-10-11,71.37999725341797,72.0199966430664,71.29000091552734,71.45999908447266,59.60444259643555,46344600.0
2022-10-12,71.41000366210938,71.8499984741211,71.41000366210938,71.58000183105469,59.704551696777344,32784800.0
2022-10-13,70.47000122070312,71.91000366210938,70.4000015258789,71.73999786376953,59.83797836303711,48832500.0
2022-10-14,72.19000244140625,72.37000274658203,71.33000183105469,71.51000213623047,59.64617156982422,37152100.0
2022-10-17,72.1500015258789,72.5999984741211,72.13999938964844,72.38999938964844,60.380157470703125,33820000.0
2022-10-18,73.12999725341797,73.30999755859375,72.58000183105469,72.9000015258789,60.80553817749024,37648400.0
2022-10-19,72.4000015258789,72.63999938964844,71.9800033569336,72.19999694824219,60.221675872802734,33194000.0
2022-10-20,72.20999908447266,72.75,71.7300033569336,71.80000305175781,59.888031005859375,47281100.0
2022-10-21,71.58999633789062,72.58000183105469,71.55999755859375,72.48999786376953,60.46354675292969,60211200.0
2022-10-24,72.55999755859375,72.7300033569336,72.16000366210938,72.54000091552734,60.50528335571289,29551200.0
2022-10-25,72.72000122070312,73.25,72.69999694824219,73.23999786376953,61.08915328979492,37459200.0
2022-10-26,73.05999755859375,73.70999908447266,72.94999694824219,73.44000244140625,61.25593566894531,50552100.0
2022-10-27,73.62000274658203,74.13999938964844,73.36000061035156,73.9800033569336,61.70637893676758,49481500.0
2022-10-28,74.25,74.69000244140625,74.12000274658203,74.55000305175781,62.18179702758789,123446800.0
2022-10-31,74.16999816894531,74.18000030517578,73.41999816894531,73.43000030517578,61.24762344360352,60269700.0
2022-11-01,73.94000244140625,73.94999694824219,73.20999908447266,73.58999633789062,61.61603164672852,39586700.0
2022-11-02,73.55999755859375,74.29000091552734,72.87999725341797,72.91999816894531,61.055057525634766,50659500.0
2022-11-03,72.16999816894531,72.63999938964844,71.88999938964844,72.4000015258789,60.6196403503418,37507100.0
2022-11-04,72.87000274658203,73.20999908447266,72.4000015258789,72.9000015258789,61.03831481933594,39849100.0
2022-11-07,73.05000305175781,73.11000061035156,72.68000030517578,72.88999938964844,61.0299186706543,24913000.0
2022-11-08,72.94999694824219,73.06999969482422,72.58999633789062,72.81999969482422,60.9713020324707,39489200.0
2022-11-09,72.5999984741211,72.73999786376953,71.81999969482422,71.94999694824219,60.24288177490234,45728900.0
2022-11-10,73.9800033569336,74.2699966430664,73.45999908447266,74.19000244140625,62.11840057373047,67165700.0
2022-11-11,74.22000122070312,74.69000244140625,73.93000030517578,74.44999694824219,62.33610153198242,20934800.0
2022-11-14,74.25,74.29000091552734,73.87000274658203,73.9000015258789,61.87556838989258,37932800.0
2022-11-15,74.63999938964844,74.69999694824219,74.06999969482422,74.55000305175781,62.41980743408203,50673700.0
2022-11-16,74.48999786376953,74.56999969482422,74.30999755859375,74.38999938964844,62.28585815429688,31124900.0
2022-11-17,73.80999755859375,74.16999816894531,73.7300033569336,74.06999969482422,62.017913818359375,34338000.0
2022-11-18,74.45999908447266,74.45999908447266,74.0199966430664,74.2300033569336,62.1518783569336,31663800.0
2022-11-21,74.1500015258789,74.3499984741211,74.0199966430664,74.19999694824219,62.12675094604492,19070500.0
2022-11-22,74.33999633789062,74.79000091552734,74.26000213623047,74.73999786376953,62.57890319824219,24572500.0
2022-11-23,74.68000030517578,75.30000305175781,74.66000366210938,75.16000366210938,62.930572509765625,30316300.0
2022-11-25,75.1500015258789,75.18000030517578,74.9000015258789,75.01000213623047,62.80498504638672,9465900.0
2022-11-28,74.80000305175781,74.93000030517578,74.19000244140625,74.22000122070312,62.14350128173828,31668900.0
2022-11-29,74.22000122070312,74.5999984741211,74.08000183105469,74.54000091552734,62.41144180297852,27162300.0
2022-11-30,74.5999984741211,75.69000244140625,74.38999938964844,75.66000366210938,63.34920501708984,41702100.0
2022-12-01,75.56999969482422,75.66000366210938,75.18000030517578,75.62000274658203,63.58378219604492,42134200.0
2022-12-02,74.98999786376953,75.58999633789062,74.98999786376953,75.55999755859375,63.53335952758789,27535800.0
2022-12-05,75.27999877929688,75.30000305175781,74.69000244140625,74.83999633789062,62.92796325683594,29736500.0
2022-12-06,74.87000274658203,75.0,74.43000030517578,74.56999969482422,62.7009162902832,24976800.0
2022-12-07,74.55000305175781,75.06999969482422,74.55000305175781,74.9800033569336,63.04566192626953,24614200.0
2022-12-08,75.06999969482422,75.13999938964844,74.80000305175781,75.04000091552734,63.09611511230469,23839500.0
2022-12-09,74.81999969482422,75.31999969482422,74.81999969482422,75.04000091552734,63.09611511230469,20687300.0
2022-12-12,75.22000122070312,75.4000015258789,75.0999984741211,75.33000183105469,63.33994674682617,22415700.0
2022-12-13,76.61000061035156,76.69999694824219,75.69000244140625,76.11000061035156,63.99581527709961,45923300.0
2022-12-14,76.01000213623047,76.20999908447266,75.22000122070312,75.68000030517578,63.63425064086914,57177300.0
2022-12-15,74.91000366210938,75.11000061035156,74.62999725341797,75.0,63.39419555664063,41666500.0
2022-12-16,74.56999969482422,74.80999755859375,74.41000366210938,74.5999984741211,63.05609893798828,38197100.0
2022-12-19,74.30999755859375,74.45999908447266,74.05999755859375,74.22000122070312,62.73491287231445,24135100.0
2022-12-20,73.8499984741211,74.19000244140625,73.69000244140625,74.02999877929688,62.57429885864258,32917800.0
2022-12-21,74.4000015258789,74.80000305175781,74.33999633789062,74.66000366210938,63.10680770874024,23211500.0
2022-12-22,74.37000274658203,74.48999786376953,73.91999816894531,74.19999694824219,62.71801376342773,26893700.0
2022-12-23,74.08000183105469,74.44999694824219,73.94999694824219,74.38999938964844,62.87860870361328,13196500.0
2022-12-27,74.31999969482422,74.37000274658203,73.58000183105469,73.62000274658203,62.22775650024414,22108000.0
2022-12-28,73.73999786376953,73.83000183105469,72.58999633789062,72.62999725341797,61.39094924926758,41064800.0
2022-12-29,72.91999816894531,73.62000274658203,72.75,73.56999969482422,62.185489654541016,33378900.0
2022-12-30,73.31999969482422,73.66999816894531,73.27999877929688,73.62999725341797,62.236209869384766,15170300.0
2023-01-03,74.11000061035156,74.19000244140625,73.66000366210938,73.7699966430664,62.35451889038086,28787700.0
2023-01-04,74.26000213623047,74.66000366210938,73.98999786376953,74.62000274658203,63.072998046875,37120100.0
2023-01-05,74.36000061035156,74.54000091552734,74.18000030517578,74.47000122070312,62.94618988037109,35142000.0
2023-01-06,74.87000274658203,75.77999877929688,74.69999694824219,75.52999877929688,63.84220886230469,60041200.0
2023-01-09,75.75,75.95999908447266,75.63999938964844,75.80000305175781,64.0704116821289,35806900.0
2023-01-10,75.76000213623047,75.87000274658203,75.52999877929688,75.70999908447266,63.99433517456055,35695500.0
2023-01-11,76.0,76.25,75.8499984741211,76.20999908447266,64.41694641113281,31826700.0
2023-01-12,76.4000015258789,76.69999694824219,76.05000305175781,76.63999938964844,64.78041076660156,29404900.0
2023-01-13,76.26000213623047,76.7699966430664,76.22000122070312,76.63999938964844,64.78041076660156,26301500.0
2023-01-17,76.5199966430664,76.55000305175781,76.29000091552734,76.37999725341797,64.56063842773438,30961200.0
2023-01-18,76.8499984741211,77.08000183105469,76.44999694824219,76.47000122070312,64.63671112060547,52989700.0
2023-01-19,76.20999908447266,76.33000183105469,75.94999694824219,76.0199966430664,64.2563705444336,50070900.0
2023-01-20,76.0,76.16999816894531,75.7300033569336,76.16999816894531,64.38316345214844,36625400.0
2023-01-23,76.0999984741211,76.37000274658203,75.97000122070312,76.16000366210938,64.37467956542969,26764800.0
2023-01-24,76.01000213623047,76.25,75.87999725341797,76.20999908447266,64.41694641113281,27774500.0
2023-01-25,75.95999908447266,76.27999877929688,75.87999725341797,76.19999694824219,64.40852355957031,25857700.0
2023-01-26,76.36000061035156,76.47000122070312,76.08999633789062,76.38999938964844,64.56910705566406,25512400.0
2023-01-27,76.2699966430664,76.37000274658203,76.05000305175781,76.16000366210938,64.37467956542969,35813400.0
2023-01-30,75.87999725341797,76.02999877929688,75.72000122070312,75.73999786376953,64.01968383789062,32002000.0
2023-01-31,75.94000244140625,76.36000061035156,75.91999816894531,76.33000183105469,64.51839447021484,41006600.0
2023-02-01,75.9800033569336,76.9800033569336,75.77999877929688,76.76000213623047,65.1961669921875,46900900.0
2023-02-02,77.31999969482422,77.33999633789062,77.06999969482422,77.19999694824219,65.56989288330078,56399900.0
2023-02-03,76.5999984741211,76.86000061035156,76.33000183105469,76.38999938964844,64.88188934326172,39682300.0
2023-02-06,76.05999755859375,76.0999984741211,75.79000091552734,75.9000015258789,64.46574401855469,40944200.0
2023-02-07,75.83000183105469,76.36000061035156,75.77999877929688,76.16999816894531,64.69505310058594,37101300.0
2023-02-08,76.05999755859375,76.16000366210938,75.69000244140625,75.8499984741211,64.42327880859375,34066600.0
2023-02-09,76.11000061035156,76.11000061035156,75.29000091552734,75.36000061035156,64.007080078125,42581900.0
2023-02-10,75.02999877929688,75.25,74.69000244140625,74.77999877929688,63.51445007324219,65905000.0
2023-02-13,74.83000183105469,75.22000122070312,74.75,74.97000122070312,63.67583465576172,38741300.0
2023-02-14,74.83000183105469,75.19000244140625,74.51000213623047,74.98999786376953,63.69281768798828,54193600.0
2023-02-15,74.72000122070312,74.87999725341797,74.58000183105469,74.87000274658203,63.59090423583984,44897600.0
2023-02-16,74.54000091552734,74.58999633789062,74.2300033569336,74.2699966430664,63.081298828125,89945400.0
2023-02-17,74.1500015258789,74.68000030517578,73.87000274658203,74.55999755859375,63.32759475708008,75910300.0
2023-02-21,73.8499984741211,74.02999877929688,73.11000061035156,73.41000366210938,62.35083770751953,98782400.0
2023-02-22,73.5999984741211,74.19000244140625,73.5999984741211,73.88999938964844,62.7585563659668,70093300.0
2023-02-23,74.2300033569336,74.7300033569336,74.12999725341797,74.62000274658203,63.37856674194336,47908100.0
2023-02-24,74.0,74.31999969482422,73.91999816894531,74.16999816894531,62.99634552001953,47576500.0
2023-02-27,74.5199966430664,74.7699966430664,74.37999725341797,74.66999816894531,63.421016693115234,40292000.0
2023-02-28,74.63999938964844,74.63999938964844,74.41999816894531,74.52999877929688,63.30210494995117,32999000.0
2023-03-01,74.08000183105469,74.0999984741211,73.69000244140625,73.87000274658203,63.122684478759766,45341400.0
2023-03-02,73.4800033569336,74.05000305175781,73.4800033569336,73.95999908447266,63.19957733154297,37886100.0
2023-03-03,74.29000091552734,74.80999755859375,74.16999816894531,74.72000122070312,63.849002838134766,50123300.0
2023-03-06,74.88999938964844,74.98999786376953,74.66000366210938,74.72000122070312,63.849002838134766,33430800.0
2023-03-07,74.7300033569336,74.7699966430664,74.18000030517578,74.19000244140625,63.39613342285156,40222100.0
2023-03-08,74.23999786376953,74.36000061035156,73.69000244140625,73.83999633789062,63.0970458984375,54303900.0
2023-03-09,73.91000366210938,74.22000122070312,73.3499984741211,73.43000030517578,62.746681213378906,52669500.0
2023-03-10,73.4800033569336,73.94999694824219,73.16999816894531,73.44000244140625,62.75524139404297,81516000.0
2023-03-13,73.19000244140625,73.9800033569336,72.83000183105469,73.04000091552734,62.41342544555664,78478100.0
2023-03-14,73.69000244140625,73.91000366210938,73.2699966430664,73.56999969482422,62.866329193115234,66395600.0
2023-03-15,72.80999755859375,73.4000015258789,72.61000061035156,73.33000183105469,62.66123962402344,81454700.0
2023-03-16,73.12999725341797,73.94999694824219,73.0199966430664,73.80999755859375,63.0713996887207,63386700.0
2023-03-17,73.44000244140625,73.77999877929688,73.23999786376953,73.37000274658203,62.6954345703125,55132200.0
2023-03-20,73.2300033569336,73.55999755859375,73.06999969482422,73.16999816894531,62.52452087402344,38540800.0
2023-03-21,73.6500015258789,74.08000183105469,73.5,73.97000122070312,63.2081298828125,38203400.0
2023-03-22,73.9800033569336,74.79000091552734,73.70999908447266,74.04000091552734,63.26793670654297,55263500.0
2023-03-23,74.02999877929688,74.37000274658203,73.5199966430664,73.75,63.020137786865234,54660900.0
2023-03-24,73.44999694824219,73.69000244140625,73.38999938964844,73.5999984741211,62.89194107055664,44225600.0
2023-03-27,73.75,73.86000061035156,73.41999816894531,73.41999816894531,62.738162994384766,30905100.0
2023-03-28,73.27999877929688,73.47000122070312,73.13999938964844,73.37999725341797,62.70395660400391,38277200.0
2023-03-29,73.6500015258789,74.30999755859375,73.6500015258789,74.30000305175781,63.4901237487793,44457300.0
2023-03-30,74.47000122070312,74.75,74.2699966430664,74.73999786376953,63.8661003112793,37130200.0
2023-03-31,74.97000122070312,75.6500015258789,74.94999694824219,75.55000305175781,64.55827331542969,54218900.0
2023-04-03,75.13999938964844,75.30000305175781,74.97000122070312,75.1500015258789,64.50846099853516,43302900.0
2023-04-04,75.1500015258789,75.26000213623047,74.8499984741211,74.93000030517578,64.31959533691406,46144300.0
2023-04-05,74.87999725341797,74.94999694824219,74.41999816894531,74.51000213623047,63.95907974243164,37633900.0
2023-04-06,74.38999938964844,74.95999908447266,74.29000091552734,74.83999633789062,64.24235534667969,35719600.0
2023-04-10,74.58000183105469,74.80999755859375,74.41000366210938,74.7699966430664,64.1822509765625,29083900.0
2023-04-11,74.7699966430664,75.0999984741211,74.70999908447266,74.93000030517578,64.31959533691406,28875100.0
2023-04-12,75.30999755859375,75.37999725341797,74.8499984741211,74.91000366210938,64.30244445800781,41457600.0
2023-04-13,75.04000091552734,75.62000274658203,75.04000091552734,75.41999816894531,64.74021911621094,95864000.0
2023-04-14,75.4000015258789,75.55000305175781,75.08000183105469,75.27999877929688,64.62004089355469,43767600.0
2023-04-17,75.06999969482422,75.16000366210938,74.80999755859375,75.08000183105469,64.44837188720703,26391100.0
2023-04-18,75.26000213623047,75.36000061035156,74.9800033569336,75.12999725341797,64.49130249023438,28030700.0
2023-04-19,74.83000183105469,74.98999786376953,74.77999877929688,74.83000183105469,64.23377227783203,26979400.0
2023-04-20,74.6500015258789,74.87999725341797,74.55000305175781,74.76000213623047,64.1736831665039,30203900.0
2023-04-21,74.87999725341797,75.02999877929688,74.69000244140625,74.98999786376953,64.37112426757812,33061800.0
2023-04-24,75.02999877929688,75.26000213623047,74.94999694824219,75.19999694824219,64.55137634277344,24661600.0
2023-04-25,75.16000366210938,75.30000305175781,75.01000213623047,75.08000183105469,64.44837188720703,34575300.0
2023-04-26,75.05999755859375,75.11000061035156,74.68000030517578,74.79000091552734,64.19942474365234,33762700.0
2023-04-27,74.93000030517578,75.25,74.80000305175781,75.04000091552734,64.41403198242188,39687600.0
2023-04-28,75.05999755859375,75.4800033569336,75.05999755859375,75.36000061035156,64.688720703125,33821100.0
2023-05-01,74.93000030517578,75.0,74.52999877929688,74.69000244140625,64.39218139648438,37748300.0
2023-05-02,74.69000244140625,74.73999786376953,74.37000274658203,74.62000274658203,64.3318099975586,39045300.0
2023-05-03,74.69999694824219,75.04000091552734,74.55999755859375,74.58000183105469,64.29732513427734,33178300.0
2023-05-04,74.37999725341797,74.41000366210938,74.08999633789062,74.36000061035156,64.10765075683594,45207600.0
2023-05-05,74.58000183105469,74.86000061035156,74.4800033569336,74.76000213623047,64.45250701904297,31591500.0
2023-05-08,74.69999694824219,74.69999694824219,74.37999725341797,74.55000305175781,64.27144622802734,18367400.0
2023-05-09,74.3499984741211,74.4800033569336,74.2699966430664,74.36000061035156,64.10765075683594,21732900.0
2023-05-10,74.7699966430664,74.91999816894531,74.52999877929688,74.80999755859375,64.49561309814453,35392700.0
2023-05-11,74.73999786376953,74.7699966430664,74.61000061035156,74.69000244140625,64.39218139648438,25265500.0
2023-05-12,74.68000030517578,74.79000091552734,74.27999877929688,74.41999816894531,64.15937042236328,27553200.0
2023-05-15,74.43000030517578,74.48999786376953,74.30000305175781,74.4000015258789,64.14215850830078,19764500.0
2023-05-16,74.26000213623047,74.27999877929688,73.80999755859375,73.87999725341797,63.69381713867188,40998700.0
2023-05-17,73.95999908447266,74.33999633789062,73.93000030517578,74.08000183105469,63.86625289916992,38534100.0
2023-05-18,73.86000061035156,74.19000244140625,73.80999755859375,74.12000274658203,63.9007568359375,29129200.0
2023-05-19,74.19000244140625,74.36000061035156,74.06999969482422,74.19999694824219,63.96969985961914,36044900.0
2023-05-22,74.22000122070312,74.66999816894531,74.22000122070312,74.52999877929688,64.25420379638672,34897700.0
2023-05-23,74.38999938964844,74.4800033569336,74.06999969482422,74.13999938964844,63.91797637939453,32415500.0
2023-05-24,73.93000030517578,74.0199966430664,73.47000122070312,73.62000274658203,63.46968078613281,38083200.0
2023-05-25,73.88999938964844,73.91000366210938,73.55000305175781,73.56999969482422,63.42659378051758,21457900.0
2023-05-26,73.6500015258789,74.11000061035156,73.62000274658203,74.0199966430664,63.81453704833984,23547600.0
2023-05-30,74.3499984741211,74.3499984741211,74.08999633789062,74.33999633789062,64.09040832519531,27482600.0
2023-05-31,74.13999938964844,74.25,73.94999694824219,74.11000061035156,63.89214324951172,43393600.0
2023-06-01,73.80000305175781,74.30999755859375,73.77999877929688,74.19999694824219,64.27584838867188,42425700.0
2023-06-02,74.45999908447266,74.7699966430664,74.30000305175781,74.58000183105469,64.60504150390625,49950900.0
2023-06-05,74.5199966430664,74.55000305175781,74.33999633789062,74.5199966430664,64.55307006835938,24080200.0
2023-06-06,74.44999694824219,74.66000366210938,74.31999969482422,74.63999938964844,64.65702056884766,23006600.0
2023-06-07,74.69999694824219,74.79000091552734,74.13999938964844,74.2300033569336,64.30186462402344,32340900.0
2023-06-08,74.2300033569336,74.73999786376953,74.2300033569336,74.69999694824219,64.7090072631836,33987800.0
2023-06-09,74.76000213623047,74.86000061035156,74.69000244140625,74.72000122070312,64.72632598876953,27016700.0
2023-06-12,74.79000091552734,74.80000305175781,74.4800033569336,74.63999938964844,64.65702056884766,30629500.0
2023-06-13,74.83000183105469,74.94000244140625,74.62000274658203,74.7300033569336,64.7349853515625,39425900.0
2023-06-14,74.80000305175781,74.98999786376953,74.41000366210938,74.76000213623047,64.76097106933594,32864600.0
2023-06-15,74.86000061035156,75.1500015258789,74.81999969482422,75.12000274658203,65.07283782958984,42412300.0
2023-06-16,75.08999633789062,75.11000061035156,74.9000015258789,74.93000030517578,64.90824127197266,47560800.0
2023-06-20,74.80999755859375,74.93000030517578,74.7300033569336,74.7300033569336,64.7349853515625,31930500.0
2023-06-21,74.58000183105469,74.69999694824219,74.38999938964844,74.54000091552734,64.5704116821289,39751900.0
2023-06-22,74.37000274658203,74.4800033569336,74.30000305175781,74.31999969482422,64.37981414794922,31504700.0
2023-06-23,74.20999908447266,74.26000213623047,74.0,74.19000244140625,64.26722717285156,33811100.0
2023-06-26,74.19999694824219,74.33000183105469,74.08999633789062,74.2300033569336,64.30186462402344,36111900.0
2023-06-27,74.30999755859375,74.55000305175781,74.29000091552734,74.4800033569336,64.51841735839844,31707600.0
2023-06-28,74.47000122070312,74.91000366210938,74.41999816894531,74.91000366210938,64.89091491699219,35679600.0
2023-06-29,74.63999938964844,74.72000122070312,74.43000030517578,74.70999908447266,64.7176513671875,41712000.0
2023-06-30,74.95999908447266,75.23999786376953,74.88999938964844,75.06999969482422,65.02949523925781,35842000.0
2023-07-03,74.68000030517578,74.69000244140625,74.5199966430664,74.55000305175781,64.92760467529297,13046500.0
2023-07-05,74.5199966430664,74.54000091552734,74.19999694824219,74.31999969482422,64.72731018066406,37947100.0
2023-07-06,73.77999877929688,73.86000061035156,73.58000183105469,73.77999877929688,64.2569808959961,52251100.0
2023-07-07,73.76000213623047,74.33000183105469,73.7300033569336,73.8499984741211,64.3179702758789,42269100.0
2023-07-10,73.91999816894531,74.30000305175781,73.91000366210938,74.22000122070312,64.64022064208984,45752200.0
2023-07-11,74.41000366210938,74.62000274658203,74.29000091552734,74.62000274658203,64.98860168457031,32000700.0
2023-07-12,75.08999633789062,75.30999755859375,75.0199966430664,75.19999694824219,65.49371337890625,42820700.0
2023-07-13,75.5,75.7300033569336,75.41000366210938,75.6500015258789,65.88562774658203,33954200.0
2023-07-14,75.56999969482422,75.62999725341797,75.05000305175781,75.0999984741211,65.40662384033203,36081800.0
2023-07-17,75.05999755859375,75.36000061035156,75.0,75.23999786376953,65.528564453125,28836600.0
2023-07-18,75.30000305175781,75.55000305175781,75.2699966430664,75.44999694824219,65.71144104003906,25990800.0
2023-07-19,75.58999633789062,75.6500015258789,75.45999908447266,75.51000213623047,65.76372528076172,26794800.0
2023-07-20,75.20999908447266,75.30000305175781,74.9800033569336,75.18000030517578,65.47628784179688,27028500.0
2023-07-21,75.19999694824219,75.48999786376953,75.19999694824219,75.37000274658203,65.64178466796875,37447800.0
2023-07-24,75.43000030517578,75.54000091552734,75.22000122070312,75.23999786376953,65.528564453125,20925500.0
2023-07-25,75.16000366210938,75.2699966430664,75.05999755859375,75.19000244140625,65.48503112792969,30067600.0
2023-07-26,75.16000366210938,75.55999755859375,75.12000274658203,75.48999786376953,65.74628448486328,33068400.0
2023-07-27,75.62999725341797,75.69000244140625,74.7300033569336,74.88999938964844,65.22372436523438,48675800.0
2023-07-28,75.20999908447266,75.37999725341797,75.1500015258789,75.31999969482422,65.59821319580078,27588400.0
2023-07-31,75.41999816894531,75.5999984741211,75.37999725341797,75.5,65.7549819946289,30744800.0
2023-08-01,74.95999908447266,74.95999908447266,74.68000030517578,74.7699966430664,65.42947387695312,34529700.0
2023-08-02,74.44999694824219,74.5199966430664,74.26000213623047,74.44999694824219,65.1494369506836,37500500.0
2023-08-03,74.20999908447266,74.36000061035156,74.08999633789062,74.20999908447266,64.9394302368164,30348000.0
2023-08-04,74.6500015258789,74.94000244140625,74.56999969482422,74.6500015258789,65.324462890625,37411900.0
2023-08-07,74.79000091552734,74.83000183105469,74.5999984741211,74.79000091552734,65.44698333740234,19412600.0
2023-08-08,74.73999786376953,75.0,74.66000366210938,74.94999694824219,65.58697509765625,32545600.0
2023-08-09,74.95999908447266,75.05000305175781,74.80000305175781,74.95999908447266,65.5957260131836,27569200.0
2023-08-10,75.01000213623047,75.3499984741211,74.73999786376953,74.94000244140625,65.5782470703125,43697200.0
2023-08-11,74.68000030517578,74.86000061035156,74.58000183105469,74.83000183105469,65.48198699951172,23329000.0
2023-08-14,74.69999694824219,74.93000030517578,74.56999969482422,74.81999969482422,65.47322082519531,28545100.0
2023-08-15,74.62000274658203,74.79000091552734,74.55000305175781,74.58000183105469,65.2632064819336,32968600.0
2023-08-16,74.55000305175781,74.75,74.3499984741211,74.3499984741211,65.06192016601562,31759400.0
2023-08-17,74.38999938964844,74.41999816894531,73.86000061035156,74.04000091552734,64.7906494140625,38546600.0
2023-08-18,73.88999938964844,74.31999969482422,73.86000061035156,74.08999633789062,64.83442687988281,44130500.0
2023-08-21,74.08000183105469,74.13999938964844,73.83999633789062,74.06999969482422,64.81692504882812,30768700.0
2023-08-22,74.2300033569336,74.26000213623047,74.05000305175781,74.11000061035156,64.85193634033203,18135400.0
2023-08-23,74.4000015258789,74.81999969482422,74.4000015258789,74.70999908447266,65.376953125,33378000.0
2023-08-24,74.72000122070312,74.72000122070312,74.22000122070312,74.30000305175781,65.0181884765625,34336100.0
2023-08-25,74.31999969482422,74.69999694824219,74.26000213623047,74.61000061035156,65.28946685791016,31149300.0
2023-08-28,74.9000015258789,74.93000030517578,74.69000244140625,74.88999938964844,65.53446960449219,21461600.0
2023-08-29,74.80999755859375,75.36000061035156,74.77999877929688,75.36000061035156,65.94577026367188,42178200.0
2023-08-30,75.36000061035156,75.4800033569336,75.26000213623047,75.33000183105469,65.91951751708984,29458200.0
2023-08-31,75.2699966430664,75.37999725341797,75.16000366210938,75.27999877929688,65.87574768066406,30824500.0
2023-09-01,75.19000244140625,75.23999786376953,74.8499984741211,75.06999969482422,65.99971771240234,33213100.0
2023-09-05,74.95999908447266,74.95999908447266,74.5199966430664,74.58000183105469,65.56891632080078,29500600.0
2023-09-06,74.51000213623047,74.55000305175781,74.25,74.4000015258789,65.4106674194336,30797500.0
2023-09-07,74.27999877929688,74.69000244140625,74.27999877929688,74.6500015258789,65.6304702758789,28757400.0
2023-09-08,74.80000305175781,74.87999725341797,74.55999755859375,74.62000274658203,65.60408782958984,26389100.0
2023-09-11,74.72000122070312,74.75,74.56999969482422,74.75,65.71839141845703,29159400.0
2023-09-12,74.55999755859375,74.76000213623047,74.55999755859375,74.62999725341797,65.61287689208984,21668500.0
2023-09-13,74.5999984741211,74.91000366210938,74.5999984741211,74.83000183105469,65.78873443603516,27498900.0
2023-09-14,74.91000366210938,75.0,74.83000183105469,74.91999816894531,65.86783599853516,29575900.0
2023-09-15,74.69999694824219,74.8499984741211,74.63999938964844,74.63999938964844,65.62168884277344,41636900.0
2023-09-18,74.55000305175781,74.7699966430664,74.55000305175781,74.69000244140625,65.6656265258789,19549700.0
2023-09-19,74.52999877929688,74.63999938964844,74.41000366210938,74.45999908447266,65.46343231201172,33937200.0
2023-09-20,74.62999725341797,74.76000213623047,74.38999938964844,74.4000015258789,65.4106674194336,26715100.0
2023-09-21,74.0999984741211,74.16000366210938,73.87000274658203,73.87000274658203,64.94471740722656,43327300.0
2023-09-22,74.0199966430664,74.2699966430664,73.98999786376953,74.0,65.05899810791016,36657300.0
2023-09-25,73.80999755859375,74.02999877929688,73.7300033569336,73.9000015258789,64.97111511230469,30197500.0
2023-09-26,73.83999633789062,73.88999938964844,73.52999877929688,73.58000183105469,64.68976593017578,39193000.0
2023-09-27,73.79000091552734,73.8499984741211,73.3499984741211,73.4800033569336,64.6018295288086,45532200.0
2023-09-28,73.3499984741211,73.86000061035156,73.30999755859375,73.83000183105469,64.90951538085938,45776600.0
2023-09-29,74.13999938964844,74.20999908447266,73.70999908447266,73.72000122070312,64.81283569335938,51698300.0
2023-10-02,73.0999984741211,73.23999786376953,72.80000305175781,72.88999938964844,64.41954040527344,69255900.0
2023-10-03,72.5999984741211,72.80000305175781,72.12000274658203,72.1500015258789,63.76552963256836,77754200.0
2023-10-04,72.31999969482422,72.62999725341797,72.12000274658203,72.5199966430664,64.09253692626953,138971500.0
2023-10-05,72.47000122070312,72.68000030517578,72.4000015258789,72.58999633789062,64.1543960571289,56138500.0
2023-10-06,72.30000305175781,72.81999969482422,72.0999984741211,72.69000244140625,64.2427749633789,52741500.0
2023-10-09,72.69999694824219,73.23999786376953,72.69999694824219,73.2300033569336,64.72002410888672,27277200.0
2023-10-10,73.04000091552734,73.44000244140625,72.94999694824219,73.20999908447266,64.70234680175781,50761600.0
2023-10-11,73.3499984741211,73.44000244140625,72.87999725341797,73.19999694824219,64.6935043334961,53330500.0
2023-10-12,73.16999816894531,73.16999816894531,72.58999633789062,72.80999755859375,64.34886169433594,60368000.0
2023-10-13,73.01000213623047,73.23999786376953,72.68000030517578,72.75,64.29582214355469,54191200.0
2023-10-16,72.72000122070312,72.91000366210938,72.66999816894531,72.7300033569336,64.27813720703125,39352900.0
2023-10-17,72.41999816894531,72.61000061035156,72.29000091552734,72.38999938964844,63.97763442993164,50948700.0
2023-10-18,72.30999755859375,72.45999908447266,71.98999786376953,72.04000091552734,63.66829299926758,58306500.0
2023-10-19,72.04000091552734,72.4000015258789,71.77999877929688,71.77999877929688,63.43852615356445,70971900.0
2023-10-20,71.86000061035156,72.08999633789062,71.81999969482422,71.93000030517578,63.57112503051758,64845500.0
2023-10-23,71.7699966430664,72.41999816894531,71.68000030517578,72.22000122070312,63.82738876342773,47508700.0
2023-10-24,72.41000366210938,72.62000274658203,72.33000183105469,72.58999633789062,64.1543960571289,46427900.0
2023-10-25,72.41000366210938,72.47000122070312,72.12000274658203,72.19999694824219,63.80972290039063,42518300.0
2023-10-26,72.20999908447266,72.58000183105469,72.0999984741211,72.44999694824219,64.03069305419922,45233400.0
2023-10-27,72.5199966430664,72.61000061035156,72.2300033569336,72.36000061035156,63.95112991333008,35621800.0
2023-10-30,72.3499984741211,72.5,72.2699966430664,72.37999725341797,63.96880340576172,29094000.0
2023-10-31,72.41000366210938,72.80000305175781,72.37999725341797,72.56999969482422,64.13673400878906,42185900.0
2023-11-01,72.27999877929688,72.87000274658203,72.27999877929688,72.87000274658203,64.74806213378906,59313100.0
2023-11-02,73.33000183105469,73.79000091552734,73.31999969482422,73.69000244140625,65.47664642333984,68930600.0
2023-11-03,74.1500015258789,74.45999908447266,74.0,74.41000366210938,66.11637878417969,88763600.0
2023-11-06,74.23999786376953,74.38999938964844,74.04000091552734,74.11000061035156,65.84984588623047,93899100.0
2023-11-07,74.05999755859375,74.20999908447266,73.9000015258789,74.12000274658203,65.85872650146484,50458200.0
2023-11-08,74.0999984741211,74.2300033569336,74.05999755859375,74.16000366210938,65.89427947998047,41143500.0
2023-11-09,74.05000305175781,74.19000244140625,73.68000030517578,73.69999694824219,65.48552703857422,62856100.0
2023-11-10,73.91000366210938,74.0999984741211,73.87000274658203,74.05999755859375,65.805419921875,35563300.0
2023-11-13,73.79000091552734,74.05999755859375,73.79000091552734,73.98999786376953,65.74321746826172,37530100.0
2023-11-14,74.62000274658203,74.93000030517578,74.62000274658203,74.73999786376953,66.40960693359375,68210800.0
2023-11-15,74.61000061035156,74.70999908447266,74.43000030517578,74.5,66.19636535644531,44022800.0
2023-11-16,74.52999877929688,74.66999816894531,74.44999694824219,74.5999984741211,66.28521728515625,52928200.0
2023-11-17,74.61000061035156,74.7699966430664,74.4800033569336,74.7699966430664,66.43626403808594,44272100.0
2023-11-20,74.6500015258789,74.94999694824219,74.6500015258789,74.8499984741211,66.50736999511719,30846200.0
2023-11-21,74.80000305175781,74.97000122070312,74.80000305175781,74.94999694824219,66.59619903564453,29493900.0
2023-11-22,75.05000305175781,75.16000366210938,74.87999725341797,75.08000183105469,66.71172332763672,40866800.0
2023-11-24,75.0199966430664,75.02999877929688,74.94999694824219,75.0,66.64064025878906,8536200.0
2023-11-27,75.0,75.19999694824219,74.93000030517578,75.11000061035156,66.7383804321289,31007400.0
2023-11-28,75.0999984741211,75.47000122070312,75.05000305175781,75.44000244140625,67.03160095214844,44031100.0
2023-11-29,75.73999786376953,76.04000091552734,75.70999908447266,75.8499984741211,67.39590454101562,48815500.0
2023-11-30,75.81999969482422,75.86000061035156,75.4800033569336,75.70999908447266,67.27151489257812,55047100.0
2023-12-01,75.29000091552734,76.01000213623047,75.19999694824219,75.98999786376953,67.82849884033203,60321100.0
2023-12-04,75.55000305175781,75.8499984741211,75.55000305175781,75.80000305175781,67.65890502929688,33105700.0
2023-12-05,75.66999816894531,75.95999908447266,75.66999816894531,75.87000274658203,67.72138214111328,32466500.0
2023-12-06,75.95999908447266,76.02999877929688,75.83000183105469,75.87999725341797,67.73030853271484,21297200.0
2023-12-07,75.98999786376953,76.13999938964844,75.91999816894531,76.01000213623047,67.84635925292969,27779300.0
2023-12-08,75.80999755859375,75.91000366210938,75.66999816894531,75.86000061035156,67.71244812011719,30123200.0
2023-12-11,75.80000305175781,75.81999969482422,75.56999969482422,75.80999755859375,67.66780853271484,30141700.0
2023-12-12,75.7699966430664,76.01000213623047,75.5999984741211,75.9800033569336,67.81957244873047,29203400.0
2023-12-13,76.0999984741211,77.1500015258789,76.05999755859375,77.13999938964844,68.8549575805664,64201300.0
2023-12-14,77.12999725341797,77.37999725341797,76.94999694824219,77.0999984741211,69.15907287597656,67220400.0
2023-12-15,77.02999877929688,77.3499984741211,76.75,76.93000030517578,69.00655364990234,36336400.0
2023-12-18,77.08000183105469,77.08000183105469,76.7300033569336,76.9800033569336,69.05142974853516,34793600.0
2023-12-19,77.06999969482422,77.29000091552734,77.04000091552734,77.19999694824219,69.2487564086914,25269400.0
2023-12-20,77.29000091552734,77.54000091552734,77.16999816894531,77.20999908447266,69.25772094726562,38376400.0
2023-12-21,77.51000213623047,77.62999725341797,77.31999969482422,77.55999755859375,69.57167053222656,22861400.0
2023-12-22,77.69000244140625,77.75,77.41999816894531,77.47000122070312,69.49095153808594,18048400.0
2023-12-26,77.5,77.62999725341797,77.4800033569336,77.62000274658203,69.62550354003906,12374700.0
2023-12-27,77.66999816894531,78.08000183105469,77.61000061035156,77.94000244140625,69.91255950927734,22835300.0
2023-12-28,77.9000015258789,77.91000366210938,77.54000091552734,77.69000244140625,69.68829345703125,22648100.0
2023-12-29,77.66999816894531,77.86000061035156,77.38999938964844,77.38999938964844,69.4191665649414,36993900.0
2024-01-02,77.12999725341797,77.23999786376953,77.04000091552734,77.12999725341797,69.18595886230469,41547100.0
2024-01-03,76.72000122070312,77.08000183105469,76.55000305175781,76.91999816894531,68.9975814819336,39495500.0
2024-01-04,76.80999755859375,76.9000015258789,76.5999984741211,76.62000274658203,68.72850799560547,32856100.0
2024-01-05,76.5999984741211,77.0,76.55000305175781,76.68000030517578,68.7823257446289,31158500.0
2024-01-08,76.69999694824219,77.16999816894531,76.69999694824219,77.11000061035156,69.16802215576172,33479100.0
2024-01-09,77.01000213623047,77.31999969482422,76.95999908447266,77.2300033569336,69.27568054199219,25593500.0
2024-01-10,77.41000366210938,77.48999786376953,77.27999877929688,77.37000274658203,69.4012451171875,35702800.0
2024-01-11,77.3499984741211,77.62999725341797,77.16999816894531,77.62000274658203,69.62550354003906,35947100.0
2024-01-12,77.68000030517578,77.91999816894531,77.62999725341797,77.69999694824219,69.697265625,31155500.0
2024-01-16,77.55000305175781,77.55000305175781,77.12999725341797,77.20999908447266,69.25772094726562,43669900.0
2024-01-17,77.08000183105469,77.08000183105469,76.7300033569336,76.87999725341797,68.96172332763672,54160800.0
2024-01-18,76.98999786376953,77.05000305175781,76.8499984741211,77.04000091552734,69.10523223876953,34837600.0
2024-01-19,77.06999969482422,77.16999816894531,76.77999877929688,77.16999816894531,69.22183990478516,44359700.0
2024-01-22,77.18000030517578,77.43000030517578,77.18000030517578,77.2300033569336,69.27568054199219,36758900.0
2024-01-23,77.19000244140625,77.25,77.02999877929688,77.13999938964844,69.1949234008789,24561500.0
2024-01-24,77.4000015258789,77.43000030517578,77.02999877929688,77.0999984741211,69.15907287597656,27623300.0
2024-01-25,77.37000274658203,77.69000244140625,77.30000305175781,77.69000244140625,69.68829345703125,48268800.0
2024-01-26,77.6500015258789,77.7699966430664,77.58999633789062,77.62999725341797,69.63447570800781,26232800.0
2024-01-29,77.66000366210938,77.83000183105469,77.56999969482422,77.80000305175781,69.78697204589844,25924900.0
2024-01-30,77.80000305175781,77.83000183105469,77.52999877929688,77.69999694824219,69.697265625,32486600.0
2024-01-31,77.69999694824219,77.9000015258789,77.43000030517578,77.4800033569336,69.49992370605469,55548900.0
2024-02-01,77.33000183105469,77.61000061035156,77.11000061035156,77.54000091552734,69.90017700195312,48019300.0
2024-02-02,77.05000305175781,77.29000091552734,77.04000091552734,77.19000244140625,69.58464050292969,42727400.0
2024-02-05,76.94999694824219,77.01000213623047,76.66000366210938,76.83000183105469,69.26014709472656,51908600.0
2024-02-06,76.87000274658203,77.22000122070312,76.87000274658203,77.11000061035156,69.51252746582031,32948200.0
2024-02-07,77.2699966430664,77.30000305175781,77.0199966430664,77.23999786376953,69.62971496582031,42954100.0
2024-02-08,77.18000030517578,77.30000305175781,77.12000274658203,77.19999694824219,69.59368133544922,25548400.0
2024-02-09,77.25,77.41000366210938,77.13999938964844,77.36000061035156,69.73790740966797,33951400.0
2024-02-12,77.33000183105469,77.45999908447266,77.16999816894531,77.19000244140625,69.58464050292969,36249100.0
2024-02-13,76.66999816894531,76.80000305175781,76.44000244140625,76.56999969482422,69.02574920654297,69904200.0
2024-02-14,76.79000091552734,76.98999786376953,76.7300033569336,76.87000274658203,69.29619598388672,38603100.0
2024-02-15,77.0,77.2300033569336,76.94000244140625,77.13999938964844,69.5395736694336,44319900.0
2024-02-16,76.93000030517578,77.01000213623047,76.81999969482422,76.91000366210938,69.3322525024414,50322900.0
2024-02-20,76.88999938964844,77.12999725341797,76.81999969482422,77.06999969482422,69.4764633178711,31994100.0
2024-02-21,77.05999755859375,77.12000274658203,76.81999969482422,76.93000030517578,69.35026550292969,38674100.0
2024-02-22,77.1500015258789,77.30999755859375,77.0999984741211,77.30000305175781,69.68382263183594,45450200.0
2024-02-23,77.37000274658203,77.45999908447266,77.29000091552734,77.3499984741211,69.72888946533203,24686900.0
2024-02-26,77.31999969482422,77.3499984741211,77.08000183105469,77.0999984741211,69.50352478027344,32795300.0
2024-02-27,77.1500015258789,77.19999694824219,77.05000305175781,77.19999694824219,69.59368133544922,30926600.0
2024-02-28,77.1500015258789,77.27999877929688,77.0999984741211,77.19000244140625,69.58464050292969,24667600.0
2024-02-29,77.30000305175781,77.47000122070312,77.23999786376953,77.33000183105469,69.71087646484375,43322400.0
2024-03-01,76.93000030517578,77.20999908447266,76.77999877929688,77.18000030517578,69.97197723388672,39342900.0
2024-03-04,77.12000274658203,77.2300033569336,77.02999877929688,77.16000366210938,69.9538345336914,21607300.0
2024-03-05,77.16000366210938,77.3499984741211,77.05999755859375,77.0999984741211,69.8994369506836,38076900.0
2024-03-06,77.30000305175781,77.41000366210938,77.18000030517578,77.29000091552734,70.07170104980469,34335200.0
2024-03-07,77.48999786376953,77.51000213623047,77.31999969482422,77.37999725341797,70.15328216552734,30393000.0
2024-03-08,77.48999786376953,77.7300033569336,77.38999938964844,77.4000015258789,70.17142486572266,38317900.0
2024-03-11,77.33999633789062,77.43000030517578,77.30000305175781,77.38999938964844,70.16234588623047,27177600.0
2024-03-12,77.51000213623047,77.51000213623047,77.26000213623047,77.45999908447266,70.22579956054688,33351700.0
2024-03-13,77.4000015258789,77.68000030517578,77.4000015258789,77.48999786376953,70.25301361083984,28482200.0
2024-03-14,77.47000122070312,77.51000213623047,77.02999877929688,77.12000274658203,69.9175796508789,46677200.0
2024-03-15,77.08000183105469,77.23999786376953,76.95999908447266,77.06999969482422,69.87222290039062,53985300.0
2024-03-18,77.2699966430664,77.31999969482422,77.18000030517578,77.25,70.03544616699219,34649300.0
2024-03-19,77.2300033569336,77.58000183105469,77.22000122070312,77.55999755859375,70.31645965576172,41841500.0
2024-03-20,77.54000091552734,77.8499984741211,77.47000122070312,77.81999969482422,70.55218505859375,36886700.0
2024-03-21,77.94999694824219,77.95999908447266,77.68000030517578,77.77999877929688,70.51593780517578,34693300.0
2024-03-22,77.80999755859375,77.88999938964844,77.66000366210938,77.69999694824219,70.44341278076172,26955700.0
2024-03-25,77.55999755859375,77.66999816894531,77.54000091552734,77.58000183105469,70.33462524414062,29373100.0
2024-03-26,77.66999816894531,77.68000030517578,77.47000122070312,77.48999786376953,70.25301361083984,28522200.0
2024-03-27,77.68000030517578,77.9000015258789,77.5999984741211,77.9000015258789,70.62471008300781,28891100.0
2024-03-28,77.80000305175781,77.91999816894531,77.72000122070312,77.7300033569336,70.47059631347656,31546700.0
2024-04-01,77.3499984741211,77.3499984741211,76.98999786376953,77.0199966430664,70.18355560302734,47857400.0
2024-04-02,76.76000213623047,76.91000366210938,76.72000122070312,76.88999938964844,70.06510925292969,45551200.0
2024-04-03,76.77999877929688,76.98999786376953,76.70999908447266,76.94999694824219,70.11978149414062,29542300.0
2024-04-04,77.11000061035156,77.22000122070312,76.77999877929688,76.88999938964844,70.06510925292969,36056400.0
2024-04-05,76.83000183105469,76.93000030517578,76.79000091552734,76.81999969482422,70.00131225585938,30857300.0
2024-04-08,76.83000183105469,77.04000091552734,76.77999877929688,77.0,70.16533660888672,31067800.0
2024-04-09,77.12000274658203,77.2300033569336,77.0199966430664,77.16000366210938,70.3111572265625,32219100.0
2024-04-10,76.6500015258789,76.76000213623047,76.30000305175781,76.4800033569336,69.6915054321289,76623900.0
2024-04-11,76.51000213623047,76.55999755859375,76.20999908447266,76.41000366210938,69.62772369384766,50836000.0
2024-04-12,76.37999725341797,76.41999816894531,76.25,76.37000274658203,69.59124755859375,41441700.0
2024-04-15,76.44999694824219,76.44999694824219,75.83999633789062,75.93000030517578,69.19031524658203,55560400.0
2024-04-16,75.91000366210938,75.91000366210938,75.58999633789062,75.68000030517578,68.9625015258789,55746100.0
2024-04-17,75.88999938964844,76.04000091552734,75.70999908447266,75.77999877929688,69.05363464355469,48158800.0
2024-04-18,75.77999877929688,75.88999938964844,75.63999938964844,75.83999633789062,69.1082992553711,40291400.0
2024-04-19,75.91000366210938,76.08000183105469,75.9000015258789,75.9800033569336,69.23587799072266,54739500.0
2024-04-22,76.13999938964844,76.43000030517578,76.11000061035156,76.4000015258789,69.61859130859375,40772500.0
2024-04-23,76.47000122070312,76.76000213623047,76.37999725341797,76.70999908447266,69.90109252929688,43554400.0
2024-04-24,76.66999816894531,76.69999694824219,76.37000274658203,76.54000091552734,69.74616241455078,40496500.0
2024-04-25,76.08000183105469,76.4000015258789,75.91000366210938,76.37999725341797,69.60035705566406,46371600.0
2024-04-26,76.37000274658203,76.66000366210938,76.37000274658203,76.62000274658203,69.81907653808594,34500800.0
2024-04-29,76.72000122070312,76.8499984741211,76.66999816894531,76.8499984741211,70.0286636352539,33157800.0
2024-04-30,76.5999984741211,76.76000213623047,76.29000091552734,76.29000091552734,69.51837158203125,49937500.0
2024-05-01,75.94999694824219,76.62999725341797,75.93000030517578,76.29000091552734,69.8847885131836,71484700.0
2024-05-02,76.4800033569336,76.77999877929688,76.33000183105469,76.76000213623047,70.31531524658203,41497900.0
2024-05-03,77.1500015258789,77.38999938964844,76.94000244140625,77.08000183105469,70.60844421386719,44204400.0
2024-05-06,77.16999816894531,77.2300033569336,77.12000274658203,77.16999816894531,70.69088745117188,29547100.0
2024-05-07,77.26000213623047,77.27999877929688,77.02999877929688,77.18000030517578,70.70004272460938,34064000.0
2024-05-08,76.98999786376953,77.05999755859375,76.94999694824219,77.0,70.53516387939453,22959500.0
2024-05-09,76.95999908447266,77.05999755859375,76.86000061035156,77.0199966430664,70.55347442626953,24590900.0
2024-05-10,77.01000213623047,77.02999877929688,76.80999755859375,76.9000015258789,70.44355773925781,24633800.0
2024-05-13,77.05999755859375,77.05999755859375,76.8499984741211,76.87999725341797,70.42525482177734,22109800.0
2024-05-14,76.91999816894531,77.02999877929688,76.9000015258789,77.0,70.53516387939453,27298700.0
2024-05-15,77.25,77.45999908447266,77.19000244140625,77.44999694824219,70.9473648071289,56544400.0
2024-05-16,77.45999908447266,77.45999908447266,77.26000213623047,77.2699966430664,70.78250122070312,31749800.0
2024-05-17,77.22000122070312,77.30999755859375,77.16000366210938,77.27999877929688,70.79166412353516,31550300.0
2024-05-20,77.2300033569336,77.31999969482422,77.19999694824219,77.31999969482422,70.82830810546875,18665000.0
2024-05-21,77.2699966430664,77.4000015258789,77.25,77.26000213623047,70.77334594726562,20295900.0
2024-05-22,77.1500015258789,77.19000244140625,77.0199966430664,77.08999633789062,70.61760711669922,31110700.0
2024-05-23,77.16999816894531,77.22000122070312,76.79000091552734,76.81999969482422,70.37026977539062,36464700.0
2024-05-24,76.94000244140625,77.11000061035156,76.83999633789062,77.08999633789062,70.61760711669922,20488500.0
2024-05-28,77.16999816894531,77.19000244140625,76.76000213623047,76.77999877929688,70.33364868164062,27771700.0
2024-05-29,76.54000091552734,76.6500015258789,76.5199966430664,76.55000305175781,70.1229476928711,38800000.0
2024-05-30,76.62999725341797,76.87999725341797,76.62999725341797,76.86000061035156,70.40691375732422,44210200.0
2024-05-31,76.91999816894531,77.1500015258789,76.91999816894531,77.12999725341797,70.65425872802734,45381900.0
2024-06-03,76.87000274658203,77.01000213623047,76.83999633789062,77.01000213623047,70.87328338623047,36791300.0
2024-06-04,76.91999816894531,77.0999984741211,76.91000366210938,76.97000122070312,70.83648681640625,39230600.0
2024-06-05,77.12000274658203,77.22000122070312,76.95999908447266,77.22000122070312,71.06655883789062,29793700.0
2024-06-06,77.18000030517578,77.18000030517578,77.04000091552734,77.08999633789062,70.94690704345703,24398300.0
2024-06-07,76.79000091552734,76.94000244140625,76.75,76.88999938964844,70.76285552978516,32498800.0
2024-06-10,76.80999755859375,76.97000122070312,76.76000213623047,76.95999908447266,70.82726287841797,24875700.0
2024-06-11,76.91999816894531,77.06999969482422,76.8499984741211,77.05999755859375,70.9193115234375,25339600.0
2024-06-12,77.58999633789062,77.63999938964844,77.3499984741211,77.37000274658203,71.2046127319336,51775700.0
2024-06-13,77.55000305175781,77.55000305175781,77.26000213623047,77.36000061035156,71.19540405273438,38532000.0
2024-06-14,77.11000061035156,77.18000030517578,76.94999694824219,77.05999755859375,70.9193115234375,52953300.0
2024-06-17,76.94000244140625,77.19000244140625,76.83999633789062,77.11000061035156,70.96532440185547,33165000.0
2024-06-18,77.19999694824219,77.41000366210938,77.18000030517578,77.3499984741211,71.18620300292969,46845500.0
2024-06-20,77.31999969482422,77.33999633789062,77.13999938964844,77.30000305175781,71.14017486572266,26989000.0
2024-06-21,77.29000091552734,77.41000366210938,77.20999908447266,77.38999938964844,71.2229995727539,26857600.0
2024-06-24,77.36000061035156,77.51000213623047,77.30999755859375,77.30999755859375,71.14938354492188,28766200.0
2024-06-25,77.36000061035156,77.41999816894531,77.27999877929688,77.41000366210938,71.2414321899414,26111600.0
2024-06-26,77.26000213623047,77.2699966430664,77.16999816894531,77.23999786376953,71.08495330810547,29282000.0
2024-06-27,77.19999694824219,77.33000183105469,77.18000030517578,77.33000183105469,71.16778564453125,29404500.0
2024-06-28,77.37999725341797,77.5199966430664,77.13999938964844,77.13999938964844,70.992919921875,34952000.0
2024-07-01,76.87000274658203,76.91999816894531,76.69000244140625,76.72000122070312,70.97904968261719,31113100.0
2024-07-02,76.7300033569336,76.94999694824219,76.69000244140625,76.93000030517578,71.17332458496094,30418400.0
2024-07-03,76.91999816894531,77.19999694824219,76.91999816894531,77.19999694824219,71.42314147949219,22067300.0
2024-07-05,77.27999877929688,77.44999694824219,77.23999786376953,77.43000030517578,71.63592529296875,25941500.0
2024-07-08,77.41000366210938,77.4800033569336,77.30999755859375,77.41000366210938,71.61742401123047,26962000.0
2024-07-09,77.41000366210938,77.41000366210938,77.2300033569336,77.31999969482422,71.5341567993164,19108500.0
2024-07-10,77.41000366210938,77.5199966430664,77.37000274658203,77.5,71.70067596435547,25361900.0
2024-07-11,77.76000213623047,77.83999633789062,77.70999908447266,77.77999877929688,71.95974731445312,44932500.0
2024-07-12,77.79000091552734,78.0199966430664,77.79000091552734,77.9800033569336,72.14476776123047,31688100.0
2024-07-15,78.04000091552734,78.06999969482422,77.9000015258789,77.98999786376953,72.15401458740234,23235600.0
2024-07-16,78.06999969482422,78.33000183105469,78.0,78.29000091552734,72.43156433105469,41375400.0
2024-07-17,78.05999755859375,78.25,78.02999877929688,78.19999694824219,72.34829711914062,32750400.0
2024-07-18,78.23999786376953,78.2699966430664,77.97000122070312,78.04000091552734,72.2002944946289,42513000.0
2024-07-19,78.12000274658203,78.12999725341797,77.87999725341797,77.9800033569336,72.14476776123047,36125700.0
2024-07-22,78.16999816894531,78.27999877929688,78.11000061035156,78.2699966430664,72.41305541992188,32378800.0
2024-07-23,78.26000213623047,78.41999816894531,78.2300033569336,78.27999877929688,72.42230224609375,28826900.0
2024-07-24,78.19999694824219,78.30999755859375,78.01000213623047,78.02999877929688,72.19102478027344,37612800.0
2024-07-25,78.08000183105469,78.33000183105469,78.04000091552734,78.04000091552734,72.2002944946289,35409000.0
2024-07-26,78.37000274658203,78.37000274658203,78.20999908447266,78.29000091552734,72.43156433105469,23683700.0
2024-07-29,78.4000015258789,78.44000244140625,78.13999938964844,78.22000122070312,72.36681365966797,28468400.0
2024-07-30,78.33000183105469,78.3499984741211,78.12000274658203,78.26000213623047,72.40380859375,33652100.0
2024-07-31,78.47000122070312,78.5999984741211,78.36000061035156,78.54000091552734,72.6628646850586,50714800.0
2024-08-01,78.19000244140625,78.30000305175781,77.94000244140625,77.95999908447266,72.50382995605469,51319800.0
2024-08-02,77.80999755859375,77.97000122070312,77.61000061035156,77.69999694824219,72.26202392578125,71578700.0
2024-08-05,76.63999938964844,77.37999725341797,76.58000183105469,77.22000122070312,71.81561279296875,104456100.0
2024-08-06,77.4800033569336,77.80999755859375,77.16999816894531,77.51000213623047,72.0853271484375,60113400.0
2024-08-07,77.9800033569336,78.01000213623047,77.61000061035156,77.66000366210938,72.2248306274414,56107800.0
2024-08-08,77.9000015258789,78.0199966430664,77.79000091552734,77.9800033569336,72.52243041992188,31528100.0
2024-08-09,78.0199966430664,78.08999633789062,77.83000183105469,77.97000122070312,72.51313018798828,29759900.0
2024-08-12,78.04000091552734,78.04000091552734,77.87000274658203,78.0199966430664,72.55962371826172,33878400.0
2024-08-13,78.11000061035156,78.38999938964844,78.08999633789062,78.37999725341797,72.8944320678711,37310200.0
2024-08-14,78.36000061035156,78.55000305175781,78.30000305175781,78.5199966430664,73.02462768554688,36086900.0
2024-08-15,78.55999755859375,78.62000274658203,78.44999694824219,78.58999633789062,73.0897445678711,39411300.0
2024-08-16,78.55000305175781,78.87999725341797,78.54000091552734,78.83999633789062,73.32223510742188,33682600.0
2024-08-19,78.80999755859375,79.0,78.75,78.97000122070312,73.44314575195312,29604300.0
2024-08-20,79.01000213623047,79.02999877929688,78.7699966430664,78.9000015258789,73.37804412841797,33189300.0
2024-08-21,78.9800033569336,79.11000061035156,78.91000366210938,79.08000183105469,73.54541778564453,34266700.0
2024-08-22,79.08000183105469,79.08999633789062,78.88999938964844,78.9800033569336,73.45244598388672,29292100.0
2024-08-23,79.18000030517578,79.4000015258789,79.08000183105469,79.4000015258789,73.84304809570312,32590900.0
2024-08-26,79.38999938964844,79.43000030517578,79.2300033569336,79.23999786376953,73.69425201416016,20460100.0
2024-08-27,79.1500015258789,79.37000274658203,79.11000061035156,79.29000091552734,73.7407455444336,22784300.0
2024-08-28,79.30999755859375,79.31999969482422,79.18000030517578,79.25,73.70353698730469,22351600.0
2024-08-29,79.33000183105469,79.36000061035156,79.2300033569336,79.33000183105469,73.77794647216797,18353000.0
2024-08-30,79.41999816894531,79.41999816894531,79.23999786376953,79.33999633789062,73.78723907470703,27633300.0
2024-09-03,78.87999725341797,78.95999908447266,78.6500015258789,78.68000030517578,73.52558898925781,31596800.0
2024-09-04,78.66000366210938,79.05000305175781,78.66000366210938,78.97000122070312,73.79659271240234,32371800.0
2024-09-05,79.11000061035156,79.27999877929688,79.05000305175781,79.23999786376953,74.04890441894531,44675300.0
2024-09-06,79.2699966430664,79.37999725341797,78.98999786376953,79.13999938964844,73.9554443359375,49888900.0
2024-09-09,79.2699966430664,79.37999725341797,79.16000366210938,79.33000183105469,74.13301849365234,24823800.0
2024-09-10,79.33999633789062,79.37000274658203,79.0999984741211,79.18000030517578,73.99284362792969,38347600.0
2024-09-11,79.08999633789062,79.30999755859375,78.97000122070312,79.30000305175781,74.10497283935547,42342700.0
2024-09-12,79.25,79.48999786376953,79.20999908447266,79.41000366210938,74.207763671875,28515000.0
2024-09-13,79.5199966430664,79.68000030517578,79.5,79.62999725341797,74.4133529663086,31806800.0
2024-09-16,79.66000366210938,79.9000015258789,79.63999938964844,79.83000183105469,74.60026550292969,31402400.0
2024-09-17,79.9000015258789,79.94000244140625,79.80000305175781,79.8499984741211,74.61893463134766,27423900.0
2024-09-18,79.87999725341797,80.27999877929688,79.79000091552734,79.91999816894531,74.6843490600586,39546900.0
2024-09-19,80.29000091552734,80.33000183105469,80.08999633789062,80.16000366210938,74.90863037109375,48785900.0
2024-09-20,80.16000366210938,80.26000213623047,80.0,80.26000213623047,75.00209045410156,43626300.0
2024-09-23,80.19000244140625,80.20999908447266,80.08000183105469,80.11000061035156,74.86190795898438,29049400.0
2024-09-24,80.12000274658203,80.18000030517578,80.0,80.12000274658203,74.87126159667969,28674500.0
2024-09-25,80.08000183105469,80.11000061035156,80.0199966430664,80.02999877929688,74.78715515136719,28899100.0
2024-09-26,80.19000244140625,80.19000244140625,80.0199966430664,80.16000366210938,74.90863037109375,32732300.0
2024-09-27,80.22000122070312,80.37000274658203,80.19999694824219,80.36000061035156,75.09552001953125,36712700.0
2024-09-30,80.33000183105469,80.37000274658203,80.19000244140625,80.30000305175781,75.03946685791016,31551500.0
2024-10-01,79.98999786376953,80.0,79.80000305175781,79.87000274658203,75.00189208984375,45992200.0
2024-10-02,79.77999877929688,79.87999725341797,79.69000244140625,79.87999725341797,75.01128387451172,41214300.0
2024-10-03,79.77999877929688,79.80999755859375,79.62999725341797,79.69000244140625,74.83287811279297,31147700.0
2024-10-04,79.68000030517578,79.70999908447266,79.54000091552734,79.5999984741211,74.74835205078125,40122800.0
2024-10-07,79.54000091552734,79.54000091552734,79.25,79.26000213623047,74.42908477783203,69202500.0
2024-10-08,79.37000274658203,79.45999908447266,79.30000305175781,79.44999694824219,74.60748291015625,40947200.0
2024-10-09,79.44000244140625,79.4800033569336,79.33999633789062,79.4000015258789,74.56056213378906,42426500.0
2024-10-10,79.4000015258789,79.41000366210938,79.25,79.36000061035156,74.52298736572266,30091700.0
2024-10-11,79.33999633789062,79.58999633789062,79.33999633789062,79.56999969482422,74.72018432617188,26970800.0
2024-10-14,79.62000274658203,79.62999725341797,79.4000015258789,79.61000061035156,74.75775146484375,12065800.0
2024-10-15,79.5999984741211,79.72000122070312,79.58000183105469,79.58999633789062,74.73896026611328,31134400.0
2024-10-16,79.69999694824219,79.80999755859375,79.66000366210938,79.7300033569336,74.87042999267578,31626300.0
2024-10-17,79.7699966430664,79.80000305175781,79.4800033569336,79.61000061035156,74.75775146484375,46599300.0
2024-10-18,79.69999694824219,79.80000305175781,79.6500015258789,79.80000305175781,74.9361801147461,28905600.0
2024-10-21,79.66000366210938,79.70999908447266,79.4000015258789,79.4800033569336,74.63567352294922,36341500.0
2024-10-22,79.43000030517578,79.45999908447266,79.27999877929688,79.37000274658203,74.5323715209961,35466600.0
2024-10-23,79.26000213623047,79.30000305175781,79.06999969482422,79.12999725341797,74.30699157714844,39761500.0
2024-10-24,79.30000305175781,79.41999816894531,79.22000122070312,79.36000061035156,74.52298736572266,30163900.0
2024-10-25,79.45999908447266,79.55000305175781,79.25,79.27999877929688,74.4478530883789,35590200.0
2024-10-28,79.41999816894531,79.5199966430664,79.37999725341797,79.4800033569336,74.63567352294922,31854500.0
2024-10-29,79.25,79.5199966430664,79.2300033569336,79.5,74.65445709228516,42992200.0
2024-10-30,79.48999786376953,79.6500015258789,79.33000183105469,79.36000061035156,74.52298736572266,28728700.0
2024-10-31,79.37999725341797,79.37999725341797,79.13999938964844,79.13999938964844,74.3163833618164,43194600.0
2024-11-01,79.02999877929688,79.08000183105469,78.7300033569336,78.75,74.32111358642578,44045700.0
2024-11-04,79.05000305175781,79.0999984741211,78.88999938964844,78.97000122070312,74.52874755859375,27291200.0
2024-11-05,78.94000244140625,79.19999694824219,78.94000244140625,79.19000244140625,74.73636627197266,31611900.0
2024-11-06,79.22000122070312,79.36000061035156,79.08000183105469,79.33000183105469,74.86849975585938,43173100.0
2024-11-07,79.30000305175781,79.69999694824219,79.25,79.66999816894531,75.18937683105469,51325800.0
2024-11-08,79.77999877929688,79.83000183105469,79.66999816894531,79.80000305175781,75.31207275390625,30543400.0
2024-11-11,79.79000091552734,79.81999969482422,79.70999908447266,79.70999908447266,75.22711944580078,11008700.0
2024-11-12,79.61000061035156,79.69999694824219,79.33000183105469,79.38999938964844,74.92512512207031,44594900.0
2024-11-13,79.58999633789062,79.5999984741211,79.37999725341797,79.41000366210938,74.9439926147461,33873600.0
2024-11-14,79.45999908447266,79.52999877929688,79.23999786376953,79.23999786376953,74.78356170654297,32749300.0
2024-11-15,79.19000244140625,79.27999877929688,79.05000305175781,79.2300033569336,74.77413177490234,33709500.0
2024-11-18,79.2699966430664,79.38999938964844,79.19000244140625,79.37999725341797,74.91569519042969,27780900.0
2024-11-19,79.31999969482422,79.56999969482422,79.30000305175781,79.5,75.02893829345703,34523200.0
2024-11-20,79.48999786376953,79.5,79.38999938964844,79.4800033569336,75.01006317138672,19934000.0
2024-11-21,79.54000091552734,79.63999938964844,79.47000122070312,79.51000213623047,75.03836059570312,28040000.0
2024-11-22,79.5,79.58999633789062,79.44999694824219,79.48999786376953,75.01950073242188,29564900.0
2024-11-25,79.72000122070312,79.8499984741211,79.72000122070312,79.79000091552734,75.30261993408203,35003000.0
2024-11-26,79.80000305175781,79.80000305175781,79.58000183105469,79.63999938964844,75.16107177734375,41103500.0
2024-11-27,79.70999908447266,79.87999725341797,79.69000244140625,79.87999725341797,75.38755798339844,30239600.0
2024-11-29,80.01000213623047,80.06999969482422,79.88999938964844,80.04000091552734,75.53855895996094,25037800.0
2024-12-02,79.93000030517578,79.93000030517578,79.52999877929688,79.6500015258789,75.51107025146484,32387400.0
2024-12-03,79.72000122070312,79.73999786376953,79.61000061035156,79.6500015258789,75.51107025146484,24868500.0
2024-12-04,79.70999908447266,79.83999633789062,79.63999938964844,79.83999633789062,75.69119262695312,22733500.0
2024-12-05,79.79000091552734,79.81999969482422,79.70999908447266,79.7699966430664,75.62482452392578,23106300.0
2024-12-06,79.88999938964844,80.0,79.8499984741211,79.9000015258789,75.74807739257812,29931300.0
2024-12-09,79.9000015258789,79.94000244140625,79.77999877929688,79.80000305175781,75.65328216552734,22095100.0
2024-12-10,79.94000244140625,79.94000244140625,79.73999786376953,79.83999633789062,75.69119262695312,27195200.0
2024-12-11,79.94000244140625,79.94999694824219,79.83000183105469,79.86000061035156,75.71016693115234,24730000.0
2024-12-12,79.80999755859375,79.98999786376953,79.62999725341797,79.63999938964844,75.50159454345703,29081600.0
2024-12-13,79.70999908447266,79.70999908447266,79.37999725341797,79.41000366210938,75.28353881835938,34201100.0
2024-12-16,79.55000305175781,79.62000274658203,79.4800033569336,79.55999755859375,75.42575073242188,22269000.0
2024-12-17,79.41000366210938,79.5,79.38999938964844,79.38999938964844,75.26458740234375,29039500.0
2024-12-18,79.13999938964844,79.13999938964844,78.1500015258789,78.16999816894531,74.49174499511719,80034500.0
2024-12-19,78.44999694824219,78.51000213623047,78.08999633789062,78.08999633789062,74.4155044555664,69005700.0
2024-12-20,78.0,78.66999816894531,78.0,78.58000183105469,74.88245391845703,63276200.0
2024-12-23,78.6500015258789,78.69000244140625,78.37000274658203,78.37000274658203,74.68234252929688,29239400.0
2024-12-24,78.4000015258789,78.63999938964844,78.3499984741211,78.62000274658203,74.92056274414062,11926100.0
2024-12-26,78.51000213623047,78.81999969482422,78.47000122070312,78.81999969482422,75.11115264892578,18384900.0
2024-12-27,78.73999786376953,78.76000213623047,78.52999877929688,78.55000305175781,74.8538589477539,20631800.0
2024-12-30,78.58000183105469,78.73999786376953,78.5,78.66000366210938,74.95869445800781,20659200.0
2024-12-31,78.77999877929688,78.83999633789062,78.55000305175781,78.6500015258789,74.94915008544922,18664900.0
2025-01-02,78.87999725341797,78.94999694824219,78.72000122070312,78.83999633789062,75.13021087646484,30415400.0
2025-01-03,78.98999786376953,79.02999877929688,78.93000030517578,78.95999908447266,75.24457550048828,32611000.0
2025-01-06,79.1500015258789,79.19000244140625,79.0199966430664,79.0999984741211,75.37797546386719,32110000.0
2025-01-07,79.13999938964844,79.22000122070312,78.81999969482422,78.83999633789062,75.13021087646484,43790200.0
2025-01-08,78.8499984741211,78.98999786376953,78.76000213623047,78.94000244140625,75.22551727294922,35304900.0
2025-01-10,78.80000305175781,78.80000305175781,78.5,78.52999877929688,74.83480072021484,37417300.0
2025-01-13,78.48999786376953,78.55999755859375,78.37000274658203,78.51000213623047,74.81575775146484,39180700.0
2025-01-14,78.69000244140625,78.7300033569336,78.55000305175781,78.61000061035156,74.9110336303711,29581100.0
2025-01-15,79.16000366210938,79.30999755859375,79.05999755859375,79.30000305175781,75.56857299804688,53574900.0
2025-01-16,79.20999908447266,79.41000366210938,79.12000274658203,79.38999938964844,75.65433502197266,32363000.0
2025-01-17,79.48999786376953,79.5199966430664,79.38999938964844,79.45999908447266,75.72103118896484,29546400.0
2025-01-21,79.61000061035156,79.69999694824219,79.5999984741211,79.66999816894531,75.9211654663086,32962700.0
2025-01-22,79.69999694824219,79.72000122070312,79.5199966430664,79.55999755859375,75.81633758544922,25028500.0
2025-01-23,79.5199966430664,79.66999816894531,79.44000244140625,79.66000366210938,75.91163635253906,27434800.0
2025-01-24,79.69999694824219,79.83000183105469,79.66000366210938,79.75,75.99740600585938,23648600.0
2025-01-27,79.66999816894531,79.86000061035156,79.61000061035156,79.80999755859375,76.05457305908203,28540600.0
2025-01-28,79.7699966430664,79.80999755859375,79.66999816894531,79.77999877929688,76.02598571777344,30439900.0
2025-01-29,79.76000213623047,79.83000183105469,79.62000274658203,79.7300033569336,75.97834014892578,20072100.0
2025-01-30,79.94000244140625,79.94000244140625,79.79000091552734,79.87999725341797,76.12126922607422,34495300.0
2025-01-31,79.9000015258789,79.97000122070312,79.66999816894531,79.72000122070312,75.96881866455078,37101100.0
2025-02-03,79.16999816894531,79.37000274658203,79.04000091552734,79.26000213623047,75.87307739257812,29965100.0
2025-02-04,79.30000305175781,79.51000213623047,79.2300033569336,79.51000213623047,76.11238861083984,28938600.0
2025-02-05,79.54000091552734,79.7699966430664,79.54000091552734,79.72000122070312,76.31342315673828,31834000.0
2025-02-06,79.72000122070312,79.79000091552734,79.58000183105469,79.5999984741211,76.19856262207031,24224100.0
2025-02-07,79.55999755859375,79.58000183105469,79.33999633789062,79.3499984741211,75.95924377441406,28778200.0
2025-02-10,79.54000091552734,79.58999633789062,79.47000122070312,79.51000213623047,76.11238861083984,23382600.0
2025-02-11,79.52999877929688,79.52999877929688,79.4000015258789,79.4800033569336,76.08368682861328,24410000.0
2025-02-12,79.20999908447266,79.43000030517578,79.1500015258789,79.30999755859375,75.92094421386719,34362700.0
2025-02-13,79.43000030517578,79.69999694824219,79.37999725341797,79.66999816894531,76.26555633544922,36149900.0
2025-02-14,79.79000091552734,79.88999938964844,79.72000122070312,79.76000213623047,76.35171508789062,26668300.0
2025-02-18,79.75,79.80999755859375,79.63999938964844,79.69000244140625,76.28470611572266,23274200.0
2025-02-19,79.63999938964844,79.76000213623047,79.55999755859375,79.75,76.34214782714844,38958600.0
2025-02-20,79.73999786376953,79.81999969482422,79.68000030517578,79.80000305175781,76.3900146484375,25789000.0
2025-02-21,79.7699966430664,79.86000061035156,79.6500015258789,79.6500015258789,76.24642181396484,32016500.0
2025-02-24,79.66999816894531,79.83999633789062,79.63999938964844,79.75,76.34214782714844,21029200.0
2025-02-25,79.94999694824219,79.9800033569336,79.83999633789062,79.94999694824219,76.53359985351562,30604400.0
2025-02-26,80.0,80.08000183105469,79.97000122070312,80.05999755859375,76.63890838623047,21777500.0
2025-02-27,80.05000305175781,80.08000183105469,79.87000274658203,79.91000366210938,76.49530029296875,40521800.0
2025-02-28,79.98999786376953,80.12999725341797,79.93000030517578,80.12999725341797,76.70590209960938,44321200.0
2025-03-03,79.69000244140625,79.75,79.51000213623047,79.58999633789062,76.54624938964844,40729100.0
2025-03-04,79.51000213623047,79.63999938964844,79.30999755859375,79.58000183105469,76.5366439819336,66274600.0
2025-03-05,79.44999694824219,79.68000030517578,79.44000244140625,79.62000274658203,76.57511138916016,32302200.0
2025-03-06,79.43000030517578,79.5,79.27999877929688,79.31999969482422,76.28658294677734,50431500.0
2025-03-07,79.3499984741211,79.51000213623047,79.33000183105469,79.44999694824219,76.41159057617188,52828900.0
2025-03-10,79.30000305175781,79.37999725341797,79.13999938964844,79.1500015258789,76.12308502197266,57602100.0
2025-03-11,79.20999908447266,79.26000213623047,78.80000305175781,78.87000274658203,75.85379791259766,75826700.0
2025-03-12,79.05999755859375,79.11000061035156,78.87999725341797,78.95999908447266,75.94034576416016,53763000.0
2025-03-13,78.86000061035156,78.87000274658203,78.48999786376953,78.5199966430664,75.51718139648438,81223200.0
2025-03-14,78.83000183105469,78.97000122070312,78.70999908447266,78.87999725341797,75.86339569091797,51469800.0
2025-03-17,78.88999938964844,79.0999984741211,78.87000274658203,79.06999969482422,76.046142578125,33954200.0
2025-03-18,79.01000213623047,79.06999969482422,78.93000030517578,78.93000030517578,75.91149139404297,40195900.0
2025-03-19,78.95999908447266,79.54000091552734,78.95999908447266,79.44999694824219,76.41159057617188,45212700.0
2025-03-20,79.38999938964844,79.5,79.26000213623047,79.33999633789062,76.3058090209961,42977600.0
2025-03-21,79.2699966430664,79.30999755859375,79.06999969482422,79.22000122070312,76.1904067993164,35124000.0
2025-03-24,79.41999816894531,79.5,79.3499984741211,79.44999694824219,76.41159057617188,36393500.0
2025-03-25,79.5,79.58000183105469,79.37999725341797,79.41000366210938,76.3731460571289,29075500.0
2025-03-26,79.4000015258789,79.41999816894531,78.97000122070312,79.08999633789062,76.06538391113281,51236100.0
2025-03-27,79.05000305175781,79.13999938964844,78.93000030517578,78.94000244140625,75.92111206054688,38493100.0
2025-03-28,78.98999786376953,79.0,78.66000366210938,78.80000305175781,75.7864761352539,58896900.0
2025-03-31,78.5199966430664,78.91999816894531,78.5199966430664,78.88999938964844,75.87301635742188,47853500.0
2025-04-01,78.68000030517578,78.72000122070312,78.43000030517578,78.69000244140625,76.04891967773438,54256000.0
2025-04-02,78.54000091552734,78.86000061035156,78.54000091552734,78.8499984741211,76.20354461669922,49072400.0
2025-04-03,78.0999984741211,78.27999877929688,77.73999786376953,77.87000274658203,75.25643920898438,116401400.0
2025-04-04,76.80000305175781,77.33000183105469,76.54000091552734,76.76000213623047,74.18368530273438,181273300.0
2025-04-07,75.87000274658203,77.5999984741211,75.62999725341797,76.0999984741211,73.54582977294922,193374800.0
2025-04-08,77.0199966430664,77.12999725341797,75.41999816894531,75.75,73.20759582519531,106007700.0
2025-04-09,75.0999984741211,77.83999633789062,75.08000183105469,77.77999877929688,75.16944885253906,152382200.0
2025-04-10,77.06999969482422,77.18000030517578,76.13999938964844,76.51000213623047,73.94208526611328,93884100.0
2025-04-11,76.2699966430664,77.16999816894531,76.0,76.73999786376953,74.16436767578125,71884000.0
2025-04-14,77.27999877929688,77.45999908447266,76.94000244140625,77.12000274658203,74.53160858154297,50011400.0
2025-04-15,77.23999786376953,77.5,77.18000030517578,77.33000183105469,74.73455810546875,39790500.0
2025-04-16,77.3499984741211,77.5199966430664,77.11000061035156,77.31999969482422,74.72489929199219,52028800.0
2025-04-17,77.62000274658203,77.79000091552734,77.52999877929688,77.7699966430664,75.15979766845703,37355500.0
2025-04-21,77.48999786376953,77.51000213623047,77.1500015258789,77.30999755859375,74.71522521972656,36078000.0
2025-04-22,77.58000183105469,77.80999755859375,77.51000213623047,77.61000061035156,75.00515747070312,33941100.0
2025-04-23,78.5999984741211,78.73999786376953,77.97000122070312,78.0,75.382080078125,63723400.0
2025-04-24,78.27999877929688,78.73999786376953,78.18000030517578,78.69999694824219,76.0585708618164,49007800.0
2025-04-25,78.58999633789062,78.94000244140625,78.54000091552734,78.7699966430664,76.12622833251953,47981700.0
2025-04-28,78.77999877929688,78.87000274658203,78.55000305175781,78.80999755859375,76.16487884521484,42220700.0
2025-04-29,78.6500015258789,79.05000305175781,78.6500015258789,79.0199966430664,76.36782836914062,51198600.0
2025-04-30,78.62999725341797,78.70999908447266,78.45999908447266,78.5999984741211,75.9619369506836,69994200.0
2025-05-01,78.4000015258789,78.48999786376953,78.22000122070312,78.30000305175781,76.06004333496094,50848600.0
2025-05-02,78.5,78.61000061035156,78.36000061035156,78.54000091552734,76.29318237304688,41354100.0
2025-05-05,78.47000122070312,78.63999938964844,78.4000015258789,78.51000213623047,76.2640380859375,39815300.0
2025-05-06,78.41000366210938,78.5199966430664,78.33000183105469,78.44999694824219,76.20574951171875,36292600.0
2025-05-07,78.55999755859375,78.62000274658203,78.36000061035156,78.5199966430664,76.27375030517578,32676200.0
2025-05-08,78.66999816894531,78.7699966430664,78.44999694824219,78.5,76.25432586669922,32684900.0
2025-05-09,78.58999633789062,78.69999694824219,78.54000091552734,78.55000305175781,76.30289459228516,23971200.0
2025-05-12,79.23999786376953,79.38999938964844,79.02999877929688,79.33000183105469,77.06058502197266,70558600.0
2025-05-13,79.37999725341797,79.58000183105469,79.31999969482422,79.47000122070312,77.19657897949219,52141900.0
2025-05-14,79.4000015258789,79.43000030517578,79.13999938964844,79.18000030517578,76.91487121582031,45406500.0
2025-05-15,79.05999755859375,79.33000183105469,79.05999755859375,79.33000183105469,77.06058502197266,49301300.0
2025-05-16,79.37999725341797,79.43000030517578,79.2699966430664,79.41999816894531,77.14799499511719,30657200.0
2025-05-19,79.05999755859375,79.38999938964844,79.05000305175781,79.37999725341797,77.10914611816406,26228800.0
2025-05-20,79.2699966430664,79.37999725341797,79.20999908447266,79.33999633789062,77.0702896118164,25933700.0
2025-05-21,79.08000183105469,79.22000122070312,78.80000305175781,78.80999755859375,76.55545043945312,54737300.0
2025-05-22,78.80999755859375,79.05000305175781,78.75,78.97000122070312,76.71087646484375,43242700.0
2025-05-23,78.76000213623047,78.9800033569336,78.73999786376953,78.94999694824219,76.69145202636719,29598900.0
2025-05-27,79.27999877929688,79.44000244140625,79.16999816894531,79.43000030517578,77.15772247314453,33524700.0
2025-05-28,79.41999816894531,79.44000244140625,79.25,79.37999725341797,77.10914611816406,27012900.0
2025-05-29,79.55999755859375,79.56999969482422,79.41000366210938,79.5,77.22571563720703,28616300.0
2025-05-30,79.44999694824219,79.58000183105469,79.4000015258789,79.56999969482422,77.29370880126953,28930300.0
2025-06-02,79.12999725341797,79.19000244140625,78.9800033569336,79.18000030517578,77.28004455566406,45527200.0
2025-06-03,79.23999786376953,79.3499984741211,79.16999816894531,79.33000183105469,77.42644500732422,28458700.0
2025-06-04,79.33999633789062,79.51000213623047,79.33999633789062,79.4800033569336,77.5728530883789,41403600.0
2025-06-05,79.47000122070312,79.48999786376953,79.2699966430664,79.30999755859375,77.40692138671875,44563900.0
2025-06-06,79.37999725341797,79.38999938964844,79.25,79.30000305175781,77.39717864990234,41300100.0
2025-06-09,79.27999877929688,79.43000030517578,79.27999877929688,79.33999633789062,77.43620300292969,30169000.0
2025-06-10,79.41000366210938,79.55000305175781,79.33000183105469,79.52999877929688,77.62165069580078,24234400.0
2025-06-11,79.58999633789062,79.63999938964844,79.48999786376953,79.51000213623047,77.60213470458984,30114400.0
2025-06-12,79.51000213623047,79.5999984741211,79.47000122070312,79.5999984741211,77.68997192382812,28373200.0
2025-06-13,79.41999816894531,79.5,79.30000305175781,79.36000061035156,77.45572662353516,35271000.0
2025-06-16,79.5199966430664,79.5999984741211,79.48999786376953,79.5199966430664,77.61189270019531,26225100.0
2025-06-17,79.5199966430664,79.63999938964844,79.37000274658203,79.43000030517578,77.52406311035156,27747200.0
2025-06-18,79.48999786376953,79.70999908447266,79.43000030517578,79.55000305175781,77.64117431640625,32833500.0
2025-06-20,79.62000274658203,79.80999755859375,79.58999633789062,79.80000305175781,77.88517761230469,45845800.0
2025-06-23,79.7699966430664,79.94999694824219,79.70999908447266,79.94999694824219,78.03157806396484,32361400.0
2025-06-24,80.05000305175781,80.20999908447266,80.0,80.16999816894531,78.24629974365234,50893200.0
2025-06-25,80.18000030517578,80.22000122070312,80.08000183105469,80.1500015258789,78.2267837524414,24156100.0
2025-06-26,80.2699966430664,80.38999938964844,80.19999694824219,80.37999725341797,78.45125579833984,28889100.0
2025-06-27,80.4000015258789,80.47000122070312,80.30000305175781,80.33999633789062,78.41220092773438,47849500.0
2025-06-30,80.52999877929688,80.66999816894531,80.44999694824219,80.6500015258789,78.71477508544922,52885900.0
2025-07-01,80.19999694824219,80.2699966430664,80.0999984741211,80.16999816894531,78.61573028564453,45411000.0
2025-07-02,80.16999816894531,80.31999969482422,80.08000183105469,80.31999969482422,78.76282501220703,32359500.0
2025-07-03,80.30000305175781,80.38999938964844,80.26000213623047,80.37000274658203,78.81185150146484,19750000.0
2025-07-07,80.33000183105469,80.33999633789062,80.05999755859375,80.0999984741211,78.54708862304688,37027200.0
2025-07-08,80.08999633789062,80.12000274658203,79.94000244140625,79.98999786376953,78.43921661376953,31358900.0
2025-07-09,80.13999938964844,80.22000122070312,80.08000183105469,80.20999908447266,78.65496063232422,30277500.0
2025-07-10,80.20999908447266,80.22000122070312,80.12999725341797,80.12999725341797,78.57650756835938,28776200.0
2025-07-11,80.04000091552734,80.05000305175781,79.93000030517578,80.02999877929688,78.47844696044922,30482200.0
2025-07-14,80.01000213623047,80.0999984741211,79.97000122070312,80.08999633789062,78.53728485107422,23716200.0
2025-07-15,80.16000366210938,80.16999816894531,79.8499984741211,79.8499984741211,78.30193328857422,37039500.0
2025-07-16,79.94999694824219,80.08000183105469,79.75,80.05999755859375,78.50787353515625,39780100.0
2025-07-17,80.04000091552734,80.18000030517578,80.0,80.13999938964844,78.58631134033203,25703200.0
2025-07-18,80.26000213623047,80.31999969482422,80.18000030517578,80.25,78.69417572021484,27686400.0
2025-07-21,80.31999969482422,80.44999694824219,80.31999969482422,80.36000061035156,78.80204772949219,28483300.0
2025-07-22,80.44000244140625,80.5199966430664,80.33999633789062,80.5,78.9393310546875,26017700.0
2025-07-23,80.5199966430664,80.55000305175781,80.44000244140625,80.54000091552734,78.97856140136719,26025000.0
2025-07-24,80.44000244140625,80.51000213623047,80.41000366210938,80.44000244140625,78.88050842285156,27013700.0
2025-07-25,80.5,80.58000183105469,80.41000366210938,80.48999786376953,78.92953491210938,30123100.0
2025-07-28,80.5199966430664,80.5199966430664,80.44000244140625,80.44999694824219,78.89030456542969,22093800.0
2025-07-29,80.48999786376953,80.55000305175781,80.44999694824219,80.5,78.9393310546875,21371800.0
2025-07-30,80.44999694824219,80.5199966430664,80.25,80.33000183105469,78.77263641357422,38392400.0
2025-07-31,80.4000015258789,80.4800033569336,80.33000183105469,80.37999725341797,78.82166290283203,41501300.0
2025-08-01,80.04000091552734,80.08999633789062,79.80000305175781,79.9800033569336,78.82560729980469,68963100.0
2025-08-04,80.08999633789062,80.25,80.05999755859375,80.25,79.0916976928711,37539200.0
2025-08-05,80.20999908447266,80.23999786376953,80.0999984741211,80.20999908447266,79.05228424072266,29656300.0
2025-08-06,80.20999908447266,80.30000305175781,80.13999938964844,80.29000091552734,79.13113403320312,30512900.0
2025-08-07,80.30999755859375,80.36000061035156,80.16000366210938,80.20999908447266,79.05228424072266,29405000.0
2025-08-08,80.19999694824219,80.25,80.16000366210938,80.22000122070312,79.06214141845703,24679000.0
2025-08-11,80.22000122070312,80.29000091552734,80.16999816894531,80.22000122070312,79.06214141845703,30159800.0
2025-08-12,80.2699966430664,80.4000015258789,80.20999908447266,80.4000015258789,79.23954010009766,40846200.0
2025-08-13,80.45999908447266,80.61000061035156,80.45999908447266,80.61000061035156,79.4465103149414,35039600.0
2025-08-14,80.48999786376953,80.48999786376953,80.3499984741211,80.4000015258789,79.23954010009766,36559900.0
2025-08-15,80.47000122070312,80.47000122070312,80.37000274658203,80.45999908447266,79.29867553710938,22754000.0
2025-08-18,80.44000244140625,80.48999786376953,80.37999725341797,80.4000015258789,79.23954010009766,25400800.0
2025-08-19,80.44999694824219,80.4800033569336,80.36000061035156,80.37999725341797,79.2198257446289,21700500.0
2025-08-20,80.41000366210938,80.43000030517578,80.30999755859375,80.3499984741211,79.19026184082031,29704900.0
2025-08-21,80.26000213623047,80.30000305175781,80.19000244140625,80.19999694824219,79.04241943359375,35825900.0
2025-08-22,80.31999969482422,80.86000061035156,80.30000305175781,80.8499984741211,79.68303680419922,59541500.0
2025-08-25,80.77999877929688,80.80999755859375,80.69000244140625,80.69000244140625,79.52536010742188,32714800.0
2025-08-26,80.79000091552734,80.9000015258789,80.73999786376953,80.87000274658203,79.7027587890625,33659900.0
2025-08-27,80.81999969482422,80.98999786376953,80.81999969482422,80.97000122070312,79.80131530761719,24335000.0
2025-08-28,80.97000122070312,81.01000213623047,80.9000015258789,81.01000213623047,79.84073638916016,24203800.0
2025-08-29,80.98999786376953,80.98999786376953,80.86000061035156,80.86000061035156,79.69290161132812,35070300.0
2025-09-02,80.2699966430664,80.43000030517578,80.19999694824219,80.38999938964844,79.60675048828125,51804000.0
2025-09-03,80.41000366210938,80.61000061035156,80.41000366210938,80.61000061035156,79.8246078491211,34283100.0
2025-09-04,80.66000366210938,80.83999633789062,80.62999725341797,80.83000183105469,80.04246520996094,37999700.0
2025-09-05,80.9800033569336,81.0999984741211,80.83999633789062,80.87000274658203,80.08207702636719,39147800.0
2025-09-08,80.94999694824219,80.97000122070312,80.8499984741211,80.87000274658203,80.08207702636719,27003400.0
2025-09-09,80.8499984741211,80.87999725341797,80.66999816894531,80.77999877929688,79.99295043945312,36704500.0
2025-09-10,80.83999633789062,80.94000244140625,80.79000091552734,80.83999633789062,80.05236053466797,38106100.0
2025-09-11,80.91000366210938,81.0999984741211,80.91000366210938,81.04000091552734,80.25041961669922,34221500.0
2025-09-12,81.02999877929688,81.02999877929688,80.94000244140625,80.95999908447266,80.17119598388672,25702800.0
2025-09-15,81.08000183105469,81.19999694824219,81.06999969482422,81.19000244140625,80.39895629882812,27248800.0
2025-09-16,81.20999908447266,81.2300033569336,81.0999984741211,81.12999725341797,80.33953857421875,33075600.0
2025-09-17,81.19000244140625,81.23999786376953,80.91000366210938,81.05000305175781,80.26032257080078,35955700.0
2025-09-18,81.13999938964844,81.2699966430664,81.06999969482422,81.2300033569336,80.43856811523438,43250000.0
2025-09-19,81.25,81.29000091552734,81.1500015258789,81.26000213623047,80.46826934814453,32042900.0
2025-09-22,81.19000244140625,81.33000183105469,81.18000030517578,81.31999969482422,80.52769470214844,26670200.0
2025-09-23,81.33999633789062,81.36000061035156,81.19999694824219,81.26000213623047,80.46826934814453,37088500.0
2025-09-24,81.25,81.25,81.12000274658203,81.1500015258789,80.3593521118164,28124300.0
2025-09-25,81.0,81.01000213623047,80.88999938964844,80.91999816894531,80.13158416748047,33509900.0
2025-09-26,81.04000091552734,81.11000061035156,80.95999908447266,81.08000183105469,80.29003143310547,31046800.0
2025-09-29,81.16000366210938,81.23999786376953,81.12999725341797,81.22000122070312,80.42866516113281,28558500.0
2025-09-30,81.16999816894531,81.20999908447266,81.0999984741211,81.19000244140625,80.39895629882812,54970300.0
2025-10-01,80.80999755859375,81.0,80.77999877929688,80.95999908447266,80.54918670654297,58042600.0
2025-10-02,80.94000244140625,80.97000122070312,80.83999633789062,80.93000030517578,80.51934051513672,33348900.0
2025-10-03,80.91999816894531,80.94000244140625,80.81999969482422,80.83999633789062,80.42979431152344,35109200.0
2025-10-06,80.88999938964844,80.91000366210938,80.83000183105469,80.86000061035156,80.44969940185547,29485100.0
2025-10-07,80.88999938964844,80.88999938964844,80.76000213623047,80.7699966430664,80.36014556884766,27672300.0
2025-10-08,80.81999969482422,80.83999633789062,80.63999938964844,80.6500015258789,80.24076080322266,34932200.0
2025-10-09,80.63999938964844,80.6500015258789,80.30999755859375,80.41999816894531,80.01192474365234,65586700.0
2025-10-10,80.47000122070312,80.48999786376953,79.94999694824219,79.94999694824219,79.5443115234375,83840400.0
2025-10-13,80.2300033569336,80.44999694824219,80.16999816894531,80.44999694824219,80.0417709350586,31926800.0
2025-10-14,80.18000030517578,80.63999938964844,80.11000061035156,80.54000091552734,80.13131713867188,63860100.0
2025-10-15,80.72000122070312,80.83000183105469,80.5999984741211,80.80000305175781,80.38999938964844,59802200.0
2025-10-16,80.80000305175781,80.81999969482422,80.45999908447266,80.51000213623047,80.10147094726562,75725200.0
2025-10-17,80.44000244140625,80.7300033569336,80.43000030517578,80.72000122070312,80.31040954589844,70044200.0
2025-10-20,80.7699966430664,80.91000366210938,80.7699966430664,80.87999725341797,80.46958923339844,43762300.0
2025-10-21,80.87999725341797,80.94000244140625,80.76000213623047,80.76000213623047,80.35020446777344,45418100.0
2025-10-22,80.76000213623047,80.80999755859375,80.5999984741211,80.68000030517578,80.2706069946289,50698600.0
2025-10-23,80.69999694824219,80.86000061035156,80.69999694824219,80.86000061035156,80.44969940185547,37962400.0
2025-10-24,81.02999877929688,81.08999633789062,80.97000122070312,81.08000183105469,80.6685791015625,39905600.0
2025-10-27,81.16999816894531,81.33000183105469,81.12999725341797,81.27999877929688,80.86756134033203,36495000.0
2025-10-28,81.27999877929688,81.27999877929688,81.16999816894531,81.19999694824219,80.7879638671875,31591400.0
2025-10-29,81.19999694824219,81.2300033569336,80.9000015258789,80.94999694824219,80.53923797607422,51827100.0
2025-10-30,80.79000091552734,80.94000244140625,80.76000213623047,80.80000305175781,80.38999938964844,39967300.0
2025-10-31,80.88999938964844,80.95999908447266,80.75,80.80000305175781,80.38999938964844,45044600.0
2025-11-03,80.38999938964844,80.4000015258789,80.12999725341797,80.13999938964844,80.13999938964844,54615100.0
2025-11-04,79.9800033569336,80.22000122070312,79.95999908447266,80.1500015258789,80.1500015258789,49705000.0
2025-11-05,80.19000244140625,80.27999877929688,80.16999816894531,80.2300033569336,80.2300033569336,41326995.0
