Date,Open,High,Low,Close,Adj Close,Volume
2002-07-30,101.3000030517578,102.0,101.25,101.37000274658205,37.810577392578125,21200.0
2002-07-31,101.8000030517578,102.25,101.5500030517578,101.98999786376952,38.04182815551758,272000.0
2002-08-01,102.4000015258789,103.0999984741211,102.3000030517578,102.98999786376952,38.414817810058594,111700.0
2002-08-02,102.9000015258789,103.3000030517578,102.4499969482422,103.1999969482422,38.49314498901367,29200.0
2002-08-05,103.6500015258789,103.6500015258789,102.51000213623048,102.9499969482422,38.39989471435547,166500.0
2002-08-06,102.5,102.6500015258789,102.0999984741211,102.5999984741211,38.26937484741211,430100.0
2002-08-07,102.6999969482422,103.0999984741211,102.1999969482422,102.88999938964844,38.37751388549805,33100.0
2002-08-08,103.0,103.0,102.33000183105467,102.58999633789062,38.265621185302734,83600.0
2002-08-09,102.8000030517578,103.18000030517578,102.61000061035156,103.0,38.41856384277344,273800.0
2002-08-12,103.0999984741211,103.30999755859376,102.9499969482422,103.13999938964844,38.47081756591797,69100.0
2002-08-13,103.4800033569336,103.98999786376952,103.1500015258789,103.98999786376952,38.7878303527832,36400.0
2002-08-14,104.0199966430664,104.6999969482422,104.0,104.02999877929688,38.80273818969727,76400.0
2002-08-15,104.25,104.25,103.5,103.72000122070312,38.6871223449707,132000.0
2002-08-16,104.4000015258789,104.4000015258789,103.1999969482422,103.22000122070312,38.500633239746094,57400.0
2002-08-19,103.6500015258789,104.04000091552734,103.5999984741211,103.8000030517578,38.716983795166016,18700.0
2002-08-20,104.8000030517578,104.9499969482422,104.44000244140624,104.91000366210938,39.13098907470703,262800.0
2002-08-21,105.0,105.1500015258789,104.6999969482422,105.0500030517578,39.18317413330078,22300.0
2002-08-22,105.25,105.25,104.7699966430664,104.9000015258789,39.127254486083984,161800.0
2002-08-23,105.1999969482422,105.3000030517578,104.8499984741211,105.1999969482422,39.23915100097656,47500.0
2002-08-26,105.0,105.4000015258789,105.0,105.30999755859376,39.28020858764648,28900.0
2002-08-27,105.1999969482422,105.25,104.75,105.0500030517578,39.18317413330078,202400.0
2002-08-28,105.4000015258789,105.69000244140624,105.1500015258789,105.25,39.25779342651367,307900.0
2002-08-29,105.8000030517578,105.9000015258789,105.3000030517578,105.63999938964844,39.403263092041016,42900.0
2002-08-30,106.0,106.0,105.3000030517578,105.6999969482422,39.4256477355957,36500.0
2002-09-03,105.9000015258789,106.0500030517578,105.6500015258789,105.6500015258789,39.61276626586914,49300.0
2002-09-04,106.0999984741211,106.1500015258789,105.75,106.04000091552734,39.75896835327149,1690000.0
2002-09-05,106.5999984741211,106.6999969482422,105.81999969482422,106.33999633789062,39.8714485168457,138300.0
2002-09-06,106.33000183105467,106.33000183105467,105.1999969482422,105.62000274658205,39.601524353027344,224800.0
2002-09-09,105.25,106.0,105.25,105.69000244140624,39.62774658203125,53600.0
2002-09-10,105.26000213623048,106.3499984741211,105.25,106.13999938964844,39.79644393920898,176800.0
2002-09-11,105.5,106.0,105.22000122070312,106.0,39.74398422241211,125500.0
2002-09-12,106.1999969482422,106.73999786376952,105.9000015258789,106.5500030517578,39.950191497802734,523900.0
2002-09-13,106.8000030517578,106.91999816894533,106.25,106.7300033569336,40.01768493652344,93400.0
2002-09-16,107.58999633789062,107.58999633789062,106.91999816894533,107.1500015258789,40.17517852783203,32200.0
2002-09-17,107.25,108.2300033569336,106.75,107.2300033569336,40.20513916015625,135500.0
2002-09-18,107.4000015258789,107.4000015258789,106.83999633789062,107.0999984741211,40.15639114379883,214400.0
2002-09-19,107.4000015258789,107.45999908447266,106.8499984741211,107.0999984741211,40.15639114379883,143000.0
2002-09-20,107.0999984741211,107.1500015258789,106.6999969482422,107.1500015258789,40.17517852783203,46900.0
2002-09-23,107.5,107.5,106.8000030517578,106.81999969482422,40.05142593383789,75100.0
2002-09-24,106.9000015258789,107.6999969482422,106.4000015258789,106.8000030517578,40.04394912719727,229100.0
2002-09-25,106.6999969482422,106.9499969482422,106.12000274658205,106.58000183105467,39.961463928222656,97000.0
2002-09-26,106.01000213623048,106.76000213623048,105.8000030517578,106.6999969482422,40.00645065307617,280200.0
2002-09-27,106.9000015258789,107.5500030517578,106.55999755859376,107.5500030517578,40.32513046264648,301400.0
2002-09-30,107.5999984741211,107.8499984741211,107.1500015258789,107.3499984741211,40.25015640258789,105200.0
2002-10-01,106.9000015258789,107.0,106.5,106.83000183105467,40.22263717651367,333500.0
2002-10-02,107.0,107.0,106.4800033569336,106.8000030517578,40.21138381958008,314000.0
2002-10-03,107.0500030517578,107.0500030517578,106.5,106.75,40.19252014160156,160500.0
2002-10-04,105.6500015258789,106.6500015258789,105.6500015258789,106.5,40.098419189453125,123300.0
2002-10-07,106.4000015258789,106.4000015258789,106.0,106.0,39.91016387939453,61300.0
2002-10-08,105.0,105.8000030517578,105.0,105.01000213623048,39.53742218017578,281800.0
2002-10-09,105.0,105.0,104.1500015258789,104.62000274658205,39.39059829711914,300600.0
2002-10-10,104.0999984741211,104.5999984741211,103.6999969482422,104.5999984741211,39.383060455322266,116600.0
2002-10-11,105.3499984741211,105.3499984741211,104.4800033569336,104.9000015258789,39.49600982666016,86100.0
2002-10-14,104.9000015258789,105.2699966430664,104.7699966430664,105.08999633789062,39.5675163269043,47600.0
2002-10-15,103.8000030517578,104.6500015258789,103.8000030517578,103.8499984741211,39.10066604614258,47600.0
2002-10-16,103.75,104.6999969482422,103.4000015258789,103.5999984741211,39.00650405883789,1124900.0
2002-10-17,103.25,103.25,102.4000015258789,102.81999969482422,38.71282958984375,638900.0
2002-10-18,102.75,103.0999984741211,101.9000015258789,103.08999633789062,38.81452941894531,599800.0
2002-10-21,103.4000015258789,103.4000015258789,102.30999755859376,102.4800033569336,38.5848274230957,183400.0
2002-10-22,102.4499969482422,103.08999633789062,102.4499969482422,102.9000015258789,38.74298477172852,464900.0
2002-10-23,102.80999755859376,103.5,102.5999984741211,103.0999984741211,38.81828689575195,128500.0
2002-10-24,103.0,103.5,102.6999969482422,103.48999786376952,38.96513748168945,30600.0
2002-10-25,104.06999969482422,104.1999969482422,103.44000244140624,104.1999969482422,39.23242568969727,58500.0
2002-10-28,104.48999786376952,104.5,104.1999969482422,104.48999786376952,39.34162139892578,771200.0
2002-10-29,104.9000015258789,105.4800033569336,104.5,105.0999984741211,39.571319580078125,29200.0
2002-10-30,105.0,105.4800033569336,104.75,105.12000274658205,39.57881546020508,828500.0
2002-10-31,105.43000030517578,106.25,105.43000030517578,106.25,40.00432205200195,111000.0
2002-11-01,105.7300033569336,105.7300033569336,104.6999969482422,104.9800033569336,39.71936798095703,13100.0
2002-11-04,105.0,105.1999969482422,104.3499984741211,105.1999969482422,39.8026237487793,155200.0
2002-11-05,105.6999969482422,105.6999969482422,104.6500015258789,105.08999633789062,39.76099395751953,53100.0
2002-11-06,105.6500015258789,106.27999877929688,105.0199966430664,105.41000366210938,39.882102966308594,598300.0
2002-11-07,106.44000244140624,106.9000015258789,106.22000122070312,106.9000015258789,40.44584274291992,247800.0
2002-11-08,107.1500015258789,107.1500015258789,102.56999969482422,107.04000091552734,40.498802185058594,847700.0
2002-11-11,107.5,107.5,107.16000366210938,107.33000183105467,40.60851287841797,18100.0
2002-11-12,107.3000030517578,107.3000030517578,106.44000244140624,106.44000244140624,40.27177429199219,26300.0
2002-11-13,106.97000122070312,106.97000122070312,106.43000030517578,106.8499984741211,40.42691802978516,339400.0
2002-11-14,106.1999969482422,106.80999755859376,106.01000213623048,106.13999938964844,40.15826797485352,120300.0
2002-11-15,106.3000030517578,106.8000030517578,106.1500015258789,106.75,40.38904571533203,112900.0
2002-11-18,106.86000061035156,107.5500030517578,106.61000061035156,107.48999786376952,40.6690559387207,50400.0
2002-11-19,107.63999938964844,107.63999938964844,107.02999877929688,107.29000091552734,40.59341049194336,22600.0
2002-11-20,107.93000030517578,107.93000030517578,106.94000244140624,106.94000244140624,40.4609603881836,81200.0
2002-11-21,106.9000015258789,106.98999786376952,106.33999633789062,106.94000244140624,40.4609603881836,239200.0
2002-11-22,106.75,106.88999938964844,106.5,106.5,40.29449081420898,1099900.0
2002-11-25,106.80999755859376,106.83999633789062,106.41000366210938,106.48999786376952,40.29071044921875,28100.0
2002-11-26,106.6500015258789,107.08999633789062,106.5999984741211,107.08999633789062,40.51770782470703,75800.0
2002-11-27,106.9000015258789,106.98999786376952,106.1999969482422,106.48999786376952,40.29071044921875,123000.0
2002-11-29,106.6999969482422,106.8000030517578,106.0199966430664,106.48999786376952,40.29071044921875,17200.0
2002-12-02,105.77999877929688,106.38999938964844,105.3000030517578,106.20999908447266,40.35723114013672,63300.0
2002-12-03,106.1999969482422,106.58999633789062,106.16000366210938,106.4000015258789,40.42940902709961,2064200.0
2002-12-04,106.4000015258789,106.54000091552734,106.0999984741211,106.4000015258789,40.42940902709961,248700.0
2002-12-05,106.12000274658205,106.83999633789062,106.0999984741211,106.63999938964844,40.52061080932617,123500.0
2002-12-06,107.1999969482422,107.33999633789062,106.11000061035156,106.6999969482422,40.54338455200195,297400.0
2002-12-09,106.8499984741211,107.0999984741211,106.5,106.6999969482422,40.54338455200195,63500.0
2002-12-10,106.51000213623048,106.98999786376952,106.51000213623048,106.9000015258789,40.61937713623047,115600.0
2002-12-11,107.3000030517578,107.4499969482422,106.80999755859376,107.3499984741211,40.79038619995117,217600.0
2002-12-12,107.25,107.58999633789062,106.93000030517578,107.3499984741211,40.79038619995117,26800.0
2002-12-13,106.9000015258789,107.38999938964844,106.76000213623048,106.8000030517578,40.58136367797852,44900.0
2002-12-16,107.3499984741211,107.3499984741211,106.75,106.75,40.56239700317383,317400.0
2002-12-17,107.5999984741211,107.5999984741211,106.80999755859376,107.1500015258789,40.714351654052734,294400.0
2002-12-18,107.5,107.72000122070312,107.25,107.69000244140624,40.9195556640625,46800.0
2002-12-19,108.0500030517578,108.37999725341795,107.5500030517578,108.37999725341795,41.1817512512207,50600.0
2002-12-20,108.4499969482422,108.4499969482422,108.01000213623048,108.41000366210938,41.19315719604492,39800.0
2002-12-23,108.3000030517578,108.5,108.04000091552734,108.43000030517578,41.2007064819336,23900.0
2002-12-24,108.5,109.0,108.4000015258789,108.66000366210938,41.28813552856445,14500.0
2002-12-26,108.33000183105467,109.0199966430664,108.33000183105467,109.0199966430664,41.42495346069336,14100.0
2002-12-27,109.25,109.66999816894533,109.0,109.6500015258789,41.66428756713867,16500.0
2002-12-30,109.8499984741211,110.0999984741211,109.5,109.9800033569336,41.78971481323242,30200.0
2002-12-31,109.6999969482422,109.91000366210938,109.3499984741211,109.69000244140624,41.87330627441406,96100.0
2003-01-02,108.97000122070312,108.97000122070312,107.01000213623048,107.33000183105467,40.97237777709961,66700.0
2003-01-03,107.5999984741211,107.94000244140624,107.26000213623048,107.94000244140624,41.20523452758789,23800.0
2003-01-06,107.75,107.88999938964844,107.1500015258789,107.88999938964844,41.18617248535156,623000.0
2003-01-07,107.8499984741211,108.41999816894533,107.41000366210938,108.3000030517578,41.34266662597656,45100.0
2003-01-08,108.5999984741211,108.75,108.1999969482422,108.41000366210938,41.38468551635742,107600.0
2003-01-09,108.0,108.0,107.02999877929688,107.54000091552734,41.052581787109375,55600.0
2003-01-10,108.1999969482422,108.1999969482422,107.31999969482422,107.81999969482422,41.159446716308594,82100.0
2003-01-13,108.0,108.25,107.54000091552734,107.6999969482422,41.11362838745117,53300.0
2003-01-14,108.6999969482422,108.6999969482422,107.81999969482422,108.0,41.22817993164063,239200.0
2003-01-15,108.1999969482422,108.25,107.72000122070312,108.0,41.22817993164063,111500.0
2003-01-16,108.0,108.04000091552734,107.25,107.75,41.132720947265625,185900.0
2003-01-17,108.25,108.3000030517578,107.76000213623048,108.25,41.3235969543457,1489000.0
2003-01-21,108.0,108.37999725341795,107.75,108.31999969482422,41.35032272338867,37600.0
2003-01-22,108.25,108.6500015258789,108.0999984741211,108.54000091552734,41.43429183959961,39300.0
2003-01-23,108.3000030517578,108.75,108.2699966430664,108.58999633789062,41.45339584350586,200300.0
2003-01-24,108.94000244140624,109.36000061035156,108.66000366210938,109.08000183105467,41.64043426513672,1025300.0
2003-01-27,109.0500030517578,109.0500030517578,108.13999938964844,108.44000244140624,41.396141052246094,819100.0
2003-01-28,108.3000030517578,108.77999877929688,108.16999816894533,108.7699966430664,41.5221061706543,691100.0
2003-01-29,108.9000015258789,108.9000015258789,108.0500030517578,108.12999725341795,41.27778625488281,38100.0
2003-01-30,108.3000030517578,108.68000030517578,108.01000213623048,108.5,41.41900634765625,812000.0
2003-01-31,108.75,108.8499984741211,108.1999969482422,108.8000030517578,41.53355026245117,128300.0
2003-02-03,107.75,108.5199966430664,107.75,108.4499969482422,41.57379913330078,25300.0
2003-02-04,108.1999969482422,108.8000030517578,108.12999725341795,108.66000366210938,41.65432357788086,557200.0
2003-02-05,108.62000274658205,108.79000091552734,108.01000213623048,108.5,41.59299087524414,118900.0
2003-02-06,108.6999969482422,108.77999877929688,108.26000213623048,108.69000244140624,41.66581344604492,29600.0
2003-02-07,108.5999984741211,109.01000213623048,108.25,108.93000030517578,41.75779342651367,266500.0
2003-02-10,108.8499984741211,108.9000015258789,108.05999755859376,108.26000213623048,41.500938415527344,425700.0
2003-02-11,108.20999908447266,108.66000366210938,108.20999908447266,108.66000366210938,41.65432357788086,133300.0
2003-02-12,108.94000244140624,108.94000244140624,108.5,108.51000213623048,41.59678268432617,35300.0
2003-02-13,108.73999786376952,109.25,108.51000213623048,108.51000213623048,41.59678268432617,79200.0
2003-02-14,108.9499969482422,108.9499969482422,108.25,108.45999908447266,41.5776481628418,75900.0
2003-02-18,108.5,108.83999633789062,108.25,108.8000030517578,41.707984924316406,930400.0
2003-02-19,108.94000244140624,109.30999755859376,108.6999969482422,109.1500015258789,41.84214401245117,27200.0
2003-02-20,109.16000366210938,109.68000030517578,109.0,109.43000030517578,41.949501037597656,164900.0
2003-02-21,109.75,109.75,109.0,109.12999725341795,41.83448028564453,81200.0
2003-02-24,109.5999984741211,109.72000122070312,109.30999755859376,109.48999786376952,41.972503662109375,125200.0
2003-02-25,109.98999786376952,109.98999786376952,109.45999908447266,109.69000244140624,42.04917526245117,163800.0
2003-02-26,109.98999786376952,110.0,109.5500030517578,109.98999786376952,42.164180755615234,32300.0
2003-02-27,110.0,110.48999786376952,109.72000122070312,110.4499969482422,42.34049987792969,89700.0
2003-02-28,110.45999908447266,110.77999877929688,109.9800033569336,110.48999786376952,42.35581207275391,81000.0
2003-03-03,110.5999984741211,110.87000274658205,110.11000061035156,110.6999969482422,42.599403381347656,196700.0
2003-03-04,110.41000366210938,110.83999633789062,110.25,110.76000213623048,42.62249755859375,96400.0
2003-03-05,110.9000015258789,110.9000015258789,110.25,110.6999969482422,42.599403381347656,23900.0
2003-03-06,110.9000015258789,110.9000015258789,110.25,110.51000213623048,42.52628707885742,48000.0
2003-03-07,110.76000213623048,110.95999908447266,110.23999786376952,110.54000091552734,42.537879943847656,28400.0
2003-03-10,110.54000091552734,111.05999755859376,110.52999877929688,110.8499984741211,42.65716552734375,48600.0
2003-03-11,110.9800033569336,110.9800033569336,110.3499984741211,110.5999984741211,42.56096267700195,49700.0
2003-03-12,110.5,110.8499984741211,110.1999969482422,110.4000015258789,42.48400115966797,139500.0
2003-03-13,109.5199966430664,109.9800033569336,109.2699966430664,109.6999969482422,42.21456527709961,190500.0
2003-03-14,109.5500030517578,109.94000244140624,109.3499984741211,109.56999969482422,42.1645736694336,212800.0
2003-03-17,109.8000030517578,110.08999633789062,108.8499984741211,109.0,41.94524002075195,502800.0
2003-03-18,109.0199966430664,109.62000274658205,108.27999877929688,108.56999969482422,41.77973937988281,1098700.0
2003-03-19,108.6999969482422,108.7300033569336,107.83000183105467,108.0,41.560428619384766,869800.0
2003-03-20,108.63999938964844,108.79000091552734,107.75,108.19000244140624,41.63352966308594,44700.0
2003-03-21,108.3000030517578,108.3499984741211,107.56999969482422,107.63999938964844,41.4218978881836,142200.0
2003-03-24,108.0,108.69000244140624,107.9800033569336,108.5,41.7528190612793,123000.0
2003-03-25,108.5500030517578,108.8000030517578,108.3499984741211,108.62000274658205,41.79899597167969,30700.0
2003-03-26,108.6500015258789,109.19000244140624,108.6500015258789,109.0999984741211,41.98373031616211,129600.0
2003-03-27,109.44000244140624,109.44000244140624,109.01000213623048,109.25,42.04143524169922,54600.0
2003-03-28,109.4499969482422,109.98999786376952,109.4000015258789,109.69000244140624,42.21076965332031,650500.0
2003-03-31,109.6999969482422,110.25,109.6999969482422,110.1999969482422,42.407005310058594,59000.0
2003-04-01,109.8000030517578,110.13999938964844,109.3000030517578,110.05999755859376,42.635963439941406,94500.0
2003-04-02,109.4000015258789,109.80999755859376,109.20999908447266,109.73999786376952,42.51199722290039,155700.0
2003-04-03,109.73999786376952,110.08999633789062,109.5,109.75,42.51586532592773,31200.0
2003-04-04,109.73999786376952,109.83000183105467,109.30999755859376,109.4800033569336,42.41124725341797,680000.0
2003-04-07,109.0199966430664,109.5199966430664,108.56999969482422,109.27999877929688,42.33380508422852,61800.0
2003-04-08,109.5,109.73999786376952,109.13999938964844,109.68000030517578,42.488765716552734,377400.0
2003-04-09,109.8000030517578,110.08999633789062,109.41000366210938,110.04000091552734,42.628196716308594,31500.0
2003-04-10,110.0,110.0,109.5,109.63999938964844,42.473270416259766,795300.0
2003-04-11,109.3000030517578,109.58000183105467,109.05999755859376,109.25,42.32218170166016,106100.0
2003-04-14,109.31999969482422,109.48999786376952,108.6999969482422,109.30999755859376,42.34539413452149,145200.0
2003-04-15,109.81999969482422,110.0,109.31999969482422,109.51000213623048,42.42290496826172,824100.0
2003-04-16,110.0999984741211,110.3000030517578,109.75,110.25,42.70954513549805,196400.0
2003-04-17,110.5999984741211,110.61000061035156,110.01000213623048,110.0199966430664,42.62046051025391,54800.0
2003-04-21,110.0999984741211,110.37999725341795,109.87999725341795,110.25,42.70954513549805,89000.0
2003-04-22,110.58999633789062,110.8499984741211,110.1999969482422,110.3000030517578,42.72893524169922,35500.0
2003-04-23,110.3499984741211,111.0500030517578,110.3499984741211,110.94000244140624,42.97688293457031,51700.0
2003-04-24,111.13999938964844,111.8000030517578,111.13999938964844,111.58999633789062,43.22864532470703,344000.0
2003-04-25,111.8000030517578,111.88999938964844,111.3000030517578,111.5999984741211,43.23249816894531,128400.0
2003-04-28,111.63999938964844,111.7300033569336,111.20999908447266,111.66000366210938,43.255767822265625,50300.0
2003-04-29,111.4000015258789,111.66999816894533,111.0199966430664,111.26000213623048,43.10082626342773,275900.0
2003-04-30,111.3000030517578,112.27999877929688,111.20999908447266,112.0500030517578,43.40684509277344,345500.0
2003-05-01,112.0999984741211,112.37999725341795,111.47000122070312,111.83000183105467,43.65003967285156,47700.0
2003-05-02,111.61000061035156,112.08999633789062,111.23999786376952,111.4499969482422,43.50170135498047,49200.0
2003-05-05,111.6999969482422,111.9499969482422,111.22000122070312,111.9499969482422,43.69685745239258,32100.0
2003-05-06,112.1500015258789,112.8499984741211,111.66000366210938,112.54000091552734,43.92717742919922,139900.0
2003-05-07,113.25,113.3499984741211,112.80999755859376,113.29000091552734,44.21990203857422,102300.0
2003-05-08,113.8000030517578,113.88999938964844,113.16000366210938,113.3000030517578,44.22379684448242,1671300.0
2003-05-09,113.4499969482422,113.4499969482422,112.76000213623048,113.0999984741211,44.14575958251953,36100.0
2003-05-12,113.98999786376952,113.98999786376952,113.16000366210938,113.48999786376952,44.29800796508789,59500.0
2003-05-13,113.2699966430664,113.52999877929688,113.0199966430664,113.5,44.30186462402344,73100.0
2003-05-14,113.8499984741211,114.18000030517578,113.5,114.0,44.49702835083008,36500.0
2003-05-15,113.5999984741211,114.25,113.51000213623048,113.95999908447266,44.48142623901367,55200.0
2003-05-16,114.0,114.7300033569336,113.5999984741211,114.72000122070312,44.7780876159668,84400.0
2003-05-19,114.45999908447266,114.9000015258789,113.9800033569336,114.25,44.59462738037109,751100.0
2003-05-20,114.4000015258789,114.9000015258789,113.8499984741211,114.5999984741211,44.7312126159668,559100.0
2003-05-21,114.5999984741211,114.98999786376952,114.12000274658205,114.5999984741211,44.7312126159668,52700.0
2003-05-22,114.5999984741211,115.37000274658205,114.5999984741211,115.37000274658205,45.03180694580078,39200.0
2003-05-23,115.6999969482422,115.8000030517578,115.12999725341795,115.52999877929688,45.09421157836914,2946200.0
2003-05-27,115.62999725341795,115.63999938964844,114.63999938964844,115.12999725341795,44.93812561035156,63800.0
2003-05-28,115.0,115.16999816894533,114.3000030517578,114.66999816894533,44.75851440429688,711900.0
2003-05-29,115.3499984741211,115.7300033569336,115.0199966430664,115.5,45.08252334594727,134300.0
2003-05-30,115.5,115.58000183105467,114.86000061035156,115.5500030517578,45.10205078125,32900.0
2003-06-02,114.75,114.83000183105467,114.0199966430664,114.3499984741211,44.910770416259766,73100.0
2003-06-03,114.94000244140624,115.47000122070312,114.52999877929688,115.4000015258789,45.32318878173828,43600.0
2003-06-04,115.48999786376952,115.73999786376952,114.91000366210938,115.5500030517578,45.38204956054688,344300.0
2003-06-05,115.5999984741211,116.0,115.01000213623048,115.36000061035156,45.30745697021485,124600.0
2003-06-06,115.31999969482422,115.61000061035156,115.0,115.5500030517578,45.38204956054688,81600.0
2003-06-09,115.98999786376952,116.16000366210938,115.48999786376952,115.8000030517578,45.48026657104492,38600.0
2003-06-10,116.3499984741211,116.6999969482422,116.12000274658205,116.6999969482422,45.83371353149414,32100.0
2003-06-11,116.51000213623048,116.9499969482422,116.30999755859376,116.56999969482422,45.78268432617188,191600.0
2003-06-12,116.4800033569336,117.1500015258789,116.4800033569336,116.98999786376952,45.9476318359375,70200.0
2003-06-13,117.25,117.6999969482422,116.98999786376952,117.4800033569336,46.14008712768555,26800.0
2003-06-16,117.9000015258789,117.95999908447266,116.75,117.0500030517578,45.97119522094727,173500.0
2003-06-17,117.04000091552734,117.04000091552734,116.1999969482422,116.68000030517578,45.82587814331055,43000.0
2003-06-18,116.0500030517578,116.44000244140624,115.5999984741211,115.5999984741211,45.40171051025391,75200.0
2003-06-19,115.5,116.12999725341795,115.3499984741211,115.8000030517578,45.48026657104492,107700.0
2003-06-20,115.8000030517578,115.8000030517578,115.1500015258789,115.25,45.2642707824707,57900.0
2003-06-23,115.3000030517578,115.97000122070312,115.26000213623048,115.83000183105467,45.49201202392578,233500.0
2003-06-24,115.9000015258789,116.25,115.61000061035156,116.0,45.55883026123047,365000.0
2003-06-25,116.75,116.83000183105467,115.2300033569336,115.41000366210938,45.327125549316406,76700.0
2003-06-26,115.22000122070312,115.22000122070312,114.1500015258789,114.4000015258789,44.930423736572266,98400.0
2003-06-27,114.8499984741211,114.87000274658205,113.80999755859376,114.0999984741211,44.81259536743164,47700.0
2003-06-30,114.5,114.62999725341795,114.01000213623048,114.62999725341795,45.02073287963867,279500.0
2003-07-01,114.1999969482422,114.3499984741211,113.27999877929688,113.3499984741211,44.77704620361328,1089100.0
2003-07-02,113.31999969482422,114.0999984741211,112.87000274658205,113.75,44.93503189086914,1120200.0
2003-07-03,114.0,114.08999633789062,113.0,113.0500030517578,44.65845489501953,118500.0
2003-07-07,112.9000015258789,112.98999786376952,112.33000183105467,112.5,44.44123458862305,211300.0
2003-07-08,112.6999969482422,113.0,112.0999984741211,112.5999984741211,44.4807243347168,191600.0
2003-07-09,112.9000015258789,113.30999755859376,112.6500015258789,113.0,44.63874053955078,131800.0
2003-07-10,113.5999984741211,113.5999984741211,113.0,113.2300033569336,44.7296028137207,68000.0
2003-07-11,113.4499969482422,113.48999786376952,113.1999969482422,113.37000274658205,44.78491973876953,43700.0
2003-07-14,113.25,113.9499969482422,113.06999969482422,113.06999969482422,44.66636657714844,47400.0
2003-07-15,113.25,113.25,111.43000030517578,111.77999877929688,44.15678024291992,64700.0
2003-07-16,111.0,111.94000244140624,111.0,111.73999786376952,44.1409797668457,191200.0
2003-07-17,111.6500015258789,111.76000213623048,111.0,111.22000122070312,43.935585021972656,80600.0
2003-07-18,111.75,111.83999633789062,111.20999908447266,111.69000244140624,44.12123489379883,74100.0
2003-07-21,111.5999984741211,111.5999984741211,110.01000213623048,110.33999633789062,43.58793640136719,40900.0
2003-07-22,110.1500015258789,110.72000122070312,109.83000183105467,110.25,43.55238342285156,116500.0
2003-07-23,111.0999984741211,111.31999969482422,110.6999969482422,110.9800033569336,43.840763092041016,172300.0
2003-07-24,110.73999786376952,110.73999786376952,110.12999725341795,110.5,43.651145935058594,73000.0
2003-07-25,110.6999969482422,111.16999816894533,109.9499969482422,110.25,43.55238342285156,95300.0
2003-07-28,109.75,110.12000274658205,109.1500015258789,109.1500015258789,43.11785888671875,142100.0
2003-07-29,109.0,110.0,108.12000274658205,108.1500015258789,42.72285079956055,355200.0
2003-07-30,108.4800033569336,109.25,108.37000274658205,108.6999969482422,42.94013214111328,565300.0
2003-07-31,108.3499984741211,108.43000030517578,107.0,107.3499984741211,42.40681457519531,165400.0
2003-08-01,106.6999969482422,107.31999969482422,106.1999969482422,106.9499969482422,42.53287124633789,179400.0
2003-08-04,106.72000122070312,107.75,106.72000122070312,107.58000183105467,42.7834358215332,74200.0
2003-08-05,107.3000030517578,107.8499984741211,106.7300033569336,107.08999633789062,42.58852005004883,82500.0
2003-08-06,107.3000030517578,107.94000244140624,106.8000030517578,107.5,42.751583099365234,103500.0
2003-08-07,108.25,108.27999877929688,107.4000015258789,108.08999633789062,42.98622131347656,62800.0
2003-08-08,108.0999984741211,108.73999786376952,107.8000030517578,108.1500015258789,43.01010894775391,40500.0
2003-08-11,108.0999984741211,108.16999816894533,107.41000366210938,107.7300033569336,42.84305953979492,76500.0
2003-08-12,107.5500030517578,108.20999908447266,107.4000015258789,107.61000061035156,42.79537963867188,55600.0
2003-08-13,107.4000015258789,107.4000015258789,106.29000091552734,106.4000015258789,42.31415557861328,88100.0
2003-08-14,106.05999755859376,106.97000122070312,105.7699966430664,106.54000091552734,42.36981201171875,456200.0
2003-08-15,106.4000015258789,107.75,106.4000015258789,106.75,42.45334243774414,8000.0
2003-08-18,107.0500030517578,107.36000061035156,106.5999984741211,107.0999984741211,42.59253692626953,40800.0
2003-08-19,107.4000015258789,108.05999755859376,106.91999816894533,108.0500030517578,42.970333099365234,101100.0
2003-08-20,108.01000213623048,108.38999938964844,107.41999816894533,107.72000122070312,42.839111328125,32100.0
2003-08-21,107.9499969482422,108.0,107.0999984741211,107.1999969482422,42.6323127746582,88100.0
2003-08-22,107.6999969482422,107.91000366210938,107.22000122070312,107.72000122070312,42.839111328125,66500.0
2003-08-25,107.4000015258789,107.88999938964844,107.01000213623048,107.23999786376952,42.64820861816406,55400.0
2003-08-26,107.1999969482422,107.62999725341795,106.7699966430664,107.4499969482422,42.73171615600586,47200.0
2003-08-27,107.91999816894533,107.91999816894533,107.05999755859376,107.43000030517578,42.72378540039063,23700.0
2003-08-28,107.72000122070312,108.4000015258789,107.51000213623048,108.22000122070312,43.03794097900391,105300.0
2003-08-29,108.68000030517578,108.68000030517578,107.8000030517578,108.18000030517578,43.02202987670898,42600.0
2003-09-02,106.88999938964844,107.62999725341795,106.88999938964844,107.16000366210938,42.91951751708984,135100.0
2003-09-03,107.05999755859376,107.5199966430664,106.80999755859376,107.47000122070312,43.04364013671875,69500.0
2003-09-04,107.47000122070312,107.97000122070312,107.05999755859376,107.83999633789062,43.19183349609375,364600.0
2003-09-05,108.0500030517578,109.0,107.93000030517578,108.66000366210938,43.52031326293945,738700.0
2003-09-08,108.79000091552734,109.3499984741211,108.25,108.26000213623048,43.36005783081055,264900.0
2003-09-09,108.81999969482422,108.81999969482422,107.86000061035156,108.5999984741211,43.49625015258789,193200.0
2003-09-10,108.8499984741211,109.47000122070312,108.6500015258789,109.47000122070312,43.84470748901367,50600.0
2003-09-11,109.1999969482422,109.33000183105467,108.6999969482422,108.9000015258789,43.61642456054688,137900.0
2003-09-12,109.52999877929688,110.13999938964844,109.36000061035156,109.6999969482422,43.93680191040039,33300.0
2003-09-15,109.6999969482422,109.8499984741211,109.08000183105467,109.73999786376952,43.95283508300781,345300.0
2003-09-16,109.8000030517578,109.98999786376952,109.26000213623048,109.9800033569336,44.04898071289063,44300.0
2003-09-17,110.31999969482422,110.7699966430664,109.6999969482422,110.6500015258789,44.31727981567383,87700.0
2003-09-18,110.5,110.8000030517578,110.01000213623048,110.5,44.25724029541016,83300.0
2003-09-19,110.5999984741211,110.77999877929688,110.27999877929688,110.61000061035156,44.301307678222656,33700.0
2003-09-22,110.16999816894533,110.27999877929688,109.5199966430664,110.1999969482422,44.137088775634766,161300.0
2003-09-23,110.1999969482422,110.37999725341795,109.51000213623048,110.36000061035156,44.201171875,551000.0
2003-09-24,110.11000061035156,110.94000244140624,110.11000061035156,110.77999877929688,44.36935424804688,58900.0
2003-09-25,110.94000244140624,111.16000366210938,110.56999969482422,111.16000366210938,44.52154541015625,50600.0
2003-09-26,111.3499984741211,111.8499984741211,111.11000061035156,111.8499984741211,44.79795455932617,36700.0
2003-09-29,111.6500015258789,111.73999786376952,111.1999969482422,111.5500030517578,44.67774200439453,79800.0
2003-09-30,111.6999969482422,112.33000183105467,111.43000030517578,112.29000091552734,44.97413635253906,57500.0
2003-10-01,111.8000030517578,112.0,111.38999938964844,111.87999725341795,45.10357666015625,420900.0
2003-10-02,110.8000030517578,111.75,110.8000030517578,111.4499969482422,44.93019485473633,105300.0
2003-10-03,110.25,110.70999908447266,109.72000122070312,109.9000015258789,44.30538940429688,584500.0
2003-10-06,109.55999755859376,110.1999969482422,109.55999755859376,110.01000213623048,44.349700927734375,111800.0
2003-10-07,110.05999755859376,110.43000030517578,109.62000274658205,109.63999938964844,44.20052719116211,33200.0
2003-10-08,109.5500030517578,110.33999633789062,109.5500030517578,110.04000091552734,44.36180877685547,524800.0
2003-10-09,109.44000244140624,109.77999877929688,109.0500030517578,109.66000366210938,44.20858001708984,71700.0
2003-10-10,109.5999984741211,110.41000366210938,109.5999984741211,110.1999969482422,44.4262924194336,286000.0
2003-10-13,109.6500015258789,110.1500015258789,109.6500015258789,110.12999725341795,44.39809036254883,26800.0
2003-10-14,109.8499984741211,110.13999938964844,109.51000213623048,109.68000030517578,44.21665954589844,47700.0
2003-10-15,109.6500015258789,109.73999786376952,109.23999786376952,109.69000244140624,44.220680236816406,53600.0
2003-10-16,109.83999633789062,109.83999633789062,109.06999969482422,109.33999633789062,44.07958221435547,752200.0
2003-10-17,109.06999969482422,109.9800033569336,109.06999969482422,109.94000244140624,44.32143783569336,35600.0
2003-10-20,109.93000030517578,110.27999877929688,109.54000091552734,110.04000091552734,44.36180877685547,26500.0
2003-10-21,110.4000015258789,110.44000244140624,109.58000183105467,110.08000183105467,44.37788391113281,233000.0
2003-10-22,110.4000015258789,110.5,110.0999984741211,110.4000015258789,44.50693130493164,57900.0
2003-10-23,110.5,110.5,109.44000244140624,109.8000030517578,44.265079498291016,54000.0
2003-10-24,110.5999984741211,110.5999984741211,110.12999725341795,110.5999984741211,44.5875244140625,190300.0
2003-10-27,110.5999984741211,110.6500015258789,110.0500030517578,110.3499984741211,44.48675537109375,35000.0
2003-10-28,110.43000030517578,111.08999633789062,109.9000015258789,111.08000183105467,44.781097412109375,68100.0
2003-10-29,110.76000213623048,111.08000183105467,110.22000122070312,110.3000030517578,44.46660614013672,72500.0
2003-10-30,109.75,110.1500015258789,109.5,110.1500015258789,44.40615081787109,64700.0
2003-10-31,109.9499969482422,110.43000030517578,109.91000366210938,110.1500015258789,44.40615081787109,45100.0
2003-11-03,110.3000030517578,110.3000030517578,109.16999816894533,109.77999877929688,44.42919921875,150800.0
2003-11-04,109.73999786376952,109.97000122070312,109.5,109.9499969482422,44.49798202514648,89800.0
2003-11-05,109.9499969482422,109.9499969482422,109.18000030517578,109.18000030517578,44.18636322021485,50900.0
2003-11-06,109.1500015258789,109.19000244140624,108.56999969482422,108.58000183105467,43.94356536865234,50200.0
2003-11-07,108.56999969482422,108.86000061035156,108.12000274658205,108.79000091552734,44.02854919433594,71500.0
2003-11-10,108.9499969482422,109.02999877929688,108.3000030517578,108.47000122070312,43.8990364074707,78200.0
2003-11-11,108.12000274658205,108.98999786376952,108.11000061035156,108.94000244140624,44.08926773071289,32200.0
2003-11-12,109.0999984741211,109.1999969482422,108.86000061035156,109.0,44.113555908203125,76100.0
2003-11-13,109.4000015258789,110.3499984741211,109.4000015258789,110.02999877929688,44.53038024902344,62000.0
2003-11-14,110.0,110.69000244140624,110.0,110.62999725341795,44.77318954467773,322000.0
2003-11-17,111.25,111.27999877929688,110.79000091552734,110.83999633789062,44.85818862915039,165700.0
2003-11-18,110.8000030517578,111.33000183105467,110.4800033569336,111.33000183105467,45.05649948120117,30500.0
2003-11-19,111.0999984741211,111.55999755859376,110.3499984741211,110.3499984741211,44.65989685058594,436800.0
2003-11-20,111.0,111.2300033569336,110.3000030517578,110.87999725341795,44.874393463134766,40500.0
2003-11-21,111.25,111.43000030517578,110.8499984741211,111.25,45.02415084838867,33200.0
2003-11-24,110.4000015258789,110.97000122070312,110.27999877929688,110.5,44.720611572265625,29500.0
2003-11-25,110.51000213623048,111.08000183105467,110.5,110.8499984741211,44.86225509643555,32600.0
2003-11-26,111.0500030517578,111.18000030517578,110.5199966430664,110.61000061035156,44.76510620117188,18900.0
2003-11-28,110.6500015258789,110.6500015258789,110.0,110.05999755859376,44.54250717163086,32900.0
2003-12-01,109.0,109.44000244140624,108.75,109.38999938964844,44.44985580444336,183000.0
2003-12-02,109.47000122070312,109.80999755859376,108.6999969482422,109.69000244140624,44.5717887878418,227300.0
2003-12-03,110.0,110.0,109.12999725341795,109.5,44.49458312988281,181500.0
2003-12-04,109.8499984741211,109.8499984741211,109.08000183105467,109.58999633789062,44.53111267089844,672300.0
2003-12-05,110.38999938964844,110.93000030517578,109.97000122070312,110.7300033569336,44.9943733215332,81900.0
2003-12-08,110.79000091552734,110.79000091552734,109.72000122070312,109.9000015258789,44.65711212158203,275000.0
2003-12-09,110.0,110.48999786376952,109.0999984741211,109.5500030517578,44.51484298706055,38100.0
2003-12-10,110.3499984741211,110.3499984741211,109.3000030517578,109.8000030517578,44.61648941040039,34200.0
2003-12-11,109.0999984741211,110.31999969482422,109.0999984741211,110.3000030517578,44.81962203979492,65000.0
2003-12-12,110.62999725341795,110.7300033569336,110.25,110.5999984741211,44.94155502319336,78200.0
2003-12-15,110.0999984741211,110.6999969482422,110.0199966430664,110.3499984741211,44.83994674682617,275500.0
2003-12-16,110.75,110.75,110.05999755859376,110.5999984741211,45.51279067993164,40600.0
2003-12-17,110.5999984741211,111.23999786376952,110.5500030517578,110.8499984741211,45.61562728881836,41900.0
2003-12-18,111.05999755859376,111.48999786376952,110.86000061035156,111.48999786376952,45.87903594970703,45700.0
2003-12-19,111.48999786376952,111.56999969482422,111.0,111.55999755859376,45.90782165527344,152700.0
2003-12-22,111.9000015258789,112.0,111.01000213623048,111.3499984741211,45.821434020996094,299400.0
2003-12-23,111.4000015258789,111.4000015258789,110.63999938964844,110.70999908447266,45.55801773071289,39900.0
2003-12-24,111.1999969482422,111.37000274658205,110.76000213623048,111.37000274658205,45.82967376708984,29700.0
2003-12-26,111.77999877929688,111.77999877929688,111.1999969482422,111.4000015258789,45.84197998046875,17600.0
2003-12-29,111.6500015258789,111.6500015258789,110.75,111.18000030517578,45.75144958496094,82400.0
2003-12-30,110.88999938964844,111.13999938964844,110.52999877929688,110.75,45.57444763183594,55700.0
2003-12-31,110.8499984741211,110.8499984741211,110.1999969482422,110.56999969482422,45.68811798095703,53600.0
2004-01-02,110.56999969482422,110.56999969482422,109.6500015258789,109.77999877929688,45.361724853515625,209600.0
2004-01-05,110.0500030517578,110.1500015258789,109.6500015258789,109.9000015258789,45.41128921508789,69900.0
2004-01-06,110.4000015258789,110.9499969482422,110.0,110.88999938964844,45.82036209106445,304400.0
2004-01-07,110.8499984741211,111.29000091552734,110.6999969482422,110.9800033569336,45.85755157470703,60600.0
2004-01-08,111.1500015258789,111.3000030517578,110.8000030517578,111.16000366210938,45.93190383911133,63400.0
2004-01-09,111.9000015258789,112.1999969482422,111.58999633789062,112.05999755859376,46.30382537841797,86600.0
2004-01-12,112.0,112.72000122070312,112.0,112.25,46.38227844238281,114500.0
2004-01-13,111.8499984741211,112.87999725341795,111.8499984741211,112.5500030517578,46.50627136230469,72500.0
2004-01-14,112.8499984741211,113.11000061035156,112.3000030517578,112.79000091552734,46.6054801940918,272300.0
2004-01-15,113.0999984741211,113.3000030517578,112.6999969482422,113.3000030517578,46.81618118286133,165700.0
2004-01-16,113.01000213623048,113.44000244140624,112.77999877929688,112.8000030517578,46.60955047607422,45600.0
2004-01-20,112.6999969482422,113.18000030517578,112.43000030517578,112.56999969482422,46.51451873779297,76100.0
2004-01-21,112.81999969482422,112.98999786376952,112.3000030517578,112.83000183105467,46.62196731567383,43800.0
2004-01-22,113.0,113.62000274658205,112.63999938964844,113.4000015258789,46.85750198364258,77800.0
2004-01-23,113.75,113.87000274658205,112.4800033569336,112.5,46.485626220703125,112900.0
2004-01-26,112.75,112.75,111.87999725341795,111.87999725341795,46.22943115234375,239100.0
2004-01-27,112.4000015258789,112.77999877929688,112.1999969482422,112.55999755859376,46.510379791259766,571700.0
2004-01-28,112.8000030517578,113.12000274658205,111.5,111.66999816894533,46.14262390136719,70100.0
2004-01-29,111.6999969482422,111.95999908447266,111.3000030517578,111.6500015258789,46.13439178466797,133100.0
2004-01-30,112.25,112.36000061035156,111.5199966430664,111.91999816894533,46.24595260620117,80000.0
2004-02-02,111.8000030517578,111.87999725341795,111.4000015258789,111.4499969482422,46.2335090637207,320600.0
2004-02-03,111.9499969482422,111.9499969482422,111.33999633789062,111.68000030517578,46.32891845703125,152200.0
2004-02-04,111.66999816894533,111.8499984741211,111.3000030517578,111.58999633789062,46.291603088378906,55000.0
2004-02-05,111.58000183105467,111.9000015258789,111.13999938964844,111.4000015258789,46.2127571105957,47100.0
2004-02-06,111.9499969482422,112.0999984741211,111.5,111.7300033569336,46.349700927734375,122500.0
2004-02-09,111.77999877929688,112.3000030517578,111.66999816894533,112.1999969482422,46.54462814331055,130400.0
2004-02-10,112.25,112.25,111.72000122070312,111.87000274658205,46.4077377319336,52400.0
2004-02-11,111.51000213623048,112.86000061035156,111.51000213623048,112.5500030517578,46.6898193359375,41700.0
2004-02-12,112.83000183105467,112.83000183105467,112.08000183105467,112.3499984741211,46.60686874389648,106100.0
2004-02-13,113.0,113.01000213623048,112.47000122070312,112.98999786376952,46.87237548828125,92300.0
2004-02-17,113.02999877929688,113.02999877929688,112.5999984741211,112.66000366210938,46.73543167114258,64800.0
2004-02-18,113.08999633789062,113.0999984741211,112.2300033569336,112.4000015258789,46.627662658691406,52400.0
2004-02-19,112.68000030517578,113.51000213623048,112.36000061035156,112.8000030517578,46.79355239868164,51900.0
2004-02-20,112.95999908447266,112.95999908447266,112.22000122070312,112.25,46.56539916992188,119300.0
2004-02-23,112.5,112.83999633789062,112.3000030517578,112.55999755859376,46.693965911865234,33600.0
2004-02-24,112.36000061035156,113.08000183105467,112.36000061035156,112.66999816894533,46.73960876464844,63100.0
2004-02-25,113.0500030517578,113.23999786376952,112.4499969482422,112.75,46.77278518676758,49500.0
2004-02-26,112.83999633789062,112.9499969482422,112.52999877929688,112.83000183105467,46.80596160888672,37700.0
2004-02-27,112.86000061035156,113.30999755859376,112.81999969482422,113.16000366210938,46.94285583496094,39700.0
2004-03-01,112.93000030517578,113.0500030517578,112.43000030517578,112.69000244140624,46.92829132080078,291000.0
2004-03-02,112.79000091552734,112.83999633789062,112.01000213623048,112.47000122070312,46.83668899536133,51800.0
2004-03-03,112.47000122070312,112.5,111.79000091552734,112.41999816894533,46.81584167480469,58800.0
2004-03-04,111.9000015258789,112.6500015258789,111.9000015258789,112.5999984741211,46.890846252441406,128000.0
2004-03-05,114.3000030517578,114.3499984741211,113.5199966430664,113.8000030517578,47.39056015014648,158600.0
2004-03-08,114.4000015258789,114.4800033569336,113.91999816894533,114.12000274658205,47.523807525634766,61000.0
2004-03-09,114.5,114.76000213623048,114.06999969482422,114.3499984741211,47.619571685791016,71000.0
2004-03-10,114.4000015258789,114.75,114.3000030517578,114.72000122070312,47.77367401123047,60300.0
2004-03-11,114.69000244140624,114.79000091552734,113.81999969482422,114.2300033569336,47.56965637207031,145800.0
2004-03-12,114.6999969482422,114.6999969482422,113.88999938964844,114.0999984741211,47.51547622680664,69700.0
2004-03-15,113.91000366210938,114.43000030517578,113.86000061035156,114.2300033569336,47.56965637207031,67900.0
2004-03-16,114.01000213623048,114.8499984741211,113.77999877929688,114.75,47.78619003295898,98400.0
2004-03-17,114.98999786376952,115.0,114.5999984741211,114.80999755859376,47.81117630004883,34700.0
2004-03-18,114.8000030517578,114.9800033569336,114.1999969482422,114.33000183105467,47.611209869384766,173700.0
2004-03-19,114.56999969482422,114.56999969482422,113.91999816894533,114.1500015258789,47.53632354736328,139700.0
2004-03-22,114.48999786376952,114.83000183105467,114.18000030517578,114.58999633789062,47.71954345703125,48400.0
2004-03-23,114.66999816894533,114.8000030517578,114.26000213623048,114.8000030517578,47.80696487426758,65600.0
2004-03-24,114.91000366210938,114.91000366210938,114.5,114.69000244140624,47.76116180419922,38200.0
2004-03-25,114.66000366210938,114.6999969482422,114.27999877929688,114.37999725341795,47.63204956054688,50500.0
2004-03-26,114.44000244140624,114.4800033569336,113.5199966430664,113.52999877929688,47.27812576293945,139200.0
2004-03-29,113.6500015258789,113.70999908447266,113.12999725341795,113.70999908447266,47.35305404663086,153900.0
2004-03-30,113.8499984741211,113.91000366210938,113.41000366210938,113.43000030517578,47.236454010009766,60900.0
2004-03-31,113.7300033569336,114.1999969482422,113.33000183105467,113.83999633789062,47.40719223022461,246500.0
2004-04-01,113.9000015258789,113.9000015258789,113.0999984741211,113.36000061035156,47.38677597045898,393100.0
2004-04-02,111.8499984741211,111.98999786376952,111.37999725341795,111.58999633789062,46.64680862426758,226800.0
2004-04-05,110.9000015258789,111.33999633789062,110.75,111.02999877929688,46.41276168823242,127600.0
2004-04-06,111.3499984741211,111.69000244140624,111.20999908447266,111.5500030517578,46.6301383972168,48800.0
2004-04-07,111.5999984741211,112.0999984741211,111.31999969482422,111.58000183105467,46.64265441894531,29900.0
2004-04-08,111.5999984741211,111.8000030517578,111.1500015258789,111.69000244140624,46.68864822387695,36000.0
2004-04-12,111.41999816894533,111.41999816894533,110.80999755859376,111.01000213623048,46.40439987182617,79900.0
2004-04-13,110.1999969482422,110.83999633789062,110.1999969482422,110.30999755859376,46.11175537109375,91300.0
2004-04-14,109.98999786376952,110.31999969482422,109.7300033569336,110.16000366210938,46.049072265625,134200.0
2004-04-15,110.0,110.4000015258789,109.63999938964844,109.6999969482422,45.85679244995117,144000.0
2004-04-16,110.0199966430664,110.48999786376952,110.01000213623048,110.33000183105467,46.12013244628906,32200.0
2004-04-19,110.48999786376952,110.5,109.8499984741211,110.12999725341795,46.0365104675293,47300.0
2004-04-20,109.5,110.1500015258789,109.37999725341795,109.41000366210938,45.73555374145508,35000.0
2004-04-21,109.3000030517578,109.8000030517578,109.18000030517578,109.5,45.77314376831055,245500.0
2004-04-22,109.62999725341795,110.22000122070312,109.55999755859376,110.0999984741211,46.02398681640625,37000.0
2004-04-23,109.43000030517578,109.83999633789062,109.3000030517578,109.62999725341795,45.82751083374024,67100.0
2004-04-26,109.8000030517578,109.9499969482422,109.44000244140624,109.63999938964844,45.83169174194336,61000.0
2004-04-27,109.4499969482422,110.16000366210938,109.4499969482422,110.16000366210938,46.049072265625,105000.0
2004-04-28,109.5,110.05999755859376,109.2699966430664,109.48999786376952,45.76899719238281,132200.0
2004-04-29,109.0999984741211,109.73999786376952,108.62000274658205,109.0,45.56415939331055,235200.0
2004-04-30,109.1500015258789,109.5,108.70999908447266,109.0,45.56415939331055,74100.0
2004-05-03,108.8499984741211,108.88999938964844,108.41000366210938,108.70999908447266,45.62375259399414,210800.0
2004-05-04,109.0,109.1500015258789,108.33999633789062,108.3499984741211,45.4726791381836,78200.0
2004-05-05,108.41999816894533,108.72000122070312,107.80999755859376,108.19000244140624,45.4055061340332,262200.0
2004-05-06,107.94000244140624,107.9800033569336,107.58000183105467,107.6999969482422,45.19989013671875,53700.0
2004-05-07,106.9000015258789,106.9000015258789,106.1500015258789,106.3000030517578,44.61231231689453,136200.0
2004-05-10,106.05999755859376,106.1999969482422,105.5,105.51000213623048,44.28077697753906,338300.0
2004-05-11,105.61000061035156,105.94000244140624,105.56999969482422,105.72000122070312,44.36891174316406,224200.0
2004-05-12,106.1999969482422,106.23999786376952,105.5,105.76000213623048,44.38569259643555,98200.0
2004-05-13,105.38999938964844,105.5,105.12999725341795,105.1999969482422,44.1506462097168,106400.0
2004-05-14,105.91000366210938,106.27999877929688,105.36000061035156,105.83999633789062,44.41923904418945,60300.0
2004-05-17,106.45999908447266,106.5,106.1500015258789,106.3499984741211,44.633296966552734,162000.0
2004-05-18,106.7300033569336,106.7300033569336,106.01000213623048,106.5,44.69625854492188,47400.0
2004-05-19,106.5,106.5,105.97000122070312,106.1500015258789,44.54938125610352,36500.0
2004-05-20,106.33000183105467,106.75,106.26000213623048,106.73999786376952,44.7969856262207,47800.0
2004-05-21,106.9000015258789,106.9000015258789,106.41999816894533,106.6500015258789,44.75919723510742,282900.0
2004-05-24,107.0,107.11000061035156,106.70999908447266,107.08000183105467,44.93971252441406,187500.0
2004-05-25,107.3499984741211,107.37000274658205,106.77999877929688,107.19000244140624,44.9858627319336,219100.0
2004-05-26,107.5999984741211,107.66999816894533,106.98999786376952,107.66999816894533,45.18727111816406,159300.0
2004-05-27,108.06999969482422,108.18000030517578,107.48999786376952,108.16000366210938,45.39294052124024,179700.0
2004-05-28,108.0,108.2300033569336,107.77999877929688,108.0,45.32575607299805,80900.0
2004-06-01,107.29000091552734,107.29000091552734,106.6999969482422,106.98999786376952,45.08390045166016,114000.0
2004-06-02,106.97000122070312,107.01000213623048,106.5999984741211,106.70999908447266,44.96595001220703,73800.0
2004-06-03,106.66999816894533,107.05999755859376,106.5500030517578,106.98999786376952,45.08390045166016,91600.0
2004-06-04,107.0,107.0,106.41999816894533,106.61000061035156,44.923789978027344,94300.0
2004-06-07,106.5999984741211,106.7699966430664,106.38999938964844,106.75,44.982757568359375,52500.0
2004-06-08,106.20999908447266,106.80999755859376,106.20999908447266,106.76000213623048,44.98697280883789,83200.0
2004-06-09,106.8499984741211,106.86000061035156,106.16000366210938,106.29000091552734,44.78891754150391,91300.0
2004-06-10,106.06999969482422,106.5,105.9499969482422,106.3499984741211,44.814247131347656,162400.0
2004-06-14,106.45999908447266,106.45999908447266,105.8000030517578,105.80999755859376,44.58666229248047,68400.0
2004-06-15,106.3000030517578,107.25,106.12999725341795,107.01000213623048,45.09232711791992,116100.0
2004-06-16,107.0999984741211,107.13999938964844,106.5,107.0199966430664,45.09653091430664,87200.0
2004-06-17,107.04000091552734,107.33000183105467,106.6500015258789,107.2300033569336,45.1850471496582,63300.0
2004-06-18,107.05999755859376,107.48999786376952,106.86000061035156,107.0999984741211,45.13022613525391,52500.0
2004-06-21,107.3499984741211,107.5,107.11000061035156,107.29000091552734,45.210330963134766,66800.0
2004-06-22,107.5500030517578,107.5500030517578,106.66999816894533,107.13999938964844,45.14710998535156,268800.0
2004-06-23,107.33999633789062,107.5999984741211,106.86000061035156,107.06999969482422,45.11760711669922,163900.0
2004-06-24,107.91000366210938,107.91999816894533,107.41999816894533,107.41999816894533,45.26512145996094,93500.0
2004-06-25,107.1999969482422,107.7300033569336,107.1999969482422,107.5,45.29881286621094,211700.0
2004-06-28,107.54000091552734,107.54000091552734,106.72000122070312,106.75,44.982757568359375,53900.0
2004-06-29,107.20999908447266,107.5,106.56999969482422,107.5,45.29881286621094,110700.0
2004-06-30,107.58999633789062,107.9800033569336,107.20999908447266,107.6999969482422,45.383113861083984,52400.0
2004-07-01,107.22000122070312,107.83999633789062,107.0999984741211,107.8000030517578,45.609901428222656,422400.0
2004-07-02,108.30999755859376,108.6500015258789,108.25,108.5500030517578,45.92716217041016,40900.0
2004-07-06,108.66999816894533,108.66999816894533,108.0,108.3000030517578,45.82142639160156,49900.0
2004-07-07,108.3000030517578,108.52999877929688,108.3000030517578,108.38999938964844,45.859493255615234,27800.0
2004-07-08,108.51000213623048,108.6500015258789,108.3499984741211,108.4499969482422,45.88486099243164,46600.0
2004-07-09,108.5,108.5500030517578,108.0999984741211,108.48999786376952,45.901763916015625,32600.0
2004-07-12,108.7699966430664,108.81999969482422,108.52999877929688,108.70999908447266,45.9948844909668,70300.0
2004-07-13,108.5999984741211,108.5999984741211,108.25,108.5,45.90605163574219,64500.0
2004-07-14,108.6500015258789,108.69000244140624,108.3499984741211,108.5500030517578,45.92716217041016,22600.0
2004-07-15,108.68000030517578,108.7300033569336,108.25,108.33000183105467,45.8341178894043,233500.0
2004-07-16,108.95999908447266,109.37999725341795,108.5,109.37999725341795,46.27836227416992,191200.0
2004-07-19,109.4000015258789,109.5,109.16000366210938,109.4499969482422,46.3079833984375,38700.0
2004-07-20,109.20999908447266,109.4000015258789,108.66999816894533,108.6999969482422,45.99064254760742,37800.0
2004-07-21,108.72000122070312,108.72000122070312,108.16999816894533,108.68000030517578,45.9821891784668,49700.0
2004-07-22,108.68000030517578,108.93000030517578,108.43000030517578,108.43000030517578,45.87644958496094,38900.0
2004-07-23,108.91000366210938,109.0,108.56999969482422,108.9000015258789,46.07529067993164,34600.0
2004-07-26,108.88999938964844,108.9000015258789,108.5,108.83999633789062,46.04988098144531,44000.0
2004-07-27,108.41000366210938,108.6999969482422,107.83000183105467,108.08000183105467,45.72835922241211,379000.0
2004-07-28,107.9499969482422,108.0500030517578,107.55999755859376,107.76000213623048,45.59290313720703,67900.0
2004-07-29,107.5500030517578,108.25,107.5500030517578,108.16999816894533,45.76637649536133,45100.0
2004-07-30,108.9000015258789,108.94000244140624,108.43000030517578,108.94000244140624,46.09221649169922,135800.0
2004-08-02,108.73999786376952,108.83999633789062,108.4499969482422,108.7300033569336,46.18689727783203,77500.0
2004-08-03,108.9499969482422,108.9800033569336,108.13999938964844,108.61000061035156,46.13594436645508,147900.0
2004-08-04,108.8000030517578,109.08999633789062,108.55999755859376,108.9000015258789,46.2591552734375,34300.0
2004-08-05,109.3000030517578,109.3000030517578,108.8000030517578,109.0999984741211,46.34408950805664,77300.0
2004-08-06,110.30999755859376,110.41999816894533,109.95999908447266,110.08000183105467,46.760345458984375,102700.0
2004-08-09,110.4000015258789,110.4000015258789,109.98999786376952,110.0999984741211,46.76886367797852,46800.0
2004-08-10,110.19000244140624,110.19000244140624,109.4499969482422,109.73999786376952,46.61597442626953,38600.0
2004-08-11,109.9000015258789,109.97000122070312,109.37000274658205,109.66000366210938,46.58195114135742,25500.0
2004-08-12,109.5,110.1999969482422,109.4000015258789,109.80999755859376,46.64571380615234,84400.0
2004-08-13,109.9499969482422,110.5999984741211,109.9499969482422,110.25,46.83258819580078,61400.0
2004-08-16,110.16999816894533,110.23999786376952,109.7300033569336,110.13999938964844,46.78585433959961,131200.0
2004-08-17,110.11000061035156,110.73999786376952,110.0999984741211,110.73999786376952,47.04076385498047,39000.0
2004-08-18,111.04000091552734,111.04000091552734,110.22000122070312,110.41999816894533,46.9047966003418,82900.0
2004-08-19,110.4000015258789,110.93000030517578,110.33000183105467,110.80999755859376,47.07046890258789,51300.0
2004-08-20,110.80999755859376,110.87999725341795,110.4000015258789,110.41000366210938,46.90058135986328,48300.0
2004-08-23,110.31999969482422,110.3499984741211,109.95999908447266,110.1999969482422,46.81135177612305,33400.0
2004-08-24,109.75,110.2300033569336,109.75,110.0999984741211,46.76886367797852,385100.0
2004-08-25,110.56999969482422,110.76000213623048,110.3000030517578,110.62000274658205,46.98974990844727,233400.0
2004-08-26,110.81999969482422,110.9000015258789,110.37999725341795,110.69000244140624,47.01951599121094,42300.0
2004-08-27,110.69000244140624,111.0,110.63999938964844,110.9499969482422,47.129981994628906,142800.0
2004-08-30,111.1999969482422,111.37999725341795,110.70999908447266,111.37999725341795,47.312618255615234,67400.0
2004-08-31,111.4800033569336,112.0,111.25,111.8499984741211,47.51224899291992,68100.0
2004-09-01,111.55999755859376,111.63999938964844,111.02999877929688,111.1999969482422,47.4213981628418,128200.0
2004-09-02,111.01000213623048,111.3499984741211,110.5500030517578,110.7300033569336,47.220977783203125,70200.0
2004-09-03,110.22000122070312,110.5500030517578,109.83999633789062,109.86000061035156,46.84999084472656,92800.0
2004-09-07,110.0500030517578,110.4800033569336,110.0,110.4800033569336,47.11432647705078,70800.0
2004-09-08,110.37999725341795,111.18000030517578,110.29000091552734,110.9499969482422,47.31483840942383,63700.0
2004-09-09,111.0199966430664,111.48999786376952,110.9000015258789,111.18000030517578,47.412899017333984,50100.0
2004-09-10,111.47000122070312,111.47000122070312,111.0,111.12000274658205,47.38732147216797,47000.0
2004-09-13,111.29000091552734,111.54000091552734,110.95999908447266,111.5,47.5493392944336,148600.0
2004-09-14,111.48999786376952,111.69000244140624,111.30999755859376,111.52999877929688,47.562156677246094,47600.0
2004-09-15,111.66000366210938,111.66000366210938,111.31999969482422,111.52999877929688,47.562156677246094,25400.0
2004-09-16,111.66000366210938,112.3000030517578,111.54000091552734,112.16999816894533,47.83510971069336,64600.0
2004-09-17,112.16000366210938,112.19000244140624,111.70999908447266,111.75,47.65597915649414,56500.0
2004-09-20,112.11000061035156,112.37999725341795,111.87999725341795,112.36000061035156,47.9161262512207,106000.0
2004-09-21,112.1999969482422,112.52999877929688,111.91999816894533,112.4000015258789,47.93317031860352,54600.0
2004-09-22,112.37999725341795,112.9499969482422,112.13999938964844,112.8000030517578,48.10373306274414,1033000.0
2004-09-23,112.68000030517578,112.9499969482422,112.33999633789062,112.3499984741211,47.91184616088867,98000.0
2004-09-24,112.05999755859376,112.43000030517578,112.01000213623048,112.30999755859376,47.89480209350586,83600.0
2004-09-27,112.41000366210938,112.7699966430664,112.3499984741211,112.6999969482422,48.06111526489258,45500.0
2004-09-28,112.8000030517578,112.81999969482422,112.31999969482422,112.62000274658205,48.02695846557617,52000.0
2004-09-29,112.2300033569336,112.2300033569336,111.66999816894533,112.08999633789062,47.80097961425781,43300.0
2004-09-30,111.38999938964844,111.91999816894533,111.38999938964844,111.76000213623048,47.66023635864258,50400.0
2004-10-01,111.22000122070312,111.47000122070312,110.66999816894533,110.83999633789062,47.44916915893555,442000.0
2004-10-04,110.51000213623048,111.19000244140624,110.5,110.7699966430664,47.41920471191406,244800.0
2004-10-05,110.9000015258789,111.23999786376952,110.75,111.2300033569336,47.61615753173828,61800.0
2004-10-06,111.16000366210938,111.1999969482422,110.9000015258789,110.91000366210938,47.47916412353516,47200.0
2004-10-07,110.87999725341795,110.9499969482422,110.55999755859376,110.66999816894533,47.37638473510742,64600.0
2004-10-08,111.4000015258789,111.9000015258789,111.26000213623048,111.75,47.8387451171875,48100.0
2004-10-11,111.8000030517578,111.8499984741211,111.47000122070312,111.8499984741211,47.881568908691406,34400.0
2004-10-12,112.0500030517578,112.12000274658205,111.6999969482422,111.91000366210938,47.90728378295898,68000.0
2004-10-13,111.83999633789062,112.61000061035156,111.76000213623048,112.33999633789062,48.0913200378418,526400.0
2004-10-14,112.33000183105467,112.8000030517578,112.01000213623048,112.8000030517578,48.28824996948242,46700.0
2004-10-15,112.47000122070312,112.79000091552734,111.8499984741211,112.3000030517578,48.074214935302734,85400.0
2004-10-18,112.20999908447266,112.5199966430664,112.11000061035156,112.48999786376952,48.1555061340332,35600.0
2004-10-19,112.1500015258789,112.5999984741211,112.0,112.47000122070312,48.14695358276367,42300.0
2004-10-20,112.58999633789062,112.83999633789062,112.54000091552734,112.83999633789062,48.30537033081055,108300.0
2004-10-21,112.8000030517578,112.88999938964844,112.58000183105467,112.73999786376952,48.26253128051758,51200.0
2004-10-22,112.58000183105467,112.8499984741211,112.37000274658205,112.6500015258789,48.224002838134766,166500.0
2004-10-25,112.80999755859376,113.13999938964844,112.70999908447266,112.9000015258789,48.331050872802734,50600.0
2004-10-26,112.98999786376952,113.0,112.6999969482422,112.77999877929688,48.2796745300293,37000.0
2004-10-27,112.9800033569336,113.16000366210938,112.0,112.0999984741211,47.988616943359375,108400.0
2004-10-28,112.4000015258789,112.5500030517578,111.91000366210938,112.29000091552734,48.06988525390625,81000.0
2004-10-29,112.5,112.8499984741211,112.3000030517578,112.6500015258789,48.224002838134766,55400.0
2004-11-01,112.29000091552734,112.29000091552734,111.75,111.75,48.022499084472656,73900.0
2004-11-02,111.8499984741211,112.12000274658205,111.75,111.91999816894533,48.09554672241211,97800.0
2004-11-03,111.6999969482422,112.58999633789062,111.54000091552734,111.6999969482422,48.00099563598633,315700.0
2004-11-04,112.63999938964844,112.70999908447266,112.13999938964844,112.18000030517578,48.20723342895508,53100.0
2004-11-05,111.6999969482422,111.7699966430664,111.13999938964844,111.6999969482422,48.00099563598633,99500.0
2004-11-08,111.2300033569336,111.5999984741211,110.80999755859376,111.2300033569336,47.79900741577149,123000.0
2004-11-09,111.29000091552734,111.6500015258789,111.11000061035156,111.25,47.80759811401367,172200.0
2004-11-10,111.44000244140624,111.4499969482422,111.01000213623048,111.1500015258789,47.76466751098633,34000.0
2004-11-11,111.48999786376952,111.5,111.0,111.16000366210938,47.76894378662109,52100.0
2004-11-12,111.63999938964844,111.9499969482422,111.1500015258789,111.72000122070312,48.00959014892578,355400.0
2004-11-15,111.69000244140624,111.9499969482422,111.3499984741211,111.76000213623048,48.02672576904297,61500.0
2004-11-16,111.80999755859376,111.80999755859376,110.95999908447266,111.6999969482422,48.00099563598633,932500.0
2004-11-17,111.87999725341795,112.41000366210938,111.6999969482422,112.31999969482422,48.26744842529297,79300.0
2004-11-18,112.3499984741211,112.61000061035156,111.8499984741211,112.5,48.344764709472656,274900.0
2004-11-19,112.44000244140624,112.44000244140624,111.30999755859376,111.91000366210938,48.09125900268555,105700.0
2004-11-22,111.98999786376952,112.13999938964844,111.6999969482422,111.86000061035156,48.06975936889648,171300.0
2004-11-23,111.8499984741211,112.12999725341795,111.62999725341795,112.0,48.12992477416992,53800.0
2004-11-24,112.1999969482422,112.23999786376952,111.86000061035156,111.98999786376952,48.12562942504883,42900.0
2004-11-26,111.56999969482422,111.86000061035156,111.56999969482422,111.58999633789062,47.95372772216797,18300.0
2004-11-29,111.3000030517578,111.3000030517578,110.69000244140624,110.70999908447266,47.57558059692383,259300.0
2004-11-30,110.83999633789062,111.0999984741211,110.55999755859376,110.8499984741211,47.635719299316406,163200.0
2004-12-01,110.5199966430664,110.80999755859376,110.0500030517578,110.36000061035156,47.60724639892578,159900.0
2004-12-02,110.3000030517578,110.3000030517578,109.81999969482422,110.01000213623048,47.45625686645508,129300.0
2004-12-03,110.75,111.45999908447266,110.62999725341795,110.62999725341795,47.723724365234375,180100.0
2004-12-06,111.19000244140624,111.1999969482422,110.70999908447266,110.94000244140624,47.85743713378906,140200.0
2004-12-07,111.12999725341795,111.3499984741211,110.8000030517578,111.1999969482422,47.96961975097656,665400.0
2004-12-08,111.73999786376952,111.94000244140624,111.38999938964844,111.58000183105467,48.1335334777832,558700.0
2004-12-09,111.73999786376952,112.0,111.5,111.83999633789062,48.24569320678711,91100.0
2004-12-10,111.97000122070312,112.22000122070312,111.51000213623048,111.88999938964844,48.26728820800781,98600.0
2004-12-13,112.1500015258789,112.16000366210938,111.81999969482422,112.11000061035156,48.362152099609375,90200.0
2004-12-14,112.0,112.16000366210938,111.5999984741211,112.16000366210938,48.383731842041016,77600.0
2004-12-15,112.1999969482422,112.76000213623048,112.1999969482422,112.76000213623048,48.64258575439453,64400.0
2004-12-16,112.5999984741211,112.5999984741211,111.61000061035156,111.79000091552734,48.22412490844727,45400.0
2004-12-17,111.6500015258789,111.91000366210938,111.5199966430664,111.91000366210938,48.275917053222656,36000.0
2004-12-20,111.7699966430664,112.05999755859376,111.5199966430664,111.83000183105467,48.24136352539063,80000.0
2004-12-21,111.8499984741211,112.29000091552734,111.3499984741211,111.87999725341795,48.26292419433594,240000.0
2004-12-22,112.0500030517578,112.11000061035156,111.70999908447266,112.0,48.31471252441406,54300.0
2004-12-23,112.12999725341795,112.20999908447266,111.87999725341795,112.1999969482422,48.400997161865234,49300.0
2004-12-27,111.83000183105467,111.93000030517578,111.30999755859376,111.5999984741211,48.14214706420898,71400.0
2004-12-28,111.61000061035156,111.73999786376952,111.22000122070312,111.72000122070312,48.193946838378906,75500.0
2004-12-29,111.83000183105467,111.83000183105467,111.4000015258789,111.5500030517578,48.12060928344727,72300.0
2004-12-30,111.73999786376952,111.95999908447266,111.4800033569336,111.9499969482422,48.29317855834961,122700.0
2004-12-31,111.8499984741211,111.9800033569336,111.52999877929688,111.52999877929688,48.29837417602539,100600.0
2005-01-03,111.70999908447266,112.25,111.5,112.25,48.610137939453125,1497800.0
2005-01-04,112.2699966430664,112.29000091552734,111.5,111.62000274658205,48.33729553222656,90200.0
2005-01-05,111.6500015258789,111.91000366210938,111.45999908447266,111.70999908447266,48.37630081176758,120700.0
2005-01-06,111.5500030517578,111.9499969482422,111.5500030517578,111.79000091552734,48.41094970703125,43900.0
2005-01-07,111.91000366210938,111.91999816894533,111.43000030517578,111.73999786376952,48.38926315307617,68300.0
2005-01-10,111.76000213623048,111.76000213623048,111.4000015258789,111.5500030517578,48.30700302124024,73200.0
2005-01-11,111.79000091552734,112.12999725341795,111.37999725341795,111.80999755859376,48.41959381103516,265900.0
2005-01-12,111.3499984741211,112.0500030517578,111.3499984741211,111.91999816894533,48.46725845336914,46100.0
2005-01-13,111.98999786376952,112.41000366210938,111.9000015258789,112.22000122070312,48.597145080566406,61100.0
2005-01-14,112.1500015258789,112.54000091552734,111.87000274658205,112.3499984741211,48.65347671508789,61300.0
2005-01-18,111.9800033569336,112.43000030517578,111.91000366210938,112.41000366210938,48.67941665649414,145600.0
2005-01-19,112.4800033569336,112.5999984741211,112.11000061035156,112.58000183105467,48.75303268432617,78900.0
2005-01-20,112.27999877929688,112.69000244140624,112.26000213623048,112.37999725341795,48.66645812988281,62200.0
2005-01-21,112.45999908447266,112.7300033569336,112.1500015258789,112.62999725341795,48.774688720703125,111900.0
2005-01-24,112.8499984741211,112.87999725341795,112.5199966430664,112.83000183105467,48.86133193969727,100500.0
2005-01-25,112.91999816894533,112.91999816894533,112.36000061035156,112.4499969482422,48.69675064086914,72900.0
2005-01-26,112.5999984741211,112.70999908447266,112.4499969482422,112.48999786376952,48.71408081054688,47000.0
2005-01-27,112.37999725341795,112.58999633789062,111.66999816894533,112.25,48.610137939453125,1000300.0
2005-01-28,112.6500015258789,113.0199966430664,112.61000061035156,112.9000015258789,48.89165878295898,64500.0
2005-01-31,112.52999877929688,112.98999786376952,112.52999877929688,112.9000015258789,48.89165878295898,83100.0
2005-02-01,112.62999725341795,112.6999969482422,112.3499984741211,112.4499969482422,48.88163375854492,57000.0
2005-02-02,112.36000061035156,112.62999725341795,112.20999908447266,112.3499984741211,48.83818054199219,118600.0
2005-02-03,112.3000030517578,112.48999786376952,112.0199966430664,112.48999786376952,48.89900207519531,46800.0
2005-02-04,113.16000366210938,113.1999969482422,112.33999633789062,112.8499984741211,49.05549621582031,749000.0
2005-02-07,112.98999786376952,113.16000366210938,112.83999633789062,112.88999938964844,49.07291412353516,218400.0
2005-02-08,113.29000091552734,113.30999755859376,112.91000366210938,113.3000030517578,49.25113296508789,101800.0
2005-02-09,113.37000274658205,113.8000030517578,113.23999786376952,113.6999969482422,49.42497253417969,78800.0
2005-02-10,113.56999969482422,113.56999969482422,113.01000213623048,113.3000030517578,49.25113296508789,56600.0
2005-02-11,113.11000061035156,113.19000244140624,112.73999786376952,112.97000122070312,49.1076545715332,65000.0
2005-02-14,113.19000244140624,113.29000091552734,112.8000030517578,113.16000366210938,49.19028091430664,69600.0
2005-02-15,112.9499969482422,113.19000244140624,112.76000213623048,112.98999786376952,49.11636734008789,52800.0
2005-02-16,113.0999984741211,113.0999984741211,112.3000030517578,112.4499969482422,48.88163375854492,194700.0
2005-02-17,112.0999984741211,112.5999984741211,111.87000274658205,112.1999969482422,48.77295684814453,73800.0
2005-02-18,112.0,112.08999633789062,111.81999969482422,112.01000213623048,48.69036865234375,55400.0
2005-02-22,111.73999786376952,112.0500030517578,111.6999969482422,111.91000366210938,48.64690017700195,56400.0
2005-02-23,112.0999984741211,112.4499969482422,111.91999816894533,112.06999969482422,48.71646118164063,66900.0
2005-02-24,112.1999969482422,112.4000015258789,111.8499984741211,111.8499984741211,48.62083435058594,86400.0
2005-02-25,112.1500015258789,112.22000122070312,111.87000274658205,112.0500030517578,48.70777893066406,66600.0
2005-02-28,111.5,112.0,111.3000030517578,111.41999816894533,48.433895111083984,192300.0
2005-03-01,111.0199966430664,111.18000030517578,110.75,110.97000122070312,48.42475509643555,92400.0
2005-03-02,110.95999908447266,111.1999969482422,110.87999725341795,111.01000213623048,48.442169189453125,60300.0
2005-03-03,111.0999984741211,111.2699966430664,110.8499984741211,111.0,48.437835693359375,109400.0
2005-03-04,111.43000030517578,111.62999725341795,111.25,111.36000061035156,48.59490966796875,64100.0
2005-03-07,111.36000061035156,111.8000030517578,111.3000030517578,111.68000030517578,48.73453903198242,53100.0
2005-03-08,111.37999725341795,111.37999725341795,111.01000213623048,111.18000030517578,48.51639938354492,65600.0
2005-03-09,110.75,110.83999633789062,110.12000274658205,110.12000274658205,48.053855895996094,69800.0
2005-03-10,110.5999984741211,110.5999984741211,110.05999755859376,110.2699966430664,48.119258880615234,93500.0
2005-03-11,110.01000213623048,110.3000030517578,109.83999633789062,110.08000183105467,48.03635787963867,71100.0
2005-03-14,110.0,110.1999969482422,109.72000122070312,110.06999969482422,48.032012939453125,55200.0
2005-03-15,110.02999877929688,110.3000030517578,109.61000061035156,109.62000274658205,47.83564758300781,73700.0
2005-03-16,109.8000030517578,110.41000366210938,109.75,110.0,48.0014533996582,60200.0
2005-03-17,110.12999725341795,110.16999816894533,109.4000015258789,109.75,47.892372131347656,252800.0
2005-03-18,109.83999633789062,109.8499984741211,109.20999908447266,109.41999816894533,47.74834060668945,62000.0
2005-03-21,109.3000030517578,109.68000030517578,109.20999908447266,109.29000091552734,47.69163131713867,95900.0
2005-03-22,109.3000030517578,109.75,108.3499984741211,108.3499984741211,47.28142166137695,97500.0
2005-03-23,108.06999969482422,108.81999969482422,108.0500030517578,108.66999816894533,47.42109298706055,124800.0
2005-03-24,109.04000091552734,109.04000091552734,108.7300033569336,108.9000015258789,47.52138900756836,48500.0
2005-03-28,108.9000015258789,108.9000015258789,108.5999984741211,108.73999786376952,47.45161056518555,53000.0
2005-03-29,108.68000030517578,109.22000122070312,108.5999984741211,108.93000030517578,47.53451156616211,83700.0
2005-03-30,108.5999984741211,109.3000030517578,108.5999984741211,109.20999908447266,47.65671157836914,91400.0
2005-03-31,109.30999755859376,109.61000061035156,109.2699966430664,109.58999633789062,47.822509765625,69100.0
2005-04-01,109.54000091552734,109.55999755859376,108.91000366210938,109.25,47.86634826660156,104000.0
2005-04-04,109.11000061035156,109.48999786376952,108.51000213623048,108.58000183105467,47.57281112670898,379500.0
2005-04-05,108.8000030517578,108.9800033569336,108.3000030517578,108.91000366210938,47.71742248535156,141300.0
2005-04-06,109.0999984741211,109.2300033569336,108.68000030517578,108.8499984741211,47.69111251831055,259800.0
2005-04-07,108.8000030517578,109.41000366210938,108.3000030517578,108.3000030517578,47.45011520385742,156800.0
2005-04-08,108.69000244140624,108.69000244140624,108.12000274658205,108.6500015258789,47.60346603393555,115700.0
2005-04-11,108.63999938964844,109.08999633789062,108.62000274658205,108.9499969482422,47.734893798828125,71600.0
2005-04-12,108.56999969482422,109.58000183105467,108.56999969482422,109.38999938964844,47.927642822265625,57100.0
2005-04-13,109.4000015258789,109.7300033569336,109.38999938964844,109.6500015258789,48.04160690307617,58400.0
2005-04-14,109.58999633789062,109.5999984741211,109.1999969482422,109.25,47.86634826660156,67400.0
2005-04-15,109.9000015258789,109.9000015258789,109.3000030517578,109.75,48.08543014526367,93900.0
2005-04-18,109.83999633789062,110.0,109.70999908447266,109.7699966430664,48.09420394897461,116400.0
2005-04-19,110.02999877929688,110.25,109.70999908447266,110.2300033569336,48.29567337036133,60500.0
2005-04-20,109.8000030517578,110.31999969482422,109.8000030517578,110.29000091552734,48.32197189331055,324400.0
2005-04-21,110.25,110.30999755859376,109.70999908447266,109.70999908447266,48.067909240722656,81200.0
2005-04-22,110.37999725341795,110.51000213623048,110.0199966430664,110.2300033569336,48.29567337036133,149000.0
2005-04-25,110.3000030517578,110.5,110.13999938964844,110.5,48.41401290893555,45200.0
2005-04-26,110.0500030517578,110.55999755859376,109.9499969482422,110.31999969482422,48.33517074584961,49400.0
2005-04-27,110.6999969482422,110.97000122070312,110.4000015258789,110.86000061035156,48.57174301147461,350000.0
2005-04-28,110.88999938964844,111.33999633789062,110.87999725341795,111.31999969482422,48.77331161499024,315000.0
2005-04-29,111.1500015258789,111.41999816894533,110.83000183105467,110.91999816894533,48.59801483154297,92200.0
2005-05-02,110.56999969482422,110.66999816894533,110.20999908447266,110.52999877929688,48.61473083496094,52400.0
2005-05-03,110.51000213623048,110.5999984741211,110.18000030517578,110.58999633789062,48.641151428222656,52400.0
2005-05-04,109.5999984741211,110.55999755859376,109.5999984741211,110.33999633789062,48.53115081787109,58900.0
2005-05-05,110.4800033569336,110.72000122070312,110.12999725341795,110.5,48.6015510559082,80700.0
2005-05-06,109.88999938964844,110.0500030517578,109.62999725341795,109.9000015258789,48.33766555786133,60700.0
2005-05-09,109.6500015258789,109.7300033569336,109.26000213623048,109.5199966430664,48.17052459716797,473600.0
2005-05-10,109.48999786376952,110.0199966430664,109.41000366210938,109.5,48.16170883178711,134800.0
2005-05-11,109.69000244140624,109.9800033569336,109.5500030517578,109.5999984741211,48.20570373535156,157600.0
2005-05-12,109.47000122070312,109.62000274658205,108.6500015258789,109.25,48.05176162719727,803900.0
2005-05-13,109.27999877929688,109.9800033569336,109.27999877929688,109.86000061035156,48.320106506347656,57300.0
2005-05-16,110.0,110.05999755859376,109.44000244140624,109.69000244140624,48.24529647827149,133500.0
2005-05-17,109.83999633789062,109.9000015258789,108.9499969482422,109.75,48.27169418334961,584300.0
2005-05-18,110.0,110.19000244140624,109.76000213623048,110.13999938964844,48.44321823120117,54800.0
2005-05-19,110.0999984741211,110.1999969482422,109.7300033569336,109.9800033569336,48.37282180786133,55500.0
2005-05-20,109.6500015258789,110.0999984741211,109.6500015258789,109.9499969482422,48.359649658203125,143100.0
2005-05-23,110.41999816894533,110.41999816894533,109.75,110.41000366210938,48.56196975708008,339700.0
2005-05-24,110.72000122070312,110.8000030517578,110.5199966430664,110.6500015258789,48.66754913330078,161300.0
2005-05-25,110.6500015258789,110.76000213623048,110.33999633789062,110.63999938964844,48.66312026977539,48500.0
2005-05-26,110.5,110.76000213623048,110.4499969482422,110.70999908447266,48.693939208984375,76200.0
2005-05-27,110.79000091552734,110.8000030517578,110.51000213623048,110.6999969482422,48.68953323364258,62400.0
2005-05-31,111.16000366210938,111.27999877929688,110.97000122070312,111.18000030517578,48.90066146850586,172900.0
2005-06-01,110.98999786376952,111.6500015258789,110.98999786376952,111.51000213623048,49.23667526245117,195600.0
2005-06-02,111.41000366210938,111.9499969482422,111.3499984741211,111.94000244140624,49.426513671875,1231800.0
2005-06-03,112.44000244140624,112.44000244140624,111.25,111.3499984741211,49.166011810302734,70400.0
2005-06-06,111.58999633789062,111.69000244140624,111.36000061035156,111.66000366210938,49.30289840698242,195200.0
2005-06-07,112.04000091552734,112.5500030517578,111.75,111.88999938964844,49.40447235107422,796500.0
2005-06-08,111.94000244140624,111.94000244140624,111.61000061035156,111.66000366210938,49.30289840698242,37200.0
2005-06-09,111.63999938964844,111.63999938964844,110.41000366210938,111.4499969482422,49.21015167236328,171000.0
2005-06-10,111.44000244140624,111.44000244140624,110.8499984741211,110.9499969482422,48.9893684387207,64200.0
2005-06-13,110.83999633789062,111.04000091552734,110.58999633789062,110.69000244140624,48.87456512451172,138400.0
2005-06-14,110.69000244140624,110.70999908447266,110.3499984741211,110.56999969482422,48.82159805297852,107300.0
2005-06-15,110.45999908447266,110.58999633789062,110.18000030517578,110.36000061035156,48.72887802124024,106400.0
2005-06-16,110.58999633789062,110.58999633789062,110.1999969482422,110.47000122070312,48.77744674682617,175800.0
2005-06-17,110.55999755859376,110.6999969482422,110.31999969482422,110.4499969482422,48.76861190795898,209500.0
2005-06-20,110.41999816894533,110.41999816894533,110.13999938964844,110.31999969482422,48.71121597290039,194600.0
2005-06-21,110.58999633789062,110.73999786376952,110.41999816894533,110.69000244140624,48.87456512451172,73200.0
2005-06-22,111.31999969482422,111.66000366210938,111.01000213623048,111.4800033569336,49.223392486572266,229700.0
2005-06-23,111.4800033569336,111.5999984741211,111.30999755859376,111.5500030517578,49.254302978515625,119600.0
2005-06-24,111.83999633789062,111.83999633789062,111.6500015258789,111.83000183105467,49.37794876098633,57000.0
2005-06-27,111.8499984741211,112.0,111.75,111.98999786376952,49.44860458374024,55300.0
2005-06-28,111.83999633789062,111.93000030517578,111.5,111.63999938964844,49.294063568115234,42600.0
2005-06-29,111.93000030517578,111.98999786376952,111.5999984741211,111.6999969482422,49.3205680847168,57600.0
2005-06-30,112.05999755859376,112.2699966430664,111.69000244140624,112.0999984741211,49.49717712402344,94300.0
2005-07-01,111.83999633789062,111.9000015258789,111.13999938964844,111.16000366210938,49.26977157592773,77500.0
2005-07-05,110.83000183105467,110.91000366210938,110.63999938964844,110.8000030517578,49.1102180480957,47500.0
2005-07-06,110.9499969482422,111.12000274658205,110.80999755859376,111.04000091552734,49.21662521362305,70100.0
2005-07-07,111.0500030517578,111.4800033569336,111.0500030517578,111.33000183105467,49.34511566162109,45700.0
2005-07-08,111.45999908447266,111.45999908447266,111.0,111.11000061035156,49.24759292602539,62300.0
2005-07-11,110.83999633789062,110.9000015258789,110.5,110.5,48.97722244262695,220300.0
2005-07-12,110.6999969482422,110.6999969482422,110.1500015258789,110.25,48.86647033691406,242100.0
2005-07-13,110.4800033569336,110.66000366210938,110.3000030517578,110.5,48.97722244262695,102400.0
2005-07-14,110.72000122070312,110.73999786376952,110.5,110.5999984741211,49.02158737182617,132000.0
2005-07-15,110.58999633789062,110.75,110.5,110.6500015258789,49.043739318847656,178000.0
2005-07-18,110.83999633789062,110.83999633789062,110.36000061035156,110.55999755859376,49.00385665893555,85900.0
2005-07-19,110.48999786376952,110.8000030517578,110.31999969482422,110.6500015258789,49.043739318847656,102300.0
2005-07-20,110.7300033569336,111.0199966430664,110.3499984741211,110.7699966430664,49.096923828125,132000.0
2005-07-21,110.5999984741211,110.75,110.16999816894533,110.1999969482422,48.84428024291992,187300.0
2005-07-22,110.20999908447266,110.8000030517578,110.1999969482422,110.70999908447266,49.07033920288086,58100.0
2005-07-25,110.6999969482422,110.91000366210938,110.6500015258789,110.6999969482422,49.06589126586914,59100.0
2005-07-26,110.8000030517578,110.98999786376952,110.63999938964844,110.72000122070312,49.07477569580078,1058300.0
2005-07-27,110.72000122070312,110.72000122070312,110.31999969482422,110.58000183105467,49.01270294189453,66500.0
2005-07-28,110.81999969482422,111.16999816894533,110.58999633789062,111.0,49.19888305664063,105500.0
2005-07-29,111.04000091552734,111.0999984741211,110.58999633789062,110.75,49.088016510009766,76500.0
2005-08-01,110.05999755859376,110.3000030517578,109.61000061035156,110.04000091552734,48.97148513793945,139000.0
2005-08-02,109.98999786376952,110.19000244140624,109.68000030517578,109.83999633789062,48.88247680664063,88900.0
2005-08-03,110.04000091552734,110.33000183105467,109.87000274658205,110.0999984741211,48.99812316894531,74200.0
2005-08-04,110.0199966430664,110.3499984741211,110.0,110.0999984741211,48.99812316894531,112700.0
2005-08-05,110.0500030517578,110.0500030517578,109.5999984741211,109.91000366210938,48.91363143920898,57900.0
2005-08-08,109.70999908447266,109.76000213623048,109.31999969482422,109.41000366210938,48.69106674194336,102900.0
2005-08-09,109.68000030517578,109.70999908447266,109.31999969482422,109.58999633789062,48.77115249633789,56400.0
2005-08-10,109.87000274658205,109.91999816894533,109.54000091552734,109.68000030517578,48.81124496459961,72700.0
2005-08-11,109.62999725341795,110.06999969482422,108.8499984741211,110.0199966430664,48.96255874633789,69400.0
2005-08-12,110.16000366210938,110.5500030517578,110.12000274658205,110.5500030517578,49.19842529296875,46000.0
2005-08-15,110.58999633789062,110.62000274658205,110.1500015258789,110.38999938964844,49.127220153808594,77000.0
2005-08-16,110.6999969482422,111.0,110.47000122070312,110.68000030517578,49.256309509277344,2083500.0
2005-08-17,110.51000213623048,110.83999633789062,110.30999755859376,110.38999938964844,49.127220153808594,69800.0
2005-08-18,110.55999755859376,110.86000061035156,110.52999877929688,110.6999969482422,49.26515579223633,139900.0
2005-08-19,110.66000366210938,110.69000244140624,110.47000122070312,110.5999984741211,49.22066879272461,101600.0
2005-08-22,110.73999786376952,110.73999786376952,110.1500015258789,110.5500030517578,49.19842529296875,206500.0
2005-08-23,110.4000015258789,110.75,110.36000061035156,110.63999938964844,49.23848724365234,265800.0
2005-08-24,110.72000122070312,110.83999633789062,110.5199966430664,110.5999984741211,49.22066879272461,77600.0
2005-08-25,110.8000030517578,111.23999786376952,110.61000061035156,110.80999755859376,49.31415557861328,54000.0
2005-08-26,110.81999969482422,110.98999786376952,110.6500015258789,110.98999786376952,49.39423751831055,82200.0
2005-08-29,111.0,111.12999725341795,110.7699966430664,111.0,49.3986930847168,105800.0
2005-08-30,111.4000015258789,111.5199966430664,111.0500030517578,111.18000030517578,49.47880554199219,187900.0
2005-08-31,111.54000091552734,111.9800033569336,111.54000091552734,111.95999908447266,49.825931549072266,47700.0
2005-09-01,111.58000183105467,111.7300033569336,110.51000213623048,111.19000244140624,49.6851692199707,803700.0
2005-09-02,110.9499969482422,111.38999938964844,110.93000030517578,111.22000122070312,49.698577880859375,54800.0
2005-09-06,110.8000030517578,111.27999877929688,110.8000030517578,110.98999786376952,49.595802307128906,72700.0
2005-09-07,110.87999725341795,110.9000015258789,110.33999633789062,110.58999633789062,49.41706085205078,105300.0
2005-09-08,110.87999725341795,110.87999725341795,110.51000213623048,110.62000274658205,49.430477142333984,201400.0
2005-09-09,110.62999725341795,110.87000274658205,110.4800033569336,110.66999816894533,49.45279693603516,119700.0
2005-09-12,110.63999938964844,110.63999938964844,110.18000030517578,110.38999938964844,49.32769775390625,90800.0
2005-09-13,110.66999816894533,110.75,110.43000030517578,110.58000183105467,49.41255187988281,120300.0
2005-09-14,110.56999969482422,110.69000244140624,110.3000030517578,110.30999755859376,49.29195022583008,72100.0
2005-09-15,110.30999755859376,110.38999938964844,109.7699966430664,109.91999816894533,49.11764907836914,92900.0
2005-09-16,109.91999816894533,109.9499969482422,109.52999877929688,109.62000274658205,48.98358917236328,83900.0
2005-09-19,109.6999969482422,109.95999908447266,109.56999969482422,109.91999816894533,49.11764907836914,88100.0
2005-09-20,109.87000274658205,109.97000122070312,109.13999938964844,109.75,49.04170227050781,108500.0
2005-09-21,110.0,110.37000274658205,109.45999908447266,110.23999786376952,49.26065826416016,102500.0
2005-09-22,110.38999938964844,110.41000366210938,109.95999908447266,110.18000030517578,49.23384475708008,113400.0
2005-09-23,110.0500030517578,110.0500030517578,109.75,109.86000061035156,49.09088134765625,46500.0
2005-09-26,109.5,109.70999908447266,109.4000015258789,109.51000213623048,48.93444061279297,95800.0
2005-09-27,109.52999877929688,109.87999725341795,109.3000030517578,109.61000061035156,48.979148864746094,137600.0
2005-09-28,109.56999969482422,109.9499969482422,109.5199966430664,109.83999633789062,49.0819206237793,85400.0
2005-09-29,109.81999969482422,109.9000015258789,109.66000366210938,109.8000030517578,49.06404495239258,105100.0
2005-09-30,109.58000183105467,109.8499984741211,109.37000274658205,109.43000030517578,48.89867401123047,145600.0
2005-10-03,109.1999969482422,109.1999969482422,108.55999755859376,108.66000366210938,48.74884796142578,146000.0
2005-10-04,108.91000366210938,109.0199966430664,108.5999984741211,108.8000030517578,48.81169128417969,87200.0
2005-10-05,108.76000213623048,109.02999877929688,108.72000122070312,108.9499969482422,48.87895965576172,50700.0
2005-10-06,108.93000030517578,109.0500030517578,108.62999725341795,108.70999908447266,48.77128601074219,75500.0
2005-10-07,108.56999969482422,108.98999786376952,108.5,108.88999938964844,48.85206604003906,51100.0
2005-10-10,108.88999938964844,109.06999969482422,108.4800033569336,108.81999969482422,48.82064437866211,51600.0
2005-10-11,108.88999938964844,108.88999938964844,108.56999969482422,108.63999938964844,48.73988342285156,73500.0
2005-10-12,108.55999755859376,108.55999755859376,108.04000091552734,108.18000030517578,48.53351593017578,204100.0
2005-10-13,108.0199966430664,108.13999938964844,107.70999908447266,108.0,48.45274353027344,71100.0
2005-10-14,108.16000366210938,108.16000366210938,107.56999969482422,107.77999877929688,48.35405349731445,76200.0
2005-10-17,107.5,108.12999725341795,107.5,107.93000030517578,48.42133712768555,69600.0
2005-10-18,107.91000366210938,108.0999984741211,107.9000015258789,108.06999969482422,48.48416519165039,66500.0
2005-10-19,108.11000061035156,108.31999969482422,108.05999755859376,108.18000030517578,48.53351593017578,84000.0
2005-10-20,107.86000061035156,108.05999755859376,107.75,107.91000366210938,48.412384033203125,58200.0
2005-10-21,108.3499984741211,108.6500015258789,108.0999984741211,108.4800033569336,48.668113708496094,56600.0
2005-10-24,108.62000274658205,108.66000366210938,108.01000213623048,108.06999969482422,48.48416519165039,137000.0
2005-10-25,107.5999984741211,108.3000030517578,107.4000015258789,107.54000091552734,48.246395111083984,110800.0
2005-10-26,107.1500015258789,107.36000061035156,107.02999877929688,107.22000122070312,48.10283660888672,119600.0
2005-10-27,107.22000122070312,107.47000122070312,107.04000091552734,107.3000030517578,48.138702392578125,56700.0
2005-10-28,107.5500030517578,107.5500030517578,106.95999908447266,107.3000030517578,48.138702392578125,84800.0
2005-10-31,107.33999633789062,107.48999786376952,107.1500015258789,107.2699966430664,48.1252555847168,87300.0
2005-11-01,107.0,107.0999984741211,106.6500015258789,106.81999969482422,48.10816192626953,66500.0
2005-11-02,106.81999969482422,107.0199966430664,106.61000061035156,106.61000061035156,48.01357269287109,104100.0
2005-11-03,106.7300033569336,106.7699966430664,106.20999908447266,106.23999786376952,47.84693908691406,125000.0
2005-11-04,106.26000213623048,106.51000213623048,106.08000183105467,106.31999969482422,47.88294982910156,76900.0
2005-11-07,106.55999755859376,106.62000274658205,106.36000061035156,106.43000030517578,47.93252182006836,77200.0
2005-11-08,106.70999908447266,107.13999938964844,106.6999969482422,107.06999969482422,48.220741271972656,148600.0
2005-11-09,106.94000244140624,106.94000244140624,106.06999969482422,106.5,47.964054107666016,164900.0
2005-11-10,106.68000030517578,107.06999969482422,106.56999969482422,107.05999755859376,48.21621322631836,71900.0
2005-11-11,106.6500015258789,107.19000244140624,106.6500015258789,107.1500015258789,48.25678253173828,92500.0
2005-11-14,107.08999633789062,107.11000061035156,106.41999816894533,106.61000061035156,48.01357269287109,105500.0
2005-11-15,106.51000213623048,107.04000091552734,106.51000213623048,106.88999938964844,48.1396713256836,111300.0
2005-11-16,106.95999908447266,107.47000122070312,106.95999908447266,107.33999633789062,48.34235000610352,78300.0
2005-11-17,107.08999633789062,107.6999969482422,107.08999633789062,107.5199966430664,48.42343521118164,89800.0
2005-11-18,107.38999938964844,107.5,107.11000061035156,107.30999755859376,48.328834533691406,100200.0
2005-11-21,107.55999755859376,107.8000030517578,107.41000366210938,107.66000366210938,48.48644256591797,147000.0
2005-11-22,107.6999969482422,107.9000015258789,107.4800033569336,107.86000061035156,48.57653427124024,182000.0
2005-11-23,108.04000091552734,108.04000091552734,107.5999984741211,107.76000213623048,48.531497955322266,475800.0
2005-11-25,107.66999816894533,108.0,107.66999816894533,107.9000015258789,48.594539642333984,27100.0
2005-11-28,107.9800033569336,108.3499984741211,107.86000061035156,108.26000213623048,48.75666046142578,1690700.0
2005-11-29,108.2699966430664,108.30999755859376,107.6500015258789,107.76000213623048,48.531497955322266,97300.0
2005-11-30,107.7300033569336,107.95999908447266,107.5199966430664,107.55999755859376,48.44142150878906,49900.0
2005-12-01,107.55999755859376,107.58999633789062,106.91999816894533,106.9499969482422,48.34330368041992,92400.0
2005-12-02,106.7699966430664,107.0999984741211,106.7699966430664,106.9800033569336,48.35688781738281,99100.0
2005-12-05,106.91000366210938,107.0500030517578,106.61000061035156,106.6999969482422,48.23029327392578,58400.0
2005-12-06,107.0,107.23999786376952,106.76000213623048,106.91999816894533,48.329776763916016,332500.0
2005-12-07,106.6500015258789,107.02999877929688,106.62999725341795,106.79000091552734,48.27103805541992,93300.0
2005-12-08,106.6999969482422,107.12000274658205,106.6999969482422,107.01000213623048,48.37038803100586,244000.0
2005-12-09,106.86000061035156,107.01000213623048,106.70999908447266,106.81999969482422,48.28459167480469,62700.0
2005-12-12,106.76000213623048,106.9499969482422,106.55999755859376,106.58999633789062,48.18061447143555,71200.0
2005-12-13,106.5999984741211,106.88999938964844,106.52999877929688,106.68000030517578,48.22129821777344,104200.0
2005-12-14,107.0,107.4000015258789,106.91000366210938,107.2300033569336,48.46989059448242,62800.0
2005-12-15,107.4000015258789,107.4000015258789,106.9000015258789,107.13999938964844,48.42918395996094,134000.0
2005-12-16,107.30999755859376,107.75,107.30999755859376,107.58999633789062,48.63257598876953,356700.0
2005-12-19,107.6500015258789,107.75,107.2699966430664,107.41000366210938,48.5512924194336,88600.0
2005-12-20,107.20999908447266,107.69000244140624,107.1500015258789,107.5,48.5919303894043,143200.0
2005-12-21,107.26000213623048,107.54000091552734,107.1500015258789,107.54000091552734,48.61000442504883,79900.0
2005-12-22,107.31999969482422,107.69000244140624,107.31999969482422,107.5500030517578,48.61454391479492,88500.0
2005-12-23,107.5,108.1999969482422,107.26000213623048,107.97000122070312,48.80445098876953,123900.0
2005-12-27,108.08000183105467,108.54000091552734,107.87999725341795,108.45999908447266,49.02588653564453,157500.0
2005-12-28,108.0,108.16000366210938,107.70999908447266,108.11000061035156,49.04903030395508,93000.0
2005-12-29,107.9000015258789,108.04000091552734,107.5500030517578,107.81999969482422,48.917423248291016,123100.0
2005-12-30,107.86000061035156,108.1500015258789,107.61000061035156,107.69000244140624,48.85848236083984,97500.0
2006-01-03,107.69000244140624,108.3000030517578,107.41000366210938,108.27999877929688,49.12614822387695,676400.0
2006-01-04,108.2699966430664,108.43000030517578,107.95999908447266,108.27999877929688,49.12614822387695,66500.0
2006-01-05,108.2699966430664,108.4499969482422,108.26000213623048,108.37000274658205,49.16696166992188,63500.0
2006-01-06,108.3499984741211,108.36000061035156,107.9499969482422,108.1999969482422,49.08985900878906,112000.0
2006-01-09,108.02999877929688,108.2300033569336,107.97000122070312,108.22000122070312,49.098968505859375,60400.0
2006-01-10,108.0199966430664,108.1500015258789,107.8000030517578,107.93000030517578,48.96733474731445,94000.0
2006-01-11,107.6999969482422,108.06999969482422,107.6999969482422,107.75,48.885684967041016,150800.0
2006-01-12,107.93000030517578,108.1500015258789,107.70999908447266,108.08999633789062,49.0399284362793,127600.0
2006-01-13,107.97000122070312,108.44000244140624,107.97000122070312,108.41000366210938,49.18513488769531,77000.0
2006-01-17,108.3000030517578,108.55999755859376,108.1500015258789,108.41000366210938,49.18513488769531,138200.0
2006-01-18,108.5199966430664,108.6500015258789,108.3499984741211,108.37999725341795,49.17145919799805,80200.0
2006-01-19,108.20999908447266,108.58000183105467,108.12999725341795,108.36000061035156,49.16241836547852,97400.0
2006-01-20,108.5,108.62999725341795,108.25,108.4499969482422,49.20326614379883,111000.0
2006-01-23,108.30999755859376,108.6999969482422,108.1999969482422,108.6999969482422,49.31671905517578,580000.0
2006-01-24,108.58999633789062,108.58999633789062,108.4000015258789,108.45999908447266,49.20780944824219,92900.0
2006-01-25,108.41999816894533,108.41999816894533,107.69000244140624,107.86000061035156,48.93561172485352,100500.0
2006-01-26,107.87999725341795,107.9000015258789,107.45999908447266,107.6999969482422,48.86299514770508,75800.0
2006-01-27,107.88999938964844,107.9000015258789,107.62999725341795,107.86000061035156,48.93561172485352,107000.0
2006-01-30,107.76000213623048,107.83000183105467,107.45999908447266,107.45999908447266,48.75410461425781,113000.0
2006-01-31,107.5,107.77999877929688,107.0,107.22000122070312,48.64522552490234,1313000.0
2006-02-01,107.0500030517578,107.13999938964844,106.69000244140624,106.83999633789062,48.6584358215332,98800.0
2006-02-02,106.79000091552734,107.13999938964844,106.73999786376952,106.75,48.61742782592773,83800.0
2006-02-03,106.6999969482422,107.13999938964844,106.61000061035156,106.91999816894533,48.69485092163086,92900.0
2006-02-06,106.87000274658205,107.1500015258789,106.8499984741211,107.0999984741211,48.77683639526367,108700.0
2006-02-07,106.9000015258789,107.44000244140624,106.8000030517578,106.83000183105467,48.65387725830078,90400.0
2006-02-08,106.9000015258789,107.0500030517578,106.75,106.83000183105467,48.65387725830078,76300.0
2006-02-09,106.83000183105467,107.11000061035156,106.7699966430664,107.0,48.73130416870117,91300.0
2006-02-10,107.0999984741211,107.26000213623048,106.72000122070312,106.8000030517578,48.64020919799805,85200.0
2006-02-13,106.9800033569336,107.06999969482422,106.76000213623048,106.95999908447266,48.71310806274414,71600.0
2006-02-14,106.83999633789062,107.02999877929688,106.66999816894533,106.8499984741211,48.662994384765625,55600.0
2006-02-15,106.97000122070312,107.27999877929688,106.80999755859376,106.91999816894533,48.69485092163086,140500.0
2006-02-16,106.91000366210938,107.19000244140624,106.87000274658205,107.06999969482422,48.76317596435547,99500.0
2006-02-17,107.38999938964844,107.6500015258789,107.30999755859376,107.41999816894533,48.92258071899414,101200.0
2006-02-21,107.51000213623048,107.5199966430664,107.26000213623048,107.37000274658205,48.89977645874024,92300.0
2006-02-22,107.58999633789062,107.7699966430664,107.44000244140624,107.7699966430664,49.08200454711914,74200.0
2006-02-23,107.63999938964844,107.6500015258789,107.25,107.52999877929688,48.9726791381836,63500.0
2006-02-24,107.69000244140624,107.69000244140624,107.38999938964844,107.4800033569336,48.94990921020508,75300.0
2006-02-27,107.6999969482422,107.6999969482422,107.30999755859376,107.43000030517578,48.927127838134766,71900.0
2006-02-28,107.5,107.77999877929688,107.41000366210938,107.54000091552734,48.97721481323242,71900.0
2006-03-01,107.0,107.3000030517578,106.43000030517578,106.69000244140624,48.78834915161133,220400.0
2006-03-02,106.5,106.76000213623048,106.06999969482422,106.1999969482422,48.564300537109375,136700.0
2006-03-03,106.4000015258789,106.41999816894533,105.68000030517578,106.0,48.47284698486328,132300.0
2006-03-06,106.04000091552734,106.0500030517578,105.4499969482422,105.4499969482422,48.22134780883789,157800.0
2006-03-07,105.66999816894533,105.83999633789062,105.2300033569336,105.4000015258789,48.19843673706055,120500.0
2006-03-08,105.55999755859376,105.63999938964844,105.1999969482422,105.4499969482422,48.22134780883789,75300.0
2006-03-09,105.3499984741211,105.9000015258789,105.3499984741211,105.43000030517578,48.212162017822266,84300.0
2006-03-10,105.4800033569336,105.6999969482422,105.16000366210938,105.6999969482422,48.335670471191406,100900.0
2006-03-13,105.5,105.76000213623048,105.04000091552734,105.55999755859376,48.27163314819336,69200.0
2006-03-14,105.98999786376952,106.33000183105467,105.7300033569336,106.23999786376952,48.58261489868164,61600.0
2006-03-15,106.19000244140624,106.2300033569336,105.91000366210938,106.08000183105467,48.50945663452149,117700.0
2006-03-16,106.12000274658205,106.8000030517578,106.12000274658205,106.66000366210938,48.77466583251953,101000.0
2006-03-17,106.66000366210938,106.70999908447266,106.5,106.55999755859376,48.72891616821289,56200.0
2006-03-20,106.73999786376952,106.7699966430664,106.12000274658205,106.68000030517578,48.7838249206543,63500.0
2006-03-21,106.26000213623048,106.75,106.1999969482422,106.27999877929688,48.60087203979492,80000.0
2006-03-22,106.3000030517578,106.68000030517578,105.9499969482422,106.26000213623048,48.59173202514648,75100.0
2006-03-23,106.38999938964844,106.4499969482422,105.75,106.1999969482422,48.564300537109375,79400.0
2006-03-24,106.41000366210938,106.76000213623048,105.8499984741211,106.45999908447266,48.68318176269531,85800.0
2006-03-27,106.22000122070312,106.75,106.22000122070312,106.45999908447266,48.68318176269531,92800.0
2006-03-28,106.0199966430664,106.36000061035156,105.87999725341795,105.95999908447266,48.45456314086914,61800.0
2006-03-29,105.95999908447266,105.97000122070312,105.6500015258789,105.86000061035156,48.40879821777344,83800.0
2006-03-30,105.6999969482422,105.75,105.20999908447266,105.54000091552734,48.26248550415039,93700.0
2006-03-31,105.66999816894533,105.66999816894533,105.2699966430664,105.3000030517578,48.15272903442383,102200.0
2006-04-03,104.8000030517578,105.1500015258789,104.5500030517578,104.9499969482422,48.19318008422852,114200.0
2006-04-04,104.81999969482422,105.3000030517578,104.81999969482422,105.0500030517578,48.23906707763672,83000.0
2006-04-05,105.43000030517578,105.48999786376952,105.0999984741211,105.4000015258789,48.3997802734375,80200.0
2006-04-06,105.1999969482422,105.1999969482422,104.8499984741211,105.0199966430664,48.22532653808594,82400.0
2006-04-07,104.80999755859376,104.87000274658205,104.36000061035156,104.61000061035156,48.03703308105469,80100.0
2006-04-10,104.66000366210938,104.73999786376952,104.25,104.37999725341795,47.931419372558594,299000.0
2006-04-11,104.5,104.83999633789062,104.41999816894533,104.68000030517578,48.06916809082031,101600.0
2006-04-12,104.69000244140624,104.97000122070312,104.1999969482422,104.3499984741211,47.91762924194336,138700.0
2006-04-13,104.3000030517578,104.3000030517578,103.8000030517578,104.1500015258789,47.825809478759766,100500.0
2006-04-17,103.9499969482422,104.3499984741211,103.41000366210938,104.12999725341795,47.81658172607422,110300.0
2006-04-18,104.3000030517578,104.58999633789062,104.1999969482422,104.5500030517578,48.00946044921875,76700.0
2006-04-19,104.3499984741211,104.48999786376952,104.26000213623048,104.4800033569336,47.97731018066406,87200.0
2006-04-20,104.52999877929688,104.55999755859376,104.3000030517578,104.43000030517578,47.954368591308594,63400.0
2006-04-21,104.62999725341795,104.69000244140624,104.36000061035156,104.62999725341795,48.04618835449219,84200.0
2006-04-24,104.69000244140624,104.9800033569336,104.56999969482422,104.83999633789062,48.14263534545898,82200.0
2006-04-25,104.86000061035156,104.86000061035156,104.2699966430664,104.33999633789062,47.91301345825195,93100.0
2006-04-26,104.26000213623048,104.3499984741211,104.06999969482422,104.22000122070312,47.857906341552734,173100.0
2006-04-27,104.1999969482422,104.75,104.08000183105467,104.41000366210938,47.94518661499024,74300.0
2006-04-28,104.56999969482422,104.69000244140624,104.44000244140624,104.6500015258789,48.05538940429688,90600.0
2006-05-01,104.01000213623048,104.13999938964844,103.61000061035156,103.66000366210938,47.81185531616211,72800.0
2006-05-02,103.63999938964844,104.0,103.63999938964844,103.81999969482422,47.88565444946289,76600.0
2006-05-03,103.66000366210938,103.97000122070312,103.55999755859376,103.81999969482422,47.88565444946289,85900.0
2006-05-04,103.9000015258789,103.9000015258789,103.5500030517578,103.77999877929688,47.86720657348633,86900.0
2006-05-05,104.0,104.0999984741211,103.86000061035156,103.9000015258789,47.922584533691406,72700.0
2006-05-08,104.06999969482422,104.1500015258789,103.86000061035156,104.02999877929688,47.982540130615234,87100.0
2006-05-09,103.9000015258789,104.12999725341795,103.9000015258789,104.06999969482422,48.00098419189453,108300.0
2006-05-10,104.01000213623048,104.4000015258789,104.0,104.13999938964844,48.03321075439453,76600.0
2006-05-11,104.0,104.04000091552734,103.8000030517578,103.95999908447266,47.95023727416992,80900.0
2006-05-12,103.8000030517578,103.86000061035156,103.5,103.6999969482422,47.83030700683594,111200.0
2006-05-15,103.5199966430664,103.9000015258789,103.5199966430664,103.79000091552734,47.87179183959961,68500.0
2006-05-16,103.79000091552734,104.19000244140624,103.79000091552734,104.16999816894533,48.047119140625,105600.0
2006-05-17,103.83000183105467,103.88999938964844,103.30999755859376,103.83999633789062,47.89483642578125,127900.0
2006-05-18,103.9000015258789,104.5,103.9000015258789,104.5,48.199317932128906,68900.0
2006-05-19,104.33999633789062,104.62999725341795,104.27999877929688,104.4499969482422,48.17622756958008,68500.0
2006-05-22,104.58999633789062,104.97000122070312,104.37999725341795,104.51000213623048,48.203887939453125,71300.0
2006-05-23,104.1999969482422,104.48999786376952,104.1999969482422,104.44000244140624,48.1716194152832,59200.0
2006-05-24,104.5999984741211,104.7699966430664,104.20999908447266,104.5500030517578,48.22234725952149,120600.0
2006-05-25,104.58999633789062,104.61000061035156,104.30999755859376,104.41000366210938,48.15777969360352,84700.0
2006-05-26,104.4499969482422,104.58000183105467,104.33000183105467,104.41999816894533,48.16240692138672,81800.0
2006-05-30,104.38999938964844,104.41000366210938,104.13999938964844,104.19000244140624,48.05632781982422,148700.0
2006-05-31,104.37999725341795,104.4000015258789,103.8499984741211,103.98999786376952,47.96407318115234,130500.0
2006-06-01,103.61000061035156,103.83000183105467,103.47000122070312,103.73999786376952,48.04789352416992,102400.0
2006-06-02,104.0999984741211,104.4499969482422,104.0500030517578,104.38999938964844,48.34897613525391,63200.0
2006-06-05,104.25,104.4000015258789,104.05999755859376,104.06999969482422,48.20075607299805,79100.0
2006-06-06,104.25,104.3499984741211,104.05999755859376,104.3000030517578,48.3072624206543,116100.0
2006-06-07,104.12999725341795,104.26000213623048,103.91999816894533,104.0199966430664,48.17759323120117,82200.0
2006-06-08,104.3000030517578,104.55999755859376,104.0500030517578,104.36000061035156,48.335060119628906,76600.0
2006-06-09,104.3000030517578,104.48999786376952,104.26000213623048,104.47000122070312,48.38600158691406,67500.0
2006-06-12,104.37000274658205,104.41000366210938,104.1500015258789,104.19000244140624,48.256343841552734,75900.0
2006-06-13,104.30999755859376,104.41000366210938,104.11000061035156,104.3000030517578,48.3072624206543,108600.0
2006-06-14,104.01000213623048,104.16000366210938,103.75,103.8499984741211,48.09883117675781,66600.0
2006-06-15,103.61000061035156,103.87999725341795,103.5,103.63999938964844,48.00154495239258,79400.0
2006-06-16,103.77999877929688,103.83000183105467,103.30999755859376,103.5,47.93673706054688,98500.0
2006-06-19,103.4000015258789,103.45999908447266,103.23999786376952,103.37000274658205,47.87654495239258,76200.0
2006-06-20,103.25,103.3499984741211,103.16000366210938,103.29000091552734,47.839500427246094,53500.0
2006-06-21,103.3000030517578,103.37000274658205,103.13999938964844,103.16000366210938,47.77922821044922,48000.0
2006-06-22,103.19000244140624,103.1999969482422,102.8499984741211,102.91999816894533,47.66809844970703,86500.0
2006-06-23,102.97000122070312,103.0,102.66999816894533,102.75,47.58937454223633,62700.0
2006-06-26,102.83000183105467,102.8499984741211,102.51000213623048,102.75,47.58937454223633,54000.0
2006-06-27,102.72000122070312,102.9000015258789,102.38999938964844,102.58999633789062,47.5152473449707,480300.0
2006-06-28,102.41999816894533,102.75,102.3499984741211,102.36000061035156,47.40874481201172,91400.0
2006-06-29,102.6500015258789,102.9000015258789,102.41999816894533,102.9000015258789,47.65882873535156,64600.0
2006-06-30,102.9000015258789,103.47000122070312,102.76000213623048,103.47000122070312,47.92285537719727,58500.0
2006-07-03,100.0,103.23999786376952,100.0,102.88999938964844,47.86377716064453,245800.0
2006-07-05,102.6500015258789,102.72000122070312,102.1999969482422,102.23999786376952,47.56136703491211,939300.0
2006-07-06,102.41999816894533,102.80999755859376,102.3499984741211,102.75,47.79864883422852,86500.0
2006-07-07,102.98999786376952,103.25,102.87999725341795,103.13999938964844,47.98009490966797,77900.0
2006-07-10,103.13999938964844,103.31999969482422,103.05999755859376,103.2699966430664,48.04051971435547,59300.0
2006-07-11,103.43000030517578,103.58999633789062,103.3000030517578,103.43000030517578,48.1150016784668,108400.0
2006-07-12,103.29000091552734,103.66999816894533,103.0999984741211,103.5999984741211,48.19405746459961,94900.0
2006-07-13,103.5,103.8000030517578,103.5,103.58999633789062,48.18937301635742,92200.0
2006-07-14,103.70999908447266,103.88999938964844,103.5500030517578,103.68000030517578,48.231258392333984,122300.0
2006-07-17,103.6500015258789,103.80999755859376,103.5199966430664,103.79000091552734,48.28242874145508,104200.0
2006-07-18,103.52999877929688,103.52999877929688,103.1500015258789,103.25,48.03124237060547,208700.0
2006-07-19,103.1500015258789,103.9000015258789,103.0500030517578,103.72000122070312,48.24985504150391,80600.0
2006-07-20,103.54000091552734,104.18000030517578,103.54000091552734,104.16999816894533,48.4592170715332,97900.0
2006-07-21,104.19000244140624,104.29000091552734,104.0199966430664,104.08999633789062,48.421993255615234,83700.0
2006-07-24,104.05999755859376,104.1500015258789,104.02999877929688,104.12000274658205,48.43597412109375,108300.0
2006-07-25,103.9800033569336,104.13999938964844,103.93000030517578,104.04000091552734,48.39875030517578,60100.0
2006-07-26,103.91000366210938,104.27999877929688,103.9000015258789,104.26000213623048,48.50109100341797,69200.0
2006-07-27,104.3000030517578,104.31999969482422,104.0999984741211,104.0999984741211,48.4266357421875,74900.0
2006-07-28,104.26000213623048,104.55999755859376,104.0,104.5,48.61275100708008,195200.0
2006-07-31,104.5500030517578,104.58000183105467,104.37999725341795,104.5199966430664,48.62202835083008,108600.0
2006-08-01,104.25,104.25,103.9499969482422,104.20999908447266,48.69025421142578,76000.0
2006-08-02,104.11000061035156,104.5,104.0999984741211,104.38999938964844,48.774375915527344,60300.0
2006-08-03,104.0,104.5500030517578,104.0,104.4000015258789,48.77902221679688,110700.0
2006-08-04,104.8499984741211,104.94000244140624,104.6999969482422,104.80999755859376,48.97059631347656,57300.0
2006-08-07,104.6500015258789,104.8000030517578,104.6500015258789,104.72000122070312,48.92853164672852,76900.0
2006-08-08,104.8499984741211,104.9800033569336,104.58000183105467,104.77999877929688,48.956581115722656,62000.0
2006-08-09,104.4000015258789,104.7699966430664,104.4000015258789,104.7300033569336,48.933204650878906,58300.0
2006-08-10,104.77999877929688,104.77999877929688,104.54000091552734,104.72000122070312,48.92853164672852,61300.0
2006-08-11,104.54000091552734,104.58000183105467,104.4000015258789,104.51000213623048,48.83042144775391,54200.0
2006-08-14,104.41000366210938,104.4499969482422,104.22000122070312,104.37999725341795,48.7696533203125,48000.0
2006-08-15,104.61000061035156,104.9800033569336,104.55999755859376,104.91999816894533,49.02197647094727,99200.0
2006-08-16,105.0500030517578,105.41999816894533,105.0500030517578,105.36000061035156,49.22758102416992,69700.0
2006-08-17,105.44000244140624,105.5,105.22000122070312,105.30999755859376,49.204193115234375,84900.0
2006-08-18,105.30999755859376,105.6500015258789,105.30999755859376,105.5199966430664,49.30234146118164,115700.0
2006-08-21,105.5,105.68000030517578,105.4499969482422,105.66999816894533,49.37240219116211,77300.0
2006-08-22,105.75,105.8499984741211,105.56999969482422,105.73999786376952,49.40510177612305,194100.0
2006-08-23,105.73999786376952,105.77999877929688,105.58999633789062,105.6999969482422,49.38639450073242,107400.0
2006-08-24,105.6500015258789,105.87000274658205,105.6500015258789,105.6999969482422,49.38639450073242,54800.0
2006-08-25,105.76000213623048,105.9800033569336,105.70999908447266,105.8499984741211,49.45649719238281,105800.0
2006-08-28,105.91000366210938,105.9800033569336,105.76000213623048,105.87999725341795,49.47052001953125,101300.0
2006-08-29,105.7300033569336,105.95999908447266,105.5500030517578,105.9499969482422,49.50324630737305,110000.0
2006-08-30,105.95999908447266,106.1500015258789,105.95999908447266,106.0199966430664,49.53593826293945,80100.0
2006-08-31,106.0500030517578,106.37999725341795,105.8000030517578,106.37999725341795,49.70415496826172,125600.0
2006-09-01,105.7699966430664,105.94000244140624,104.87000274658205,105.77999877929688,49.64501190185547,139900.0
2006-09-05,105.7699966430664,105.77999877929688,105.4499969482422,105.45999908447266,49.49478530883789,74900.0
2006-09-06,105.41000366210938,105.52999877929688,105.29000091552734,105.45999908447266,49.49478530883789,158200.0
2006-09-07,105.5,105.66999816894533,105.23999786376952,105.56999969482422,49.54647064208984,280100.0
2006-09-08,105.8000030517578,105.87000274658205,105.61000061035156,105.68000030517578,49.59806060791016,130200.0
2006-09-11,105.7699966430664,105.8000030517578,105.52999877929688,105.63999938964844,49.57929229736328,81200.0
2006-09-12,105.4800033569336,105.88999938964844,105.4800033569336,105.8000030517578,49.65438079833984,72500.0
2006-09-13,105.81999969482422,106.1999969482422,105.81999969482422,106.08000183105467,49.78582000732422,173000.0
2006-09-14,106.01000213623048,106.0500030517578,105.8000030517578,105.80999755859376,49.65908050537109,63800.0
2006-09-15,105.91999816894533,106.08000183105467,105.72000122070312,105.73999786376952,49.626243591308594,116400.0
2006-09-18,105.5500030517578,105.77999877929688,105.4000015258789,105.76000213623048,49.63564682006836,55100.0
2006-09-19,105.91999816894533,106.3000030517578,105.91999816894533,106.16999816894533,49.82803726196289,239900.0
2006-09-20,106.44000244140624,106.48999786376952,106.29000091552734,106.33999633789062,49.90780258178711,124600.0
2006-09-21,106.31999969482422,106.9800033569336,106.31999969482422,106.9800033569336,50.20820236206055,232400.0
2006-09-22,107.04000091552734,107.16000366210938,106.94000244140624,107.04000091552734,50.23636245727539,152600.0
2006-09-25,107.23999786376952,107.30999755859376,107.08000183105467,107.1999969482422,50.31145858764648,366900.0
2006-09-26,107.29000091552734,107.29000091552734,106.88999938964844,106.9000015258789,50.170654296875,243200.0
2006-09-27,107.0999984741211,107.29000091552734,106.76000213623048,106.8499984741211,50.14718246459961,559500.0
2006-09-28,106.88999938964844,106.9800033569336,106.69000244140624,106.87999725341795,50.16130447387695,255400.0
2006-09-29,106.9499969482422,107.12000274658205,106.75,106.83000183105467,50.1378059387207,110100.0
2006-10-02,100.0,106.6999969482422,100.0,106.52999877929688,50.22029876708984,102700.0
2006-10-03,106.69000244140624,106.69000244140624,106.30999755859376,106.5999984741211,50.25327682495117,118200.0
2006-10-04,106.79000091552734,107.12000274658205,106.72000122070312,107.11000061035156,50.49372482299805,162700.0
2006-10-05,106.95999908447266,107.0,106.63999938964844,106.76000213623048,50.32872009277344,78900.0
2006-10-06,106.56999969482422,106.56999969482422,106.05999755859376,106.16000366210938,50.04586791992188,124500.0
2006-10-09,106.3000030517578,106.38999938964844,106.11000061035156,106.23999786376952,50.08356094360352,51600.0
2006-10-10,106.0500030517578,106.0500030517578,105.7699966430664,105.7699966430664,49.862003326416016,121000.0
2006-10-11,106.0,106.0199966430664,105.5,105.52999877929688,49.74888610839844,130800.0
2006-10-12,105.83000183105467,105.87000274658205,105.5999984741211,105.77999877929688,49.86673355102539,91000.0
2006-10-13,105.5999984741211,105.68000030517578,105.36000061035156,105.38999938964844,49.68285369873047,215000.0
2006-10-16,105.37000274658205,105.7300033569336,105.37000274658205,105.6500015258789,49.80545425415039,113000.0
2006-10-17,105.93000030517578,106.12000274658205,105.77999877929688,105.8499984741211,49.89977645874024,153100.0
2006-10-18,106.04000091552734,106.06999969482422,105.5,106.06999969482422,50.00342559814453,363600.0
2006-10-19,105.87999725341795,105.93000030517578,105.62999725341795,105.7300033569336,49.84315490722656,665000.0
2006-10-20,105.76000213623048,105.83999633789062,105.56999969482422,105.7699966430664,49.862003326416016,101600.0
2006-10-23,105.58000183105467,105.68000030517578,105.45999908447266,105.52999877929688,49.74888610839844,116200.0
2006-10-24,105.58000183105467,105.72000122070312,105.58000183105467,105.70999908447266,49.83370208740234,95200.0
2006-10-25,105.72000122070312,106.16999816894533,105.6500015258789,106.16000366210938,50.04586791992188,91700.0
2006-10-26,106.3499984741211,106.51000213623048,106.3000030517578,106.5,50.20618438720703,79500.0
2006-10-27,107.08999633789062,107.08999633789062,106.63999938964844,106.83999633789062,50.366432189941406,88400.0
2006-10-30,106.9000015258789,106.98999786376952,106.77999877929688,106.94000244140624,50.41358947753906,56200.0
2006-10-31,107.04000091552734,107.4800033569336,107.0,107.41999816894533,50.63981628417969,144100.0
2006-11-01,107.25,107.4800033569336,107.08999633789062,107.30999755859376,50.80701446533203,220200.0
2006-11-02,107.11000061035156,107.23999786376952,107.11000061035156,107.18000030517578,50.74544525146485,319200.0
2006-11-03,106.5999984741211,106.62000274658205,106.33000183105467,106.43000030517578,50.3903923034668,73000.0
2006-11-06,106.3499984741211,106.5500030517578,106.22000122070312,106.5500030517578,50.44715881347656,80600.0
2006-11-07,106.94000244140624,107.08999633789062,106.83000183105467,106.93000030517578,50.6270751953125,130000.0
2006-11-08,107.0,107.08999633789062,106.94000244140624,107.05999755859376,50.68862915039063,124800.0
2006-11-09,107.1500015258789,107.26000213623048,107.05999755859376,107.16999816894533,50.74072265625,111500.0
2006-11-10,107.37999725341795,107.5999984741211,107.3000030517578,107.45999908447266,50.87803649902344,62200.0
2006-11-13,107.44000244140624,107.4499969482422,107.20999908447266,107.38999938964844,50.84482955932617,100400.0
2006-11-14,107.6500015258789,107.79000091552734,107.55999755859376,107.55999755859376,50.92535400390625,120600.0
2006-11-15,107.5500030517578,107.5500030517578,107.1999969482422,107.27999877929688,50.79278564453125,103000.0
2006-11-16,107.54000091552734,107.54000091552734,107.06999969482422,107.12999725341795,50.72178649902344,108400.0
2006-11-17,107.1999969482422,107.63999938964844,107.1500015258789,107.4800033569336,50.88749313354492,99600.0
2006-11-20,107.6500015258789,107.6500015258789,107.48999786376952,107.55999755859376,50.92535400390625,81300.0
2006-11-21,107.6500015258789,107.8499984741211,107.52999877929688,107.70999908447266,50.99640274047852,155500.0
2006-11-22,107.81999969482422,107.87999725341795,107.66999816894533,107.83000183105467,51.05320739746094,75000.0
2006-11-24,108.1500015258789,108.1999969482422,107.98999786376952,108.0,51.1336784362793,48600.0
2006-11-27,107.7699966430664,108.19000244140624,107.66999816894533,108.01000213623048,51.1384162902832,147500.0
2006-11-28,108.3499984741211,108.37000274658205,108.06999969482422,108.20999908447266,51.23308563232422,182300.0
2006-11-29,108.38999938964844,108.43000030517578,108.11000061035156,108.11000061035156,51.18576431274414,102800.0
2006-11-30,108.4000015258789,108.66000366210938,108.2699966430664,108.5199966430664,51.37986755371094,108600.0
2006-12-01,108.25,108.58999633789062,108.0999984741211,108.1999969482422,51.44028854370117,175400.0
2006-12-04,108.3000030517578,108.5500030517578,108.0199966430664,108.4499969482422,51.5591049194336,97200.0
2006-12-05,108.4499969482422,108.6500015258789,108.22000122070312,108.4000015258789,51.53536224365234,109700.0
2006-12-06,108.33000183105467,108.33000183105467,107.9499969482422,108.12999725341795,51.406982421875,101900.0
2006-12-07,108.33000183105467,108.33000183105467,108.08999633789062,108.18000030517578,51.43070602416992,99600.0
2006-12-08,108.25,108.25,107.76000213623048,107.77999877929688,51.24056625366211,109900.0
2006-12-11,107.9499969482422,108.12999725341795,107.9499969482422,108.0199966430664,51.35465240478516,69400.0
2006-12-12,108.12000274658205,108.33000183105467,108.0500030517578,108.25,51.46405029296875,85500.0
2006-12-13,107.91999816894533,108.01000213623048,107.69000244140624,107.70999908447266,51.20732879638672,116600.0
2006-12-14,107.70999908447266,107.70999908447266,107.54000091552734,107.61000061035156,51.15975570678711,73400.0
2006-12-15,108.12000274658205,108.22000122070312,107.5199966430664,107.58999633789062,51.15024566650391,103700.0
2006-12-18,107.5999984741211,107.63999938964844,107.5,107.5999984741211,51.155059814453125,69800.0
2006-12-19,107.5199966430664,107.70999908447266,107.4800033569336,107.58000183105467,51.14550018310547,115400.0
2006-12-20,107.48999786376952,107.72000122070312,107.48999786376952,107.66000366210938,51.18350982666016,73200.0
2006-12-21,107.73999786376952,108.05999755859376,107.66999816894533,107.94000244140624,51.31664276123047,145000.0
2006-12-22,107.8000030517578,107.83999633789062,107.4499969482422,107.5999984741211,51.155059814453125,100200.0
2006-12-26,107.6500015258789,107.7300033569336,107.51000213623048,107.72000122070312,51.212059020996094,61800.0
2006-12-27,107.25,107.29000091552734,106.7300033569336,106.9499969482422,51.048336029052734,114500.0
2006-12-28,107.0500030517578,107.0500030517578,106.51000213623048,106.7300033569336,50.94335174560547,129300.0
2006-12-29,106.72000122070312,106.72000122070312,106.55999755859376,106.68000030517578,50.91947555541992,120500.0
2007-01-03,107.1500015258789,107.1999969482422,106.19000244140624,106.4499969482422,50.80972671508789,1597400.0
2007-01-04,106.73999786376952,107.3000030517578,106.73999786376952,107.25,51.1915168762207,111600.0
2007-01-05,107.0,107.1999969482422,106.87000274658205,107.18000030517578,51.15810775756836,103200.0
2007-01-08,106.97000122070312,107.22000122070312,106.97000122070312,107.1500015258789,51.143798828125,120600.0
2007-01-09,107.16000366210938,107.2300033569336,107.08000183105467,107.16999816894533,51.15336608886719,127200.0
2007-01-10,107.0999984741211,107.1500015258789,106.9499969482422,107.02999877929688,51.086544036865234,66500.0
2007-01-11,106.9000015258789,106.95999908447266,106.62999725341795,106.6999969482422,50.92903900146485,73600.0
2007-01-12,106.66000366210938,106.66999816894533,106.51000213623048,106.58999633789062,50.87650680541992,86400.0
2007-01-16,106.6500015258789,106.76000213623048,106.4499969482422,106.70999908447266,50.93379592895508,205300.0
2007-01-17,106.77999877929688,106.77999877929688,106.43000030517578,106.55999755859376,50.862186431884766,100400.0
2007-01-18,106.68000030517578,106.87000274658205,106.5,106.87000274658205,51.01015090942383,91700.0
2007-01-19,106.87999725341795,106.87999725341795,106.6999969482422,106.80999755859376,50.98151016235352,181100.0
2007-01-22,106.87000274658205,106.87999725341795,106.76000213623048,106.87999725341795,51.01493835449219,73200.0
2007-01-23,106.8000030517578,106.8000030517578,106.41999816894533,106.58999633789062,50.87650680541992,142800.0
2007-01-24,106.62999725341795,106.6500015258789,106.51000213623048,106.63999938964844,50.90037155151367,84900.0
2007-01-25,106.52999877929688,106.55999755859376,106.1999969482422,106.3000030517578,50.73808670043945,168800.0
2007-01-26,106.1999969482422,106.38999938964844,106.13999938964844,106.2300033569336,50.704681396484375,97900.0
2007-01-29,106.36000061035156,106.44000244140624,106.05999755859376,106.18000030517578,50.68080139160156,154100.0
2007-01-30,106.33999633789062,106.3499984741211,106.22000122070312,106.33000183105467,50.75236892700195,77100.0
2007-01-31,106.29000091552734,106.80999755859376,106.26000213623048,106.77999877929688,50.9671745300293,166800.0
2007-02-01,106.88999938964844,106.88999938964844,106.19000244140624,106.27999877929688,50.94655990600586,135300.0
2007-02-02,106.38999938964844,106.61000061035156,106.27999877929688,106.37999725341795,50.9945068359375,174000.0
2007-02-05,106.47000122070312,106.52999877929688,106.41000366210938,106.5199966430664,51.06160736083984,101400.0
2007-02-06,106.4000015258789,106.8000030517578,106.33000183105467,106.8000030517578,51.19584274291992,168100.0
2007-02-07,107.0,107.01000213623048,106.80999755859376,106.9499969482422,51.26774597167969,156700.0
2007-02-08,106.94000244140624,107.16000366210938,106.83999633789062,107.06999969482422,51.32527160644531,113600.0
2007-02-09,106.9499969482422,106.9499969482422,106.52999877929688,106.62000274658205,51.10960006713867,175400.0
2007-02-12,106.69000244140624,106.73999786376952,105.75,106.63999938964844,51.119136810302734,572300.0
2007-02-13,106.69000244140624,106.69000244140624,106.26000213623048,106.56999969482422,51.08559799194336,97600.0
2007-02-14,106.8000030517578,107.18000030517578,106.69000244140624,107.18000030517578,51.37801361083984,102700.0
2007-02-15,107.30999755859376,107.48999786376952,107.20999908447266,107.37999725341795,51.47388458251953,141900.0
2007-02-16,107.5,107.6500015258789,107.41999816894533,107.48999786376952,51.52664566040039,149700.0
2007-02-20,107.52999877929688,107.68000030517578,107.4000015258789,107.66000366210938,51.60811614990234,101600.0
2007-02-21,107.47000122070312,107.8499984741211,107.33000183105467,107.58999633789062,51.57456207275391,120500.0
2007-02-22,107.56999969482422,107.56999969482422,107.30999755859376,107.44000244140624,51.502662658691406,101800.0
2007-02-23,107.58000183105467,107.88999938964844,107.58000183105467,107.79000091552734,51.670406341552734,161400.0
2007-02-26,108.0999984741211,108.2300033569336,107.93000030517578,108.2300033569336,51.88134002685547,109700.0
2007-02-27,108.27999877929688,109.13999938964844,108.27999877929688,108.6500015258789,52.08270263671875,143800.0
2007-02-28,108.5999984741211,108.5999984741211,108.20999908447266,108.4499969482422,51.98678207397461,87000.0
2007-03-01,107.9000015258789,108.36000061035156,107.8000030517578,108.0199966430664,51.99689865112305,143000.0
2007-03-02,108.23999786376952,108.31999969482422,107.76000213623048,108.31999969482422,52.14132308959961,145600.0
2007-03-05,108.3000030517578,108.30999755859376,108.0,108.16000366210938,52.06426239013672,98100.0
2007-03-06,107.98999786376952,108.0,107.62000274658205,107.75,51.86693954467773,348200.0
2007-03-07,107.95999908447266,108.0199966430664,107.61000061035156,107.8499984741211,51.91510391235352,120300.0
2007-03-08,107.95999908447266,107.98999786376952,107.6999969482422,107.98999786376952,51.98243713378906,123800.0
2007-03-09,107.4499969482422,107.76000213623048,107.36000061035156,107.70999908447266,51.84767532348633,95000.0
2007-03-12,107.6999969482422,108.02999877929688,107.6999969482422,107.94000244140624,51.958404541015625,79100.0
2007-03-13,107.95999908447266,108.20999908447266,107.8000030517578,108.0,51.98729705810547,217500.0
2007-03-14,108.0999984741211,108.0999984741211,107.56999969482422,107.9000015258789,51.93915557861328,144900.0
2007-03-15,108.0,108.0,107.66999816894533,107.91999816894533,51.94877243041992,74000.0
2007-03-16,107.72000122070312,107.9499969482422,107.31999969482422,107.5,51.74656677246094,199800.0
2007-03-19,107.5,107.58000183105467,107.3000030517578,107.3000030517578,51.65032577514648,108800.0
2007-03-20,107.43000030517578,107.66000366210938,107.33000183105467,107.58999633789062,51.7899284362793,100200.0
2007-03-21,107.58000183105467,108.01000213623048,107.20999908447266,107.91000366210938,51.94395065307617,116200.0
2007-03-22,107.72000122070312,107.87000274658205,107.47000122070312,107.61000061035156,51.799560546875,67900.0
2007-03-23,107.76000213623048,107.76000213623048,107.2300033569336,107.33000183105467,51.664737701416016,74500.0
2007-03-26,107.3499984741211,107.8000030517578,107.33000183105467,107.52999877929688,51.76102066040039,69500.0
2007-03-27,107.4000015258789,107.5999984741211,107.33000183105467,107.51000213623048,51.75140380859375,84500.0
2007-03-28,107.54000091552734,107.8000030517578,107.30999755859376,107.44000244140624,51.71772766113281,82500.0
2007-03-29,107.37999725341795,107.45999908447266,107.25,107.30999755859376,51.65516662597656,119400.0
2007-03-30,107.43000030517578,107.44000244140624,107.0199966430664,107.2699966430664,51.63589096069336,127000.0
2007-04-02,106.83000183105467,106.86000061035156,106.68000030517578,106.83999633789062,51.66588973999024,77000.0
2007-04-03,106.79000091552734,106.80999755859376,106.62999725341795,106.77999877929688,51.63683319091797,158900.0
2007-04-04,106.83000183105467,107.01000213623048,106.75,106.87000274658205,51.680397033691406,93600.0
2007-04-05,106.8000030517578,106.88999938964844,106.56999969482422,106.6500015258789,51.57399368286133,129900.0
2007-04-09,106.0199966430664,106.33999633789062,106.0199966430664,106.3000030517578,51.40472030639648,137400.0
2007-04-10,106.5199966430664,106.58999633789062,106.3499984741211,106.5199966430664,51.51110458374024,115800.0
2007-04-11,106.5999984741211,106.68000030517578,106.31999969482422,106.31999969482422,51.41438674926758,103400.0
2007-04-12,106.43000030517578,106.58999633789062,106.33999633789062,106.4800033569336,51.49176788330078,83700.0
2007-04-13,106.55999755859376,106.55999755859376,106.26000213623048,106.3000030517578,51.40472030639648,96400.0
2007-04-16,106.58999633789062,106.58999633789062,106.3000030517578,106.38999938964844,51.44826126098633,180500.0
2007-04-17,106.75,106.9800033569336,106.62999725341795,106.97000122070312,51.728736877441406,101200.0
2007-04-18,107.20999908447266,107.23999786376952,106.81999969482422,107.0,51.74321746826172,127300.0
2007-04-19,107.1500015258789,107.2699966430664,106.98999786376952,107.06999969482422,51.77708435058594,124200.0
2007-04-20,107.18000030517578,107.26000213623048,106.9000015258789,107.04000091552734,51.76262664794922,92500.0
2007-04-23,107.22000122070312,107.38999938964844,107.0,107.3499984741211,51.91250228881836,100600.0
2007-04-24,107.3000030517578,107.6500015258789,107.16999816894533,107.62000274658205,52.04301452636719,105900.0
2007-04-25,107.5999984741211,107.73999786376952,107.41999816894533,107.47000122070312,51.97050857543945,125200.0
2007-04-26,107.4000015258789,107.4499969482422,107.13999938964844,107.23999786376952,51.85930633544922,194500.0
2007-04-27,107.31999969482422,107.3499984741211,107.16000366210938,107.20999908447266,51.84477615356445,235700.0
2007-04-30,107.30999755859376,107.76000213623048,107.30999755859376,107.7300033569336,52.09626007080078,362600.0
2007-05-01,107.12999725341795,107.33000183105467,106.91000366210938,107.19000244140624,52.06713104248047,226900.0
2007-05-02,107.23999786376952,107.25,107.0,107.16000366210938,52.052547454833984,145000.0
2007-05-03,107.0199966430664,107.11000061035156,106.8000030517578,107.01000213623048,51.9796142578125,157200.0
2007-05-04,107.3499984741211,107.3499984741211,107.0999984741211,107.2699966430664,52.1059799194336,100900.0
2007-05-07,107.29000091552734,107.4000015258789,107.20999908447266,107.4000015258789,52.16909790039063,136900.0
2007-05-08,107.5,107.5,107.1999969482422,107.33999633789062,52.13999176025391,134500.0
2007-05-09,107.38999938964844,107.38999938964844,107.08000183105467,107.16999816894533,52.057411193847656,107200.0
2007-05-10,107.22000122070312,107.30999755859376,107.12999725341795,107.22000122070312,52.08167266845703,75900.0
2007-05-11,107.4499969482422,107.48999786376952,107.01000213623048,107.11000061035156,52.02827072143555,87100.0
2007-05-14,107.13999938964844,107.16999816894533,106.87000274658205,107.0,51.974796295166016,121600.0
2007-05-15,107.0,107.13999938964844,106.66999816894533,106.76000213623048,51.85824966430664,174200.0
2007-05-16,106.9499969482422,107.02999877929688,106.6999969482422,107.01000213623048,51.9796142578125,157200.0
2007-05-17,106.8000030517578,106.86000061035156,106.62000274658205,106.69000244140624,51.82421875,126100.0
2007-05-18,106.5,106.66000366210938,106.3000030517578,106.38999938964844,51.678489685058594,147700.0
2007-05-21,106.3000030517578,106.55999755859376,106.23999786376952,106.52999877929688,51.74655532836914,88700.0
2007-05-22,106.5,106.5199966430664,106.12000274658205,106.19000244140624,51.58137130737305,83100.0
2007-05-23,106.3000030517578,106.33000183105467,105.91000366210938,106.08999633789062,51.532752990722656,128200.0
2007-05-24,106.11000061035156,106.22000122070312,105.7699966430664,106.22000122070312,51.595947265625,92800.0
2007-05-25,106.08000183105467,106.37999725341795,105.94000244140624,106.1500015258789,51.56192398071289,104000.0
2007-05-29,106.0999984741211,106.12000274658205,105.79000091552734,105.94000244140624,51.459922790527344,139700.0
2007-05-30,106.13999938964844,106.20999908447266,105.87999725341795,106.0199966430664,51.49877166748047,94700.0
2007-05-31,106.04000091552734,106.04000091552734,105.58999633789062,105.93000030517578,51.45508575439453,130100.0
2007-06-01,105.20999908447266,105.25,104.91999816894533,105.02999877929688,51.25789260864258,105200.0
2007-06-04,104.9499969482422,105.22000122070312,104.91999816894533,105.1999969482422,51.340850830078125,111300.0
2007-06-05,104.95999908447266,105.0,104.76000213623048,104.86000061035156,51.17496109008789,97200.0
2007-06-06,104.9000015258789,105.0199966430664,104.8000030517578,104.9499969482422,51.218868255615234,64800.0
2007-06-07,104.5500030517578,104.5500030517578,103.7300033569336,103.83000183105467,50.67226791381836,179800.0
2007-06-08,103.61000061035156,103.9499969482422,103.3499984741211,103.87999725341795,50.69667053222656,404300.0
2007-06-11,103.77999877929688,103.95999908447266,103.5199966430664,103.55999755859376,50.54051208496094,109700.0
2007-06-12,103.37999725341795,103.4499969482422,102.95999908447266,103.0,50.2672004699707,129400.0
2007-06-13,103.41999816894533,103.62000274658205,103.05999755859376,103.4499969482422,50.48678207397461,249400.0
2007-06-14,103.27999877929688,103.61000061035156,103.1999969482422,103.41999816894533,50.4721565246582,110100.0
2007-06-15,103.5,103.9499969482422,103.47000122070312,103.83000183105467,50.67226791381836,100100.0
2007-06-18,103.68000030517578,103.9499969482422,103.47000122070312,103.81999969482422,50.66739654541016,101100.0
2007-06-19,103.9800033569336,104.48999786376952,103.9000015258789,104.48999786376952,50.99436569213867,121000.0
2007-06-20,104.0999984741211,104.2300033569336,103.86000061035156,103.98999786376952,50.75033950805664,77700.0
2007-06-21,103.70999908447266,104.04000091552734,103.63999938964844,103.72000122070312,50.61856842041016,83200.0
2007-06-22,103.66000366210938,104.01000213623048,103.5,104.0,50.75524139404297,73900.0
2007-06-25,104.3000030517578,104.37999725341795,103.97000122070312,104.12000274658205,50.81380844116211,82500.0
2007-06-26,104.30999755859376,104.3499984741211,103.98999786376952,104.0999984741211,50.80403518676758,68900.0
2007-06-27,104.37999725341795,104.48999786376952,104.06999969482422,104.0999984741211,50.80403518676758,105900.0
2007-06-28,104.12999725341795,104.3000030517578,103.87000274658205,103.98999786376952,50.75033950805664,63100.0
2007-06-29,104.18000030517578,104.75,104.18000030517578,104.58000183105467,51.03832244873047,191400.0
2007-07-02,104.1999969482422,104.1999969482422,103.6999969482422,103.8499984741211,50.91182327270508,3074400.0
2007-07-03,104.27999877929688,104.29000091552734,103.66999816894533,103.87000274658205,50.9216194152832,45900.0
2007-07-05,103.4000015258789,103.6500015258789,103.18000030517578,103.1999969482422,50.59311294555664,83600.0
2007-07-06,103.11000061035156,103.26000213623048,102.81999969482422,103.0,50.49509811401367,83700.0
2007-07-09,103.3000030517578,103.33999633789062,103.02999877929688,103.20999908447266,50.598052978515625,100900.0
2007-07-10,103.88999938964844,104.11000061035156,103.51000213623048,103.91999816894533,50.94613265991211,159600.0
2007-07-11,104.0199966430664,104.06999969482422,103.38999938964844,103.4499969482422,50.71570587158203,86000.0
2007-07-12,103.66999816894533,103.66999816894533,102.9499969482422,103.04000091552734,50.51472854614258,129500.0
2007-07-13,103.3499984741211,103.54000091552734,103.06999969482422,103.48999786376952,50.73533248901367,71800.0
2007-07-16,103.68000030517578,103.83000183105467,103.4000015258789,103.76000213623048,50.86771774291992,90500.0
2007-07-17,103.73999786376952,103.93000030517578,103.37999725341795,103.54000091552734,50.75982284545898,86600.0
2007-07-18,103.56999969482422,104.1500015258789,103.52999877929688,103.83999633789062,50.90686798095703,85900.0
2007-07-19,103.66000366210938,103.88999938964844,103.33999633789062,103.62000274658205,50.79908752441406,170900.0
2007-07-20,104.0999984741211,104.33999633789062,103.86000061035156,103.91000366210938,50.94121551513672,181000.0
2007-07-23,104.06999969482422,104.12999725341795,103.75,103.79000091552734,50.88238906860352,56900.0
2007-07-24,104.1999969482422,104.1999969482422,103.5999984741211,103.66000366210938,50.81865692138672,101600.0
2007-07-25,104.0500030517578,104.0999984741211,103.73999786376952,103.73999786376952,50.85787582397461,239800.0
2007-07-26,104.18000030517578,104.5999984741211,103.5199966430664,103.5199966430664,50.750030517578125,104600.0
2007-07-27,103.98999786376952,104.3000030517578,103.0,103.13999938964844,50.56373596191406,91400.0
2007-07-30,103.7300033569336,103.83999633789062,102.8499984741211,103.3000030517578,50.64220428466797,138300.0
2007-07-31,103.4000015258789,103.87000274658205,103.25,103.25,50.61766052246094,152700.0
2007-08-01,103.5500030517578,103.75,102.91999816894533,103.08999633789062,50.78119659423828,77200.0
2007-08-02,103.22000122070312,103.52999877929688,102.88999938964844,102.9499969482422,50.71228790283203,117400.0
2007-08-03,103.36000061035156,103.91999816894533,103.1999969482422,103.45999908447266,50.96348190307617,109200.0
2007-08-06,103.80999755859376,104.0,103.04000091552734,103.0999984741211,50.78614044189453,99100.0
2007-08-07,103.62000274658205,103.69000244140624,103.0999984741211,103.37999725341795,50.92404556274414,100500.0
2007-08-08,102.76000213623048,103.76000213623048,102.76000213623048,103.48999786376952,50.97824096679688,92500.0
2007-08-09,103.68000030517578,103.7699966430664,103.0999984741211,103.4000015258789,50.93392181396485,69300.0
2007-08-10,103.5,104.44000244140624,102.73999786376952,102.94000244140624,50.70737838745117,142700.0
2007-08-13,103.1500015258789,103.72000122070312,103.01000213623048,103.3000030517578,50.884647369384766,155100.0
2007-08-14,103.52999877929688,104.0,103.26000213623048,103.9499969482422,51.20486068725586,115800.0
2007-08-15,103.95999908447266,103.97000122070312,103.43000030517578,103.66999816894533,51.06687927246094,125700.0
2007-08-16,103.79000091552734,104.0199966430664,102.58999633789062,102.66000366210938,50.56939697265625,438800.0
2007-08-17,102.80999755859376,103.38999938964844,102.5999984741211,102.83999633789062,50.65806579589844,234100.0
2007-08-20,102.86000061035156,103.70999908447266,102.86000061035156,103.58000183105467,51.02256393432617,129100.0
2007-08-21,103.5999984741211,103.91000366210938,103.47000122070312,103.79000091552734,51.12603378295898,104000.0
2007-08-22,103.79000091552734,104.0999984741211,103.55999755859376,104.0,51.2294807434082,102600.0
2007-08-23,103.93000030517578,104.25,103.66999816894533,104.0500030517578,51.25407409667969,88600.0
2007-08-24,104.36000061035156,104.36000061035156,103.7699966430664,104.27999877929688,51.36740493774414,231600.0
2007-08-27,104.4499969482422,104.55999755859376,104.0,104.0,51.2294807434082,82200.0
2007-08-28,104.45999908447266,104.88999938964844,104.20999908447266,104.88999938964844,51.66788101196289,145100.0
2007-08-29,105.1500015258789,105.1500015258789,104.41000366210938,104.41000366210938,51.43141174316406,63100.0
2007-08-30,104.6999969482422,104.8000030517578,104.43000030517578,104.72000122070312,51.5841064453125,155200.0
2007-08-31,104.3000030517578,105.31999969482422,103.88999938964844,105.20999908447266,51.82549285888672,290200.0
2007-09-04,104.58999633789062,104.5999984741211,104.16999816894533,104.48999786376952,51.71068572998047,148500.0
2007-09-05,104.5500030517578,104.91999816894533,104.05999755859376,104.9000015258789,51.913551330566406,69600.0
2007-09-06,104.81999969482422,104.83000183105467,104.4800033569336,104.66000366210938,51.79478454589844,106600.0
2007-09-07,104.61000061035156,105.30999755859376,104.61000061035156,105.2300033569336,52.076904296875,102300.0
2007-09-10,105.0999984741211,105.66999816894533,104.9000015258789,105.54000091552734,52.23030471801758,118800.0
2007-09-11,105.0999984741211,105.43000030517578,104.91999816894533,104.93000030517578,51.928443908691406,98500.0
2007-09-12,104.88999938964844,104.97000122070312,104.4800033569336,104.5,51.71565628051758,94800.0
2007-09-13,104.52999877929688,104.58999633789062,104.1999969482422,104.3499984741211,51.64142227172852,134300.0
2007-09-14,104.62999725341795,104.86000061035156,104.20999908447266,104.63999938964844,51.78492736816406,83300.0
2007-09-17,104.0,104.63999938964844,104.0,104.5999984741211,51.76512145996094,70700.0
2007-09-18,104.5,104.95999908447266,104.0999984741211,104.8499984741211,51.888816833496094,78200.0
2007-09-19,104.43000030517578,104.72000122070312,104.11000061035156,104.2699966430664,51.60177993774414,141100.0
2007-09-20,103.9000015258789,104.68000030517578,103.8000030517578,104.08000183105467,51.507789611816406,113700.0
2007-09-21,104.25,104.80999755859376,104.0999984741211,104.56999969482422,51.750244140625,103300.0
2007-09-24,104.83999633789062,105.08999633789062,104.31999969482422,105.08999633789062,52.007606506347656,64100.0
2007-09-25,104.94000244140624,105.33999633789062,104.91000366210938,105.02999877929688,51.97791290283203,78400.0
2007-09-26,105.37999725341795,105.4000015258789,104.76000213623048,105.29000091552734,52.10658264160156,111700.0
2007-09-27,105.29000091552734,105.6500015258789,104.83999633789062,105.55999755859376,52.240230560302734,65600.0
2007-09-28,105.83000183105467,105.8499984741211,105.1999969482422,105.48999786376952,52.205562591552734,95800.0
2007-10-01,105.81999969482422,105.81999969482422,104.2699966430664,104.33000183105467,51.86899948120117,1038900.0
2007-10-02,104.06999969482422,104.6500015258789,104.06999969482422,104.2300033569336,51.81926727294922,187300.0
2007-10-03,104.66999816894533,104.81999969482422,104.23999786376952,104.6999969482422,52.05295944213867,253900.0
2007-10-04,104.80999755859376,105.52999877929688,104.80999755859376,105.52999877929688,52.46558380126953,768400.0
2007-10-05,104.91000366210938,105.2699966430664,104.61000061035156,105.0999984741211,52.25180816650391,75200.0
2007-10-08,104.51000213623048,105.5199966430664,104.51000213623048,105.47000122070312,52.43574142456055,78100.0
2007-10-09,105.1999969482422,105.4499969482422,104.95999908447266,105.01000213623048,52.20705032348633,70200.0
2007-10-10,105.22000122070312,105.5199966430664,104.94000244140624,105.37999725341795,52.391021728515625,69200.0
2007-10-11,105.26000213623048,105.62999725341795,104.93000030517578,105.5999984741211,52.500396728515625,138700.0
2007-10-12,105.51000213623048,105.51000213623048,104.7699966430664,105.0199966430664,52.21200180053711,149400.0
2007-10-15,105.31999969482422,105.3499984741211,104.9000015258789,105.3499984741211,52.3761100769043,101700.0
2007-10-16,105.41999816894533,105.61000061035156,105.11000061035156,105.52999877929688,52.46558380126953,123700.0
2007-10-17,105.75,106.23999786376952,105.33999633789062,106.02999877929688,52.71416473388672,65900.0
2007-10-18,106.23999786376952,106.25,105.86000061035156,106.04000091552734,52.71913528442383,96800.0
2007-10-19,106.3000030517578,106.7300033569336,105.88999938964844,106.7300033569336,53.06221008300781,97700.0
2007-10-22,106.33999633789062,106.7300033569336,106.33999633789062,106.7300033569336,53.06221008300781,73100.0
2007-10-23,106.20999908447266,106.6500015258789,106.05999755859376,106.0999984741211,52.74897766113281,157500.0
2007-10-24,106.63999938964844,107.0,106.43000030517578,106.75,53.072147369384766,114900.0
2007-10-25,106.91000366210938,106.91000366210938,106.5,106.5,52.94783401489258,51400.0
2007-10-26,106.3499984741211,106.7699966430664,106.1500015258789,106.33000183105467,52.86334609985352,73500.0
2007-10-29,106.0500030517578,106.5999984741211,106.0500030517578,106.58000183105467,52.98760223388672,84200.0
2007-10-30,106.5199966430664,106.58999633789062,106.23999786376952,106.56999969482422,52.9826545715332,55400.0
2007-10-31,106.38999938964844,106.68000030517578,105.87999725341795,106.0199966430664,52.70918273925781,101100.0
2007-11-01,105.3000030517578,106.3499984741211,105.3000030517578,106.3499984741211,53.11174774169922,70300.0
2007-11-02,105.9000015258789,106.45999908447266,105.61000061035156,105.69000244140624,52.7821044921875,132300.0
2007-11-05,106.2300033569336,106.2300033569336,105.8499984741211,105.9499969482422,52.91196823120117,60300.0
2007-11-06,105.41000366210938,105.77999877929688,105.3000030517578,105.3000030517578,52.58737182617188,82700.0
2007-11-07,105.54000091552734,105.6500015258789,105.16000366210938,105.2300033569336,52.55240249633789,93000.0
2007-11-08,105.5500030517578,105.5999984741211,105.20999908447266,105.4000015258789,52.637325286865234,174600.0
2007-11-09,105.6999969482422,105.9000015258789,105.30999755859376,105.87000274658205,52.87198638916016,42700.0
2007-11-12,104.87000274658205,105.83999633789062,104.87000274658205,105.83000183105467,52.8520393371582,89900.0
2007-11-13,105.76000213623048,105.76000213623048,105.0199966430664,105.3000030517578,52.58737182617188,112500.0
2007-11-14,105.22000122070312,105.36000061035156,104.8499984741211,104.8499984741211,52.36259841918945,102700.0
2007-11-15,105.2699966430664,105.4800033569336,105.01000213623048,105.25,52.562408447265625,88900.0
2007-11-16,105.12000274658205,105.56999969482422,105.12000274658205,105.26000213623048,52.5674057006836,72100.0
2007-11-19,105.5500030517578,106.2300033569336,105.3000030517578,106.06999969482422,52.97187423706055,73000.0
2007-11-20,105.87999725341795,105.9000015258789,105.4000015258789,105.4000015258789,52.637325286865234,77800.0
2007-11-21,105.98999786376952,106.3000030517578,105.79000091552734,106.13999938964844,53.0068359375,269500.0
2007-11-23,105.88999938964844,106.02999877929688,105.61000061035156,105.61000061035156,52.742149353027344,49800.0
2007-11-26,106.05999755859376,107.48999786376952,105.75,107.36000061035156,53.61609649658203,142400.0
2007-11-27,105.93000030517578,106.75,105.93000030517578,106.44000244140624,53.156646728515625,280100.0
2007-11-28,106.0500030517578,106.8000030517578,105.66999816894533,105.6999969482422,52.7870979309082,152400.0
2007-11-29,106.47000122070312,106.75,105.9800033569336,106.0999984741211,52.98688888549805,134400.0
2007-11-30,105.5500030517578,106.62000274658205,105.22000122070312,106.62000274658205,53.24658584594727,1046100.0
2007-12-03,107.25,107.25,105.98999786376952,106.1999969482422,53.265113830566406,97900.0
2007-12-04,106.12000274658205,106.79000091552734,105.86000061035156,106.25,53.29017639160156,72800.0
2007-12-05,105.45999908447266,106.0,105.45999908447266,105.8499984741211,53.089576721191406,143900.0
2007-12-06,105.62000274658205,105.62000274658205,105.0500030517578,105.06999969482422,52.69832992553711,88500.0
2007-12-07,105.08000183105467,105.08000183105467,104.12999725341795,104.16999816894533,52.24697113037109,106800.0
2007-12-10,104.4800033569336,104.55999755859376,103.91999816894533,104.23999786376952,52.282073974609375,118000.0
2007-12-11,104.6500015258789,105.5999984741211,104.0500030517578,105.25,52.78865432739258,101100.0
2007-12-12,103.61000061035156,105.20999908447266,103.61000061035156,104.91999816894533,52.62311172485352,125700.0
2007-12-13,104.12999725341795,104.72000122070312,104.01000213623048,104.31999969482422,52.32218933105469,126700.0
2007-12-14,103.86000061035156,104.23999786376952,103.13999938964844,103.13999938964844,51.73040390014648,328500.0
2007-12-17,103.66999816894533,104.3000030517578,103.66999816894533,104.13999938964844,52.23191452026367,112400.0
2007-12-18,104.73999786376952,104.9000015258789,104.18000030517578,104.45999908447266,52.392425537109375,119100.0
2007-12-19,105.33999633789062,105.52999877929688,104.45999908447266,105.27999877929688,52.80369567871094,131400.0
2007-12-20,105.30999755859376,105.58999633789062,104.7699966430664,104.7699966430664,52.54786682128906,162800.0
2007-12-21,105.30999755859376,105.30999755859376,104.44000244140624,104.66000366210938,52.49269104003906,123200.0
2007-12-24,104.5,104.58999633789062,104.12000274658205,104.12999725341795,52.2269172668457,61700.0
2007-12-26,104.25,104.66000366210938,104.02999877929688,104.16000366210938,52.2419548034668,78900.0
2007-12-27,104.47000122070312,104.47000122070312,103.72000122070312,104.30999755859376,52.55179214477539,139400.0
2007-12-28,104.52999877929688,105.41999816894533,104.52999877929688,104.63999938964844,52.71803283691406,177600.0
2007-12-31,105.0,105.55999755859376,104.8000030517578,104.83999633789062,52.81878662109375,93900.0
2008-01-02,105.61000061035156,106.22000122070312,105.05999755859376,106.08000183105467,53.44353103637695,728300.0
2008-01-03,105.36000061035156,106.04000091552734,105.36000061035156,105.7300033569336,53.26717758178711,151300.0
2008-01-04,106.29000091552734,106.61000061035156,106.0500030517578,106.5999984741211,53.70550155639648,135900.0
2008-01-07,106.5500030517578,106.70999908447266,106.25,106.47000122070312,53.63996124267578,148300.0
2008-01-08,106.54000091552734,106.61000061035156,105.98999786376952,106.2699966430664,53.539207458496094,127100.0
2008-01-09,105.88999938964844,106.5,105.86000061035156,106.0500030517578,53.42843246459961,146200.0
2008-01-10,106.05999755859376,106.16999816894533,105.58999633789062,105.73999786376952,53.27222442626953,388300.0
2008-01-11,105.75,106.54000091552734,105.75,106.51000213623048,53.660133361816406,98800.0
2008-01-14,106.11000061035156,106.55999755859376,104.9800033569336,106.06999969482422,53.43846130371094,335000.0
2008-01-15,106.41000366210938,106.79000091552734,106.06999969482422,106.63999938964844,53.72562026977539,159800.0
2008-01-16,106.62000274658205,107.0999984741211,106.11000061035156,106.4800033569336,53.64504623413086,173400.0
2008-01-17,106.20999908447266,106.9800033569336,106.05999755859376,106.9800033569336,53.8969612121582,152700.0
2008-01-18,106.2300033569336,107.68000030517578,106.2300033569336,106.8000030517578,53.806251525878906,195800.0
2008-01-22,106.9800033569336,107.2699966430664,106.16000366210938,107.02999877929688,53.92211532592773,267100.0
2008-01-23,107.81999969482422,108.26000213623048,106.77999877929688,107.16999816894533,53.992652893066406,440200.0
2008-01-24,106.97000122070312,107.0,106.26000213623048,106.26000213623048,53.53421401977539,244400.0
2008-01-25,105.91000366210938,107.5,105.83000183105467,107.41000366210938,54.11357498168945,159700.0
2008-01-28,107.26000213623048,107.6500015258789,106.5500030517578,107.37999725341795,54.09846115112305,272100.0
2008-01-29,107.33999633789062,107.33999633789062,106.75,107.1999969482422,54.00778198242188,152000.0
2008-01-30,106.62000274658205,107.26000213623048,106.62000274658205,107.18000030517578,53.99768829345703,147200.0
2008-01-31,107.4000015258789,107.5999984741211,106.94000244140624,107.52999877929688,54.174049377441406,162900.0
2008-02-01,107.66999816894533,107.68000030517578,107.0,107.48999786376952,54.40380859375,188500.0
2008-02-04,107.13999938964844,107.3499984741211,107.0,107.1999969482422,54.25705337524414,155800.0
2008-02-05,107.88999938964844,107.88999938964844,107.2300033569336,107.56999969482422,54.44433975219727,212400.0
2008-02-06,107.4499969482422,107.4800033569336,106.80999755859376,106.98999786376952,54.15075302124024,215000.0
2008-02-07,107.0,107.05999755859376,105.5,105.76000213623048,53.5281982421875,206400.0
2008-02-08,106.25,106.37999725341795,105.81999969482422,106.16000366210938,53.73066329956055,210000.0
2008-02-11,106.6500015258789,106.97000122070312,106.08999633789062,106.4800033569336,53.89262771606445,146100.0
2008-02-12,106.45999908447266,106.45999908447266,105.7300033569336,106.33000183105467,53.81673049926758,270400.0
2008-02-13,105.9800033569336,106.20999908447266,105.25,105.26000213623048,53.27512741088867,200500.0
2008-02-14,105.51000213623048,105.62000274658205,104.73999786376952,105.02999877929688,53.15873336791992,172700.0
2008-02-15,105.55999755859376,105.55999755859376,104.98999786376952,105.37000274658205,53.33082962036133,179400.0
2008-02-19,104.87999725341795,105.20999908447266,104.1999969482422,104.33000183105467,52.8044319152832,220800.0
2008-02-20,104.31999969482422,104.61000061035156,104.0,104.55999755859376,52.92083358764648,151000.0
2008-02-21,104.83999633789062,105.37000274658205,104.5999984741211,105.27999877929688,53.28527069091797,264600.0
2008-02-22,105.2300033569336,105.38999938964844,104.4800033569336,104.87000274658205,53.0777473449707,276800.0
2008-02-25,104.8499984741211,104.91999816894533,104.1999969482422,104.1999969482422,52.738616943359375,194200.0
2008-02-26,104.58000183105467,104.9499969482422,104.1999969482422,104.9499969482422,53.118202209472656,235600.0
2008-02-27,104.98999786376952,105.2300033569336,104.31999969482422,104.8499984741211,53.06762313842773,286900.0
2008-02-28,105.3499984741211,105.68000030517578,105.01000213623048,105.61000061035156,53.45227813720703,214400.0
2008-02-29,106.0,106.27999877929688,105.51000213623048,106.27999877929688,53.7913818359375,211800.0
2008-03-03,106.1999969482422,106.37000274658205,105.30999755859376,105.83000183105467,53.79037857055664,571400.0
2008-03-04,105.83000183105467,106.0199966430664,104.86000061035156,105.20999908447266,53.475242614746094,335900.0
2008-03-05,105.08000183105467,105.08000183105467,104.20999908447266,104.47000122070312,53.09912109375,391400.0
2008-03-06,104.63999938964844,104.86000061035156,104.19000244140624,104.33000183105467,53.027957916259766,151600.0
2008-03-07,104.08000183105467,104.83999633789062,103.68000030517578,104.11000061035156,52.91616439819336,317200.0
2008-03-10,104.51000213623048,104.51000213623048,103.72000122070312,104.08999633789062,52.90600204467773,139400.0
2008-03-11,104.0,104.0,102.9000015258789,102.9000015258789,52.30117416381836,149700.0
2008-03-12,103.33999633789062,104.25,102.7699966430664,104.13999938964844,52.931427001953125,523400.0
2008-03-13,104.08000183105467,104.08000183105467,102.8000030517578,103.01000213623048,52.357032775878906,402100.0
2008-03-14,103.54000091552734,103.88999938964844,102.70999908447266,102.9499969482422,52.32659149169922,96200.0
2008-03-17,104.0,105.0,103.4800033569336,103.79000091552734,52.75349426269531,175400.0
2008-03-18,103.5,104.13999938964844,103.04000091552734,103.5999984741211,52.65694427490234,103700.0
2008-03-19,104.12000274658205,104.44000244140624,103.87000274658205,104.0500030517578,52.88563919067383,187400.0
2008-03-20,104.1999969482422,104.75,103.98999786376952,104.5999984741211,53.16519927978516,118100.0
2008-03-24,104.51000213623048,105.0,104.0,104.4000015258789,53.06354141235352,107100.0
2008-03-25,104.0999984741211,104.9800033569336,104.0999984741211,104.87000274658205,53.30242538452149,95300.0
2008-03-26,104.8000030517578,105.16999816894533,104.62999725341795,105.0,53.36851501464844,140500.0
2008-03-27,104.52999877929688,104.79000091552734,104.05999755859376,104.36000061035156,53.04317474365234,126900.0
2008-03-28,104.58000183105467,105.0500030517578,104.08000183105467,104.91999816894533,53.32787322998047,119900.0
2008-03-31,105.25,105.6999969482422,105.0,105.1999969482422,53.47015380859375,435100.0
2008-04-01,105.19000244140624,105.19000244140624,104.02999877929688,104.5199966430664,53.38484191894531,395100.0
2008-04-02,105.12000274658205,105.12000274658205,104.5,104.6999969482422,53.4767951965332,261400.0
2008-04-03,104.95999908447266,104.9800033569336,104.5,104.75,53.50234603881836,143700.0
2008-04-04,105.73999786376952,106.02999877929688,105.30999755859376,106.0199966430664,54.1509895324707,308700.0
2008-04-07,105.8499984741211,106.2300033569336,105.4000015258789,106.13999938964844,54.212310791015625,302900.0
2008-04-08,106.33999633789062,106.3499984741211,105.26000213623048,105.76000213623048,54.0181999206543,168100.0
2008-04-09,105.87000274658205,106.13999938964844,105.38999938964844,105.4499969482422,53.85988235473633,150000.0
2008-04-10,105.54000091552734,105.63999938964844,105.04000091552734,105.5500030517578,53.91097640991211,126600.0
2008-04-11,105.81999969482422,106.0500030517578,105.23999786376952,105.6500015258789,53.962059020996094,176800.0
2008-04-14,105.73999786376952,105.73999786376952,104.9000015258789,105.0,53.63005065917969,115500.0
2008-04-15,104.9800033569336,105.08999633789062,104.47000122070312,104.77999877929688,53.51766204833984,90200.0
2008-04-16,104.83999633789062,104.9499969482422,104.05999755859376,104.18000030517578,53.21119689941406,111400.0
2008-04-17,104.56999969482422,104.5999984741211,103.83000183105467,104.4499969482422,53.34912109375,139800.0
2008-04-18,104.33000183105467,104.91999816894533,103.79000091552734,104.91000366210938,53.58404922485352,118200.0
2008-04-21,104.83999633789062,105.02999877929688,104.33000183105467,104.56999969482422,53.41039276123047,164600.0
2008-04-22,104.4000015258789,104.9499969482422,104.33999633789062,104.33999633789062,53.29290771484375,298500.0
2008-04-23,104.79000091552734,105.0500030517578,104.5199966430664,104.66000366210938,53.456356048583984,455600.0
2008-04-24,104.68000030517578,104.91000366210938,104.16999816894533,104.5199966430664,53.38484191894531,238600.0
2008-04-25,104.5999984741211,104.70999908447266,104.2300033569336,104.56999969482422,53.41039276123047,120100.0
2008-04-28,104.6500015258789,105.06999969482422,104.56999969482422,105.06999969482422,53.665771484375,178400.0
2008-04-29,105.3499984741211,105.73999786376952,105.0500030517578,105.4000015258789,53.83435821533203,226700.0
2008-04-30,105.54000091552734,105.98999786376952,105.23999786376952,105.98999786376952,54.13567352294922,196500.0
2008-05-01,106.25,106.29000091552734,105.8000030517578,106.1500015258789,54.45527648925781,221300.0
2008-05-02,105.0,106.5199966430664,105.0,105.52999877929688,54.13726806640625,236900.0
2008-05-05,105.5999984741211,105.98999786376952,105.51000213623048,105.68000030517578,54.21418380737305,129900.0
2008-05-06,106.0,106.0199966430664,105.0,105.0,53.865360260009766,143500.0
2008-05-07,105.25,105.37999725341795,104.54000091552734,105.27999877929688,54.00900268554688,401700.0
2008-05-08,105.5199966430664,105.83000183105467,105.26000213623048,105.75,54.25004959106445,139700.0
2008-05-09,105.91000366210938,105.9800033569336,105.54000091552734,105.75,54.25004959106445,225400.0
2008-05-12,106.37999725341795,106.37999725341795,105.58999633789062,105.6500015258789,54.198822021484375,205100.0
2008-05-13,105.3000030517578,105.5,104.93000030517578,105.0500030517578,53.89102554321289,276300.0
2008-05-14,105.29000091552734,105.3499984741211,104.70999908447266,105.11000061035156,53.92176055908203,324000.0
2008-05-15,105.13999938964844,105.80999755859376,105.05999755859376,105.80999755859376,54.28083038330078,243800.0
2008-05-16,105.5199966430664,106.23999786376952,105.44000244140624,105.66999816894533,54.20906448364258,155300.0
2008-05-19,105.91999816894533,106.0,105.4499969482422,105.69000244140624,54.21931076049805,206100.0
2008-05-20,105.91999816894533,106.0199966430664,105.5199966430664,105.7300033569336,54.23983001708984,159600.0
2008-05-21,105.55999755859376,105.75,105.13999938964844,105.2699966430664,54.00385665893555,184600.0
2008-05-22,104.87000274658205,105.0,103.77999877929688,104.11000061035156,53.40877914428711,219600.0
2008-05-23,104.36000061035156,104.62000274658205,104.08000183105467,104.58999633789062,53.65499877929688,129500.0
2008-05-27,104.31999969482422,104.5,103.87000274658205,103.95999908447266,53.33181381225586,150300.0
2008-05-28,103.7699966430664,103.87000274658205,103.2300033569336,103.29000091552734,52.98814010620117,151200.0
2008-05-29,103.16000366210938,103.16000366210938,102.66999816894533,102.79000091552734,52.73160934448242,159000.0
2008-05-30,103.2699966430664,103.38999938964844,103.02999877929688,103.1999969482422,52.94191360473633,171900.0
2008-06-02,102.52999877929688,103.51000213623048,102.29000091552734,103.08000183105467,53.12385177612305,151900.0
2008-06-03,103.44000244140624,103.5999984741211,102.5999984741211,103.4800033569336,53.329986572265625,149300.0
2008-06-04,103.83999633789062,103.83999633789062,103.01000213623048,103.16000366210938,53.16508865356445,127600.0
2008-06-05,102.75,103.01000213623048,102.5999984741211,102.61000061035156,52.881649017333984,118700.0
2008-06-06,103.02999877929688,103.61000061035156,103.02999877929688,103.12000274658205,53.14447021484375,118900.0
2008-06-09,103.13999938964844,103.38999938964844,102.72000122070312,103.02999877929688,53.09807586669922,124200.0
2008-06-10,103.0,103.16000366210938,102.25,102.44000244140624,52.7940559387207,135900.0
2008-06-11,102.48999786376952,102.83999633789062,101.91999816894533,102.4000015258789,52.77340698242188,230800.0
2008-06-12,101.56999969482422,102.1999969482422,101.5199966430664,101.52999877929688,52.32505035400391,189800.0
2008-06-13,101.75,102.0,100.91000366210938,101.0,52.05192565917969,215900.0
2008-06-16,101.6500015258789,101.6500015258789,101.06999969482422,101.36000061035156,52.23744583129883,123500.0
2008-06-17,101.8499984741211,101.9499969482422,101.47000122070312,101.69000244140624,52.407527923583984,271500.0
2008-06-18,102.02999877929688,102.25,101.7699966430664,102.1999969482422,52.67031478881836,300100.0
2008-06-19,101.93000030517578,102.11000061035156,101.38999938964844,101.66999816894533,52.39718246459961,98000.0
2008-06-20,101.9000015258789,102.06999969482422,101.5,101.7300033569336,52.42813491821289,74000.0
2008-06-23,101.68000030517578,102.0199966430664,101.41999816894533,101.69000244140624,52.407527923583984,128800.0
2008-06-24,101.81999969482422,102.02999877929688,101.45999908447266,101.62999725341795,52.37657928466797,153200.0
2008-06-25,101.81999969482422,102.11000061035156,100.91000366210938,101.70999908447266,52.41783142089844,228400.0
2008-06-26,102.44000244140624,102.5,101.68000030517578,101.79000091552734,52.459014892578125,342300.0
2008-06-27,101.94000244140624,102.01000213623048,101.47000122070312,101.69000244140624,52.407527923583984,203700.0
2008-06-30,101.97000122070312,102.04000091552734,101.4000015258789,101.4000015258789,52.25801849365234,97700.0
2008-07-01,101.63999938964844,101.7300033569336,100.83999633789062,100.91999816894533,52.23424911499024,308700.0
2008-07-02,101.1500015258789,101.37999725341795,100.72000122070312,100.8499984741211,52.19798278808594,212300.0
2008-07-03,100.9499969482422,101.0999984741211,100.61000061035156,100.72000122070312,52.13072967529297,49900.0
2008-07-07,101.36000061035156,101.37000274658205,100.5999984741211,101.19000244140624,52.373985290527344,367800.0
2008-07-08,100.8499984741211,101.76000213623048,100.77999877929688,101.73999786376952,52.65864562988281,352100.0
2008-07-09,101.7699966430664,102.06999969482422,101.2300033569336,101.80999755859376,52.69486618041992,135300.0
2008-07-10,101.37000274658205,101.9000015258789,100.9000015258789,101.2300033569336,52.39470291137695,275700.0
2008-07-11,101.52999877929688,101.52999877929688,100.36000061035156,100.4499969482422,51.9909782409668,159400.0
2008-07-14,101.4000015258789,101.4499969482422,100.36000061035156,100.5,52.01685333251953,207300.0
2008-07-15,100.0999984741211,100.9499969482422,100.0999984741211,100.4800033569336,52.00651931762695,145800.0
2008-07-16,100.5,100.5999984741211,99.5,99.69000244140624,51.59761047363281,264100.0
2008-07-17,100.16000366210938,100.16000366210938,98.91000366210938,99.3499984741211,51.42162704467773,195900.0
2008-07-18,98.91000366210938,99.8000030517578,98.91000366210938,99.16999816894533,51.32845687866211,175200.0
2008-07-21,99.05999755859376,99.87999725341795,99.0199966430664,99.27999877929688,51.38539505004883,217000.0
2008-07-22,99.33999633789062,100.0500030517578,99.33999633789062,99.91999816894533,51.71667098999024,713000.0
2008-07-23,99.7699966430664,99.9499969482422,99.26000213623048,99.56999969482422,51.53548431396485,232300.0
2008-07-24,99.9000015258789,100.47000122070312,99.66999816894533,100.4499969482422,51.9909782409668,92000.0
2008-07-25,100.04000091552734,100.22000122070312,99.6999969482422,99.91999816894533,51.71667098999024,148000.0
2008-07-28,100.08999633789062,100.73999786376952,100.08999633789062,100.5,52.01685333251953,264700.0
2008-07-29,100.27999877929688,100.33999633789062,99.9499969482422,100.25,51.88747787475586,135000.0
2008-07-30,100.3000030517578,100.80999755859376,100.02999877929688,100.7300033569336,52.13589859008789,293100.0
2008-07-31,100.5500030517578,101.36000061035156,100.5500030517578,101.36000061035156,52.46199417114258,1078000.0
2008-08-01,100.88999938964844,101.0999984741211,100.11000061035156,100.52999877929688,52.272705078125,109800.0
2008-08-04,100.5,100.73999786376952,100.12999725341795,100.54000091552734,52.277931213378906,244200.0
2008-08-05,100.11000061035156,100.45999908447266,100.0999984741211,100.0999984741211,52.04912185668945,113300.0
2008-08-06,100.4000015258789,100.4000015258789,100.02999877929688,100.25,52.12714385986328,280700.0
2008-08-07,100.33000183105467,101.13999938964844,100.22000122070312,101.08000183105467,52.55869674682617,169800.0
2008-08-08,101.05999755859376,101.1999969482422,100.7300033569336,101.18000030517578,52.61067199707031,356000.0
2008-08-11,101.44000244140624,101.44000244140624,100.29000091552734,100.72000122070312,52.37151718139648,170000.0
2008-08-12,101.12000274658205,101.33000183105467,100.75,101.33000183105467,52.68869018554688,188800.0
2008-08-13,101.0500030517578,101.3000030517578,100.5,100.8000030517578,52.4130973815918,141400.0
2008-08-14,101.1500015258789,101.27999877929688,100.55999755859376,101.08999633789062,52.5638542175293,219100.0
2008-08-15,101.33000183105467,101.4000015258789,100.91999816894533,101.31999969482422,52.68346786499024,116600.0
2008-08-18,101.0,101.36000061035156,101.0,101.36000061035156,52.70429229736328,107900.0
2008-08-19,101.41000366210938,101.41000366210938,101.0,101.1999969482422,52.62104797363281,160300.0
2008-08-20,100.80999755859376,101.27999877929688,100.62000274658205,101.20999908447266,52.626312255859375,509200.0
2008-08-21,101.30999755859376,101.30999755859376,100.52999877929688,100.61000061035156,52.31429290771485,234600.0
2008-08-22,101.1500015258789,101.1500015258789,100.08000183105467,100.6500015258789,52.33512115478516,187300.0
2008-08-25,101.31999969482422,101.37000274658205,101.04000091552734,101.3000030517578,52.6731071472168,101700.0
2008-08-26,101.22000122070312,101.51000213623048,100.91000366210938,101.41999816894533,52.73549270629883,727400.0
2008-08-27,100.87000274658205,101.30999755859376,100.72000122070312,101.26000213623048,52.65229415893555,164600.0
2008-08-28,101.27999877929688,101.27999877929688,100.83999633789062,101.23999786376952,52.64186096191406,143900.0
2008-08-29,101.56999969482422,101.56999969482422,100.06999969482422,101.04000091552734,52.53790664672852,535000.0
2008-09-02,100.88999938964844,101.26000213623048,100.33999633789062,100.9800033569336,52.745243072509766,134200.0
2008-09-03,101.18000030517578,101.37000274658205,100.9000015258789,101.18000030517578,52.84971618652344,225200.0
2008-09-04,101.01000213623048,101.37999725341795,100.7300033569336,101.20999908447266,52.865421295166016,333900.0
2008-09-05,101.52999877929688,101.69000244140624,101.01000213623048,101.11000061035156,52.81318664550781,119600.0
2008-09-08,101.22000122070312,101.66000366210938,100.81999969482422,101.27999877929688,52.90193939208984,356400.0
2008-09-09,101.3499984741211,101.83999633789062,101.05999755859376,101.62999725341795,53.08477020263672,263600.0
2008-09-10,100.81999969482422,101.91999816894533,100.80999755859376,101.58999633789062,53.06386947631836,834400.0
2008-09-11,100.47000122070312,101.18000030517578,100.44000244140624,100.8000030517578,52.6512565612793,438100.0
2008-09-12,100.43000030517578,100.52999877929688,99.72000122070312,100.02999877929688,52.24905776977539,226600.0
2008-09-15,100.08999633789062,100.08999633789062,98.05999755859376,99.29000091552734,51.86254119873047,227400.0
2008-09-16,97.7300033569336,98.93000030517578,90.88999938964844,92.98999786376952,48.571773529052734,2894600.0
2008-09-17,93.13999938964844,93.7300033569336,85.04000091552734,88.7300033569336,46.34669494628906,993700.0
2008-09-18,89.33999633789062,92.93000030517578,87.0,89.94000244140625,46.97871398925781,800200.0
2008-09-19,92.55999755859376,93.48999786376952,91.75,92.75,48.44644546508789,818900.0
2008-09-22,93.93000030517578,94.16000366210938,92.01000213623048,93.3000030517578,48.73371887207031,862000.0
2008-09-23,93.63999938964844,93.9499969482422,92.19000244140624,92.33999633789062,48.23231506347656,311900.0
2008-09-24,93.63999938964844,93.63999938964844,91.7300033569336,92.0999984741211,48.10693359375,207800.0
2008-09-25,91.87999725341795,92.69000244140624,91.75,92.5,48.31584167480469,365500.0
2008-09-26,91.6999969482422,92.0,87.25,90.0,47.010032653808594,513400.0
2008-09-29,88.5,89.48999786376953,80.0,81.80000305175781,42.7269172668457,787300.0
2008-09-30,85.9000015258789,89.79000091552734,85.0999984741211,89.79000091552734,46.90034866333008,905100.0
2008-10-01,88.68000030517578,90.3000030517578,87.52999877929688,90.20999908447266,47.333194732666016,639700.0
2008-10-02,88.30000305175781,89.70999908447266,88.0,88.9000015258789,46.64586639404297,340400.0
2008-10-03,90.1500015258789,90.1500015258789,88.11000061035156,88.86000061035156,46.62487411499024,273400.0
2008-10-06,88.5999984741211,88.9000015258789,84.44999694824219,87.83000183105469,46.08442306518555,380800.0
2008-10-07,88.0,91.36000061035156,88.0,89.47000122070312,46.94495391845703,581200.0
2008-10-08,87.4800033569336,89.9800033569336,86.30000305175781,88.83000183105469,46.609130859375,524800.0
2008-10-09,89.9000015258789,89.9000015258789,84.75,86.45999908447266,45.3656120300293,353900.0
2008-10-10,80.0,87.0,76.05000305175781,81.69999694824219,42.86800384521485,905400.0
2008-10-13,79.56999969482422,87.19999694824219,79.56999969482422,86.19999694824219,45.22916030883789,481100.0
2008-10-14,90.5,91.23999786376952,84.02999877929688,84.8499984741211,44.52085113525391,610300.0
2008-10-15,83.80000305175781,86.97000122070312,83.52999877929688,84.8499984741211,44.52085113525391,238900.0
2008-10-16,86.0999984741211,88.06999969482422,84.94999694824219,85.73999786376953,44.98781204223633,221500.0
2008-10-17,86.0,86.87000274658203,84.23999786376953,85.01000213623047,44.60477828979492,494800.0
2008-10-20,86.1500015258789,87.83999633789062,85.5,87.5999984741211,45.96375274658203,945600.0
2008-10-21,87.77999877929688,88.9000015258789,86.51000213623047,88.47000122070312,46.42024230957031,1048700.0
2008-10-22,87.26000213623047,88.37000274658203,86.01000213623047,87.44999694824219,45.885047912597656,691500.0
2008-10-23,87.70999908447266,88.69000244140625,87.6500015258789,88.0,46.17362594604492,1166100.0
2008-10-24,86.0,88.5,86.0,88.3499984741211,46.35728454589844,1777300.0
2008-10-27,87.98999786376953,87.98999786376953,86.93000030517578,87.77999877929688,46.05820083618164,975300.0
2008-10-28,87.8499984741211,88.16000366210938,86.54000091552734,87.19999694824219,45.753868103027344,732000.0
2008-10-29,86.4000015258789,89.23999786376953,86.0,88.66999816894531,46.52518844604492,1970600.0
2008-10-30,88.66999816894531,89.05000305175781,88.0,88.01000213623047,46.17887878417969,1219400.0
2008-10-31,88.73999786376953,88.73999786376953,87.0999984741211,87.6500015258789,45.989994049072266,636300.0
2008-11-03,87.5,88.08999633789062,87.19999694824219,87.93000030517578,46.36701965332031,374200.0
2008-11-04,88.30000305175781,89.13999938964844,88.0,88.52999877929688,46.68341064453125,1376400.0
2008-11-05,88.6500015258789,90.4499969482422,88.6500015258789,90.25,47.59038543701172,654400.0
2008-11-06,90.9499969482422,91.12000274658205,90.01000213623047,90.87000274658205,47.91732406616211,2814300.0
2008-11-07,90.6500015258789,91.18000030517578,90.0999984741211,90.2300033569336,47.57981491088867,2126600.0
2008-11-10,90.16000366210938,90.66000366210938,89.73999786376953,90.2699966430664,47.60093307495117,452100.0
2008-11-11,90.66000366210938,91.62000274658205,90.3000030517578,90.55999755859376,47.75385284423828,621000.0
2008-11-12,90.18000030517578,90.6500015258789,90.18000030517578,90.54000091552734,47.74330139160156,1815700.0
2008-11-13,90.4000015258789,90.4499969482422,89.5,89.91999816894531,47.41635513305664,858300.0
2008-11-14,89.41000366210938,90.2300033569336,87.0,89.9000015258789,47.40584182739258,409400.0
2008-11-17,90.48999786376952,90.5999984741211,90.0,90.5500030517578,47.74860382080078,360300.0
2008-11-18,90.22000122070312,91.16999816894533,90.22000122070312,90.66000366210938,47.80659103393555,450300.0
2008-11-19,90.7699966430664,91.11000061035156,90.30999755859376,90.8000030517578,47.88043975830078,487200.0
2008-11-20,91.06999969482422,91.93000030517578,89.6500015258789,89.80999755859375,47.35838317871094,756600.0
2008-11-21,90.5999984741211,91.38999938964844,89.9000015258789,90.8499984741211,47.906776428222656,756500.0
2008-11-24,91.75,92.02999877929688,90.01000213623047,90.4499969482422,47.69583511352539,1088800.0
2008-11-25,91.2300033569336,91.44000244140624,90.13999938964844,90.87999725341795,47.922584533691406,1002200.0
2008-11-26,91.33000183105467,91.33000183105467,90.01000213623047,90.4000015258789,47.66950988769531,2219400.0
2008-11-28,90.98999786376952,91.0999984741211,90.0999984741211,90.13999938964844,47.53240203857422,825200.0
2008-12-01,90.98999786376952,91.1500015258789,89.5199966430664,91.08999633789062,48.27542495727539,1636600.0
2008-12-02,91.3499984741211,92.0999984741211,90.8499984741211,91.77999877929688,48.6411018371582,949600.0
2008-12-03,92.3000030517578,92.41999816894533,91.3000030517578,92.41999816894533,48.98028564453125,739000.0
2008-12-04,91.76000213623048,92.77999877929688,91.72000122070312,92.51000213623048,49.02797317504883,1064600.0
2008-12-05,92.0500030517578,92.41999816894533,91.51000213623048,91.87999725341795,48.69407272338867,1339700.0
2008-12-08,92.3000030517578,93.19000244140624,92.0,92.83000183105467,49.19755172729492,1697800.0
2008-12-09,92.98999786376952,93.5199966430664,92.75,93.45999908447266,49.53150177001953,1440300.0
2008-12-10,93.16000366210938,93.68000030517578,92.87999725341795,93.68000030517578,49.64802932739258,807200.0
2008-12-11,93.9499969482422,94.12999725341795,93.25,94.0,49.81761932373047,950400.0
2008-12-12,94.0999984741211,94.52999877929688,93.26000213623048,94.51000213623048,50.087928771972656,945300.0
2008-12-15,94.3499984741211,94.5199966430664,94.0999984741211,94.4800033569336,50.072052001953125,906000.0
2008-12-16,96.41999816894533,96.47000122070312,94.29000091552734,96.41999816894533,51.100196838378906,1581500.0
2008-12-17,97.27999877929688,98.31999969482422,97.0,97.8499984741211,51.85807037353516,2113300.0
2008-12-18,98.81999969482422,100.9800033569336,98.66999816894533,100.22000122070312,53.114105224609375,2787900.0
2008-12-19,99.06999969482422,100.06999969482422,98.0999984741211,98.7300033569336,52.3244514465332,1669000.0
2008-12-22,99.7300033569336,100.0999984741211,99.0,99.91999816894533,52.955074310302734,2562500.0
2008-12-23,99.4499969482422,100.43000030517578,99.4000015258789,100.25,53.129974365234375,1677900.0
2008-12-24,99.66000366210938,101.75,99.61000061035156,100.5,53.262489318847656,886300.0
2008-12-26,100.0999984741211,100.91999816894533,100.0999984741211,100.69000244140624,53.3631706237793,515500.0
2008-12-29,100.19000244140624,100.98999786376952,100.08999633789062,100.58000183105467,53.52920150756836,1503900.0
2008-12-30,100.16999816894533,101.45999908447266,100.16999816894533,101.45999908447266,53.9975814819336,1129400.0
2008-12-31,101.36000061035156,101.75,100.41000366210938,101.6500015258789,54.098663330078125,1232800.0
2009-01-02,101.5,101.66000366210938,100.48999786376952,100.61000061035156,53.54520034790039,1095800.0
2009-01-05,100.1500015258789,101.73999786376952,100.0999984741211,101.3000030517578,53.91242980957031,2938400.0
2009-01-06,101.25,101.87000274658205,100.6999969482422,101.47000122070312,54.00289535522461,2036600.0
2009-01-07,101.23999786376952,101.29000091552734,100.25,100.62000274658205,53.55051803588867,1675100.0
2009-01-08,100.5999984741211,101.3499984741211,100.5500030517578,101.33999633789062,53.93367767333984,1445200.0
2009-01-09,101.62000274658205,102.5999984741211,101.3499984741211,102.5999984741211,54.604270935058594,2232600.0
2009-01-12,102.1999969482422,102.43000030517578,101.5999984741211,102.06999969482422,54.32220077514648,1053300.0
2009-01-13,101.62000274658205,101.88999938964844,101.4000015258789,101.8499984741211,54.20513916015625,1165400.0
2009-01-14,101.66999816894533,101.9499969482422,100.5199966430664,101.4000015258789,53.96562576293945,2006000.0
2009-01-15,101.4000015258789,101.68000030517578,100.9000015258789,101.5999984741211,54.07209777832031,2086000.0
2009-01-16,100.95999908447266,101.62999725341795,100.51000213623048,101.5999984741211,54.07209777832031,1484300.0
2009-01-20,101.12999725341795,101.4499969482422,100.01000213623048,100.0999984741211,53.27374649047852,1458600.0
2009-01-21,100.01000213623048,100.22000122070312,99.0999984741211,99.5999984741211,53.00764083862305,1845200.0
2009-01-22,99.68000030517578,99.70999908447266,98.29000091552734,99.2300033569336,52.81072235107422,1310800.0
2009-01-23,98.05999755859376,98.88999938964844,98.05999755859376,98.56999969482422,52.45951843261719,1353600.0
2009-01-26,98.20999908447266,98.75,97.31999969482422,97.69000244140624,51.99112319946289,1641000.0
2009-01-27,98.20999908447266,99.87999725341795,98.0500030517578,99.52999877929688,52.97041320800781,1628700.0
2009-01-28,100.23999786376952,101.0,99.66000366210938,100.31999969482422,53.39086151123047,1436500.0
2009-01-29,99.94000244140624,100.58999633789062,99.08999633789062,99.12000274658205,52.75219345092773,1098000.0
2009-01-30,99.5,100.4000015258789,99.3000030517578,99.81999969482422,53.124759674072266,1373200.0
2009-02-02,98.98999786376952,99.5999984741211,98.8000030517578,98.8499984741211,52.8685417175293,1616700.0
2009-02-03,98.98999786376952,98.98999786376952,98.25,98.5199966430664,52.69207000732422,1799100.0
2009-02-04,98.51000213623048,98.79000091552734,98.4000015258789,98.55999755859376,52.71346282958984,4207300.0
2009-02-05,98.6999969482422,98.70999908447266,97.5999984741211,97.6999969482422,52.253456115722656,1820400.0
2009-02-06,97.72000122070312,98.41000366210938,97.51000213623048,98.27999877929688,52.56370162963867,1855200.0
2009-02-09,98.0999984741211,98.5199966430664,97.6999969482422,98.45999908447266,52.66001892089844,872900.0
2009-02-10,98.16000366210938,99.16999816894533,98.16000366210938,98.94000244140624,52.91672134399414,1109400.0
2009-02-11,99.29000091552734,99.66000366210938,99.0,99.27999877929688,53.09853363037109,1118500.0
2009-02-12,99.4499969482422,99.7300033569336,99.12000274658205,99.36000061035156,53.14131546020508,1050400.0
2009-02-13,99.0500030517578,99.33000183105467,98.1999969482422,98.5999984741211,52.73485565185547,1249600.0
2009-02-17,99.0,99.44000244140624,98.58000183105467,99.13999938964844,53.02366256713867,1136200.0
2009-02-18,99.36000061035156,99.37999725341795,98.55999755859376,98.6500015258789,52.7615966796875,1288600.0
2009-02-19,97.87999725341795,98.63999938964844,97.22000122070312,97.83999633789062,52.32836532592773,1349200.0
2009-02-20,97.51000213623048,97.6500015258789,96.63999938964844,97.43000030517578,52.10908508300781,2035700.0
2009-02-23,96.9800033569336,97.1999969482422,96.5999984741211,97.0999984741211,51.932594299316406,1171500.0
2009-02-24,97.37000274658205,97.7300033569336,96.5199966430664,96.75,51.74540328979492,1777200.0
2009-02-25,96.91000366210938,96.94000244140624,95.0,95.43000030517578,51.0394172668457,2134700.0
2009-02-26,95.43000030517578,95.43000030517578,94.81999969482422,94.81999969482422,50.71315002441406,1365800.0
2009-02-27,94.80999755859376,95.0500030517578,94.0,94.16000366210938,50.36017227172852,1583900.0
2009-03-02,94.27999877929688,94.48999786376952,93.04000091552734,93.69000244140624,50.36665725708008,1936200.0
2009-03-03,93.75,93.9800033569336,92.8499984741211,93.18000030517578,50.09246063232422,1375700.0
2009-03-04,93.22000122070312,93.44000244140624,93.0,93.1500015258789,50.07632827758789,1186600.0
2009-03-05,92.91000366210938,93.6500015258789,92.51000213623048,92.9000015258789,49.94195938110352,1645100.0
2009-03-06,93.36000061035156,94.04000091552734,92.8000030517578,93.0999984741211,50.04945755004883,1349600.0
2009-03-09,92.87999725341795,93.23999786376952,90.51000213623048,90.54000091552734,48.67323684692383,2680200.0
2009-03-10,91.25,91.98999786376952,91.0,91.8499984741211,49.377479553222656,2112800.0
2009-03-11,92.01000213623048,92.01000213623048,91.0,91.87999725341795,49.39360809326172,2179000.0
2009-03-12,91.72000122070312,91.98999786376952,91.38999938964844,91.8000030517578,49.3505859375,1108400.0
2009-03-13,92.05999755859376,92.72000122070312,91.79000091552734,92.6500015258789,49.807525634765625,1547000.0
2009-03-16,92.33999633789062,92.9000015258789,92.1500015258789,92.77999877929688,49.87744140625,959300.0
2009-03-17,92.76000213623048,92.9499969482422,92.2300033569336,92.52999877929688,49.74300765991211,1909700.0
2009-03-18,92.55999755859376,95.37000274658205,92.23999786376952,94.5,50.80208206176758,1934400.0
2009-03-19,95.0,97.70999908447266,94.33000183105467,94.6999969482422,50.909576416015625,4319900.0
2009-03-20,95.04000091552734,95.58000183105467,93.5500030517578,93.73999786376952,50.39354705810547,1293200.0
2009-03-23,93.8499984741211,94.2699966430664,93.6500015258789,94.02999877929688,50.549442291259766,1631700.0
2009-03-24,93.56999969482422,93.69000244140624,93.0999984741211,93.0999984741211,50.04945755004883,1220100.0
2009-03-25,93.4499969482422,93.5199966430664,92.47000122070312,92.6500015258789,49.807525634765625,1392700.0
2009-03-26,92.83999633789062,93.3499984741211,92.44000244140624,93.12999725341795,50.06556701660156,1486100.0
2009-03-27,93.48999786376952,93.80999755859376,93.3000030517578,93.41999816894533,50.22151184082031,1703900.0
2009-03-30,93.68000030517578,93.70999908447266,93.11000061035156,93.3499984741211,50.183860778808594,944200.0
2009-03-31,93.58999633789062,94.13999938964844,93.5,94.12000274658205,50.59779357910156,1093000.0
2009-04-01,93.66999816894533,93.95999908447266,93.26000213623048,93.45999908447266,50.52155685424805,1401200.0
2009-04-02,93.73999786376952,93.97000122070312,93.26000213623048,93.48999786376952,50.537784576416016,1233700.0
2009-04-03,93.4800033569336,93.6500015258789,92.81999969482422,92.91000366210938,50.2242546081543,1359400.0
2009-04-06,93.12999725341795,93.16000366210938,92.70999908447266,92.86000061035156,50.1972770690918,911600.0
2009-04-07,92.8000030517578,92.94000244140624,92.4800033569336,92.81999969482422,50.175628662109375,1245200.0
2009-04-08,93.23999786376952,93.79000091552734,92.97000122070312,93.75,50.67835998535156,1135900.0
2009-04-09,93.6500015258789,94.6500015258789,93.61000061035156,94.37999725341795,51.01891708374024,1395000.0
2009-04-13,94.63999938964844,95.3499984741211,94.33000183105467,95.29000091552734,51.51081848144531,1581700.0
2009-04-14,95.44000244140624,95.58000183105467,94.91000366210938,95.54000091552734,51.64601516723633,1687200.0
2009-04-15,95.7300033569336,96.27999877929688,95.23999786376952,96.27999877929688,52.04596328735352,1922400.0
2009-04-16,96.1999969482422,96.6999969482422,96.04000091552734,96.69000244140624,52.26762390136719,1764500.0
2009-04-17,96.68000030517578,96.9499969482422,96.0500030517578,96.56999969482422,52.202754974365234,1720500.0
2009-04-20,97.0,97.0,95.23999786376952,96.04000091552734,51.91624069213867,1915300.0
2009-04-21,96.23999786376952,96.43000030517578,95.68000030517578,96.33999633789062,52.07838821411133,574500.0
2009-04-22,96.12999725341795,96.3000030517578,95.7300033569336,96.0999984741211,51.948692321777344,1781700.0
2009-04-23,96.23999786376952,96.36000061035156,95.5999984741211,96.0199966430664,51.90543746948242,1302700.0
2009-04-24,96.04000091552734,96.4800033569336,95.87000274658205,96.2300033569336,52.01894760131836,1541400.0
2009-04-27,96.16999816894533,96.3499984741211,95.6500015258789,96.11000061035156,51.95407485961914,1201600.0
2009-04-28,96.2699966430664,96.4000015258789,95.75,95.8000030517578,51.786502838134766,1468200.0
2009-04-29,96.37000274658205,96.75,95.80999755859376,96.26000213623048,52.0351676940918,1089900.0
2009-04-30,96.3000030517578,96.4000015258789,95.83999633789062,96.1999969482422,52.002742767333984,1129800.0
2009-05-01,95.58000183105467,96.04000091552734,95.4499969482422,95.97000122070312,52.13201141357422,1183900.0
2009-05-04,96.0999984741211,96.1999969482422,95.5999984741211,96.1999969482422,52.25694274902344,984400.0
2009-05-05,96.3000030517578,96.62999725341795,96.0,96.51000213623048,52.42536163330078,1009000.0
2009-05-06,96.66000366210938,97.04000091552734,96.33000183105467,96.94000244140624,52.658935546875,1815600.0
2009-05-07,96.56999969482422,97.1999969482422,96.0,96.01000213623048,52.153751373291016,1783000.0
2009-05-08,96.48999786376952,96.8499984741211,96.22000122070312,96.62000274658205,52.485107421875,1313200.0
2009-05-11,96.86000061035156,97.0,96.26000213623048,96.91000366210938,52.64265441894531,1045200.0
2009-05-12,96.98999786376952,97.38999938964844,96.86000061035156,97.18000030517578,52.789306640625,1073900.0
2009-05-13,97.37000274658205,97.54000091552734,96.93000030517578,97.0,52.6915397644043,1615400.0
2009-05-14,97.16999816894533,97.63999938964844,96.68000030517578,97.22000122070312,52.81104278564453,1112700.0
2009-05-15,97.22000122070312,97.2699966430664,96.6999969482422,97.1999969482422,52.80019378662109,1025900.0
2009-05-18,97.58999633789062,97.66999816894533,96.91999816894533,97.05999755859376,52.724098205566406,1259800.0
2009-05-19,96.91000366210938,97.45999908447266,96.6999969482422,97.4499969482422,52.93600082397461,1366600.0
2009-05-20,97.58999633789062,98.13999938964844,97.33000183105467,98.01000213623048,53.24018859863281,1324200.0
2009-05-21,98.37999725341795,98.37999725341795,96.6999969482422,97.01000213623048,52.69695281982422,1540900.0
2009-05-22,96.7699966430664,97.0199966430664,96.5999984741211,96.87999725341795,52.6263427734375,1070100.0
2009-05-26,97.0,97.0500030517578,96.5500030517578,96.83999633789062,52.6046142578125,1056100.0
2009-05-27,97.01000213623048,97.29000091552734,95.9800033569336,96.16999816894533,52.24064254760742,1422100.0
2009-05-28,96.56999969482422,96.83999633789062,96.04000091552734,96.52999877929688,52.43621444702149,1084600.0
2009-05-29,96.86000061035156,98.08999633789062,96.5,97.9499969482422,53.20756149291992,1280400.0
2009-06-01,97.8499984741211,98.0500030517578,97.11000061035156,97.43000030517578,53.19010543823242,1234400.0
2009-06-02,97.66000366210938,98.55999755859376,97.6500015258789,98.1500015258789,53.58319854736328,1882900.0
2009-06-03,98.31999969482422,99.0199966430664,98.2300033569336,98.6500015258789,53.856143951416016,1156300.0
2009-06-04,98.79000091552734,98.79000091552734,98.01000213623048,98.22000122070312,53.62142181396485,1109500.0
2009-06-05,98.06999969482422,98.12999725341795,97.1999969482422,97.6999969482422,53.33746719360352,1133900.0
2009-06-08,97.5199966430664,98.0999984741211,97.5,97.5,53.228328704833984,885000.0
2009-06-09,97.5,98.31999969482422,97.3499984741211,98.23999786376952,53.63227844238281,809500.0
2009-06-10,97.94000244140624,98.7300033569336,97.6500015258789,97.9499969482422,53.47399520874024,1526400.0
2009-06-11,98.3499984741211,98.6500015258789,97.73999786376952,98.29000091552734,53.65960311889648,948000.0
2009-06-12,98.5199966430664,99.23999786376952,98.3000030517578,99.0199966430664,54.05816650390625,854600.0
2009-06-15,99.0,99.41999816894533,98.51000213623048,99.0500030517578,54.07451248168945,809000.0
2009-06-16,99.3499984741211,99.6999969482422,98.43000030517578,98.98999786376952,54.041770935058594,1000100.0
2009-06-17,98.79000091552734,99.37000274658205,98.5999984741211,99.11000061035156,54.10725402832031,1070900.0
2009-06-18,98.72000122070312,98.72000122070312,97.6999969482422,97.8499984741211,53.41940307617188,1363500.0
2009-06-19,97.87999725341795,98.88999938964844,97.69000244140624,98.58999633789062,53.82340240478516,1395400.0
2009-06-22,98.9800033569336,99.3000030517578,98.66999816894533,98.9499969482422,54.01993179321289,878800.0
2009-06-23,99.41999816894533,99.75,99.0500030517578,99.75,54.45669555664063,816400.0
2009-06-24,99.8000030517578,100.27999877929688,99.4499969482422,99.58999633789062,54.36932373046875,995600.0
2009-06-25,99.5999984741211,100.41999816894533,99.33000183105467,100.37000274658205,54.7951774597168,618900.0
2009-06-26,100.4800033569336,100.5,100.02999877929688,100.41999816894533,54.82242202758789,924000.0
2009-06-29,100.5,100.5500030517578,100.1500015258789,100.30999755859376,54.76237487792969,828500.0
2009-06-30,100.12000274658205,100.44000244140624,99.55999755859376,100.27999877929688,54.74601745605469,967700.0
2009-07-01,99.2699966430664,99.79000091552734,99.20999908447266,99.6999969482422,54.67195892333984,2274400.0
2009-07-02,99.45999908447266,99.98999786376952,99.43000030517578,99.70999908447266,54.677494049072266,660700.0
2009-07-06,99.5500030517578,100.0,99.41999816894533,99.9499969482422,54.80905532836914,1346200.0
2009-07-07,99.5999984741211,100.0199966430664,99.4000015258789,99.5500030517578,54.5897216796875,1242800.0
2009-07-08,99.86000061035156,100.5,99.61000061035156,100.45999908447266,55.08871841430664,918700.0
2009-07-09,100.05999755859376,100.5,100.05999755859376,100.5,55.11067199707031,706300.0
2009-07-10,100.2300033569336,100.9000015258789,100.08999633789062,100.9000015258789,55.32999801635742,827100.0
2009-07-13,100.75,100.98999786376952,100.22000122070312,100.83999633789062,55.297122955322266,720200.0
2009-07-14,100.88999938964844,100.88999938964844,100.33000183105467,100.62000274658205,55.17647171020508,951900.0
2009-07-15,100.33999633789062,100.55999755859376,99.5199966430664,99.69000244140624,54.66649627685547,1671600.0
2009-07-16,99.8499984741211,100.37999725341795,99.81999969482422,100.37999725341795,55.04487991333008,989700.0
2009-07-17,100.06999969482422,100.4800033569336,99.79000091552734,100.06999969482422,54.874908447265625,1502600.0
2009-07-20,100.4800033569336,100.9800033569336,99.80999755859376,100.4800033569336,55.09970474243164,884400.0
2009-07-21,100.6999969482422,101.9499969482422,100.56999969482422,101.9000015258789,55.878360748291016,1271000.0
2009-07-22,102.0,102.1500015258789,101.33999633789062,101.62999725341795,55.73032760620117,869000.0
2009-07-23,101.6999969482422,101.86000061035156,101.0,101.45999908447266,55.63711166381836,802300.0
2009-07-24,101.25,101.73999786376952,101.05999755859376,101.73999786376952,55.79060363769531,1183200.0
2009-07-27,101.1999969482422,101.5199966430664,101.0999984741211,101.51000213623048,55.664493560791016,631300.0
2009-07-28,101.33000183105467,102.23999786376952,101.33000183105467,101.9000015258789,55.878360748291016,943100.0
2009-07-29,102.23999786376952,102.5500030517578,101.75,102.54000091552734,56.22938537597656,956100.0
2009-07-30,102.56999969482422,103.3499984741211,102.16000366210938,103.0999984741211,56.53641128540039,1118800.0
2009-07-31,103.19000244140624,104.5999984741211,103.19000244140624,104.45999908447266,57.28220748901367,1604600.0
2009-08-03,103.5199966430664,103.9499969482422,102.9499969482422,103.0,56.74885940551758,1396500.0
2009-08-04,103.56999969482422,103.56999969482422,102.3000030517578,102.4800033569336,56.46239471435547,1103500.0
2009-08-05,102.52999877929688,103.1500015258789,102.25,102.5,56.4733772277832,1383600.0
2009-08-06,102.94000244140624,102.9800033569336,102.0999984741211,102.22000122070312,56.31911849975586,996200.0
2009-08-07,101.83999633789062,102.33999633789062,101.54000091552734,102.1999969482422,56.30811309814453,945900.0
2009-08-10,102.45999908447266,102.94000244140624,102.05999755859376,102.5199966430664,56.48440170288086,909900.0
2009-08-11,103.1500015258789,103.25,102.5,103.0500030517578,56.77645492553711,595100.0
2009-08-12,103.0,103.0,101.8000030517578,102.1500015258789,56.28057861328125,1328300.0
2009-08-13,102.6500015258789,103.2699966430664,102.0999984741211,103.13999938964844,56.82596206665039,1213800.0
2009-08-14,103.20999908447266,103.54000091552734,103.06999969482422,103.12000274658205,56.81498336791992,746500.0
2009-08-17,102.8499984741211,103.52999877929688,102.5999984741211,103.29000091552734,56.90867233276367,722800.0
2009-08-18,103.12999725341795,103.36000061035156,102.7300033569336,103.02999877929688,56.7653923034668,870300.0
2009-08-19,103.5500030517578,103.75,103.2699966430664,103.36000061035156,56.94723892211914,905800.0
2009-08-20,103.5500030517578,104.0,103.26000213623048,103.8499984741211,57.21718215942383,789200.0
2009-08-21,103.98999786376952,104.0,103.26000213623048,103.37999725341795,56.9582633972168,724100.0
2009-08-24,103.5,104.02999877929688,103.2699966430664,103.91000366210938,57.2502326965332,1031100.0
2009-08-25,104.16000366210938,104.41000366210938,103.75,104.08999633789062,57.34940719604492,1209400.0
2009-08-26,104.45999908447266,104.79000091552734,104.22000122070312,104.77999877929688,57.72954177856445,702000.0
2009-08-27,104.51000213623048,104.58000183105467,104.12999725341795,104.3000030517578,57.46510696411133,1136200.0
2009-08-28,104.20999908447266,104.83999633789062,104.12999725341795,104.81999969482422,57.75167846679688,981900.0
2009-08-31,104.58000183105467,105.33999633789062,104.37000274658205,105.33000183105467,58.03261947631836,2122200.0
2009-09-01,104.51000213623048,104.95999908447266,104.1500015258789,104.30999755859376,57.741455078125,1077500.0
2009-09-02,104.25,105.12999725341795,104.04000091552734,104.62000274658205,57.91303634643555,1225400.0
2009-09-03,104.68000030517578,105.16999816894533,104.4499969482422,104.8000030517578,58.0126953125,865400.0
2009-09-04,105.04000091552734,105.1500015258789,104.8000030517578,104.87000274658205,58.05142593383789,757200.0
2009-09-08,104.83999633789062,105.0999984741211,104.5,104.5999984741211,57.90192031860352,817900.0
2009-09-09,104.61000061035156,104.66000366210938,104.33000183105467,104.56999969482422,57.88535690307617,873800.0
2009-09-10,104.98999786376952,105.55999755859376,104.04000091552734,105.26000213623048,58.26730728149414,873700.0
2009-09-11,105.77999877929688,106.37999725341795,105.5,106.20999908447266,58.79323196411133,704700.0
2009-09-14,106.12999725341795,106.20999908447266,105.48999786376952,105.66999816894533,58.494285583496094,850700.0
2009-09-15,105.79000091552734,105.8499984741211,105.5199966430664,105.61000061035156,58.4610595703125,1052800.0
2009-09-16,106.1500015258789,106.1500015258789,105.52999877929688,105.94000244140624,58.64376831054688,1097900.0
2009-09-17,105.9499969482422,106.47000122070312,105.75,106.45999908447266,58.93159866333008,985000.0
2009-09-18,106.2300033569336,106.38999938964844,105.79000091552734,105.79000091552734,58.560691833496094,759700.0
2009-09-21,106.1999969482422,106.29000091552734,105.87999725341795,106.04000091552734,58.69907760620117,586600.0
2009-09-22,105.83999633789062,106.31999969482422,105.75,106.29000091552734,58.83749771118164,815300.0
2009-09-23,106.1500015258789,106.4000015258789,105.8499984741211,106.33999633789062,58.86516571044922,980900.0
2009-09-24,106.12999725341795,106.66000366210938,106.12999725341795,106.51000213623048,58.959259033203125,634000.0
2009-09-25,106.5199966430664,106.94000244140624,106.3000030517578,106.91999816894533,59.18621063232422,722400.0
2009-09-28,107.0,107.19000244140624,106.72000122070312,107.19000244140624,59.33566284179688,731500.0
2009-09-29,106.7300033569336,107.0199966430664,106.5500030517578,106.7699966430664,59.10322189331055,1299100.0
2009-09-30,106.63999938964844,106.83999633789062,106.36000061035156,106.68000030517578,59.0533447265625,1447400.0
2009-10-01,106.1500015258789,106.22000122070312,104.79000091552734,105.12000274658205,58.44842529296875,3051300.0
2009-10-02,105.4000015258789,105.4000015258789,104.3000030517578,104.44000244140624,58.0703125,3318300.0
2009-10-05,104.37000274658205,105.0,104.37000274658205,105.0,58.38172912597656,1066700.0
2009-10-06,105.38999938964844,105.38999938964844,104.72000122070312,104.77999877929688,58.259395599365234,1470300.0
2009-10-07,105.06999969482422,105.5,104.77999877929688,105.4499969482422,58.63190078735352,900800.0
2009-10-08,105.58000183105467,105.6500015258789,104.8499984741211,104.86000061035156,58.30387496948242,1012500.0
2009-10-09,104.87999725341795,104.87999725341795,103.75,103.94000244140624,57.79230117797852,1497300.0
2009-10-12,103.61000061035156,104.38999938964844,103.61000061035156,104.3000030517578,57.99247741699219,687200.0
2009-10-13,104.38999938964844,104.63999938964844,104.1999969482422,104.5,58.10374450683594,803100.0
2009-10-14,104.25,104.56999969482422,104.0,104.0,57.82568740844727,1181600.0
2009-10-15,104.0,104.20999908447266,103.58000183105467,103.9800033569336,57.814552307128906,1096300.0
2009-10-16,103.97000122070312,104.22000122070312,103.76000213623048,104.05999755859376,57.85902404785156,876200.0
2009-10-19,104.27999877929688,104.87999725341795,104.11000061035156,104.58999633789062,58.15372467041016,825100.0
2009-10-20,105.1999969482422,105.58999633789062,105.12999725341795,105.26000213623048,58.526248931884766,873400.0
2009-10-21,105.04000091552734,105.16999816894533,104.7300033569336,104.81999969482422,58.28165817260742,984600.0
2009-10-22,105.12999725341795,105.44000244140624,104.81999969482422,105.44000244140624,58.62637710571289,707200.0
2009-10-23,105.0,105.37000274658205,104.8499984741211,104.86000061035156,58.30387496948242,640500.0
2009-10-26,105.0,105.05999755859376,104.36000061035156,104.41999816894533,58.0592041015625,953700.0
2009-10-27,104.9499969482422,105.47000122070312,104.5500030517578,105.31999969482422,58.55965423583984,732600.0
2009-10-28,105.1999969482422,105.4499969482422,104.31999969482422,104.61000061035156,58.16487884521485,1114300.0
2009-10-29,105.01000213623048,105.05999755859376,104.37999725341795,104.73999786376952,58.23713684082031,932500.0
2009-10-30,105.08999633789062,105.68000030517578,104.93000030517578,105.68000030517578,58.75978088378906,1419700.0
2009-11-02,105.33000183105467,105.36000061035156,104.76000213623048,105.04000091552734,58.67264938354492,983600.0
2009-11-03,105.0199966430664,105.02999877929688,104.37000274658205,104.55999755859376,58.40456771850586,810500.0
2009-11-04,104.5199966430664,105.01000213623048,104.48999786376952,104.97000122070312,58.63351821899414,760100.0
2009-11-05,104.9000015258789,105.0500030517578,104.7300033569336,105.04000091552734,58.67264938354492,705000.0
2009-11-06,105.02999877929688,105.31999969482422,104.6500015258789,105.31999969482422,58.82908248901367,693100.0
2009-11-09,105.37999725341795,105.5199966430664,105.26000213623048,105.37999725341795,58.86258316040039,594100.0
2009-11-10,105.5,105.66999816894533,105.29000091552734,105.30999755859376,58.82345962524414,606400.0
2009-11-11,105.58999633789062,106.0,105.47000122070312,105.6999969482422,59.04130935668945,688100.0
2009-11-12,105.6500015258789,105.93000030517578,105.06999969482422,105.6999969482422,59.04130935668945,1043100.0
2009-11-13,105.94000244140624,106.01000213623048,105.5500030517578,106.01000213623048,59.21446990966797,655800.0
2009-11-16,106.0,106.51000213623048,105.8499984741211,106.51000213623048,59.49375534057617,1141700.0
2009-11-17,106.3000030517578,106.66999816894533,106.1500015258789,106.66999816894533,59.58311080932617,587100.0
2009-11-18,106.41000366210938,106.8499984741211,106.12999725341795,106.31999969482422,59.38761138916016,718900.0
2009-11-19,106.33000183105467,106.62999725341795,106.18000030517578,106.4499969482422,59.46020126342773,855100.0
2009-11-20,106.52999877929688,106.61000061035156,105.93000030517578,105.9499969482422,59.18097686767578,628600.0
2009-11-23,105.5999984741211,105.98999786376952,105.44000244140624,105.9499969482422,59.18097686767578,1143000.0
2009-11-24,105.9499969482422,106.54000091552734,105.9499969482422,106.36000061035156,59.40998077392578,768100.0
2009-11-25,106.43000030517578,106.79000091552734,106.20999908447266,106.75,59.62778854370117,670900.0
2009-11-27,106.02999877929688,106.7300033569336,106.0,106.72000122070312,59.61103057861328,344600.0
2009-11-30,106.68000030517578,107.25,106.51000213623048,107.25,59.90708160400391,1399900.0
2009-12-01,106.58000183105467,106.72000122070312,106.26000213623048,106.26000213623048,59.6075439453125,867400.0
2009-12-02,106.23999786376952,106.43000030517578,106.0,106.27999877929688,59.618778228759766,1171600.0
2009-12-03,106.19000244140624,106.31999969482422,106.08000183105467,106.25,59.6019401550293,543300.0
2009-12-04,106.0,106.02999877929688,105.5,105.80999755859376,59.35509490966797,1285900.0
2009-12-07,105.9499969482422,105.9499969482422,105.5,105.76000213623048,59.32707977294922,1128000.0
2009-12-08,106.33999633789062,106.4800033569336,106.16999816894533,106.20999908447266,59.57952499389648,951700.0
2009-12-09,106.3000030517578,106.4800033569336,105.5500030517578,105.5999984741211,59.2373161315918,1547200.0
2009-12-10,105.33000183105467,105.91999816894533,105.33000183105467,105.69000244140624,59.28777694702149,1253200.0
2009-12-11,105.75,105.75,105.06999969482422,105.19000244140624,59.007320404052734,1340800.0
2009-12-14,105.55999755859376,105.77999877929688,105.33999633789062,105.7699966430664,59.33266067504883,1017300.0
2009-12-15,105.41000366210938,105.47000122070312,105.01000213623048,105.01000213623048,58.90633010864258,884200.0
2009-12-16,105.16999816894533,105.83999633789062,105.16999816894533,105.41000366210938,59.13074493408203,962300.0
2009-12-17,105.63999938964844,105.9000015258789,105.33000183105467,105.86000061035156,59.3831672668457,1426400.0
2009-12-18,106.01000213623048,106.19000244140624,105.63999938964844,105.69000244140624,59.28777694702149,792400.0
2009-12-21,105.51000213623048,105.62999725341795,105.05999755859376,105.18000030517578,59.001712799072266,683800.0
2009-12-22,105.43000030517578,105.43000030517578,104.5,104.73999786376952,58.75488662719727,1590500.0
2009-12-23,104.9800033569336,105.22000122070312,104.8499984741211,105.06999969482422,58.93997573852539,678000.0
2009-12-24,104.6999969482422,105.0,104.5500030517578,104.58000183105467,58.66511917114258,529300.0
2009-12-28,104.2699966430664,104.66000366210938,104.05999755859376,104.3000030517578,58.50804901123047,1017600.0
2009-12-29,103.87999725341795,104.19000244140624,103.8000030517578,104.18000030517578,58.68551254272461,610100.0
2009-12-30,104.29000091552734,104.52999877929688,104.08000183105467,104.3000030517578,58.75306701660156,1405500.0
2009-12-31,104.02999877929688,104.3499984741211,103.7699966430664,104.1500015258789,58.66859436035156,499100.0
2010-01-04,104.7699966430664,104.7699966430664,104.33999633789062,104.6999969482422,58.97843933105469,2017600.0
2010-01-05,104.9800033569336,105.4499969482422,104.86000061035156,105.1999969482422,59.26012802124024,1143800.0
2010-01-06,105.38999938964844,105.4499969482422,104.81999969482422,104.88999938964844,59.085426330566406,1005500.0
2010-01-07,104.97000122070312,105.22000122070312,104.87000274658205,105.0199966430664,59.15868377685547,1264100.0
2010-01-08,105.13999938964844,105.25,104.97000122070312,105.25,59.28824615478516,704600.0
2010-01-11,105.0,105.37999725341795,105.0,105.36000061035156,59.35020446777344,817500.0
2010-01-12,105.41999816894533,105.6500015258789,105.31999969482422,105.55999755859376,59.46285629272461,1343100.0
2010-01-13,105.54000091552734,105.56999969482422,105.0,105.12000274658205,59.21503829956055,1090700.0
2010-01-14,105.45999908447266,105.5,105.02999877929688,105.5,59.429107666015625,873200.0
2010-01-15,105.72000122070312,105.8000030517578,105.43000030517578,105.45999908447266,59.406532287597656,834300.0
2010-01-19,105.2699966430664,105.56999969482422,105.0199966430664,105.5500030517578,59.45727157592773,822100.0
2010-01-20,105.6999969482422,105.83999633789062,105.43000030517578,105.4800033569336,59.41780090332031,1112000.0
2010-01-21,105.75,106.2699966430664,105.6999969482422,105.76000213623048,59.57554244995117,1333400.0
2010-01-22,105.77999877929688,105.8000030517578,105.5,105.5999984741211,59.485389709472656,1003800.0
2010-01-25,105.5500030517578,105.62999725341795,105.43000030517578,105.58999633789062,59.47977828979492,765100.0
2010-01-26,105.69000244140624,105.6999969482422,105.23999786376952,105.30999755859376,59.32202911376953,887200.0
2010-01-27,105.44000244140624,105.44000244140624,104.68000030517578,104.93000030517578,59.108036041259766,1496100.0
2010-01-28,104.97000122070312,105.25,104.76000213623048,104.77999877929688,59.02352142333984,1158800.0
2010-01-29,104.98999786376952,105.45999908447266,104.9000015258789,105.4499969482422,59.40090560913086,1218600.0
2010-02-01,105.0500030517578,105.08000183105467,104.41999816894533,104.52999877929688,59.13616180419922,1202800.0
2010-02-02,104.6500015258789,105.06999969482422,104.6500015258789,104.86000061035156,59.32285690307617,1950500.0
2010-02-03,104.83000183105467,104.9000015258789,104.5199966430664,104.75,59.26061630249024,1478800.0
2010-02-04,104.8499984741211,104.88999938964844,104.54000091552734,104.73999786376952,59.25496292114258,1116700.0
2010-02-05,104.62999725341795,104.72000122070312,104.22000122070312,104.41999816894533,59.07394409179688,2204600.0
2010-02-08,104.52999877929688,104.68000030517578,104.30999755859376,104.5199966430664,59.13053894042969,1736500.0
2010-02-09,104.58999633789062,104.6999969482422,104.27999877929688,104.27999877929688,58.99473190307617,969800.0
2010-02-10,104.20999908447266,104.31999969482422,103.37999725341795,103.47000122070312,58.53647994995117,1178000.0
2010-02-11,103.5999984741211,103.7699966430664,103.33999633789062,103.70999908447266,58.6722412109375,1045500.0
2010-02-12,103.83000183105467,103.9800033569336,103.68000030517578,103.83000183105467,58.74016571044922,707100.0
2010-02-16,103.61000061035156,104.23999786376952,103.5,104.23999786376952,58.97210311889648,1029500.0
2010-02-17,104.19000244140624,104.20999908447266,103.62999725341795,103.88999938964844,58.774070739746094,717200.0
2010-02-18,103.91000366210938,104.06999969482422,103.5,103.81999969482422,58.73447799682617,1717100.0
2010-02-19,103.6999969482422,104.19000244140624,103.66000366210938,104.19000244140624,58.943809509277344,1827800.0
2010-02-22,104.12000274658205,104.25,104.01000213623048,104.25,58.97775268554688,585900.0
2010-02-23,104.33000183105467,104.54000091552734,104.19000244140624,104.5,59.119178771972656,1095300.0
2010-02-24,104.6500015258789,105.0,104.5500030517578,104.9499969482422,59.37374496459961,924400.0
2010-02-25,105.12000274658205,105.12000274658205,104.83000183105467,104.83999633789062,59.31152725219727,572300.0
2010-02-26,104.98999786376952,105.55999755859376,104.98999786376952,105.52999877929688,59.70187759399414,804600.0
2010-03-01,105.19000244140624,105.29000091552734,104.9000015258789,105.22000122070312,59.77856063842773,598700.0
2010-03-02,105.02999877929688,105.5500030517578,105.0,105.44000244140624,59.903587341308594,625600.0
2010-03-03,105.19000244140624,105.66000366210938,105.19000244140624,105.66000366210938,60.028602600097656,746300.0
2010-03-04,105.55999755859376,105.80999755859376,105.37999725341795,105.70999908447266,60.05696868896485,492300.0
2010-03-05,105.62000274658205,105.63999938964844,105.11000061035156,105.58000183105467,59.98312759399414,786000.0
2010-03-08,105.58000183105467,105.75,105.37999725341795,105.75,60.07969665527344,966800.0
2010-03-09,105.70999908447266,105.81999969482422,105.58999633789062,105.6500015258789,60.02288436889648,722100.0
2010-03-10,105.48999786376952,105.75,105.37000274658205,105.75,60.07969665527344,688200.0
2010-03-11,105.58000183105467,105.75,105.44000244140624,105.70999908447266,60.05696868896485,480000.0
2010-03-12,105.62000274658205,105.9800033569336,105.5,105.93000030517578,60.18196105957031,819100.0
2010-03-15,105.97000122070312,105.9800033569336,105.66999816894533,105.91000366210938,60.17057800292969,497200.0
2010-03-16,106.0,106.4000015258789,105.86000061035156,106.4000015258789,60.44893264770508,635600.0
2010-03-17,106.58000183105467,106.86000061035156,106.4000015258789,106.79000091552734,60.67056274414063,983900.0
2010-03-18,106.75,106.80999755859376,106.58000183105467,106.58000183105467,60.55123519897461,497200.0
2010-03-19,106.5,106.76000213623048,106.4000015258789,106.5,60.50578689575195,621500.0
2010-03-22,106.37999725341795,106.75,106.37999725341795,106.66999816894533,60.60237503051758,406000.0
2010-03-23,106.73999786376952,106.8499984741211,106.5999984741211,106.5999984741211,60.56260681152344,463300.0
2010-03-24,106.16000366210938,106.2699966430664,105.58999633789062,105.80999755859376,60.11376953125,801600.0
2010-03-25,105.66000366210938,105.79000091552734,105.23999786376952,105.43000030517578,59.89789581298828,985400.0
2010-03-26,105.3499984741211,105.75,105.30999755859376,105.75,60.07969665527344,614000.0
2010-03-29,105.73999786376952,105.79000091552734,105.37000274658205,105.66000366210938,60.028602600097656,597600.0
2010-03-30,105.62999725341795,105.79000091552734,105.4499969482422,105.72000122070312,60.06263732910156,616100.0
2010-03-31,105.81999969482422,106.01000213623048,105.7300033569336,105.7699966430664,60.091064453125,997800.0
2010-04-01,105.4499969482422,105.62000274658205,105.29000091552734,105.52999877929688,60.22172546386719,1565600.0
2010-04-05,105.01000213623048,105.12000274658205,104.44000244140624,104.55999755859376,59.66817474365234,1417800.0
2010-04-06,104.9000015258789,105.13999938964844,104.73999786376952,104.80999755859376,59.810882568359375,1175000.0
2010-04-07,104.93000030517578,105.48999786376952,104.93000030517578,105.33999633789062,60.11332321166992,1041200.0
2010-04-08,105.58999633789062,105.6500015258789,105.13999938964844,105.13999938964844,59.99919891357422,938600.0
2010-04-09,105.25,105.4000015258789,105.02999877929688,105.20999908447266,60.039093017578125,657800.0
2010-04-12,105.3499984741211,105.5999984741211,105.3000030517578,105.51000213623048,60.21030426025391,502800.0
2010-04-13,105.76000213623048,105.91999816894533,105.58000183105467,105.88999938964844,60.42721557617188,728100.0
2010-04-14,105.9499969482422,106.0,105.6500015258789,105.8000030517578,60.375823974609375,697200.0
2010-04-15,105.79000091552734,106.13999938964844,105.66000366210938,105.9800033569336,60.47856140136719,766300.0
2010-04-16,106.16000366210938,106.45999908447266,105.9800033569336,106.2300033569336,60.62118148803711,1091800.0
2010-04-19,106.36000061035156,106.36000061035156,105.95999908447266,105.95999908447266,60.46714782714844,643900.0
2010-04-20,106.16999816894533,106.20999908447266,106.0199966430664,106.19000244140624,60.59835433959961,923200.0
2010-04-21,106.4800033569336,106.72000122070312,106.2699966430664,106.55999755859376,60.809513092041016,646600.0
2010-04-22,106.55999755859376,106.75,106.3000030517578,106.31999969482422,60.67254638671875,248000.0
2010-04-23,106.2699966430664,106.37999725341795,106.16000366210938,106.3000030517578,60.6611557006836,327400.0
2010-04-26,106.4800033569336,106.55999755859376,106.20999908447266,106.3499984741211,60.68969345092773,839900.0
2010-04-27,106.58000183105467,106.93000030517578,106.25,106.41999816894533,60.72959899902344,590500.0
2010-04-28,106.33999633789062,106.8499984741211,106.25,106.5999984741211,60.83235931396485,1670600.0
2010-04-29,106.86000061035156,106.9499969482422,106.62999725341795,106.87000274658205,60.9864387512207,1102600.0
2010-04-30,107.0,107.54000091552734,106.87000274658205,107.30999755859376,61.23748397827149,1031700.0
2010-05-03,106.91000366210938,106.9499969482422,106.68000030517578,106.88999938964844,61.255859375,495800.0
2010-05-04,107.05999755859376,107.3499984741211,106.9499969482422,107.0199966430664,61.330345153808594,844700.0
2010-05-05,107.01000213623048,107.19000244140624,106.12999725341795,106.55999755859376,61.066741943359375,1288500.0
2010-05-06,106.3499984741211,106.61000061035156,102.47000122070312,104.8000030517578,60.058135986328125,1687800.0
2010-05-07,105.58999633789062,106.12000274658205,104.83000183105467,105.13999938964844,60.2529411315918,1758600.0
2010-05-10,105.4000015258789,105.97000122070312,105.4000015258789,105.8000030517578,60.63123321533203,1275900.0
2010-05-11,105.6999969482422,105.95999908447266,105.37000274658205,105.91000366210938,60.6942138671875,997500.0
2010-05-12,105.77999877929688,106.04000091552734,105.5999984741211,105.87000274658205,60.67131042480469,1034900.0
2010-05-13,106.19000244140624,106.2300033569336,105.70999908447266,106.18000030517578,60.848968505859375,585100.0
2010-05-14,106.33999633789062,106.68000030517578,105.97000122070312,106.1500015258789,60.83172607421875,575700.0
2010-05-17,106.5199966430664,106.79000091552734,106.0,106.33000183105467,60.93491363525391,877200.0
2010-05-18,106.66000366210938,106.9000015258789,106.29000091552734,106.66999816894533,61.129764556884766,582100.0
2010-05-19,106.41000366210938,107.0,106.41000366210938,106.7300033569336,61.16416931152344,503300.0
2010-05-20,106.8000030517578,106.93000030517578,106.26000213623048,106.48999786376952,61.0266227722168,1009400.0
2010-05-21,106.55999755859376,106.66000366210938,105.93000030517578,106.30999755859376,60.92339706420898,1775500.0
2010-05-24,106.36000061035156,106.68000030517578,106.3499984741211,106.58999633789062,61.08390045166016,717800.0
2010-05-25,106.41999816894533,106.4800033569336,105.95999908447266,106.08000183105467,60.79161834716797,901500.0
2010-05-26,106.13999938964844,106.1999969482422,105.76000213623048,106.1500015258789,60.83172607421875,562000.0
2010-05-27,105.7300033569336,105.73999786376952,105.37999725341795,105.5999984741211,60.51660537719727,767600.0
2010-05-28,105.79000091552734,106.02999877929688,105.4000015258789,105.45999908447266,60.436370849609375,1042200.0
2010-06-01,105.02999877929688,105.33000183105467,104.87000274658205,104.93000030517578,60.386260986328125,782400.0
2010-06-02,104.93000030517578,105.3000030517578,104.93000030517578,105.3000030517578,60.59922409057617,521000.0
2010-06-03,105.2699966430664,105.5500030517578,104.95999908447266,104.95999908447266,60.403541564941406,1017000.0
2010-06-04,105.22000122070312,105.66000366210938,105.0999984741211,105.5999984741211,60.77190399169922,745200.0
2010-06-07,105.5,106.12999725341795,105.5,106.04000091552734,61.02505874633789,551500.0
2010-06-08,105.9800033569336,106.2699966430664,105.76000213623048,106.04000091552734,61.02505874633789,953500.0
2010-06-09,105.88999938964844,106.2300033569336,105.66000366210938,106.08000183105467,61.048099517822266,526900.0
2010-06-10,105.73999786376952,105.9499969482422,105.45999908447266,105.63999938964844,60.79489135742188,1037200.0
2010-06-11,105.88999938964844,106.08000183105467,105.62000274658205,106.02999877929688,61.01933670043945,483100.0
2010-06-14,105.66999816894533,105.83000183105467,105.44000244140624,105.83000183105467,60.9041862487793,712900.0
2010-06-15,105.87000274658205,105.91999816894533,105.5199966430664,105.6999969482422,60.8293571472168,663100.0
2010-06-16,105.83999633789062,105.9000015258789,105.5500030517578,105.80999755859376,60.89273071289063,568000.0
2010-06-17,106.1500015258789,106.58999633789062,106.0,106.51000213623048,61.29556274414063,1487500.0
2010-06-18,106.52999877929688,106.66999816894533,106.36000061035156,106.5,61.289833068847656,726300.0
2010-06-21,106.33000183105467,106.79000091552734,106.26000213623048,106.7699966430664,61.44515609741211,686300.0
2010-06-22,106.63999938964844,107.33000183105467,106.61000061035156,107.29000091552734,61.74445343017578,657000.0
2010-06-23,107.13999938964844,107.79000091552734,107.12999725341795,107.73999786376952,62.00339126586914,1105800.0
2010-06-24,107.77999877929688,107.83000183105467,107.25,107.30999755859376,61.7559814453125,743000.0
2010-06-25,107.31999969482422,107.73999786376952,107.20999908447266,107.48999786376952,61.85953140258789,485000.0
2010-06-28,107.9000015258789,108.12000274658205,107.7300033569336,108.08000183105467,62.1990852355957,772700.0
2010-06-29,108.26000213623048,108.26000213623048,107.94000244140624,108.02999877929688,62.17032623291016,1007200.0
2010-06-30,108.2300033569336,108.45999908447266,108.18000030517578,108.45999908447266,62.41777420043945,850800.0
2010-07-01,108.16000366210938,108.45999908447266,108.01000213623048,108.13999938964844,62.48711395263672,1478700.0
2010-07-02,108.1500015258789,108.22000122070312,107.7699966430664,107.83000183105467,62.307987213134766,600400.0
2010-07-06,108.1999969482422,108.5999984741211,108.0,108.27999877929688,62.5679817199707,993400.0
2010-07-07,108.22000122070312,108.54000091552734,108.20999908447266,108.3499984741211,62.6084213256836,634100.0
2010-07-08,108.12000274658205,108.1500015258789,107.87000274658205,108.08000183105467,62.45244216918945,738200.0
2010-07-09,108.08000183105467,108.12000274658205,107.86000061035156,107.9499969482422,62.377323150634766,530000.0
2010-07-12,108.16999816894533,108.26000213623048,107.94000244140624,108.08000183105467,62.45244216918945,585100.0
2010-07-13,108.1999969482422,108.3000030517578,107.95999908447266,108.13999938964844,62.48711395263672,709000.0
2010-07-14,108.2300033569336,108.72000122070312,108.1999969482422,108.62000274658205,62.76448822021485,1880300.0
2010-07-15,108.62000274658205,108.91999816894533,108.62000274658205,108.80999755859376,62.874267578125,1038800.0
2010-07-16,108.98999786376952,109.37000274658205,108.88999938964844,109.0,62.984012603759766,814100.0
2010-07-19,108.95999908447266,109.13999938964844,108.87999725341795,108.9800033569336,62.97247695922852,580700.0
2010-07-20,108.95999908447266,109.37000274658205,108.95999908447266,109.0999984741211,63.04185485839844,1052100.0
2010-07-21,108.98999786376952,109.62999725341795,108.94000244140624,109.62999725341795,63.34807968139648,779400.0
2010-07-22,109.66000366210938,109.68000030517578,109.18000030517578,109.48999786376952,63.26713562011719,827300.0
2010-07-23,109.66000366210938,109.69000244140624,109.37000274658205,109.62999725341795,63.34807968139648,675800.0
2010-07-26,109.47000122070312,109.75,109.3499984741211,109.7300033569336,63.4058723449707,538000.0
2010-07-27,109.51000213623048,109.8000030517578,109.36000061035156,109.36000061035156,63.19210433959961,1108600.0
2010-07-28,109.58999633789062,109.7699966430664,109.23999786376952,109.75,63.41740798950195,777600.0
2010-07-29,109.66000366210938,109.9000015258789,109.54000091552734,109.79000091552734,63.44053649902344,513000.0
2010-07-30,110.02999877929688,110.41999816894533,110.02999877929688,110.3000030517578,63.73525619506836,796300.0
2010-08-02,109.91000366210938,109.9499969482422,109.55999755859376,109.62999725341795,63.600059509277344,764100.0
2010-08-03,109.9000015258789,110.04000091552734,109.6999969482422,109.9000015258789,63.75664520263672,1060700.0
2010-08-04,109.83000183105467,109.9499969482422,109.5500030517578,109.55999755859376,63.559417724609375,859900.0
2010-08-05,109.69000244140624,109.88999938964844,109.58999633789062,109.76000213623048,63.67548751831055,1093400.0
2010-08-06,110.19000244140624,110.4800033569336,110.05999755859376,110.38999938964844,64.04093933105469,685700.0
2010-08-09,110.45999908447266,110.77999877929688,110.3000030517578,110.75,64.24982452392578,844400.0
2010-08-10,110.5999984741211,110.7300033569336,110.37999725341795,110.61000061035156,64.16859436035156,1260100.0
2010-08-11,110.62999725341795,110.94000244140624,110.54000091552734,110.5999984741211,64.16279602050781,934600.0
2010-08-12,110.54000091552734,110.6999969482422,110.18000030517578,110.20999908447266,63.93652725219727,1427100.0
2010-08-13,110.38999938964844,110.77999877929688,110.33999633789062,110.63999938964844,64.18599700927734,894800.0
2010-08-16,111.27999877929688,111.97000122070312,111.27999877929688,111.86000061035156,64.89379119873047,786200.0
2010-08-17,111.9000015258789,111.9800033569336,111.47000122070312,111.68000030517578,64.78935241699219,799600.0
2010-08-18,111.79000091552734,111.98999786376952,111.5999984741211,111.77999877929688,64.84737396240234,1889200.0
2010-08-19,111.58999633789062,112.37999725341795,111.58000183105467,111.9000015258789,64.9169692993164,1439500.0
2010-08-20,111.8499984741211,112.25,111.8000030517578,112.0999984741211,65.03302764892578,1402000.0
2010-08-23,111.98999786376952,112.36000061035156,111.83000183105467,112.33999633789062,65.1722412109375,549100.0
2010-08-24,112.61000061035156,112.8000030517578,112.3499984741211,112.5999984741211,65.32304382324219,826000.0
2010-08-25,113.0,113.0,112.4000015258789,112.80999755859376,65.44490051269531,1820000.0
2010-08-26,112.75,112.95999908447266,112.58000183105467,112.91000366210938,65.50286102294922,703600.0
2010-08-27,112.72000122070312,112.91000366210938,111.81999969482422,111.88999938964844,64.91114807128906,1642300.0
2010-08-30,112.45999908447266,112.72000122070312,111.9800033569336,112.62000274658205,65.33470153808594,1574500.0
2010-08-31,112.66000366210938,113.0500030517578,112.4000015258789,113.0,65.55509185791016,1450700.0
2010-09-01,112.3499984741211,112.38999938964844,111.4499969482422,111.7300033569336,65.06253051757812,2395600.0
2010-09-02,111.47000122070312,111.66999816894533,111.33000183105467,111.58999633789062,64.98091888427734,1243900.0
2010-09-03,110.72000122070312,111.1500015258789,110.66999816894533,110.75,64.49177551269531,1184800.0
2010-09-07,111.58999633789062,111.73999786376952,111.0,111.56999969482422,64.96928405761719,1128300.0
2010-09-08,111.4800033569336,111.5,111.1999969482422,111.3499984741211,64.84120178222656,556200.0
2010-09-09,111.18000030517578,111.1999969482422,110.55999755859376,110.7699966430664,64.5033950805664,967700.0
2010-09-10,110.51000213623048,110.94000244140624,110.41999816894533,110.8499984741211,64.5500259399414,1105900.0
2010-09-13,110.83000183105467,111.3000030517578,110.75,111.0,64.6373519897461,987900.0
2010-09-14,111.1999969482422,111.5999984741211,111.12999725341795,111.5199966430664,64.94017028808594,1846500.0
2010-09-15,111.33999633789062,111.55999755859376,111.1999969482422,111.33999633789062,64.83537292480469,983200.0
2010-09-16,111.04000091552734,111.0500030517578,110.70999908447266,110.98999786376952,64.63156127929688,1382000.0
2010-09-17,111.33999633789062,111.45999908447266,111.04000091552734,111.3499984741211,64.84120178222656,2647200.0
2010-09-20,111.48999786376952,111.58999633789062,111.30999755859376,111.48999786376952,64.9227294921875,775000.0
2010-09-21,111.62000274658205,112.4800033569336,111.5999984741211,112.33999633789062,65.41769409179688,1416600.0
2010-09-22,112.4499969482422,112.58999633789062,112.18000030517578,112.2699966430664,65.37691497802734,851200.0
2010-09-23,112.68000030517578,112.6999969482422,112.2699966430664,112.3499984741211,65.42349243164062,594200.0
2010-09-24,112.33999633789062,112.33999633789062,112.01000213623048,112.0999984741211,65.2779312133789,1064700.0
2010-09-27,112.52999877929688,112.75,112.41000366210938,112.68000030517578,65.61568450927734,770900.0
2010-09-28,112.68000030517578,113.19000244140624,112.61000061035156,112.87999725341795,65.73217010498047,595900.0
2010-09-29,112.91999816894533,112.98999786376952,112.68000030517578,112.7699966430664,65.66807556152344,751900.0
2010-09-30,112.76000213623048,113.1500015258789,112.1999969482422,113.08999633789062,65.85445404052734,1089800.0
2010-10-01,112.36000061035156,112.54000091552734,108.9800033569336,112.11000061035156,65.53522491455078,3916600.0
2010-10-04,112.12000274658205,112.36000061035156,112.12000274658205,112.29000091552734,65.64047241210938,847300.0
2010-10-05,112.58999633789062,112.72000122070312,112.37999725341795,112.5199966430664,65.77495574951172,1236000.0
2010-10-06,113.12999725341795,113.9800033569336,113.06999969482422,113.25,66.2016830444336,1457100.0
2010-10-07,113.43000030517578,113.48999786376952,113.16999816894533,113.22000122070312,66.18415832519531,713800.0
2010-10-08,113.5,113.58999633789062,113.06999969482422,113.11000061035156,66.11981201171875,1160400.0
2010-10-11,113.08999633789062,113.4000015258789,113.06999969482422,113.20999908447266,66.1782455444336,460300.0
2010-10-12,113.27999877929688,113.48999786376952,112.95999908447266,113.04000091552734,66.07890319824219,748800.0
2010-10-13,112.93000030517578,113.18000030517578,112.6999969482422,112.9800033569336,66.04383850097656,996600.0
2010-10-14,112.83999633789062,112.9499969482422,112.0500030517578,112.06999969482422,65.51187133789062,1236100.0
2010-10-15,111.68000030517578,111.97000122070312,111.36000061035156,111.36000061035156,65.0967788696289,1287700.0
2010-10-18,111.79000091552734,112.1500015258789,111.76000213623048,112.12999725341795,65.54698944091797,662600.0
2010-10-19,111.79000091552734,112.37999725341795,111.73999786376952,112.13999938964844,65.5527572631836,685300.0
2010-10-20,112.19000244140624,112.62000274658205,111.91000366210938,112.33999633789062,65.66973114013672,632700.0
2010-10-21,112.29000091552734,112.56999969482422,112.04000091552734,112.04000091552734,65.49435424804688,841200.0
2010-10-22,112.08999633789062,112.33999633789062,112.0,112.18000030517578,65.57614135742188,640000.0
2010-10-25,112.81999969482422,112.91000366210938,112.5500030517578,112.58000183105467,65.81002807617188,716400.0
2010-10-26,112.16000366210938,112.44000244140624,111.9800033569336,111.9800033569336,65.45924377441406,598800.0
2010-10-27,111.66999816894533,111.91999816894533,111.66000366210938,111.69000244140624,65.28971099853516,1751000.0
2010-10-28,111.98999786376952,112.33999633789062,111.91000366210938,112.13999938964844,65.5527572631836,1264500.0
2010-10-29,112.16000366210938,112.5,112.12000274658205,112.36000061035156,65.681396484375,583800.0
2010-11-01,112.08000183105467,112.56999969482422,111.7699966430664,111.88999938964844,65.65910339355469,865500.0
2010-11-02,112.08000183105467,112.45999908447266,112.08000183105467,112.41000366210938,65.9642333984375,555600.0
2010-11-03,112.61000061035156,112.9000015258789,111.8000030517578,112.04000091552734,65.74713134765625,932000.0
2010-11-04,112.58000183105467,113.19000244140624,112.58000183105467,113.0999984741211,66.36915588378906,990300.0
2010-11-05,112.87000274658205,113.02999877929688,112.61000061035156,112.73999786376952,66.15795135498047,455800.0
2010-11-08,112.8499984741211,112.9800033569336,112.56999969482422,112.8000030517578,66.19305419921875,432500.0
2010-11-09,112.91000366210938,112.91999816894533,111.91000366210938,111.95999908447266,65.70016479492188,1438900.0
2010-11-10,111.62999725341795,111.93000030517578,110.80999755859376,111.72000122070312,65.5593032836914,1169900.0
2010-11-11,111.6999969482422,111.75,111.22000122070312,111.2300033569336,65.27178955078125,778500.0
2010-11-12,111.0999984741211,111.25,110.41999816894533,110.4499969482422,64.8141098022461,1351700.0
2010-11-15,110.05999755859376,110.27999877929688,109.23999786376952,109.23999786376952,64.10397338867188,1294100.0
2010-11-16,109.5,109.9000015258789,109.0199966430664,109.81999969482422,64.44439697265625,2219600.0
2010-11-17,109.91000366210938,110.37000274658205,109.7699966430664,109.81999969482422,64.44439697265625,1237000.0
2010-11-18,109.93000030517578,110.08000183105467,109.4800033569336,109.9000015258789,64.49130249023438,1001200.0
2010-11-19,110.06999969482422,110.36000061035156,109.9000015258789,110.27999877929688,64.71431732177734,676400.0
2010-11-22,110.5,110.91000366210938,110.5,110.88999938964844,65.07231903076172,759800.0
2010-11-23,111.16000366210938,111.19000244140624,110.75,110.9499969482422,65.1075210571289,749200.0
2010-11-24,110.44000244140624,110.45999908447266,109.86000061035156,110.04000091552734,64.57350158691406,644500.0
2010-11-26,110.18000030517578,110.33999633789062,109.95999908447266,110.18000030517578,64.65559387207031,233400.0
2010-11-29,110.31999969482422,110.5,110.19000244140624,110.29000091552734,64.72017669677734,494600.0
2010-11-30,110.5999984741211,110.73999786376952,110.08000183105467,110.12000274658205,64.62041473388672,1324500.0
2010-12-01,109.4000015258789,109.55999755859376,109.06999969482422,109.4499969482422,64.47669219970703,1473400.0
2010-12-02,109.11000061035156,109.48999786376952,108.91999816894533,109.20999908447266,64.33528900146484,1011600.0
2010-12-03,109.43000030517578,109.66999816894533,108.86000061035156,108.9000015258789,64.15267944335938,1391800.0
2010-12-06,109.41000366210938,109.66000366210938,109.30999755859376,109.66000366210938,64.60037994384766,670700.0
2010-12-07,109.1500015258789,109.3499984741211,108.27999877929688,108.63999938964844,63.99951171875,1302200.0
2010-12-08,108.25,108.2699966430664,107.2300033569336,107.94000244140624,63.58713912963867,3831100.0
2010-12-09,108.05999755859376,108.4000015258789,107.77999877929688,108.1999969482422,63.74028778076172,1967300.0
2010-12-10,107.9499969482422,108.23999786376952,107.56999969482422,107.6999969482422,63.44575500488281,1335200.0
2010-12-13,107.61000061035156,108.37999725341795,107.56999969482422,108.0999984741211,63.681400299072266,1670200.0
2010-12-14,107.6500015258789,107.93000030517578,107.01000213623048,107.44000244140624,63.29258346557617,1976500.0
2010-12-15,107.62000274658205,107.81999969482422,106.68000030517578,106.7699966430664,62.89793014526367,2601900.0
2010-12-16,106.69000244140624,107.33999633789062,106.33999633789062,107.29000091552734,63.20424270629883,1892500.0
2010-12-17,107.37000274658205,108.31999969482422,107.36000061035156,108.2699966430664,63.78154373168945,1678700.0
2010-12-20,108.41999816894533,108.63999938964844,108.05999755859376,108.1999969482422,63.74028778076172,1438200.0
2010-12-21,108.33999633789062,108.47000122070312,107.93000030517578,108.43000030517578,63.87577819824219,985200.0
2010-12-22,108.48999786376952,108.55999755859376,108.1999969482422,108.33999633789062,63.82281875610352,749800.0
2010-12-23,108.22000122070312,108.38999938964844,108.08999633789062,108.38999938964844,63.8521728515625,861300.0
2010-12-27,108.12999725341795,108.69000244140624,107.97000122070312,108.5999984741211,63.97593688964844,781400.0
2010-12-28,108.0999984741211,108.19000244140624,107.22000122070312,107.30999755859376,63.46613693237305,584800.0
2010-12-29,107.23999786376952,108.4000015258789,107.16999816894533,108.12000274658205,63.9451904296875,1031600.0
2010-12-30,107.97000122070312,108.20999908447266,107.69000244140624,108.16999816894533,63.97476577758789,562900.0
2010-12-31,108.25,108.75,108.25,108.44000244140624,64.13443756103516,914800.0
2011-01-03,108.22000122070312,108.88999938964844,108.05999755859376,108.86000061035156,64.38285064697266,2447900.0
2011-01-04,108.9800033569336,109.19000244140624,108.75,109.0,64.46566772460938,962500.0
2011-01-05,108.51000213623048,108.58000183105467,108.0,108.1999969482422,63.99253463745117,1209200.0
2011-01-06,108.31999969482422,108.63999938964844,108.1999969482422,108.36000061035156,64.08714294433594,1089700.0
2011-01-07,108.26000213623048,109.05999755859376,108.1999969482422,108.91000366210938,64.41242980957031,1118600.0
2011-01-10,108.77999877929688,109.1999969482422,108.77999877929688,109.0999984741211,64.52479553222656,909200.0
2011-01-11,108.9000015258789,109.16999816894533,108.58000183105467,109.0500030517578,64.49524688720703,845000.0
2011-01-12,108.80999755859376,109.0199966430664,108.66999816894533,108.9800033569336,64.45387268066406,1291600.0
2011-01-13,108.8499984741211,109.45999908447266,108.7699966430664,109.4499969482422,64.7317886352539,971000.0
2011-01-14,109.38999938964844,109.43000030517578,108.88999938964844,108.93000030517578,64.42426300048828,1629900.0
2011-01-18,108.8000030517578,109.08000183105467,108.4000015258789,108.87000274658205,64.3887710571289,1422700.0
2011-01-19,108.83000183105467,108.97000122070312,108.68000030517578,108.79000091552734,64.3414535522461,1685300.0
2011-01-20,108.58000183105467,108.75,107.6999969482422,108.31999969482422,64.06348419189453,1699200.0
2011-01-21,108.18000030517578,108.5500030517578,108.13999938964844,108.4800033569336,64.15808868408203,1056600.0
2011-01-24,108.5500030517578,108.81999969482422,108.45999908447266,108.52999877929688,64.18770599365234,727200.0
2011-01-25,108.81999969482422,109.18000030517578,108.41999816894533,109.06999969482422,64.50712585449219,1302200.0
2011-01-26,108.83000183105467,108.98999786376952,108.45999908447266,108.45999908447266,64.14623260498047,1647100.0
2011-01-27,108.5,108.79000091552734,108.33999633789062,108.63999938964844,64.25276184082031,1094300.0
2011-01-28,108.37000274658205,109.0199966430664,108.33999633789062,108.77999877929688,64.33555603027344,1388100.0
2011-01-31,108.72000122070312,109.0,108.44000244140624,108.4800033569336,64.15808868408203,1849900.0
2011-02-01,107.95999908447266,108.11000061035156,107.72000122070312,107.91000366210938,64.07320404052734,989200.0
2011-02-02,108.12000274658205,108.1500015258789,107.55999755859376,107.6999969482422,63.9484977722168,1975700.0
2011-02-03,107.51000213623048,107.7699966430664,107.41999816894533,107.44000244140624,63.79413604736328,1645800.0
2011-02-04,107.3000030517578,107.44000244140624,106.87999725341795,107.11000061035156,63.59821319580078,1367700.0
2011-02-07,106.93000030517578,107.3499984741211,106.87999725341795,107.2300033569336,63.669464111328125,1709500.0
2011-02-08,107.26000213623048,107.47000122070312,106.79000091552734,106.83999633789062,63.4378547668457,1263200.0
2011-02-09,106.9499969482422,107.66000366210938,106.81999969482422,107.52999877929688,63.84757995605469,2124900.0
2011-02-10,107.1999969482422,107.38999938964844,106.94000244140624,107.0,63.53290939331055,690600.0
2011-02-11,107.3499984741211,107.66000366210938,107.2300033569336,107.58999633789062,63.883209228515625,817300.0
2011-02-14,107.33000183105467,107.86000061035156,107.33000183105467,107.66000366210938,63.92475891113281,785400.0
2011-02-15,107.69000244140624,107.9000015258789,107.52999877929688,107.9000015258789,64.0672607421875,621800.0
2011-02-16,107.88999938964844,108.16999816894533,107.6500015258789,107.7699966430664,63.99008560180664,1892600.0
2011-02-17,108.12000274658205,108.1999969482422,107.9000015258789,107.97000122070312,64.10881042480469,585600.0
2011-02-18,107.70999908447266,108.12999725341795,107.66000366210938,108.12999725341795,64.20384216308594,505900.0
2011-02-22,107.98999786376952,108.68000030517578,107.98999786376952,108.43000030517578,64.38195037841797,1225300.0
2011-02-23,108.6500015258789,108.75,108.25,108.3000030517578,64.3047866821289,1293600.0
2011-02-24,108.58999633789062,108.75,108.36000061035156,108.41999816894533,64.37599182128906,718900.0
2011-02-25,108.70999908447266,108.95999908447266,108.54000091552734,108.93000030517578,64.6788558959961,722900.0
2011-02-28,108.94000244140624,109.22000122070312,108.94000244140624,109.22000122070312,64.85099792480469,718600.0
2011-03-01,108.43000030517578,108.8000030517578,108.37999725341795,108.79000091552734,64.85222625732422,1332300.0
2011-03-02,108.68000030517578,108.81999969482422,108.20999908447266,108.20999908447266,64.5064926147461,837100.0
2011-03-03,108.08000183105467,108.1500015258789,107.69000244140624,107.75,64.23229217529297,1024200.0
2011-03-04,107.8499984741211,108.2699966430664,107.81999969482422,108.16000366210938,64.47669219970703,1385200.0
2011-03-07,107.73999786376952,108.27999877929688,107.73999786376952,107.88999938964844,64.31568908691406,451800.0
2011-03-08,107.91999816894533,108.01000213623048,107.66000366210938,107.75,64.23229217529297,745900.0
2011-03-09,107.9000015258789,108.38999938964844,107.8000030517578,108.30999755859376,64.56616973876953,1745300.0
2011-03-10,108.5,108.83999633789062,108.12999725341795,108.75,64.82843017578125,965400.0
2011-03-11,108.70999908447266,109.0,108.52999877929688,108.6500015258789,64.7687759399414,1541500.0
2011-03-14,108.94000244140624,109.0999984741211,108.6999969482422,108.7699966430664,64.84030151367188,1095700.0
2011-03-15,109.02999877929688,109.06999969482422,108.62000274658205,108.76000213623048,64.83432006835938,1659400.0
2011-03-16,109.26000213623048,109.98999786376952,109.05999755859376,109.41000366210938,65.2218246459961,2000100.0
2011-03-17,109.06999969482422,109.45999908447266,108.97000122070312,109.33999633789062,65.18009185791016,1117800.0
2011-03-18,108.94000244140624,109.48999786376952,108.93000030517578,109.41000366210938,65.2218246459961,693500.0
2011-03-21,109.0999984741211,109.36000061035156,108.94000244140624,109.05999755859376,65.01317596435547,870400.0
2011-03-22,108.83000183105467,109.29000091552734,108.83000183105467,109.26000213623048,65.13240051269531,463300.0
2011-03-23,109.4000015258789,109.4800033569336,109.0,109.19000244140624,65.09068298339844,537800.0
2011-03-24,109.08999633789062,109.13999938964844,108.77999877929688,108.83000183105467,64.87606048583984,516800.0
2011-03-25,108.87000274658205,109.08000183105467,108.5500030517578,108.66999816894533,64.7807388305664,420200.0
2011-03-28,108.5,108.86000061035156,108.36000061035156,108.70999908447266,64.80452728271484,573000.0
2011-03-29,108.4000015258789,108.73999786376952,108.12000274658205,108.18000030517578,64.48857879638672,625000.0
2011-03-30,108.1999969482422,108.5500030517578,108.19000244140624,108.5500030517578,64.7091293334961,754700.0
2011-03-31,108.61000061035156,108.61000061035156,108.11000061035156,108.1999969482422,64.50052642822266,832900.0
2011-04-01,107.76000213623048,108.38999938964844,107.5199966430664,108.27999877929688,64.80516052246094,2873600.0
2011-04-04,108.3000030517578,108.63999938964844,108.3000030517578,108.52999877929688,64.95478820800781,767300.0
2011-04-05,108.61000061035156,108.61000061035156,108.25,108.58999633789062,64.9906997680664,1901800.0
2011-04-06,108.55999755859376,108.56999969482422,108.18000030517578,108.23999786376952,64.78119659423828,1253300.0
2011-04-07,108.3000030517578,108.33999633789062,108.0,108.08000183105467,64.68548583984375,641400.0
2011-04-08,108.0,108.2300033569336,107.9000015258789,108.0199966430664,64.6495590209961,572200.0
2011-04-11,107.9000015258789,108.18000030517578,107.9000015258789,108.02999877929688,64.65554809570312,667500.0
2011-04-12,108.43000030517578,108.58000183105467,108.25,108.41000366210938,64.8829574584961,625100.0
2011-04-13,108.23999786376952,108.66999816894533,108.23999786376952,108.5999984741211,64.9967041015625,673700.0
2011-04-14,108.76000213623048,108.76000213623048,108.26000213623048,108.33000183105467,64.83502197265625,1076400.0
2011-04-15,108.7300033569336,109.0,108.7300033569336,108.9000015258789,65.17622375488281,662600.0
2011-04-18,108.80999755859376,109.16000366210938,108.55999755859376,109.0500030517578,65.26604461669922,822800.0
2011-04-19,109.19000244140624,109.44000244140624,109.08000183105467,109.27999877929688,65.40367126464844,467300.0
2011-04-20,109.41000366210938,109.43000030517578,109.20999908447266,109.33000183105467,65.43358612060547,515400.0
2011-04-21,109.37999725341795,109.6999969482422,109.26000213623048,109.43000030517578,65.49344635009766,624800.0
2011-04-25,109.41000366210938,109.61000061035156,109.33999633789062,109.54000091552734,65.55917358398438,687000.0
2011-04-26,109.62000274658205,110.08000183105467,109.61000061035156,110.0500030517578,65.8644790649414,953600.0
2011-04-27,109.8499984741211,110.0,109.68000030517578,109.91000366210938,65.78073120117188,716100.0
2011-04-28,109.9499969482422,110.29000091552734,109.8499984741211,110.26000213623048,65.99018859863281,508700.0
2011-04-29,110.19000244140624,110.4800033569336,110.16000366210938,110.47000122070312,66.11588287353516,756000.0
2011-05-02,110.0500030517578,110.43000030517578,109.95999908447266,110.3000030517578,66.27027893066406,1771000.0
2011-05-03,110.33000183105467,110.4000015258789,110.08999633789062,110.25,66.24028778076172,661300.0
2011-05-04,110.45999908447266,110.58999633789062,110.30999755859376,110.41000366210938,66.33638000488281,720600.0
2011-05-05,110.51000213623048,110.87999725341795,110.51000213623048,110.79000091552734,66.56468963623047,771600.0
2011-05-06,110.55999755859376,111.02999877929688,110.41999816894533,110.79000091552734,66.56468963623047,857100.0
2011-05-09,110.80999755859376,111.0,110.7300033569336,110.9000015258789,66.63081359863281,485200.0
2011-05-10,110.8000030517578,110.83000183105467,110.4000015258789,110.4499969482422,66.36038208007812,974700.0
2011-05-11,110.4499969482422,110.7699966430664,110.30999755859376,110.62999725341795,66.46851348876953,538900.0
2011-05-12,110.56999969482422,110.6999969482422,110.18000030517578,110.37000274658205,66.31233215332031,595000.0
2011-05-13,110.63999938964844,110.93000030517578,110.5500030517578,110.6999969482422,66.51062774658203,1062900.0
2011-05-16,110.63999938964844,111.08000183105467,110.5999984741211,111.0199966430664,66.70286560058594,614900.0
2011-05-17,111.0500030517578,111.3499984741211,110.98999786376952,111.16999816894533,66.7929916381836,1227800.0
2011-05-18,111.23999786376952,111.36000061035156,110.87000274658205,110.88999938964844,66.62474822998047,477800.0
2011-05-19,110.58999633789062,111.0999984741211,110.5,111.08000183105467,66.7388916015625,430800.0
2011-05-20,110.95999908447266,111.08999633789062,110.8000030517578,111.0,66.69084167480469,585600.0
2011-05-23,111.29000091552734,111.3499984741211,110.9000015258789,110.93000030517578,66.6487808227539,1200000.0
2011-05-24,110.86000061035156,111.19000244140624,110.80999755859376,111.06999969482422,66.73289489746094,590500.0
2011-05-25,111.22000122070312,111.22000122070312,110.77999877929688,110.8499984741211,66.60073852539062,675300.0
2011-05-26,111.0999984741211,111.33999633789062,110.9800033569336,111.33000183105467,66.88909149169922,1042600.0
2011-05-27,111.12000274658205,111.4499969482422,111.11000061035156,111.4499969482422,66.9612045288086,510300.0
2011-05-31,111.43000030517578,111.58000183105467,111.3000030517578,111.44000244140624,66.95515441894531,1022400.0
2011-06-01,111.37999725341795,111.9000015258789,111.30999755859376,111.56999969482422,67.28990936279297,1467600.0
2011-06-02,111.25,111.25,110.54000091552734,110.55999755859376,66.68079376220703,1448900.0
2011-06-03,111.02999877929688,111.23999786376952,110.52999877929688,110.8000030517578,66.82551574707031,684700.0
2011-06-06,110.52999877929688,110.77999877929688,110.4499969482422,110.61000061035156,66.71092224121094,445500.0
2011-06-07,110.52999877929688,111.02999877929688,110.47000122070312,110.98999786376952,66.94013214111328,405200.0
2011-06-08,111.02999877929688,111.23999786376952,110.91000366210938,111.05999755859376,66.98235321044922,450600.0
2011-06-09,111.1500015258789,111.25,110.55999755859376,110.76000213623048,66.80142974853516,1355700.0
2011-06-10,110.81999969482422,110.98999786376952,110.52999877929688,110.62999725341795,66.72300720214844,1379300.0
2011-06-13,110.58999633789062,110.87000274658205,110.4800033569336,110.75,66.79537200927734,908900.0
2011-06-14,110.41999816894533,110.5500030517578,110.30999755859376,110.41999816894533,66.59635925292969,690200.0
2011-06-15,110.3499984741211,111.0500030517578,110.3000030517578,111.02999877929688,66.9642333984375,1024100.0
2011-06-16,111.0,111.08999633789062,110.7300033569336,110.81999969482422,66.83760833740234,1002000.0
2011-06-17,110.77999877929688,111.0500030517578,110.76000213623048,110.86000061035156,66.8616943359375,556100.0
2011-06-20,110.98999786376952,111.0,110.62000274658205,110.87999725341795,66.87376403808594,619400.0
2011-06-21,110.8499984741211,111.05999755859376,110.6500015258789,110.8499984741211,66.85566711425781,692800.0
2011-06-22,111.08999633789062,111.0999984741211,110.6999969482422,111.0,66.94617462158203,703200.0
2011-06-23,111.05999755859376,111.43000030517578,111.0,111.29000091552734,67.12104034423828,796100.0
2011-06-24,111.30999755859376,111.55999755859376,111.19000244140624,111.3499984741211,67.15723419189453,716900.0
2011-06-27,111.38999938964844,111.41999816894533,110.91000366210938,110.98999786376952,66.94013214111328,995100.0
2011-06-28,110.73999786376952,110.81999969482422,110.12999725341795,110.22000122070312,66.47572326660156,863400.0
2011-06-29,110.19000244140624,110.33999633789062,109.8000030517578,109.97000122070312,66.32496643066406,1041200.0
2011-06-30,110.16999816894533,110.20999908447266,109.56999969482422,110.12999725341795,66.42144012451172,1004100.0
2011-07-01,109.95999908447266,109.95999908447266,109.38999938964844,109.70999908447266,66.42511749267578,1495800.0
2011-07-05,109.72000122070312,110.37999725341795,109.72000122070312,110.0999984741211,66.66116333007812,1116100.0
2011-07-06,110.18000030517578,110.33999633789062,110.01000213623048,110.33000183105467,66.80045318603516,1343800.0
2011-07-07,110.06999969482422,110.43000030517578,110.0,110.36000061035156,66.81864166259766,1463800.0
2011-07-08,110.8000030517578,111.1500015258789,110.51000213623048,111.06999969482422,67.24849700927734,1044300.0
2011-07-11,111.36000061035156,111.5,111.0,111.44000244140624,67.4725112915039,1397100.0
2011-07-12,111.75,111.75,111.33999633789062,111.52999877929688,67.52700805664062,694400.0
2011-07-13,111.66000366210938,111.8499984741211,111.41000366210938,111.80999755859376,67.69652557373047,1014400.0
2011-07-14,111.5999984741211,111.6500015258789,111.06999969482422,111.12000274658205,67.27876281738281,761200.0
2011-07-15,111.06999969482422,111.37999725341795,110.97000122070312,111.37000274658205,67.4301528930664,531400.0
2011-07-18,111.30999755859376,111.33999633789062,110.81999969482422,110.94000244140624,67.16976928710938,1163600.0
2011-07-19,110.9800033569336,111.56999969482422,110.93000030517578,111.4800033569336,67.49668884277344,1230200.0
2011-07-20,111.41999816894533,111.58999633789062,111.12000274658205,111.22000122070312,67.33931732177734,1019800.0
2011-07-21,111.0500030517578,111.26000213623048,110.8499984741211,111.0500030517578,67.23641204833984,931400.0
2011-07-22,111.33000183105467,111.52999877929688,111.18000030517578,111.5,67.50885009765625,1121000.0
2011-07-25,111.0199966430664,111.44000244140624,110.81999969482422,110.97000122070312,67.1879653930664,1166900.0
2011-07-26,111.08999633789062,111.68000030517578,111.08999633789062,111.45999908447266,67.48461151123047,900200.0
2011-07-27,111.31999969482422,111.43000030517578,110.98999786376952,111.12999725341795,67.28483581542969,762400.0
2011-07-28,111.45999908447266,111.52999877929688,111.29000091552734,111.37000274658205,67.4301528930664,890200.0
2011-07-29,111.6999969482422,112.44000244140624,111.54000091552734,112.37000274658205,68.03559875488281,1680200.0
2011-08-01,112.23999786376952,112.83000183105467,112.12999725341795,112.27999877929688,68.23674774169922,2151200.0
2011-08-02,112.58999633789062,113.23999786376952,112.3499984741211,113.22000122070312,68.80806732177734,1427300.0
2011-08-03,113.37000274658205,113.70999908447266,113.1500015258789,113.18000030517578,68.78376007080078,2093400.0
2011-08-04,113.41000366210938,114.16999816894533,113.29000091552734,114.0,69.28205108642578,2160900.0
2011-08-05,113.86000061035156,113.91999816894533,112.37999725341795,112.58999633789062,68.42511749267578,2470900.0
2011-08-08,112.47000122070312,112.47000122070312,111.51000213623048,111.5199966430664,67.77490234375,2548400.0
2011-08-09,111.68000030517578,113.63999938964844,111.5500030517578,112.5199966430664,68.38264465332031,2109000.0
2011-08-10,113.18000030517578,113.73999786376952,112.79000091552734,113.52999877929688,68.99644470214844,1264900.0
2011-08-11,112.1999969482422,113.3000030517578,110.80999755859376,111.1999969482422,67.58042907714844,1858300.0
2011-08-12,111.7699966430664,112.62999725341795,111.5199966430664,112.47000122070312,68.3522720336914,1962400.0
2011-08-15,112.52999877929688,112.80999755859376,112.3000030517578,112.68000030517578,68.47987365722656,1884300.0
2011-08-16,112.5199966430664,113.30999755859376,112.41000366210938,113.08999633789062,68.72904205322266,1692300.0
2011-08-17,113.37999725341795,113.7300033569336,112.9800033569336,113.4000015258789,68.91742706298828,1050200.0
2011-08-18,113.93000030517578,114.0,113.20999908447266,113.5500030517578,69.00860595703125,1358100.0
2011-08-19,113.4499969482422,113.61000061035156,113.18000030517578,113.41000366210938,68.92353057861328,1749300.0
2011-08-22,113.5500030517578,113.6500015258789,112.91000366210938,112.98999786376952,68.66827392578125,1464200.0
2011-08-23,112.45999908447266,112.5,111.4499969482422,111.6999969482422,67.8843002319336,2340100.0
2011-08-24,111.4800033569336,111.62000274658205,110.1999969482422,110.37999725341795,67.08209228515625,1513600.0
2011-08-25,110.91000366210938,111.18000030517578,110.66999816894533,110.98999786376952,67.45274353027344,1480200.0
2011-08-26,111.13999938964844,111.62000274658205,110.88999938964844,111.04000091552734,67.48316192626953,1134400.0
2011-08-29,110.9499969482422,111.47000122070312,110.8499984741211,111.4000015258789,67.70195007324219,1186200.0
2011-08-30,111.7699966430664,112.16000366210938,111.66000366210938,111.98999786376952,68.06055450439453,1420000.0
2011-08-31,112.4499969482422,112.73999786376952,112.1999969482422,112.33000183105467,68.26718139648438,1332700.0
2011-09-01,112.37999725341795,112.55999755859376,111.52999877929688,112.0,68.3177261352539,2821200.0
2011-09-02,112.8000030517578,113.0,112.25,112.69000244140624,68.7386474609375,1386300.0
2011-09-06,112.83999633789062,113.95999908447266,112.51000213623048,113.3499984741211,69.14126586914062,4665100.0
2011-09-07,113.56999969482422,113.81999969482422,113.26000213623048,113.56999969482422,69.27545166015625,826700.0
2011-09-08,113.73999786376952,113.73999786376952,113.1500015258789,113.47000122070312,69.21444702148438,1397100.0
2011-09-09,113.4000015258789,113.9000015258789,113.08000183105467,113.58999633789062,69.28764343261719,1029500.0
2011-09-12,113.0500030517578,113.5199966430664,112.81999969482422,112.9000015258789,68.86677551269531,1749500.0
2011-09-13,112.69000244140624,112.9800033569336,112.5,112.87999725341795,68.85453796386719,1536800.0
2011-09-14,112.68000030517578,113.11000061035156,112.68000030517578,112.83000183105467,68.82403564453125,954900.0
2011-09-15,112.41999816894533,112.62999725341795,112.25,112.44000244140624,68.58617401123047,1326900.0
2011-09-16,112.3000030517578,112.81999969482422,112.3000030517578,112.44000244140624,68.58617401123047,1528700.0
2011-09-19,113.0,113.1999969482422,112.91999816894533,113.05999755859376,68.96437072753906,903300.0
2011-09-20,113.0999984741211,113.31999969482422,113.0,113.11000061035156,68.99484252929688,889200.0
2011-09-21,113.11000061035156,113.5500030517578,112.75,113.37000274658205,69.15343475341797,1006500.0
2011-09-22,113.68000030517578,113.80999755859376,112.9000015258789,113.58999633789062,69.28764343261719,1304000.0
2011-09-23,113.4499969482422,113.5199966430664,112.88999938964844,112.88999938964844,68.86062622070312,686500.0
2011-09-26,112.6999969482422,113.0199966430664,112.4499969482422,112.68000030517578,68.73255920410156,811500.0
2011-09-27,112.1500015258789,112.5500030517578,112.04000091552734,112.31999969482422,68.51299285888672,1298700.0
2011-09-28,112.18000030517578,112.18000030517578,111.66000366210938,111.87000274658205,68.23847961425781,1238500.0
2011-09-29,112.0999984741211,112.2699966430664,111.75,111.75,68.16532135009766,864500.0
2011-09-30,112.33000183105467,112.43000030517578,111.9000015258789,112.30999755859376,68.50686645507812,1483800.0
2011-10-03,112.0199966430664,112.19000244140624,111.69000244140624,112.0999984741211,68.63416290283203,3575400.0
2011-10-04,112.13999938964844,112.1500015258789,110.75,111.12000274658205,68.03421783447266,1753300.0
2011-10-05,111.26000213623048,111.5999984741211,110.69000244140624,111.58000183105467,68.31582641601562,4530500.0
2011-10-06,111.63999938964844,111.81999969482422,111.08000183105467,111.12999725341795,68.04034423828125,1410900.0
2011-10-07,111.1500015258789,111.48999786376952,110.9499969482422,111.02999877929688,67.97911834716797,2117800.0
2011-10-10,111.02999877929688,111.36000061035156,110.6500015258789,111.23999786376952,68.10765838623047,953700.0
2011-10-11,111.54000091552734,111.75,111.13999938964844,111.54000091552734,68.29135131835938,2097300.0
2011-10-12,111.54000091552734,111.87999725341795,111.20999908447266,111.70999908447266,68.39543914794922,1613100.0
2011-10-13,111.9800033569336,112.01000213623048,111.66000366210938,111.80999755859376,68.45665740966797,1494400.0
2011-10-14,111.13999938964844,111.91999816894533,111.08000183105467,111.73999786376952,68.41380310058594,1051900.0
2011-10-17,111.9499969482422,111.9499969482422,111.62999725341795,111.66000366210938,68.36486053466797,979000.0
2011-10-18,111.8499984741211,112.27999877929688,111.8000030517578,112.0500030517578,68.60359954833984,835100.0
2011-10-19,112.27999877929688,112.5,112.0,112.33999633789062,68.78115844726562,1839700.0
2011-10-20,112.3000030517578,112.6500015258789,112.06999969482422,112.58999633789062,68.9341812133789,937600.0
2011-10-21,112.6500015258789,113.0199966430664,112.63999938964844,112.95999908447266,69.1607437133789,850600.0
2011-10-24,113.22000122070312,113.54000091552734,113.1999969482422,113.54000091552734,69.515869140625,1341200.0
2011-10-25,113.4800033569336,114.1999969482422,113.43000030517578,114.0999984741211,69.85872650146484,1546300.0
2011-10-26,114.22000122070312,114.30999755859376,113.7699966430664,114.0199966430664,69.80976104736328,1035800.0
2011-10-27,113.97000122070312,114.63999938964844,113.9000015258789,114.0,69.79749298095703,2364200.0
2011-10-28,114.25,114.72000122070312,114.04000091552734,114.44000244140624,70.06690216064453,2102500.0
2011-10-31,114.63999938964844,114.9499969482422,114.3499984741211,114.6999969482422,70.22606658935547,1548300.0
2011-11-01,114.6999969482422,114.98999786376952,114.36000061035156,114.87000274658205,70.57754516601562,1530900.0
2011-11-02,114.73999786376952,115.31999969482422,114.5999984741211,115.29000091552734,70.83555603027344,1871200.0
2011-11-03,115.16999816894533,115.52999877929688,114.86000061035156,115.3499984741211,70.87246704101562,1868200.0
2011-11-04,115.3000030517578,115.68000030517578,115.0199966430664,115.58000183105467,71.01377868652344,1489300.0
2011-11-07,115.4000015258789,115.68000030517578,115.06999969482422,115.12000274658205,70.73117065429688,757000.0
2011-11-08,115.11000061035156,115.23999786376952,114.37000274658205,114.41000366210938,70.29492950439453,4358700.0
2011-11-09,114.62000274658205,114.87999725341795,114.05999755859376,114.11000061035156,70.11050415039062,1252300.0
2011-11-10,113.77999877929688,113.87000274658205,113.05999755859376,113.54000091552734,69.7603759765625,1487800.0
2011-11-11,113.56999969482422,113.58000183105467,112.9800033569336,113.33999633789062,69.63749694824219,1114200.0
2011-11-14,113.41000366210938,113.61000061035156,113.1999969482422,113.33000183105467,69.63134765625,821400.0
2011-11-15,113.26000213623048,113.5500030517578,113.01000213623048,113.22000122070312,69.56378173828125,1425200.0
2011-11-16,113.37000274658205,113.37000274658205,112.75,112.86000061035156,69.34257507324219,2641800.0
2011-11-17,112.7300033569336,112.93000030517578,111.9000015258789,111.97000122070312,68.79574584960938,4230700.0
2011-11-18,111.97000122070312,112.1999969482422,111.77999877929688,112.1500015258789,68.9063491821289,1280400.0
2011-11-21,112.12000274658205,112.12000274658205,111.58000183105467,111.69000244140624,68.62369537353516,1355300.0
2011-11-22,111.51000213623048,111.72000122070312,111.4000015258789,111.4000015258789,68.44551086425781,1391700.0
2011-11-23,111.1999969482422,111.1999969482422,110.6500015258789,110.83000183105467,68.09532165527344,1796600.0
2011-11-25,110.61000061035156,110.83000183105467,110.33000183105467,110.38999938964844,67.82498931884766,660100.0
2011-11-28,110.12999725341795,110.80999755859376,109.80999755859376,110.44000244140624,67.85569763183594,2416000.0
2011-11-29,110.38999938964844,110.43000030517578,109.93000030517578,110.19000244140624,67.7020492553711,1460500.0
2011-11-30,110.8000030517578,110.9000015258789,110.44000244140624,110.69000244140624,68.00930786132812,1759300.0
2011-12-01,110.3000030517578,110.63999938964844,110.11000061035156,110.55999755859376,68.16710662841797,1661300.0
2011-12-02,110.8499984741211,111.5500030517578,110.56999969482422,111.5,68.7467269897461,1882200.0
2011-12-05,111.5,112.33000183105467,111.4499969482422,112.33000183105467,69.25847625732422,1826300.0
2011-12-06,112.05999755859376,112.37000274658205,111.66999816894533,111.7300033569336,68.8885269165039,1166900.0
2011-12-07,112.16000366210938,112.47000122070312,111.98999786376952,112.43000030517578,69.32012939453125,1560000.0
2011-12-08,112.3000030517578,112.33999633789062,111.95999908447266,112.0500030517578,69.08580780029297,1110300.0
2011-12-09,112.37999725341795,112.44000244140624,111.5,111.62000274658205,68.82073211669922,1018000.0
2011-12-12,111.91000366210938,111.95999908447266,111.47000122070312,111.62999725341795,68.82685852050781,574500.0
2011-12-13,111.68000030517578,112.29000091552734,111.6500015258789,112.01000213623048,69.06112670898438,1206100.0
2011-12-14,112.1500015258789,112.29000091552734,111.9000015258789,112.1999969482422,69.17830657958984,1085400.0
2011-12-15,112.1999969482422,112.5,112.19000244140624,112.37999725341795,69.28927612304688,912600.0
2011-12-16,112.5,113.0500030517578,112.4499969482422,113.01000213623048,69.67769622802734,1464900.0
2011-12-19,113.12999725341795,113.48999786376952,112.87000274658205,113.41000366210938,69.9243392944336,1061800.0
2011-12-20,113.31999969482422,113.58000183105467,113.1999969482422,113.33000183105467,69.87501525878906,1127900.0
2011-12-21,113.37999725341795,113.44000244140624,112.8499984741211,112.8499984741211,69.57904815673828,1159500.0
2011-12-22,113.19000244140624,113.5,113.11000061035156,113.44000244140624,69.94287109375,1762800.0
2011-12-23,113.3499984741211,113.3499984741211,112.9499969482422,113.08999633789062,69.72701263427734,830600.0
2011-12-27,112.81999969482422,113.13999938964844,112.43000030517578,113.12999725341795,69.99186706542969,872900.0
2011-12-28,113.27999877929688,113.5,113.0500030517578,113.33999633789062,70.12175750732422,501500.0
2011-12-29,113.48999786376952,113.5,113.0199966430664,113.27999877929688,70.08464050292969,971600.0
2011-12-30,113.4499969482422,113.8499984741211,113.33000183105467,113.76000213623048,70.38160705566406,807100.0
2012-01-03,113.8000030517578,114.0,113.5,113.66999816894533,70.32591247558594,2509400.0
2012-01-04,113.75,113.9499969482422,113.44000244140624,113.76000213623048,70.38160705566406,1641400.0
2012-01-05,113.6999969482422,113.76000213623048,113.1999969482422,113.2699966430664,70.07840728759766,1454800.0
2012-01-06,113.48999786376952,113.81999969482422,113.38999938964844,113.70999908447266,70.35066223144531,781000.0
2012-01-09,113.83000183105467,113.93000030517578,113.54000091552734,113.54000091552734,70.2455062866211,1184400.0
2012-01-10,113.6999969482422,113.91999816894533,113.61000061035156,113.86000061035156,70.44346618652344,1946400.0
2012-01-11,113.88999938964844,114.0500030517578,113.80999755859376,113.83999633789062,70.43111419677734,2382700.0
2012-01-12,114.18000030517578,114.37999725341795,114.01000213623048,114.0999984741211,70.59194946289062,1820800.0
2012-01-13,114.44000244140624,114.81999969482422,114.3499984741211,114.51000213623048,70.84558868408203,3220100.0
2012-01-17,114.77999877929688,114.88999938964844,114.61000061035156,114.86000061035156,71.06218719482422,1689000.0
2012-01-18,115.0,115.04000091552734,114.58999633789062,114.62999725341795,70.91988372802734,1643200.0
2012-01-19,114.7699966430664,114.93000030517578,114.41999816894533,114.5999984741211,70.90129089355469,1268300.0
2012-01-20,114.52999877929688,114.61000061035156,114.20999908447266,114.30999755859376,70.72187042236328,1140300.0
2012-01-23,114.23999786376952,114.4000015258789,114.13999938964844,114.13999938964844,70.6166763305664,1129000.0
2012-01-24,114.23999786376952,114.56999969482422,114.16000366210938,114.5500030517578,70.870361328125,1321300.0
2012-01-25,114.61000061035156,115.52999877929688,114.38999938964844,114.94000244140624,71.11162567138672,1697600.0
2012-01-26,115.62999725341795,115.87000274658205,115.51000213623048,115.83999633789062,71.6684799194336,1342800.0
2012-01-27,115.91000366210938,116.20999908447266,115.75,116.01000213623048,71.77366638183594,1148400.0
2012-01-30,116.4000015258789,116.41000366210938,115.83999633789062,115.86000061035156,71.68082427978516,1325500.0
2012-01-31,116.13999938964844,116.37999725341795,115.9499969482422,116.1999969482422,71.8912124633789,1504000.0
2012-02-01,116.08000183105467,116.31999969482422,115.73999786376952,116.2699966430664,72.17741394042969,3195600.0
2012-02-02,116.27999877929688,116.56999969482422,116.1999969482422,116.51000213623048,72.32637023925781,2860600.0
2012-02-03,116.0999984741211,116.38999938964844,115.9000015258789,116.33999633789062,72.2208480834961,2148400.0
2012-02-06,116.23999786376952,116.83999633789062,116.23999786376952,116.63999938964844,72.40702819824219,1141700.0
2012-02-07,116.44000244140624,116.55999755859376,116.1999969482422,116.41999816894533,72.27044677734375,1061100.0
2012-02-08,116.47000122070312,116.6500015258789,116.31999969482422,116.54000091552734,72.34500122070312,1651200.0
2012-02-09,116.5,116.51000213623048,115.9800033569336,116.16999816894533,72.1152572631836,2439000.0
2012-02-10,116.18000030517578,116.25,115.83000183105467,116.05999755859376,72.04703521728516,1776500.0
2012-02-13,116.5,116.52999877929688,116.29000091552734,116.45999908447266,72.29528045654297,1061300.0
2012-02-14,116.5199966430664,116.73999786376952,116.4000015258789,116.5500030517578,72.35118103027344,1972900.0
2012-02-15,116.6500015258789,116.86000061035156,116.3499984741211,116.38999938964844,72.25186920166016,1025100.0
2012-02-16,116.43000030517578,116.43000030517578,116.0199966430664,116.19000244140624,72.12769317626953,1821400.0
2012-02-17,115.95999908447266,116.13999938964844,115.83000183105467,116.01000213623048,72.01593780517578,1858600.0
2012-02-21,116.16999816894533,116.3000030517578,115.81999969482422,115.81999969482422,71.89804077148438,1887500.0
2012-02-22,116.16999816894533,116.58000183105467,115.94000244140624,116.54000091552734,72.34500122070312,2834500.0
2012-02-23,116.4499969482422,116.72000122070312,116.22000122070312,116.6999969482422,72.44429779052734,1590800.0
2012-02-24,116.83000183105467,116.98999786376952,116.52999877929688,116.79000091552734,72.50015258789062,2175100.0
2012-02-27,117.18000030517578,117.3000030517578,116.97000122070312,117.22000122070312,72.7671127319336,1160200.0
2012-02-28,117.5,117.8000030517578,117.41000366210938,117.58999633789062,72.99677276611328,2136700.0
2012-02-29,117.5999984741211,117.87000274658205,117.4000015258789,117.6999969482422,73.06511688232422,1769800.0
2012-03-01,116.94000244140624,117.19000244140624,116.79000091552734,117.0199966430664,72.89252471923828,2300600.0
2012-03-02,117.02999877929688,117.37000274658205,117.01000213623048,117.05999755859376,72.91746520996094,1880600.0
2012-03-05,117.18000030517578,117.30999755859376,116.69000244140624,116.8499984741211,72.78665161132812,1646400.0
2012-03-06,116.81999969482422,116.91000366210938,116.5,116.66999816894533,72.67451477050781,1682900.0
2012-03-07,116.68000030517578,116.8499984741211,116.5199966430664,116.62000274658205,72.64334106445312,1410400.0
2012-03-08,116.72000122070312,116.83000183105467,116.52999877929688,116.63999938964844,72.65579986572266,1202400.0
2012-03-09,116.52999877929688,116.5999984741211,116.2699966430664,116.58000183105467,72.61845397949219,1659400.0
2012-03-12,116.75,116.77999877929688,116.33999633789062,116.3499984741211,72.47518920898438,2027900.0
2012-03-13,116.2699966430664,116.4000015258789,115.91999816894533,116.02999877929688,72.27587890625,2230100.0
2012-03-14,115.73999786376952,115.73999786376952,114.5999984741211,114.6500015258789,71.41627502441406,3067800.0
2012-03-15,114.72000122070312,115.12000274658205,114.29000091552734,114.4000015258789,71.26053619384766,2035800.0
2012-03-16,114.1999969482422,114.58999633789062,114.0,114.56999969482422,71.36639404296875,3390500.0
2012-03-19,114.54000091552734,114.62999725341795,114.16000366210938,114.41000366210938,71.26676940917969,1961200.0
2012-03-20,114.18000030517578,114.5,114.0500030517578,114.33999633789062,71.2231674194336,1825900.0
2012-03-21,114.58000183105467,114.9000015258789,114.45999908447266,114.86000061035156,71.54711151123047,2112500.0
2012-03-22,114.81999969482422,114.83999633789062,114.5999984741211,114.66999816894533,71.4287109375,3073000.0
2012-03-23,114.91999816894533,115.0999984741211,114.76000213623048,114.76000213623048,71.48473358154297,2235200.0
2012-03-26,115.0199966430664,115.27999877929688,114.81999969482422,115.01000213623048,71.64046478271484,1600200.0
2012-03-27,115.0199966430664,115.9499969482422,115.0199966430664,115.9000015258789,72.19487762451172,2904800.0
2012-03-28,115.7300033569336,116.0,115.5199966430664,115.68000030517578,72.05783081054688,1666400.0
2012-03-29,115.87000274658205,116.04000091552734,115.62000274658205,115.91000366210938,72.20112609863281,1632100.0
2012-03-30,116.0999984741211,116.18000030517578,115.4800033569336,115.62999725341795,72.02671813964844,4285000.0
2012-04-02,115.43000030517578,115.5999984741211,115.16000366210938,115.52999877929688,72.2123031616211,6107600.0
2012-04-03,115.5,115.8000030517578,114.38999938964844,114.43000030517578,71.52482604980469,2724100.0
2012-04-04,114.80999755859376,114.98999786376952,114.63999938964844,114.6500015258789,71.66224670410156,1620100.0
2012-04-05,114.87999725341795,115.12999725341795,114.5999984741211,114.83999633789062,71.78106689453125,1646300.0
2012-04-09,115.6500015258789,115.73999786376952,115.38999938964844,115.58999633789062,72.24981689453125,1026600.0
2012-04-10,115.80999755859376,115.80999755859376,115.47000122070312,115.5199966430664,72.2060775756836,2263600.0
2012-04-11,115.5199966430664,115.58000183105467,114.98999786376952,115.4000015258789,72.13106536865234,1311400.0
2012-04-12,115.5999984741211,115.6999969482422,115.38999938964844,115.4499969482422,72.162353515625,1400700.0
2012-04-13,115.6999969482422,116.04000091552734,115.6999969482422,116.0,72.50609588623047,1012800.0
2012-04-16,115.97000122070312,116.29000091552734,115.9000015258789,116.0,72.50609588623047,2396800.0
2012-04-17,115.97000122070312,116.16999816894533,115.80999755859376,116.1500015258789,72.59990692138672,2229300.0
2012-04-18,116.2300033569336,116.27999877929688,116.0500030517578,116.12999725341795,72.58735656738281,2663500.0
2012-04-19,116.38999938964844,116.4000015258789,116.12999725341795,116.20999908447266,72.63736724853516,1141800.0
2012-04-20,116.08000183105467,116.2699966430664,115.93000030517578,116.18000030517578,72.61862182617188,663400.0
2012-04-23,116.4000015258789,116.41000366210938,116.1500015258789,116.1999969482422,72.63116455078125,976400.0
2012-04-24,116.16000366210938,116.20999908447266,115.94000244140624,115.98999786376952,72.49984741210938,1988800.0
2012-04-25,115.8499984741211,116.2300033569336,115.75,116.19000244140624,72.6248779296875,1709800.0
2012-04-26,116.25,116.54000091552734,116.23999786376952,116.37999725341795,72.74363708496094,1116300.0
2012-04-27,116.47000122070312,116.5999984741211,116.2699966430664,116.5500030517578,72.84986114501953,1601000.0
2012-04-30,116.68000030517578,116.76000213623048,116.41999816894533,116.4800033569336,72.8061294555664,1733000.0
2012-05-01,116.38999938964844,116.51000213623048,115.83000183105467,115.87000274658205,72.66756439208984,2430700.0
2012-05-02,116.12999725341795,116.29000091552734,116.05999755859376,116.25,72.90583801269531,2046500.0
2012-05-03,116.25,116.4499969482422,116.11000061035156,116.31999969482422,72.94975280761719,1356300.0
2012-05-04,116.4800033569336,116.58000183105467,116.44000244140624,116.4499969482422,73.03126525878906,686400.0
2012-05-07,116.5,116.6999969482422,116.4000015258789,116.6500015258789,73.15673065185547,787200.0
2012-05-08,116.75,117.0,116.62000274658205,116.94000244140624,73.33859252929688,1570700.0
2012-05-09,116.6500015258789,116.98999786376952,116.56999969482422,116.73999786376952,73.2131576538086,2175700.0
2012-05-10,116.62000274658205,116.68000030517578,116.3000030517578,116.5,73.06261444091797,1600000.0
2012-05-11,116.77999877929688,117.0,116.75,116.8499984741211,73.28214263916016,2977200.0
2012-05-14,117.05999755859376,117.18000030517578,116.76000213623048,116.87999725341795,73.30097961425781,1925800.0
2012-05-15,117.05999755859376,117.05999755859376,116.62000274658205,116.7300033569336,73.20690155029297,2455300.0
2012-05-16,116.30999755859376,116.91000366210938,116.22000122070312,116.79000091552734,73.24449157714844,2700500.0
2012-05-17,116.38999938964844,116.4499969482422,115.9000015258789,115.91999816894533,72.69893646240234,2367900.0
2012-05-18,115.75,115.7699966430664,115.38999938964844,115.47000122070312,72.41670227050781,1969000.0
2012-05-21,115.47000122070312,115.66000366210938,115.25,115.5999984741211,72.49821472167969,1387000.0
2012-05-22,115.37999725341795,115.5999984741211,115.22000122070312,115.29000091552734,72.3038101196289,1728300.0
2012-05-23,115.38999938964844,115.8000030517578,115.37000274658205,115.56999969482422,72.47942352294922,1870700.0
2012-05-24,115.58999633789062,115.63999938964844,115.43000030517578,115.58999633789062,72.4919204711914,1212900.0
2012-05-25,115.68000030517578,115.91000366210938,115.5999984741211,115.87999725341795,72.67378234863281,594000.0
2012-05-29,115.9800033569336,116.29000091552734,115.9499969482422,116.0500030517578,72.78044891357422,2514200.0
2012-05-30,116.4800033569336,116.56999969482422,116.12999725341795,116.1500015258789,72.84314727783203,1919500.0
2012-05-31,116.48999786376952,117.0,116.25,116.97000122070312,73.35736083984375,4629800.0
2012-06-01,116.58999633789062,117.3000030517578,116.33000183105467,117.29000091552734,73.80797576904297,3800200.0
2012-06-04,116.75,116.91000366210938,116.36000061035156,116.4000015258789,73.24790954589844,2643900.0
2012-06-05,116.2699966430664,116.48999786376952,116.06999969482422,116.1500015258789,73.09056854248047,2430900.0
2012-06-06,116.2699966430664,116.2699966430664,115.56999969482422,115.80999755859376,72.87660217285156,2499400.0
2012-06-07,115.88999938964844,116.0999984741211,115.7300033569336,116.0500030517578,73.0277099609375,2929700.0
2012-06-08,116.55999755859376,116.66999816894533,116.1999969482422,116.4800033569336,73.2982406616211,1713000.0
2012-06-11,116.45999908447266,116.7300033569336,116.27999877929688,116.45999908447266,73.28564453125,1354200.0
2012-06-12,116.3499984741211,116.43000030517578,115.93000030517578,116.12000274658205,73.07173156738281,926300.0
2012-06-13,116.19000244140624,116.5500030517578,116.04000091552734,116.54000091552734,73.33600616455078,1333000.0
2012-06-14,116.4800033569336,116.55999755859376,116.16999816894533,116.4000015258789,73.24790954589844,1574900.0
2012-06-15,116.75,116.95999908447266,116.62000274658205,116.87999725341795,73.54998016357422,1347100.0
2012-06-18,116.95999908447266,117.0,116.6999969482422,116.83000183105467,73.5185317993164,996800.0
2012-06-19,116.97000122070312,117.30999755859376,116.66999816894533,116.72000122070312,73.44925689697266,2159200.0
2012-06-20,116.66000366210938,116.9800033569336,116.4800033569336,116.7699966430664,73.48074340820312,2579000.0
2012-06-21,116.9800033569336,117.2699966430664,116.91999816894533,116.9499969482422,73.59403228759766,2229400.0
2012-06-22,116.94000244140624,117.12000274658205,116.8000030517578,116.86000061035156,73.5373764038086,1245600.0
2012-06-25,117.12000274658205,117.33999633789062,116.95999908447266,117.16000366210938,73.72615814208984,1702300.0
2012-06-26,117.08999633789062,117.41999816894533,117.0199966430664,117.27999877929688,73.80164337158203,1642300.0
2012-06-27,117.48999786376952,117.61000061035156,117.31999969482422,117.44000244140624,73.90231323242188,2352100.0
2012-06-28,117.68000030517578,117.86000061035156,117.61000061035156,117.62000274658205,74.015625,2286500.0
2012-06-29,117.5,117.80999755859376,117.4000015258789,117.58999633789062,73.99671173095703,2348600.0
2012-07-02,117.58000183105467,118.0,117.4499969482422,117.81999969482422,74.3894271850586,2310500.0
2012-07-03,117.86000061035156,117.98999786376952,117.73999786376952,117.91999816894533,74.45259857177734,808800.0
2012-07-05,117.9800033569336,118.33999633789062,117.93000030517578,118.22000122070312,74.64205932617188,1982300.0
2012-07-06,118.38999938964844,118.56999969482422,118.0199966430664,118.5199966430664,74.83139038085938,1533100.0
2012-07-09,118.41000366210938,118.76000213623048,118.37999725341795,118.5999984741211,74.88195037841797,1119500.0
2012-07-10,118.7699966430664,118.86000061035156,118.56999969482422,118.56999969482422,74.86299133300781,1385600.0
2012-07-11,118.8000030517578,119.11000061035156,118.75,118.7699966430664,74.98924255371094,1210000.0
2012-07-12,118.9499969482422,119.41000366210938,118.81999969482422,119.37000274658205,75.36811065673828,1716700.0
2012-07-13,119.31999969482422,119.5199966430664,119.0500030517578,119.41000366210938,75.39334869384766,1634700.0
2012-07-16,119.83000183105467,119.86000061035156,119.58999633789062,119.73999786376952,75.60176086425781,750100.0
2012-07-17,119.7699966430664,119.9000015258789,119.52999877929688,119.73999786376952,75.60176086425781,2479000.0
2012-07-18,120.12000274658205,120.48999786376952,120.06999969482422,120.4000015258789,76.0184326171875,2351900.0
2012-07-19,120.41000366210938,120.87000274658205,120.41000366210938,120.61000061035156,76.15104675292969,3499900.0
2012-07-20,120.8000030517578,120.91999816894533,120.66000366210938,120.6999969482422,76.20783233642578,1144600.0
2012-07-23,120.72000122070312,120.8000030517578,120.25,120.30999755859376,75.96163177490234,1328000.0
2012-07-24,120.22000122070312,120.62999725341795,120.16999816894533,120.5,76.08161163330078,1333100.0
2012-07-25,120.69000244140624,120.86000061035156,120.54000091552734,120.7300033569336,76.22679138183594,2551400.0
2012-07-26,120.7300033569336,120.97000122070312,120.7300033569336,120.91999816894533,76.34678649902344,1094600.0
2012-07-27,120.55999755859376,120.6500015258789,119.73999786376952,120.3499984741211,75.98684692382812,2952200.0
2012-07-30,120.22000122070312,120.77999877929688,120.22000122070312,120.66000366210938,76.18260192871094,2581500.0
2012-07-31,121.0500030517578,121.29000091552734,120.83999633789062,121.27999877929688,76.57408905029297,1563500.0
2012-08-01,120.66000366210938,120.97000122070312,120.4000015258789,120.76000213623048,76.48856353759766,2583100.0
2012-08-02,121.0,121.05999755859376,120.1999969482422,120.83999633789062,76.53921508789062,1500000.0
2012-08-03,120.54000091552734,120.68000030517578,120.19000244140624,120.5500030517578,76.35552215576172,2259800.0
2012-08-06,120.72000122070312,120.79000091552734,120.5999984741211,120.70999908447266,76.4568862915039,1596300.0
2012-08-07,120.2300033569336,120.33999633789062,120.0,120.08000183105467,76.05783081054688,4136600.0
2012-08-08,120.2300033569336,120.2699966430664,119.6999969482422,119.73999786376952,75.84249114990234,2310300.0
2012-08-09,119.58000183105467,119.7699966430664,119.3000030517578,119.66000366210938,75.79181671142578,2496100.0
2012-08-10,120.08999633789062,120.0999984741211,119.79000091552734,120.0,76.00721740722656,1482700.0
2012-08-13,119.95999908447266,120.06999969482422,119.7300033569336,119.75,75.84880065917969,1127000.0
2012-08-14,119.47000122070312,119.47000122070312,119.18000030517578,119.20999908447266,75.50679779052734,1593600.0
2012-08-15,119.02999877929688,119.06999969482422,118.6500015258789,118.6500015258789,75.1520767211914,3995300.0
2012-08-16,118.75,118.9000015258789,118.12999725341795,118.3000030517578,74.9303970336914,1895700.0
2012-08-17,118.41000366210938,118.79000091552734,118.4000015258789,118.45999908447266,75.03170776367188,1734500.0
2012-08-20,118.2699966430664,118.81999969482422,118.26000213623048,118.79000091552734,75.24079132080078,1813900.0
2012-08-21,118.76000213623048,118.98999786376952,118.4800033569336,118.98999786376952,75.36743927001953,2010000.0
2012-08-22,119.4499969482422,119.6999969482422,119.19000244140624,119.66999816894533,75.79815673828125,2281400.0
2012-08-23,119.83999633789062,119.91000366210938,119.72000122070312,119.76000213623048,75.85518646240234,883300.0
2012-08-24,119.9499969482422,119.9499969482422,119.7300033569336,119.88999938964844,75.9374771118164,1335300.0
2012-08-27,120.1500015258789,120.26000213623048,120.0,120.04000091552734,76.03254699707031,1879300.0
2012-08-28,120.19000244140624,120.27999877929688,120.05999755859376,120.20999908447266,76.14019775390625,908300.0
2012-08-29,120.19000244140624,120.19000244140624,119.87999725341795,119.95999908447266,75.98182678222656,1777000.0
2012-08-30,120.05999755859376,120.12999725341795,119.9499969482422,120.0,76.00721740722656,1888000.0
2012-08-31,120.04000091552734,120.83000183105467,120.04000091552734,120.83000183105467,76.53292083740234,1766500.0
2012-09-04,120.55999755859376,120.56999969482422,120.0500030517578,120.16000366210938,76.35177612304688,3788800.0
2012-09-05,120.1500015258789,120.8000030517578,120.05999755859376,120.20999908447266,76.38353729248047,817600.0
2012-09-06,119.8499984741211,119.91999816894533,119.61000061035156,119.68000030517578,76.04678344726562,2078500.0
2012-09-07,120.5999984741211,120.62000274658205,119.9000015258789,119.93000030517578,76.20560455322266,2192700.0
2012-09-10,119.93000030517578,120.01000213623048,119.72000122070312,119.91999816894533,76.19927978515625,1075900.0
2012-09-11,120.0,120.12000274658205,119.8000030517578,120.0199966430664,76.26284790039062,2641500.0
2012-09-12,119.77999877929688,119.83000183105467,119.56999969482422,119.77999877929688,76.11032104492188,1334800.0
2012-09-13,120.0199966430664,120.58999633789062,119.6500015258789,120.41999816894533,76.51698303222656,3618500.0
2012-09-14,120.0999984741211,120.0999984741211,119.36000061035156,119.6999969482422,76.05947875976562,3164800.0
2012-09-17,120.02999877929688,120.33999633789062,119.91999816894533,120.11000061035156,76.32001495361328,898100.0
2012-09-18,120.48999786376952,120.6500015258789,120.31999969482422,120.4800033569336,76.55509948730469,1563000.0
2012-09-19,120.83000183105467,120.94000244140624,120.6500015258789,120.68000030517578,76.68219757080078,1237400.0
2012-09-20,120.9800033569336,121.05999755859376,120.5500030517578,120.58000183105467,76.61865997314453,1165200.0
2012-09-21,120.52999877929688,120.86000061035156,120.4499969482422,120.8000030517578,76.7584457397461,1305900.0
2012-09-24,120.97000122070312,121.02999877929688,120.83999633789062,120.9800033569336,76.87279510498047,1191700.0
2012-09-25,121.01000213623048,121.22000122070312,120.83000183105467,121.22000122070312,77.02531433105469,3287800.0
2012-09-26,121.26000213623048,121.56999969482422,121.1999969482422,121.55999755859376,77.24140167236328,1162900.0
2012-09-27,121.5199966430664,121.73999786376952,121.43000030517578,121.5,77.20325469970703,1720200.0
2012-09-28,121.75,121.91000366210938,121.55999755859376,121.7699966430664,77.37480163574219,2519100.0
2012-10-01,121.66999816894533,121.76000213623048,121.4000015258789,121.70999908447266,77.58133697509766,3318000.0
2012-10-02,121.58999633789062,121.79000091552734,121.55999755859376,121.75,77.60684204101562,2188900.0
2012-10-03,121.6500015258789,121.83000183105467,121.52999877929688,121.83000183105467,77.65780639648438,6193600.0
2012-10-04,121.7300033569336,121.91999816894533,121.66999816894533,121.7300033569336,77.59403991699219,1710500.0
2012-10-05,121.56999969482422,121.69000244140624,121.5,121.54000091552734,77.47296142578125,1711500.0
2012-10-08,121.86000061035156,121.9499969482422,121.7300033569336,121.86000061035156,77.67693328857422,715300.0
2012-10-09,121.6500015258789,122.22000122070312,121.6500015258789,121.98999786376952,77.75982666015625,3132200.0
2012-10-10,121.88999938964844,122.36000061035156,121.76000213623048,122.20999908447266,77.90003967285156,2418400.0
2012-10-11,122.05999755859376,122.69000244140624,122.02999877929688,122.61000061035156,78.15504455566406,2165200.0
2012-10-12,122.76000213623048,122.95999908447266,122.66000366210938,122.75,78.24424743652344,1712000.0
2012-10-15,122.79000091552734,123.1500015258789,122.7300033569336,123.12999725341795,78.48649597167969,2144800.0
2012-10-16,123.05999755859376,123.1999969482422,122.93000030517578,123.0500030517578,78.4355239868164,2177900.0
2012-10-17,123.0199966430664,123.1500015258789,122.76000213623048,122.80999755859376,78.28254699707031,6454900.0
2012-10-18,122.95999908447266,123.0,122.5,122.58000183105467,78.1358642578125,1541400.0
2012-10-19,122.6999969482422,123.01000213623048,122.5999984741211,122.8000030517578,78.276123046875,1716000.0
2012-10-22,122.54000091552734,122.70999908447266,122.45999908447266,122.51000213623048,78.0912857055664,2030300.0
2012-10-23,122.4000015258789,122.75,122.37000274658205,122.72000122070312,78.22511291503906,1188600.0
2012-10-24,122.61000061035156,122.76000213623048,122.37000274658205,122.38999938964844,78.01478576660156,2842400.0
2012-10-25,122.23999786376952,122.43000030517578,122.0,122.04000091552734,77.79170989990234,1511200.0
2012-10-26,122.37000274658205,122.66000366210938,122.22000122070312,122.63999938964844,78.17414093017578,1206500.0
2012-10-31,122.94000244140624,123.18000030517578,122.69000244140624,123.0199966430664,78.4163589477539,1286500.0
2012-11-01,122.58999633789062,122.7699966430664,122.38999938964844,122.4800033569336,78.07212829589844,1953700.0
2012-11-02,122.38999938964844,122.48999786376952,122.02999877929688,122.23999786376952,77.91917419433594,1940300.0
2012-11-05,122.26000213623048,122.51000213623048,122.26000213623048,122.3000030517578,77.95738983154297,2073200.0
2012-11-06,122.11000061035156,122.2300033569336,121.6500015258789,121.70999908447266,77.58133697509766,1459400.0
2012-11-07,122.41000366210938,122.4499969482422,121.95999908447266,121.95999908447266,77.74066162109375,1585400.0
2012-11-08,121.9000015258789,122.0,121.5999984741211,121.83999633789062,77.66417694091797,3176500.0
2012-11-09,121.69000244140624,121.83000183105467,121.37999725341795,121.54000091552734,77.47296142578125,2850300.0
2012-11-12,121.54000091552734,121.77999877929688,121.5,121.55999755859376,77.4857406616211,991500.0
2012-11-13,121.8499984741211,121.9800033569336,121.5500030517578,121.61000061035156,77.5175552368164,1849500.0
2012-11-14,121.37999725341795,121.93000030517578,121.37999725341795,121.86000061035156,77.67693328857422,2445600.0
2012-11-15,121.52999877929688,121.70999908447266,121.5199966430664,121.62000274658205,77.52400207519531,2218400.0
2012-11-16,121.62999725341795,121.8499984741211,121.5999984741211,121.66000366210938,77.54946899414062,2181100.0
2012-11-19,121.56999969482422,122.06999969482422,121.5500030517578,122.04000091552734,77.79170989990234,2385000.0
2012-11-20,121.9800033569336,122.04000091552734,121.62999725341795,121.66000366210938,77.54946899414062,3229500.0
2012-11-21,121.63999938964844,121.8000030517578,121.5500030517578,121.75,77.60684204101562,2263700.0
2012-11-23,121.8000030517578,121.94000244140624,121.75,121.8000030517578,77.63871765136719,929000.0
2012-11-26,122.0,122.18000030517578,121.91000366210938,122.0,77.76616668701172,2412300.0
2012-11-27,121.97000122070312,122.1500015258789,121.97000122070312,122.06999969482422,77.81085205078125,2243300.0
2012-11-28,122.16000366210938,122.3000030517578,122.0199966430664,122.0500030517578,77.79808807373047,1479700.0
2012-11-29,122.13999938964844,122.20999908447266,122.0500030517578,122.13999938964844,77.85541534423828,1052700.0
2012-11-30,122.27999877929688,122.37000274658205,122.0999984741211,122.12999725341795,77.84902954101562,2129200.0
2012-12-03,121.7300033569336,121.98999786376952,121.52999877929688,121.88999938964844,77.93538665771484,3859100.0
2012-12-04,122.04000091552734,122.0999984741211,121.88999938964844,122.0,78.00575256347656,2387600.0
2012-12-05,122.11000061035156,122.30999755859376,122.0199966430664,122.25,78.16557312011719,1943900.0
2012-12-06,122.33000183105467,122.4800033569336,122.1999969482422,122.2300033569336,78.15277099609375,2737400.0
2012-12-07,122.0500030517578,122.08999633789062,121.93000030517578,121.94000244140624,77.96733093261719,1947300.0
2012-12-10,122.0999984741211,122.1500015258789,121.97000122070312,122.0500030517578,78.0376968383789,2290200.0
2012-12-11,122.0,122.0199966430664,121.55999755859376,121.5999984741211,77.74991607666016,2365400.0
2012-12-12,121.58999633789062,121.8000030517578,121.1500015258789,121.2300033569336,77.51337432861328,2390900.0
2012-12-13,121.02999877929688,121.22000122070312,120.87000274658205,121.04000091552734,77.3918685913086,3635100.0
2012-12-14,121.16000366210938,121.29000091552734,121.0999984741211,121.12999725341795,77.4494400024414,2844200.0
2012-12-17,121.13999938964844,121.1999969482422,120.73999786376952,120.73999786376952,77.20008087158203,1983300.0
2012-12-18,120.87000274658205,120.88999938964844,120.3000030517578,120.44000244140624,77.00826263427734,2278500.0
2012-12-19,120.6500015258789,120.9499969482422,120.6500015258789,120.91000366210938,77.30876159667969,3112200.0
2012-12-20,121.12000274658205,121.25,120.94000244140624,121.02999877929688,77.38545227050781,2545200.0
2012-12-21,121.19000244140624,121.33000183105467,121.08999633789062,121.23999786376952,77.51974487304688,2649700.0
2012-12-24,121.08000183105467,121.27999877929688,121.05999755859376,121.16000366210938,77.4686279296875,1902500.0
2012-12-26,121.12000274658205,121.13999938964844,120.9499969482422,120.97000122070312,77.57889556884766,1642000.0
2012-12-27,121.0,121.41999816894533,120.97000122070312,121.36000061035156,77.82904815673828,1556900.0
2012-12-28,121.5,121.62999725341795,121.41000366210938,121.62999725341795,78.00220489501953,1894500.0
2012-12-31,121.41000366210938,121.5,120.9000015258789,120.98999786376952,77.59175872802734,1867700.0
2013-01-02,120.95999908447266,121.30999755859376,120.80999755859376,121.2699966430664,77.77132415771484,4058400.0
2013-01-03,121.13999938964844,121.18000030517578,120.55999755859376,120.61000061035156,77.34808349609375,3207900.0
2013-01-04,120.56999969482422,120.6500015258789,120.26000213623048,120.5500030517578,77.30955505371094,4663300.0
2013-01-07,120.69000244140624,120.8000030517578,120.51000213623048,120.75,77.43785858154297,3832600.0
2013-01-08,120.8000030517578,120.94000244140624,120.76000213623048,120.86000061035156,77.50839233398438,2534900.0
2013-01-09,120.9800033569336,121.0,120.79000091552734,120.81999969482422,77.48271179199219,1867600.0
2013-01-10,120.63999938964844,120.97000122070312,120.62999725341795,120.87999725341795,77.5212173461914,1439900.0
2013-01-11,120.75,121.11000061035156,120.66000366210938,121.0999984741211,77.66229248046875,758200.0
2013-01-14,121.19000244140624,121.19000244140624,120.83000183105467,120.86000061035156,77.50839233398438,1569400.0
2013-01-15,120.98999786376952,121.13999938964844,120.66999816894533,120.76000213623048,77.44425201416016,3042900.0
2013-01-16,120.83999633789062,120.94000244140624,120.70999908447266,120.76000213623048,77.44425201416016,4199900.0
2013-01-17,120.56999969482422,120.61000061035156,120.3000030517578,120.5500030517578,77.30955505371094,2225700.0
2013-01-18,120.55999755859376,120.79000091552734,120.4800033569336,120.66999816894533,77.38652038574219,2704400.0
2013-01-22,120.5199966430664,120.77999877929688,120.37999725341795,120.66999816894533,77.38652038574219,1730300.0
2013-01-23,120.8499984741211,120.94000244140624,120.76000213623048,120.81999969482422,77.48271179199219,2446600.0
2013-01-24,120.76000213623048,120.8000030517578,120.58000183105467,120.6500015258789,77.37374877929688,1873600.0
2013-01-25,120.44000244140624,120.44000244140624,120.02999877929688,120.0999984741211,77.02096557617188,2434600.0
2013-01-28,119.6999969482422,120.02999877929688,119.0,120.0,76.95689392089844,2434200.0
2013-01-29,119.7699966430664,120.0500030517578,119.62000274658205,119.7300033569336,76.78365325927734,1424100.0
2013-01-30,119.38999938964844,119.5999984741211,119.22000122070312,119.33000183105467,76.52719116210938,3009300.0
2013-01-31,119.43000030517578,119.4800033569336,119.23999786376952,119.41999816894533,76.5849380493164,2804100.0
2013-02-01,119.44000244140624,119.6500015258789,118.7300033569336,118.73999786376952,76.38607788085938,4589000.0
2013-02-04,118.9800033569336,119.3000030517578,118.97000122070312,119.13999938964844,76.64344024658203,2581400.0
2013-02-05,118.91999816894533,119.08000183105467,118.87000274658205,118.9000015258789,76.48905944824219,2814700.0
2013-02-06,119.08000183105467,119.27999877929688,118.95999908447266,119.20999908447266,76.68846130371094,1970200.0
2013-02-07,119.12000274658205,119.5,119.11000061035156,119.25,76.71422576904297,1680000.0
2013-02-08,119.4000015258789,119.51000213623048,119.16999816894533,119.51000213623048,76.8814926147461,1496700.0
2013-02-11,119.4800033569336,119.5199966430664,119.41000366210938,119.4499969482422,76.84283447265625,749100.0
2013-02-12,119.16999816894533,119.4499969482422,119.16000366210938,119.33000183105467,76.76570892333984,1520200.0
2013-02-13,118.93000030517578,119.16999816894533,118.93000030517578,119.0500030517578,76.58551025390625,2317800.0
2013-02-14,119.08000183105467,119.45999908447266,119.06999969482422,119.37999725341795,76.79784393310547,3180500.0
2013-02-15,119.37999725341795,119.41999816894533,119.1999969482422,119.33000183105467,76.76570892333984,1363600.0
2013-02-19,119.37000274658205,119.5999984741211,119.20999908447266,119.3000030517578,76.74638366699219,1842300.0
2013-02-20,119.16000366210938,119.5199966430664,119.16000366210938,119.5,76.87503051757812,1369800.0
2013-02-21,119.68000030517578,119.81999969482422,119.61000061035156,119.69000244140624,76.9971923828125,3578100.0
2013-02-22,119.76000213623048,119.8499984741211,119.66999816894533,119.7699966430664,77.04869842529297,1914300.0
2013-02-25,119.41999816894533,120.52999877929688,119.41000366210938,120.4800033569336,77.50543212890625,2643500.0
2013-02-26,120.31999969482422,120.58999633789062,120.26000213623048,120.33000183105467,77.40894317626953,1574100.0
2013-02-27,120.5199966430664,120.58000183105467,120.16999816894533,120.29000091552734,77.38320922851562,941400.0
2013-02-28,120.38999938964844,120.38999938964844,120.11000061035156,120.33000183105467,77.40894317626953,2231100.0
2013-03-01,120.12000274658205,120.29000091552734,119.98999786376952,120.2300033569336,77.58576965332031,1363700.0
2013-03-04,120.19000244140624,120.2300033569336,120.04000091552734,120.13999938964844,77.52767944335938,1733400.0
2013-03-05,120.13999938964844,120.1500015258789,119.8499984741211,119.94000244140624,77.39862823486328,1395400.0
2013-03-06,119.63999938964844,119.80999755859376,119.54000091552734,119.58999633789062,77.17280578613281,1014700.0
2013-03-07,119.29000091552734,119.4000015258789,119.1999969482422,119.1999969482422,76.92110443115234,1964000.0
2013-03-08,118.87000274658205,119.02999877929688,118.6500015258789,118.77999877929688,76.65008544921875,2526900.0
2013-03-11,118.77999877929688,118.95999908447266,118.77999877929688,118.86000061035156,76.70171356201172,2632500.0
2013-03-12,118.98999786376952,119.16999816894533,118.9499969482422,119.0999984741211,76.8565902709961,3172900.0
2013-03-13,118.88999938964844,119.11000061035156,118.88999938964844,118.98999786376952,76.78562927246094,1958600.0
2013-03-14,118.83000183105467,119.12999725341795,118.81999969482422,119.04000091552734,76.8178939819336,1669600.0
2013-03-15,118.9800033569336,119.29000091552734,118.9800033569336,119.1999969482422,76.92110443115234,1188500.0
2013-03-18,119.41000366210938,119.5199966430664,119.33000183105467,119.48999786376952,77.10824584960938,1665700.0
2013-03-19,119.58999633789062,119.81999969482422,119.56999969482422,119.69000244140624,77.23727416992188,1354600.0
2013-03-20,119.43000030517578,119.58000183105467,119.33000183105467,119.33999633789062,77.01145935058594,1905100.0
2013-03-21,119.58000183105467,119.5999984741211,119.31999969482422,119.45999908447266,77.08893585205078,1854000.0
2013-03-22,119.4000015258789,119.62000274658205,119.33999633789062,119.47000122070312,77.09535217285156,997900.0
2013-03-25,119.37000274658205,119.58000183105467,119.25,119.47000122070312,77.09535217285156,1089700.0
2013-03-26,119.27999877929688,119.56999969482422,119.26000213623048,119.5500030517578,77.14700317382812,918000.0
2013-03-27,119.6500015258789,120.0500030517578,119.6500015258789,119.97000122070312,77.41802978515625,1847200.0
2013-03-28,119.73999786376952,119.94000244140624,119.7300033569336,119.9000015258789,77.3728256225586,1874300.0
2013-04-01,119.41999816894533,119.7699966430664,119.29000091552734,119.36000061035156,77.26148223876953,5877400.0
2013-04-02,119.43000030517578,119.47000122070312,119.27999877929688,119.3499984741211,77.25505065917969,1319200.0
2013-04-03,119.5199966430664,119.83000183105467,119.48999786376952,119.83000183105467,77.56574249267578,1421000.0
2013-04-04,119.95999908447266,120.48999786376952,119.95999908447266,120.47000122070312,77.97998809814453,2660900.0
2013-04-05,120.83999633789062,121.0500030517578,120.73999786376952,120.83999633789062,78.21952819824219,3268500.0
2013-04-08,121.0,121.04000091552734,120.88999938964844,120.9499969482422,78.29070281982422,2276800.0
2013-04-09,121.0199966430664,121.18000030517578,120.9800033569336,121.06999969482422,78.36841583251953,3157000.0
2013-04-10,120.8000030517578,120.9499969482422,120.66000366210938,120.75,78.16122436523438,2181600.0
2013-04-11,120.87999725341795,120.9800033569336,120.76000213623048,120.83000183105467,78.2130126953125,1496900.0
2013-04-12,121.1999969482422,121.5,121.0500030517578,121.43000030517578,78.60138702392578,1358900.0
2013-04-15,121.4000015258789,121.52999877929688,121.31999969482422,121.47000122070312,78.6273193359375,1024800.0
2013-04-16,121.25,121.37000274658205,121.2300033569336,121.25,78.48487854003906,1629800.0
2013-04-17,121.31999969482422,121.62999725341795,121.31999969482422,121.41999816894533,78.5949478149414,1373200.0
2013-04-18,121.4499969482422,121.66000366210938,121.4499969482422,121.52999877929688,78.66610717773438,1656700.0
2013-04-19,121.62000274658205,121.7699966430664,121.47000122070312,121.70999908447266,78.78262329101562,877900.0
2013-04-22,121.75,121.80999755859376,121.66999816894533,121.75,78.8085708618164,1271500.0
2013-04-23,121.91000366210938,122.08999633789062,121.80999755859376,121.91000366210938,78.91204833984375,1659700.0
2013-04-24,121.86000061035156,122.04000091552734,121.80999755859376,121.95999908447266,78.94446563720703,1366900.0
2013-04-25,121.91000366210938,122.0199966430664,121.83000183105467,121.88999938964844,78.899169921875,1067100.0
2013-04-26,122.1500015258789,122.3499984741211,122.1500015258789,122.33000183105467,79.18396759033203,1294500.0
2013-04-29,122.54000091552734,122.5500030517578,122.3000030517578,122.33999633789062,79.19046783447266,875700.0
2013-04-30,122.31999969482422,122.56999969482422,122.0999984741211,122.12999725341795,79.0545425415039,2347500.0
2013-05-01,121.9499969482422,122.38999938964844,121.9499969482422,122.30999755859376,79.40641021728516,4063500.0
2013-05-02,122.08999633789062,122.4000015258789,122.08999633789062,122.30999755859376,79.40641021728516,1799000.0
2013-05-03,121.88999938964844,121.88999938964844,121.1500015258789,121.16000366210938,78.65978240966797,2882200.0
2013-05-06,121.3000030517578,121.4000015258789,121.08000183105467,121.13999938964844,78.64682006835938,1839300.0
2013-05-07,121.0500030517578,121.26000213623048,120.98999786376952,121.0500030517578,78.58834838867188,3886100.0
2013-05-08,121.0199966430664,121.2699966430664,120.95999908447266,121.16000366210938,78.65978240966797,2379000.0
2013-05-09,121.1500015258789,121.41000366210938,120.9000015258789,120.9000015258789,78.49100494384766,825800.0
2013-05-10,120.86000061035156,120.86000061035156,120.0500030517578,120.2699966430664,78.08197784423828,2808200.0
2013-05-13,120.02999877929688,120.16000366210938,119.9000015258789,119.95999908447266,77.8807601928711,2498400.0
2013-05-14,120.2300033569336,120.30999755859376,119.61000061035156,119.63999938964844,77.67298889160156,2325000.0
2013-05-15,120.12999725341795,120.1500015258789,119.66999816894533,120.05999755859376,77.94562530517578,2081600.0
2013-05-16,120.27999877929688,120.75,120.27999877929688,120.61000061035156,78.3027114868164,2916500.0
2013-05-17,120.5,120.5500030517578,120.04000091552734,120.08999633789062,77.96512603759766,909500.0
2013-05-20,120.2300033569336,120.30999755859376,119.87000274658205,119.9499969482422,77.87422943115234,2097100.0
2013-05-21,119.91000366210938,120.41000366210938,119.7300033569336,120.4000015258789,78.16636657714844,2007700.0
2013-05-22,120.41999816894533,120.5999984741211,119.44000244140624,119.4499969482422,77.54962158203125,2886300.0
2013-05-23,119.7300033569336,119.80999755859376,119.2300033569336,119.56999969482422,77.62753295898438,2568500.0
2013-05-24,119.63999938964844,119.80999755859376,119.45999908447266,119.48999786376952,77.5755844116211,1090900.0
2013-05-28,119.33000183105467,119.48999786376952,118.33000183105467,118.33999633789062,76.82901000976562,1683700.0
2013-05-29,118.41000366210938,118.58000183105467,118.1500015258789,118.29000091552734,76.7965087890625,3574100.0
2013-05-30,118.31999969482422,118.5999984741211,118.25,118.44000244140624,76.89391326904297,1759000.0
2013-05-31,118.31999969482422,118.4499969482422,117.4800033569336,117.8499984741211,76.5108642578125,4297500.0
2013-06-03,117.25,117.75,116.93000030517578,117.18000030517578,76.30964660644531,10863900.0
2013-06-04,116.9499969482422,117.25,116.70999908447266,116.72000122070312,76.01009368896484,3726500.0
2013-06-05,116.80999755859376,117.0,116.4800033569336,116.5500030517578,75.8993911743164,4575200.0
2013-06-06,116.56999969482422,117.45999908447266,116.41999816894533,117.0500030517578,76.22499084472656,2500000.0
2013-06-07,116.88999938964844,117.1999969482422,116.38999938964844,116.58999633789062,75.92542266845703,3159800.0
2013-06-10,116.22000122070312,116.4800033569336,116.06999969482422,116.2300033569336,75.69097137451172,2911100.0
2013-06-11,115.5,116.0500030517578,115.2300033569336,116.01000213623048,75.54772186279297,3983700.0
2013-06-12,115.8000030517578,116.0999984741211,115.5,115.61000061035156,75.2872543334961,3469000.0
2013-06-13,115.83999633789062,116.91000366210938,115.79000091552734,116.8499984741211,76.09471893310547,2474400.0
2013-06-14,116.93000030517578,117.1500015258789,116.73999786376952,116.7699966430664,76.04266357421875,1283900.0
2013-06-17,116.91000366210938,117.11000061035156,116.5500030517578,116.5999984741211,75.93192291259766,1868600.0
2013-06-18,116.27999877929688,116.55999755859376,116.16000366210938,116.37000274658205,75.78213500976562,1748400.0
2013-06-19,116.5,116.55999755859376,114.66999816894533,114.72000122070312,74.70767211914062,2823000.0
2013-06-20,113.87000274658205,113.88999938964844,112.79000091552734,113.13999938964844,73.6787109375,6649600.0
2013-06-21,113.26000213623048,113.4800033569336,112.1999969482422,112.20999908447266,73.07312774658203,4107600.0
2013-06-24,111.43000030517578,112.0999984741211,110.91000366210938,111.4800033569336,72.59769439697266,6063600.0
2013-06-25,112.19000244140624,112.47000122070312,111.66000366210938,111.8499984741211,72.8386459350586,3653200.0
2013-06-26,112.75,113.0,112.51000213623048,112.6999969482422,73.39214324951172,2010000.0
2013-06-27,113.23999786376952,113.79000091552734,113.23999786376952,113.72000122070312,74.0564193725586,1544800.0
2013-06-28,113.12999725341795,113.6999969482422,112.87999725341795,113.6500015258789,74.0108413696289,2960300.0
2013-07-01,113.08000183105467,113.94000244140624,113.08000183105467,113.58000183105467,74.20230102539062,2849900.0
2013-07-02,113.80999755859376,114.16999816894533,113.66000366210938,113.94000244140624,74.43741607666016,2214800.0
2013-07-03,113.9000015258789,114.08000183105467,113.56999969482422,113.61000061035156,74.22184753417969,2132000.0
2013-07-05,112.18000030517578,112.43000030517578,111.6999969482422,112.16999816894533,73.2811050415039,2500100.0
2013-07-08,112.54000091552734,113.08999633789062,112.54000091552734,113.08999633789062,73.88214874267578,3096700.0
2013-07-09,113.0500030517578,113.51000213623048,113.0500030517578,113.19000244140624,73.94746398925781,4037000.0
2013-07-10,113.26000213623048,113.4499969482422,112.8000030517578,112.86000061035156,73.73189544677734,2908800.0
2013-07-11,113.86000061035156,114.1999969482422,113.5999984741211,114.19000244140624,74.60076141357422,2179100.0
2013-07-12,114.31999969482422,114.5,113.73999786376952,113.87000274658205,74.39176177978516,2008800.0
2013-07-15,114.08999633789062,114.62000274658205,113.9499969482422,114.5999984741211,74.86865997314453,3308200.0
2013-07-16,114.52999877929688,114.5999984741211,114.29000091552734,114.43000030517578,74.757568359375,1625900.0
2013-07-17,114.87999725341795,115.1500015258789,114.73999786376952,114.86000061035156,75.03849029541016,1248400.0
2013-07-18,114.9499969482422,114.9499969482422,114.41999816894533,114.55999755859376,74.84252166748047,1119900.0
2013-07-19,114.7699966430664,115.20999908447266,114.7300033569336,115.19000244140624,75.2540512084961,2734900.0
2013-07-22,115.31999969482422,115.47000122070312,115.29000091552734,115.4499969482422,75.42393493652344,2235900.0
2013-07-23,115.12999725341795,115.37999725341795,115.01000213623048,115.2699966430664,75.3062973022461,827300.0
2013-07-24,114.72000122070312,114.87999725341795,114.29000091552734,114.70999908447266,74.94047546386719,1960700.0
2013-07-25,114.18000030517578,114.56999969482422,114.12999725341795,114.56999969482422,74.84902954101562,2109200.0
2013-07-26,114.66999816894533,114.79000091552734,114.48999786376952,114.69000244140624,74.92740631103516,1022700.0
2013-07-29,114.54000091552734,114.68000030517578,114.44000244140624,114.5,74.80332946777344,2211900.0
2013-07-30,114.72000122070312,114.77999877929688,114.36000061035156,114.52999877929688,74.82292175292969,1331900.0
2013-07-31,113.87999725341795,114.6500015258789,113.6999969482422,114.54000091552734,74.82942962646484,2282100.0
2013-08-01,113.9499969482422,113.9499969482422,113.12000274658205,113.27999877929688,74.23304748535156,1845700.0
2013-08-02,113.6500015258789,113.97000122070312,113.62000274658205,113.83999633789062,74.6000747680664,1772000.0
2013-08-05,113.68000030517578,113.83000183105467,113.37999725341795,113.41000366210938,74.31830596923828,3111500.0
2013-08-06,113.36000061035156,113.5999984741211,113.27999877929688,113.4800033569336,74.36414337158203,1047200.0
2013-08-07,113.61000061035156,113.86000061035156,113.58999633789062,113.7300033569336,74.52798461914062,946000.0
2013-08-08,113.91000366210938,114.16999816894533,113.88999938964844,113.97000122070312,74.68521118164062,960900.0
2013-08-09,114.0199966430664,114.08000183105467,113.75,113.97000122070312,74.68521118164062,539600.0
2013-08-12,114.08000183105467,114.18000030517578,113.8499984741211,113.91000366210938,74.64595794677734,1042800.0
2013-08-13,113.27999877929688,113.41000366210938,113.0,113.0999984741211,74.11515808105469,1221600.0
2013-08-14,113.0199966430664,113.1500015258789,112.87000274658205,112.91000366210938,73.99061584472656,1723700.0
2013-08-15,112.08999633789062,112.41999816894533,111.98999786376952,112.11000061035156,73.46642303466797,1793800.0
2013-08-16,112.06999969482422,112.20999908447266,111.36000061035156,111.5500030517578,73.09944915771484,2469000.0
2013-08-19,111.31999969482422,111.44000244140624,110.93000030517578,110.94000244140624,72.69969177246094,4884400.0
2013-08-20,111.29000091552734,111.73999786376952,111.29000091552734,111.62000274658205,73.14527130126953,2100500.0
2013-08-21,111.41000366210938,111.66000366210938,110.88999938964844,110.9499969482422,72.70621490478516,2310800.0
2013-08-22,111.0500030517578,111.5,111.0500030517578,111.45999908447266,73.04049682617188,2507700.0
2013-08-23,111.43000030517578,112.22000122070312,111.37999725341795,112.20999908447266,73.53191375732422,2327600.0
2013-08-26,112.31999969482422,112.47000122070312,112.26000213623048,112.44000244140624,73.68262481689453,1385700.0
2013-08-27,112.51000213623048,112.97000122070312,112.4499969482422,112.91999816894533,73.99720764160156,2398500.0
2013-08-28,112.73999786376952,112.94000244140624,112.5500030517578,112.94000244140624,74.01028442382812,2488300.0
2013-08-29,112.6500015258789,113.06999969482422,112.5199966430664,113.0500030517578,74.08235931396484,2273100.0
2013-08-30,113.0,113.29000091552734,112.80999755859376,113.0500030517578,74.08235931396484,1668800.0
2013-09-03,112.0,112.2699966430664,111.51000213623048,112.23999786376952,73.79044342041016,5473600.0
2013-09-04,112.2699966430664,112.37000274658205,111.79000091552734,111.83000183105467,73.52091979980469,2335000.0
2013-09-05,111.38999938964844,111.41999816894533,110.7300033569336,110.91000366210938,72.9161148071289,2703800.0
2013-09-06,111.41000366210938,111.6500015258789,110.98999786376952,111.06999969482422,73.02128601074219,1960600.0
2013-09-09,111.45999908447266,111.5999984741211,111.2699966430664,111.36000061035156,73.21195983886719,1615600.0
2013-09-10,111.04000091552734,111.31999969482422,110.81999969482422,110.87000274658205,72.8897933959961,2115900.0
2013-09-11,111.11000061035156,111.38999938964844,110.81999969482422,111.38999938964844,73.23163604736328,2301300.0
2013-09-12,111.5999984741211,111.76000213623048,111.2300033569336,111.30999755859376,73.17906951904297,1860200.0
2013-09-13,111.33999633789062,111.54000091552734,111.31999969482422,111.37999725341795,73.22511291503906,1255400.0
2013-09-16,112.41999816894533,112.44000244140624,111.44000244140624,111.51000213623048,73.3105697631836,2311100.0
2013-09-17,111.68000030517578,111.83999633789062,111.55999755859376,111.80999755859376,73.5077896118164,1020100.0
2013-09-18,111.6999969482422,113.70999908447266,111.41999816894533,113.4499969482422,74.58599090576172,5100000.0
2013-09-19,113.4000015258789,113.55999755859376,112.66000366210938,112.7300033569336,74.11268615722656,5030300.0
2013-09-20,112.93000030517578,113.08999633789062,112.75,112.83000183105467,74.1783676147461,1089700.0
2013-09-23,112.88999938964844,113.5199966430664,112.88999938964844,113.5,74.61885070800781,3719000.0
2013-09-24,113.62000274658205,113.93000030517578,113.4000015258789,113.79000091552734,74.80947875976562,2576200.0
2013-09-25,113.72000122070312,114.18000030517578,113.62999725341795,114.13999938964844,75.03958892822266,1931100.0
2013-09-26,113.7300033569336,113.9499969482422,113.7300033569336,113.86000061035156,74.85548400878906,921300.0
2013-09-27,113.75,113.8499984741211,113.66000366210938,113.7699966430664,74.79630279541016,1194100.0
2013-09-30,113.5999984741211,113.77999877929688,113.41999816894533,113.5199966430664,74.63195037841797,1800800.0
2013-10-01,113.06999969482422,113.18000030517578,112.93000030517578,113.04000091552734,74.55680084228516,3172400.0
2013-10-02,113.1999969482422,113.55999755859376,113.19000244140624,113.37999725341795,74.78105926513672,910300.0
2013-10-03,113.29000091552734,113.62999725341795,113.29000091552734,113.44000244140624,74.82064819335938,1411600.0
2013-10-04,113.29000091552734,113.43000030517578,113.19000244140624,113.33000183105467,74.74803924560547,569300.0
2013-10-07,113.45999908447266,113.69000244140624,113.43000030517578,113.52999877929688,74.8800277709961,1374600.0
2013-10-08,113.4800033569336,113.62000274658205,113.27999877929688,113.51000213623048,74.86679077148438,1667900.0
2013-10-09,113.43000030517578,113.52999877929688,113.20999908447266,113.2699966430664,74.7084732055664,1017300.0
2013-10-10,113.08999633789062,113.48999786376952,113.0199966430664,113.43000030517578,74.8140640258789,1978400.0
2013-10-11,113.68000030517578,113.80999755859376,113.52999877929688,113.58000183105467,74.91294860839844,3275900.0
2013-10-14,113.51000213623048,113.63999938964844,113.11000061035156,113.2300033569336,74.68211364746094,525100.0
2013-10-15,113.56999969482422,113.58000183105467,113.1999969482422,113.25,74.69532775878906,1430400.0
2013-10-16,113.26000213623048,114.1500015258789,113.20999908447266,114.08999633789062,75.24935150146484,1395200.0
2013-10-17,114.41000366210938,115.0,114.33999633789062,114.93000030517578,75.8033447265625,2697900.0
2013-10-18,115.0999984741211,115.2699966430664,114.98999786376952,115.08000183105467,75.9023208618164,1071200.0
2013-10-21,115.01000213623048,115.18000030517578,114.73999786376952,114.77999877929688,75.70443725585938,1031400.0
2013-10-22,115.30999755859376,115.48999786376952,115.26000213623048,115.4800033569336,76.1661148071289,1372100.0
2013-10-23,115.47000122070312,115.66999816894533,115.41000366210938,115.4499969482422,76.1463623046875,1514800.0
2013-10-24,115.55999755859376,115.63999938964844,115.2699966430664,115.33000183105467,76.06721496582031,1500200.0
2013-10-25,115.30999755859376,115.52999877929688,115.3000030517578,115.31999969482422,76.06058502197266,708700.0
2013-10-28,115.26000213623048,115.5199966430664,115.25,115.43000030517578,76.13316345214844,2958700.0
2013-10-29,115.3499984741211,115.5999984741211,115.26000213623048,115.58999633789062,76.2386703491211,1584300.0
2013-10-30,115.58999633789062,115.75,115.08000183105467,115.36000061035156,76.08697509765625,1436200.0
2013-10-31,115.4499969482422,115.5,115.08999633789062,115.1999969482422,75.98143005371094,1072800.0
2013-11-01,114.80999755859376,114.93000030517578,114.29000091552734,114.51000213623048,75.77629089355469,1965300.0
2013-11-04,114.66000366210938,114.79000091552734,114.5199966430664,114.54000091552734,75.79615783691406,772400.0
2013-11-05,114.33000183105467,114.33000183105467,113.91999816894533,114.0500030517578,75.471923828125,1264700.0
2013-11-06,114.2300033569336,114.23999786376952,114.08000183105467,114.18000030517578,75.55792236328125,1060000.0
2013-11-07,114.37000274658205,114.48999786376952,114.20999908447266,114.41000366210938,75.71013641357422,1337000.0
2013-11-08,113.4800033569336,113.51000213623048,113.27999877929688,113.29000091552734,74.968994140625,1634000.0
2013-11-11,113.22000122070312,113.27999877929688,113.01000213623048,113.0999984741211,74.84324645996094,1241500.0
2013-11-12,113.04000091552734,113.22000122070312,113.0,113.18000030517578,74.89620971679688,2301900.0
2013-11-13,113.33000183105467,113.56999969482422,113.3000030517578,113.44000244140624,75.06830596923828,4339700.0
2013-11-14,113.73999786376952,114.13999938964844,113.66000366210938,114.05999755859376,75.47854614257812,1355100.0
2013-11-15,114.08000183105467,114.1500015258789,113.93000030517578,114.05999755859376,75.47854614257812,1451200.0
2013-11-18,114.12000274658205,114.56999969482422,114.12000274658205,114.56999969482422,75.81603240966797,3003900.0
2013-11-19,114.36000061035156,114.45999908447266,114.16999816894533,114.16999816894533,75.55130004882812,914200.0
2013-11-20,114.13999938964844,114.44000244140624,113.5199966430664,113.68000030517578,75.22705841064453,1881300.0
2013-11-21,113.58999633789062,113.93000030517578,113.33000183105467,113.9000015258789,75.3726577758789,3320600.0
2013-11-22,114.02999877929688,114.3000030517578,114.0,114.3000030517578,75.63735961914062,1190900.0
2013-11-25,114.2699966430664,114.54000091552734,114.2699966430664,114.5,75.76970672607422,1189200.0
2013-11-26,114.5199966430664,114.77999877929688,114.5199966430664,114.7300033569336,75.92190551757812,1044500.0
2013-11-27,114.5999984741211,114.80999755859376,114.27999877929688,114.75,75.93511199951172,2387900.0
2013-11-29,114.37000274658205,114.75,114.33999633789062,114.66000366210938,75.87560272216797,741200.0
2013-12-02,114.0999984741211,114.1999969482422,113.73999786376952,113.75,75.5157470703125,5714000.0
2013-12-03,113.88999938964844,114.13999938964844,113.88999938964844,114.04000091552734,75.70828247070312,1164500.0
2013-12-04,113.41999816894533,113.72000122070312,113.41999816894533,113.66999816894533,75.4626235961914,1705000.0
2013-12-05,113.38999938964844,113.58999633789062,113.23999786376952,113.41999816894533,75.29669952392578,1234400.0
2013-12-06,113.43000030517578,113.69000244140624,113.33999633789062,113.66000366210938,75.45601654052734,737400.0
2013-12-09,113.66000366210938,113.8499984741211,113.66000366210938,113.83000183105467,75.56884002685547,590100.0
2013-12-10,114.16999816894533,114.30999755859376,113.98999786376952,114.29000091552734,75.87425994873047,1171600.0
2013-12-11,114.1999969482422,114.29000091552734,113.94000244140624,113.97000122070312,75.66181182861328,1087800.0
2013-12-12,113.86000061035156,113.91999816894533,113.70999908447266,113.77999877929688,75.53563690185547,877300.0
2013-12-13,113.98999786376952,114.12999725341795,113.81999969482422,114.08999633789062,75.74146270751953,904000.0
2013-12-16,114.27999877929688,114.3499984741211,114.05999755859376,114.18000030517578,75.80122375488281,1593500.0
2013-12-17,114.08999633789062,114.5199966430664,114.08999633789062,114.5199966430664,76.02691650390625,1500800.0
2013-12-18,114.33000183105467,114.9000015258789,114.04000091552734,114.5199966430664,76.02691650390625,1946900.0
2013-12-19,114.19000244140624,114.5,114.16999816894533,114.3499984741211,75.91410827636719,2493300.0
2013-12-20,114.66000366210938,114.87999725341795,114.51000213623048,114.87999725341795,76.26589965820312,1269700.0
2013-12-23,114.81999969482422,115.04000091552734,114.69000244140624,114.6999969482422,76.14643859863281,1204900.0
2013-12-24,114.5199966430664,115.0,114.51000213623048,114.66999816894533,76.12649536132812,1003500.0
2013-12-26,114.16999816894533,114.38999938964844,114.16999816894533,114.23999786376952,76.07189178466797,2268000.0
2013-12-27,114.08000183105467,114.23999786376952,114.04000091552734,114.13999938964844,76.00535583496094,2463600.0
2013-12-30,114.1999969482422,114.48999786376952,114.1999969482422,114.4800033569336,76.23173522949219,2790000.0
2013-12-31,114.3000030517578,114.48999786376952,114.0199966430664,114.19000244140624,76.03863525390625,1658600.0
2014-01-02,114.29000091552734,114.45999908447266,114.11000061035156,114.41000366210938,76.18511962890625,1887700.0
2014-01-03,114.22000122070312,114.73999786376952,114.22000122070312,114.58000183105467,76.2983169555664,1695800.0
2014-01-06,114.73999786376952,114.88999938964844,114.6500015258789,114.83000183105467,76.46484375,1171700.0
2014-01-07,114.91999816894533,114.94000244140624,114.66000366210938,114.73999786376952,76.40486907958984,1086500.0
2014-01-08,114.5,114.52999877929688,114.1500015258789,114.25,76.07862091064453,1067000.0
2014-01-09,114.4000015258789,114.51000213623048,114.18000030517578,114.51000213623048,76.2516860961914,1216000.0
2014-01-10,114.91000366210938,115.25,114.88999938964844,115.12999725341795,76.6645736694336,1736900.0
2014-01-13,115.2300033569336,115.4499969482422,115.16999816894533,115.3499984741211,76.81105041503906,2109900.0
2014-01-14,115.1999969482422,115.3000030517578,115.0,115.01000213623048,76.58462524414062,1529100.0
2014-01-15,114.8000030517578,115.08999633789062,114.73999786376952,115.04000091552734,76.6046371459961,1495000.0
2014-01-16,115.22000122070312,115.31999969482422,115.16999816894533,115.30999755859376,76.78443145751953,1372300.0
2014-01-17,115.19000244140624,115.44000244140624,115.11000061035156,115.44000244140624,76.8709945678711,1766000.0
2014-01-21,115.2699966430664,115.4000015258789,115.2699966430664,115.27999877929688,76.76446533203125,1114100.0
2014-01-22,115.16000366210938,115.29000091552734,114.98999786376952,115.0,76.5780029296875,1687800.0
2014-01-23,115.22000122070312,115.5999984741211,115.1999969482422,115.44000244140624,76.8709945678711,1597600.0
2014-01-24,115.48999786376952,115.62999725341795,115.2699966430664,115.36000061035156,76.81771850585938,1681100.0
2014-01-27,115.2699966430664,115.58999633789062,115.13999938964844,115.13999938964844,76.67125701904297,1979600.0
2014-01-28,115.4000015258789,115.6999969482422,115.3000030517578,115.6999969482422,77.04412841796875,2420900.0
2014-01-29,115.72000122070312,115.98999786376952,115.58000183105467,115.93000030517578,77.19725799560547,2105500.0
2014-01-30,115.83000183105467,116.0199966430664,115.66999816894533,115.98999786376952,77.23722076416016,1821900.0
2014-01-31,116.0500030517578,116.33999633789062,116.01000213623048,116.33999633789062,77.47032165527344,1427400.0
2014-02-03,115.88999938964844,116.75,115.83000183105467,116.73999786376952,77.9698715209961,6064600.0
2014-02-04,116.33000183105467,116.33999633789062,116.0999984741211,116.18000030517578,77.5958480834961,2015000.0
2014-02-05,116.0,116.01000213623048,115.77999877929688,115.80999755859376,77.3487319946289,3226900.0
2014-02-06,115.75,115.83000183105467,115.62000274658205,115.6999969482422,77.27528381347656,853500.0
2014-02-07,115.83000183105467,116.16999816894533,115.77999877929688,116.05999755859376,77.51573181152344,1076900.0
2014-02-10,115.93000030517578,116.12000274658205,115.87999725341795,116.11000061035156,77.5490951538086,1048800.0
2014-02-11,115.87000274658205,115.93000030517578,115.70999908447266,115.87000274658205,77.3888168334961,2288900.0
2014-02-12,115.6999969482422,115.72000122070312,115.45999908447266,115.5199966430664,77.15504455566406,971500.0
2014-02-13,116.04000091552734,116.0999984741211,115.8499984741211,116.0,77.47565460205078,1125500.0
2014-02-14,116.12000274658205,116.22000122070312,115.9800033569336,116.22000122070312,77.62255859375,1063900.0
2014-02-18,116.3499984741211,116.6500015258789,116.29000091552734,116.45999908447266,77.78288269042969,1034400.0
2014-02-19,116.6999969482422,116.6999969482422,116.26000213623048,116.33000183105467,77.69603729248047,1556900.0
2014-02-20,116.19000244140624,116.30999755859376,116.0,116.18000030517578,77.5958480834961,1148800.0
2014-02-21,116.05999755859376,116.33999633789062,116.04000091552734,116.3000030517578,77.6760025024414,711000.0
2014-02-24,116.41000366210938,116.45999908447266,116.2300033569336,116.36000061035156,77.71607208251953,703600.0
2014-02-25,116.62999725341795,116.80999755859376,116.4499969482422,116.80999755859376,78.01663208007812,787300.0
2014-02-26,116.8000030517578,117.1999969482422,116.79000091552734,117.19000244140624,78.27045440673828,898200.0
2014-02-27,117.29000091552734,117.44000244140624,117.26000213623048,117.38999938964844,78.40401458740234,964900.0
2014-02-28,117.2300033569336,117.36000061035156,117.02999877929688,117.31999969482422,78.35729217529297,1791900.0
2014-03-03,117.05999755859376,117.29000091552734,116.95999908447266,117.27999877929688,78.56222534179688,1292700.0
2014-03-04,116.9800033569336,117.04000091552734,116.6500015258789,116.6500015258789,78.14022064208984,1075900.0
2014-03-05,116.56999969482422,116.8499984741211,116.5500030517578,116.58999633789062,78.10001373291016,2869300.0
2014-03-06,116.13999938964844,116.37999725341795,116.12000274658205,116.23999786376952,77.86555480957031,1271000.0
2014-03-07,115.9499969482422,116.0,115.63999938964844,115.81999969482422,77.58425903320312,1473800.0
2014-03-10,115.6999969482422,115.79000091552734,115.62000274658205,115.63999938964844,77.4636459350586,1851400.0
2014-03-11,115.69000244140624,115.80999755859376,115.61000061035156,115.68000030517578,77.49044799804688,943800.0
2014-03-12,116.0,116.13999938964844,115.93000030517578,116.08999633789062,77.76509094238281,1303800.0
2014-03-13,115.81999969482422,116.55999755859376,115.81999969482422,116.5,78.0397720336914,1696400.0
2014-03-14,116.6999969482422,116.7699966430664,116.37000274658205,116.37000274658205,77.95259857177734,797800.0
2014-03-17,116.36000061035156,116.43000030517578,116.16999816894533,116.22000122070312,77.85215759277344,635800.0
2014-03-18,116.25,116.58000183105467,116.19000244140624,116.58000183105467,78.09333801269531,963500.0
2014-03-19,116.52999877929688,116.54000091552734,115.69000244140624,115.73999786376952,77.53064727783203,1286700.0
2014-03-20,115.7300033569336,115.95999908447266,115.70999908447266,115.9000015258789,77.63784790039062,2003400.0
2014-03-21,116.06999969482422,116.38999938964844,116.01000213623048,116.3000030517578,77.90574645996094,636100.0
2014-03-24,116.29000091552734,116.66000366210938,116.25,116.5199966430664,78.05316925048828,1061300.0
2014-03-25,116.27999877929688,116.5999984741211,116.27999877929688,116.55999755859376,78.07990264892578,1352800.0
2014-03-26,116.62000274658205,117.02999877929688,116.5999984741211,117.01000213623048,78.38134765625,955000.0
2014-03-27,116.87000274658205,117.26000213623048,116.80999755859376,117.04000091552734,78.40147399902344,665500.0
2014-03-28,117.0199966430664,117.11000061035156,116.83000183105467,116.9499969482422,78.34110260009766,816300.0
2014-03-31,116.69000244140624,116.97000122070312,116.56999969482422,116.94000244140624,78.33446502685547,1695700.0
2014-04-01,116.44000244140624,116.52999877929688,116.3000030517578,116.30999755859376,78.1396255493164,3416600.0
2014-04-02,116.08000183105467,116.26000213623048,116.08000183105467,116.1500015258789,78.03215789794922,1236800.0
2014-04-03,116.25,116.51000213623048,116.25,116.37000274658205,78.17999267578125,1012200.0
2014-04-04,116.73999786376952,117.02999877929688,116.72000122070312,116.83000183105467,78.489013671875,989900.0
2014-04-07,116.98999786376952,117.1999969482422,116.95999908447266,117.11000061035156,78.67713928222656,1024500.0
2014-04-08,117.0999984741211,117.41999816894533,117.02999877929688,117.41999816894533,78.8853759765625,992600.0
2014-04-09,117.19000244140624,117.58999633789062,117.12999725341795,117.5199966430664,78.95257568359375,1675600.0
2014-04-10,117.4800033569336,118.04000091552734,117.38999938964844,117.68000030517578,79.06007385253906,1401500.0
2014-04-11,118.0,118.0,117.76000213623048,117.76000213623048,79.11378479003906,1258200.0
2014-04-14,117.8499984741211,117.93000030517578,117.6999969482422,117.83999633789062,79.16756439208984,908600.0
2014-04-15,117.83999633789062,118.2300033569336,117.7699966430664,118.08999633789062,79.33554077148438,1152500.0
2014-04-16,117.7699966430664,118.1500015258789,117.75,118.13999938964844,79.36908721923828,956300.0
2014-04-17,118.12000274658205,118.12000274658205,117.41999816894533,117.45999908447266,78.91224670410156,1510500.0
2014-04-21,117.70999908447266,117.79000091552734,117.51000213623048,117.62000274658205,79.01972961425781,652500.0
2014-04-22,117.4499969482422,117.73999786376952,117.4000015258789,117.68000030517578,79.06007385253906,1385000.0
2014-04-23,117.7699966430664,118.01000213623048,117.76000213623048,117.94000244140624,79.2347412109375,1778900.0
2014-04-24,117.73999786376952,118.01000213623048,117.6999969482422,117.95999908447266,79.24819946289062,1161000.0
2014-04-25,118.04000091552734,118.2699966430664,117.94000244140624,117.94000244140624,79.2347412109375,1051500.0
2014-04-28,117.94000244140624,118.08000183105467,117.6999969482422,117.8000030517578,79.14071655273438,1015500.0
2014-04-29,117.61000061035156,117.87000274658205,117.5999984741211,117.81999969482422,79.15414428710938,1359500.0
2014-04-30,117.95999908447266,118.27999877929688,117.79000091552734,118.1500015258789,79.3758316040039,2123200.0
2014-05-01,117.87999725341795,118.31999969482422,117.81999969482422,118.3000030517578,79.70867156982422,2193800.0
2014-05-02,118.04000091552734,118.68000030517578,117.94000244140624,118.5500030517578,79.87712097167969,862700.0
2014-05-05,118.5,118.63999938964844,118.23999786376952,118.25,79.67491912841797,1879800.0
2014-05-06,118.41000366210938,118.5500030517578,118.37000274658205,118.4499969482422,79.80973052978516,2251100.0
2014-05-07,118.4800033569336,118.58000183105467,118.29000091552734,118.47000122070312,79.82319641113281,1869200.0
2014-05-08,118.58000183105467,118.83000183105467,118.37000274658205,118.5,79.84342956542969,3351200.0
2014-05-09,118.33999633789062,118.4800033569336,118.2300033569336,118.37000274658205,79.7558364868164,1148100.0
2014-05-12,118.12000274658205,118.1999969482422,117.97000122070312,118.06999969482422,79.55371856689453,1634400.0
2014-05-13,118.3499984741211,118.5199966430664,118.3000030517578,118.51000213623048,79.8501205444336,961600.0
2014-05-14,118.86000061035156,119.22000122070312,118.83999633789062,119.0999984741211,80.24768829345703,1359000.0
2014-05-15,119.29000091552734,119.55999755859376,119.0999984741211,119.30999755859376,80.38914489746094,755100.0
2014-05-16,119.0999984741211,119.36000061035156,119.06999969482422,119.16999816894533,80.29481506347656,821100.0
2014-05-19,119.3499984741211,119.45999908447266,118.97000122070312,119.05999755859376,80.22076416015625,726700.0
2014-05-20,118.9499969482422,119.31999969482422,118.9499969482422,119.05999755859376,80.22076416015625,1200100.0
2014-05-21,118.77999877929688,118.88999938964844,118.66999816894533,118.83999633789062,80.07250213623047,1397200.0
2014-05-22,118.8499984741211,118.87000274658205,118.68000030517578,118.8000030517578,80.0455093383789,605800.0
2014-05-23,118.94000244140624,119.04000091552734,118.83000183105467,118.93000030517578,80.1331558227539,582500.0
2014-05-27,119.05999755859376,119.3499984741211,118.80999755859376,119.3499984741211,80.41613006591797,1062700.0
2014-05-28,119.51000213623048,119.91999816894533,119.51000213623048,119.91999816894533,80.80014038085938,1430800.0
2014-05-29,119.86000061035156,120.12999725341795,119.56999969482422,119.56999969482422,80.56436157226562,1325700.0
2014-05-30,119.47000122070312,119.69000244140624,119.33999633789062,119.58999633789062,80.57780456542969,1045400.0
2014-06-02,118.88999938964844,119.08000183105467,118.5500030517578,118.58999633789062,80.13048553466797,2652700.0
2014-06-03,118.45999908447266,118.48999786376952,118.0500030517578,118.0500030517578,79.76565551757812,1431100.0
2014-06-04,118.20999908447266,118.2300033569336,117.97000122070312,117.98999786376952,79.72510528564453,1263600.0
2014-06-05,118.04000091552734,118.3499984741211,117.91000366210938,118.23999786376952,79.89407348632812,801000.0
2014-06-06,118.44000244140624,118.76000213623048,118.37000274658205,118.48999786376952,80.06291961669922,1112700.0
2014-06-09,118.29000091552734,118.33000183105467,118.11000061035156,118.25,79.9007797241211,1215400.0
2014-06-10,118.06999969482422,118.16999816894533,118.0,118.02999877929688,79.75211334228516,758800.0
2014-06-11,118.11000061035156,118.27999877929688,118.02999877929688,118.12000274658205,79.81295776367188,507500.0
2014-06-12,118.18000030517578,118.5999984741211,118.05999755859376,118.5,80.06974029541016,964800.0
2014-06-13,118.12999725341795,118.58999633789062,118.08000183105467,118.4800033569336,80.05619812011719,474700.0
2014-06-16,118.4000015258789,118.62000274658205,118.37999725341795,118.47000122070312,80.04945373535156,732400.0
2014-06-17,118.37000274658205,118.37999725341795,118.05999755859376,118.06999969482422,79.77916717529297,605200.0
2014-06-18,118.33999633789062,118.75,118.16999816894533,118.75,80.2386703491211,791400.0
2014-06-19,118.88999938964844,118.9000015258789,118.20999908447266,118.33000183105467,79.95484161376953,610700.0
2014-06-20,118.23999786376952,118.61000061035156,118.18000030517578,118.55999755859376,80.11023712158203,1151900.0
2014-06-23,118.6999969482422,118.77999877929688,118.48999786376952,118.5500030517578,80.1034927368164,833300.0
2014-06-24,118.87999725341795,119.05999755859376,118.58999633789062,119.0500030517578,80.44136810302734,777600.0
2014-06-25,119.43000030517578,119.43000030517578,119.13999938964844,119.16999816894533,80.52243041992188,827100.0
2014-06-26,119.23999786376952,119.5199966430664,119.23999786376952,119.38999938964844,80.67108154296875,698700.0
2014-06-27,119.5199966430664,119.61000061035156,119.37000274658205,119.37000274658205,80.65757751464844,729300.0
2014-06-30,119.44000244140624,119.45999908447266,119.16999816894533,119.26000213623048,80.5832748413086,857200.0
2014-07-01,118.70999908447266,118.8499984741211,118.45999908447266,118.47000122070312,80.27157592773438,5448400.0
2014-07-02,118.31999969482422,118.31999969482422,117.97000122070312,118.0500030517578,79.98694610595703,3278000.0
2014-07-03,117.76000213623048,118.0,117.66000366210938,117.93000030517578,79.90570831298828,648400.0
2014-07-07,118.0199966430664,118.22000122070312,117.9499969482422,118.13999938964844,80.04795837402344,1219200.0
2014-07-08,118.48999786376952,118.66000366210938,118.45999908447266,118.58000183105467,80.34608459472656,1296400.0
2014-07-09,118.5199966430664,118.87000274658205,118.37000274658205,118.7699966430664,80.47480773925781,836700.0
2014-07-10,118.94000244140624,118.97000122070312,118.6500015258789,118.68000030517578,80.41387939453125,524000.0
2014-07-11,118.83999633789062,119.11000061035156,118.83999633789062,119.0500030517578,80.66454315185547,1259300.0
2014-07-14,118.86000061035156,118.93000030517578,118.7300033569336,118.8000030517578,80.49516296386719,690900.0
2014-07-15,118.70999908447266,119.04000091552734,118.5,118.66999816894533,80.40707397460938,791400.0
2014-07-16,118.79000091552734,118.98999786376952,118.69000244140624,118.9499969482422,80.59680938720703,963800.0
2014-07-17,119.18000030517578,119.48999786376952,119.05999755859376,119.4000015258789,80.90171813964844,847900.0
2014-07-18,119.3499984741211,119.38999938964844,119.06999969482422,119.23999786376952,80.79328155517578,539300.0
2014-07-21,119.37000274658205,119.47000122070312,119.20999908447266,119.23999786376952,80.79328155517578,852600.0
2014-07-22,119.30999755859376,119.4000015258789,119.18000030517578,119.33000183105467,80.854248046875,1017500.0
2014-07-23,119.45999908447266,119.5500030517578,119.41000366210938,119.47000122070312,80.94913482666016,1597800.0
2014-07-24,119.11000061035156,119.16999816894533,118.9800033569336,119.0,80.63069915771484,813400.0
2014-07-25,119.37000274658205,119.45999908447266,119.22000122070312,119.45999908447266,80.94242095947266,655400.0
2014-07-28,119.41000366210938,119.51000213623048,119.2300033569336,119.31999969482422,80.84750366210938,1290600.0
2014-07-29,119.52999877929688,119.5500030517578,119.27999877929688,119.43000030517578,80.92200469970703,787500.0
2014-07-30,119.08000183105467,119.18000030517578,118.6999969482422,118.87999725341795,80.54938507080078,1305800.0
2014-07-31,118.37000274658205,118.7300033569336,118.36000061035156,118.5500030517578,80.32579803466797,2121700.0
2014-08-01,118.12999725341795,118.87999725341795,118.08000183105467,118.81999969482422,80.73960876464844,2763600.0
2014-08-04,118.87000274658205,119.01000213623048,118.72000122070312,118.8499984741211,80.75993347167969,1779300.0
2014-08-05,118.66999816894533,118.98999786376952,118.5,118.97000122070312,80.84151458740234,2416200.0
2014-08-06,119.11000061035156,119.12000274658205,118.73999786376952,118.76000213623048,80.69881439208984,1799500.0
2014-08-07,118.94000244140624,119.12000274658205,118.79000091552734,119.06999969482422,80.9094467163086,1839200.0
2014-08-08,119.2699966430664,119.41000366210938,119.0,119.04000091552734,80.88910675048828,1048300.0
2014-08-11,119.13999938964844,119.27999877929688,119.0199966430664,119.08999633789062,80.9230728149414,770900.0
2014-08-12,119.1999969482422,119.20999908447266,118.9800033569336,119.02999877929688,80.88227844238281,1927400.0
2014-08-13,119.04000091552734,119.33000183105467,119.0,119.2699966430664,81.04536437988281,2260600.0
2014-08-14,119.45999908447266,119.5,119.19000244140624,119.4000015258789,81.13373565673828,1694200.0
2014-08-15,119.56999969482422,120.18000030517578,119.51000213623048,119.81999969482422,81.41912841796875,1729500.0
2014-08-18,119.68000030517578,119.73999786376952,119.45999908447266,119.5500030517578,81.23564910888672,1624200.0
2014-08-19,119.73999786376952,119.77999877929688,119.3000030517578,119.47000122070312,81.1812744140625,1559000.0
2014-08-20,119.43000030517578,119.47000122070312,119.11000061035156,119.1999969482422,80.99778747558594,746700.0
2014-08-21,119.38999938964844,119.63999938964844,119.37999725341795,119.61000061035156,81.27644348144531,1817900.0
2014-08-22,119.61000061035156,119.87999725341795,119.33999633789062,119.76000213623048,81.37834930419922,1014500.0
2014-08-25,119.87999725341795,119.9499969482422,119.72000122070312,119.9499969482422,81.50745391845703,793300.0
2014-08-26,120.0500030517578,120.08999633789062,119.8499984741211,120.02999877929688,81.56182098388672,730100.0
2014-08-27,120.0999984741211,120.29000091552734,120.0199966430664,120.2300033569336,81.69770050048828,1412400.0
2014-08-28,120.5,120.5999984741211,120.31999969482422,120.48999786376952,81.87435150146484,1100200.0
2014-08-29,120.43000030517578,120.68000030517578,120.38999938964844,120.58000183105467,81.93555450439453,1257900.0
2014-09-02,119.73999786376952,119.87999725341795,119.58000183105467,119.66999816894533,81.54573059082031,3493400.0
2014-09-03,119.45999908447266,119.83000183105467,119.41000366210938,119.83000183105467,81.65475463867188,838300.0
2014-09-04,119.52999877929688,119.66000366210938,118.9499969482422,118.9800033569336,81.07556915283203,4901900.0
2014-09-05,119.26000213623048,119.4000015258789,118.88999938964844,119.0,81.08921813964844,1557300.0
2014-09-08,119.20999908447266,119.3000030517578,118.7699966430664,118.8000030517578,80.95291900634766,1133000.0
2014-09-09,118.69000244140624,118.70999908447266,118.47000122070312,118.4800033569336,80.7348861694336,1853400.0
2014-09-10,118.23999786376952,118.41000366210938,118.1999969482422,118.29000091552734,80.60542297363281,1894800.0
2014-09-11,118.38999938964844,118.5500030517578,118.1999969482422,118.1999969482422,80.54405975341797,1300200.0
2014-09-12,117.86000061035156,118.02999877929688,117.5999984741211,117.62999725341795,80.15568542480469,1296900.0
2014-09-15,117.88999938964844,117.94000244140624,117.61000061035156,117.66000366210938,80.17610168457031,3575600.0
2014-09-16,117.66999816894533,117.91999816894533,117.58000183105467,117.63999938964844,80.1624526977539,1567600.0
2014-09-17,117.80999755859376,117.91000366210938,117.26000213623048,117.31999969482422,79.9444351196289,1763300.0
2014-09-18,117.41000366210938,117.58000183105467,117.33000183105467,117.52999877929688,80.08755493164062,1521200.0
2014-09-19,117.66999816894533,118.0199966430664,117.5,117.98999786376952,80.40094757080078,739000.0
2014-09-22,118.0500030517578,118.16999816894533,117.91000366210938,118.0999984741211,80.4759521484375,1729400.0
2014-09-23,118.16999816894533,118.29000091552734,118.05999755859376,118.29000091552734,80.60542297363281,904400.0
2014-09-24,118.22000122070312,118.23999786376952,117.94000244140624,118.01000213623048,80.41458892822266,786700.0
2014-09-25,118.05999755859376,118.44000244140624,118.0500030517578,118.36000061035156,80.65309143066406,1375200.0
2014-09-26,117.87999725341795,118.13999938964844,117.4000015258789,118.0999984741211,80.4759521484375,3295000.0
2014-09-29,118.12000274658205,118.2300033569336,117.87999725341795,118.0500030517578,80.44183349609375,3628200.0
2014-09-30,118.13999938964844,118.41999816894533,118.0500030517578,118.22000122070312,80.55765533447266,1716100.0
2014-10-01,118.30999755859376,118.80999755859376,118.25,118.5999984741211,81.04631042480469,1973500.0
2014-10-02,118.5999984741211,118.79000091552734,118.37000274658205,118.58999633789062,81.0394515991211,1891200.0
2014-10-03,118.56999969482422,118.9499969482422,118.37000274658205,118.93000030517578,81.27178955078125,2535800.0
2014-10-06,118.91000366210938,119.1500015258789,118.87000274658205,118.98999786376952,81.31279754638672,1858400.0
2014-10-07,119.27999877929688,119.62999725341795,119.16000366210938,119.41999816894533,81.60665130615234,1887900.0
2014-10-08,119.5999984741211,120.08000183105467,119.2300033569336,120.02999877929688,82.02351379394531,2297900.0
2014-10-09,119.7300033569336,119.94000244140624,119.51000213623048,119.52999877929688,81.68180084228516,1786200.0
2014-10-10,119.5999984741211,119.66999816894533,119.41000366210938,119.62999725341795,81.75016021728516,1371400.0
2014-10-13,119.91999816894533,120.18000030517578,119.8000030517578,119.94000244140624,81.9620132446289,1748200.0
2014-10-14,120.08999633789062,120.25,119.88999938964844,120.20999908447266,82.146484375,2826400.0
2014-10-15,120.8000030517578,122.43000030517578,120.12999725341795,120.3000030517578,82.20802307128906,3497900.0
2014-10-16,120.73999786376952,120.79000091552734,119.83999633789062,120.02999877929688,82.02351379394531,2229900.0
2014-10-17,120.05999755859376,120.1999969482422,119.75,119.9800033569336,81.98932647705078,1537800.0
2014-10-20,120.27999877929688,120.29000091552734,119.97000122070312,120.1999969482422,82.13967895507812,1735300.0
2014-10-21,120.0,120.23999786376952,119.9499969482422,120.12999725341795,82.09184265136719,1150000.0
2014-10-22,119.93000030517578,120.0199966430664,119.77999877929688,119.93000030517578,81.95516967773438,957000.0
2014-10-23,119.6999969482422,119.8499984741211,119.4499969482422,119.6999969482422,81.79803466796875,1408400.0
2014-10-24,119.68000030517578,119.9499969482422,119.5999984741211,119.75,81.83216857910156,1727800.0
2014-10-27,119.75,119.91000366210938,119.66000366210938,119.9000015258789,81.93466186523438,1946500.0
2014-10-28,119.70999908447266,119.75,119.44000244140624,119.5,81.66131591796875,2212700.0
2014-10-29,119.44000244140624,119.5,118.86000061035156,119.27999877929688,81.51100158691406,3574000.0
2014-10-30,119.4499969482422,119.6999969482422,119.3000030517578,119.36000061035156,81.5656509399414,2542000.0
2014-10-31,119.30999755859376,119.44000244140624,119.02999877929688,119.33999633789062,81.5520248413086,1893700.0
2014-11-03,118.77999877929688,118.97000122070312,118.62999725341795,118.7699966430664,81.39094543457031,6621700.0
2014-11-04,118.8000030517578,119.12999725341795,118.7699966430664,118.94000244140624,81.5074462890625,2155400.0
2014-11-05,118.80999755859376,118.8499984741211,118.61000061035156,118.72000122070312,81.35670471191406,1725300.0
2014-11-06,118.58999633789062,118.70999908447266,118.33000183105467,118.36000061035156,81.10999298095703,1458700.0
2014-11-07,118.5,119.12000274658205,118.5,119.11000061035156,81.62393951416016,1730000.0
2014-11-10,118.9800033569336,119.0,118.5,118.51000213623048,81.21277618408203,1710500.0
2014-11-11,118.5,118.58999633789062,118.4000015258789,118.5,81.2059097290039,805600.0
2014-11-12,118.83000183105467,118.9800033569336,118.3499984741211,118.48999786376952,81.19906616210938,1931400.0
2014-11-13,118.52999877929688,118.55999755859376,118.30999755859376,118.36000061035156,81.10999298095703,2128500.0
2014-11-14,118.25,118.70999908447266,118.19000244140624,118.51000213623048,81.21277618408203,1784800.0
2014-11-17,118.63999938964844,118.68000030517578,118.16999816894533,118.2300033569336,81.0208969116211,1770100.0
2014-11-18,118.20999908447266,118.36000061035156,118.16000366210938,118.33000183105467,81.08940124511719,2002900.0
2014-11-19,117.86000061035156,118.08000183105467,117.6999969482422,117.6999969482422,80.65770721435547,1890200.0
2014-11-20,118.20999908447266,118.3000030517578,117.87000274658205,118.1500015258789,80.96602630615234,2040100.0
2014-11-21,118.38999938964844,118.75,118.3000030517578,118.66000366210938,81.31558990478516,1820200.0
2014-11-24,118.62000274658205,118.88999938964844,118.5999984741211,118.8499984741211,81.44575500488281,1592600.0
2014-11-25,119.0,119.4499969482422,118.9499969482422,119.36000061035156,81.79527282714844,2052800.0
2014-11-26,119.7300033569336,119.8499984741211,119.66000366210938,119.7699966430664,82.07624053955078,978200.0
2014-11-28,119.91000366210938,120.11000061035156,119.91000366210938,120.08999633789062,82.29552459716797,1037800.0
2014-12-01,119.8000030517578,119.87999725341795,118.9499969482422,119.33999633789062,82.01033782958984,6029800.0
2014-12-02,118.94000244140624,118.95999908447266,118.54000091552734,118.54000091552734,81.46060180664062,1496200.0
2014-12-03,118.62000274658205,118.83000183105467,118.5500030517578,118.66000366210938,81.54303741455078,5153700.0
2014-12-04,118.61000061035156,119.0,118.58000183105467,118.8499984741211,81.67357635498047,2413000.0
2014-12-05,118.75,118.80999755859376,118.3000030517578,118.36000061035156,81.33686828613281,1118600.0
2014-12-08,118.52999877929688,119.05999755859376,118.41999816894533,118.91999816894533,81.72171783447266,1842000.0
2014-12-09,119.12999725341795,119.2699966430664,118.9000015258789,119.0199966430664,81.79043579101562,1369900.0
2014-12-10,118.9800033569336,119.2699966430664,118.93000030517578,118.9800033569336,81.762939453125,2974000.0
2014-12-11,119.0500030517578,119.1500015258789,118.68000030517578,118.86000061035156,81.68046569824219,1915600.0
2014-12-12,119.1500015258789,119.62999725341795,119.0,119.0500030517578,81.81102752685547,3457700.0
2014-12-15,119.0,119.48999786376952,118.86000061035156,119.33000183105467,82.0034408569336,4318600.0
2014-12-16,119.33999633789062,119.5999984741211,119.13999938964844,119.29000091552734,81.97596740722656,2041000.0
2014-12-17,119.5199966430664,119.88999938964844,119.12999725341795,119.31999969482422,81.99655151367188,1875200.0
2014-12-18,119.25,119.51000213623048,118.87999725341795,119.44000244140624,82.07906341552734,2056600.0
2014-12-19,119.19000244140624,119.47000122070312,119.02999877929688,119.37999725341795,82.0378189086914,1088400.0
2014-12-22,119.55999755859376,119.80999755859376,119.33000183105467,119.76000213623048,82.2989730834961,2011400.0
2014-12-23,119.5999984741211,119.61000061035156,118.7699966430664,118.8499984741211,81.67357635498047,1285700.0
2014-12-24,118.51000213623048,118.98999786376952,118.41999816894533,118.91000366210938,81.93683624267578,466200.0
2014-12-26,119.0999984741211,119.12999725341795,118.86000061035156,119.0,81.99880981445312,499100.0
2014-12-29,119.2699966430664,119.41999816894533,119.11000061035156,119.2300033569336,82.15733337402344,826200.0
2014-12-30,119.5500030517578,119.72000122070312,119.3000030517578,119.33000183105467,82.22624969482422,1052000.0
2014-12-31,119.58000183105467,119.79000091552734,119.30999755859376,119.41000366210938,82.28136444091797,1231400.0
2015-01-02,119.5999984741211,120.23999786376952,119.5500030517578,119.83000183105467,82.57079315185547,2523600.0
2015-01-05,120.19000244140624,120.68000030517578,120.08999633789062,120.31999969482422,82.90846252441406,3218800.0
2015-01-06,120.6500015258789,121.16999816894533,120.47000122070312,120.80999755859376,83.24604797363281,5313400.0
2015-01-07,120.63999938964844,121.0500030517578,120.51000213623048,120.97000122070312,83.35630798339844,1636600.0
2015-01-08,120.6500015258789,120.66999816894533,120.37000274658205,120.58000183105467,83.08756256103516,2156900.0
2015-01-09,120.41999816894533,121.0199966430664,120.38999938964844,120.9000015258789,83.30803680419922,1530400.0
2015-01-12,120.94000244140624,121.19000244140624,120.87000274658205,121.12999725341795,83.46654510498047,1948000.0
2015-01-13,121.12999725341795,121.27999877929688,120.91000366210938,121.23999786376952,83.54234313964844,1468300.0
2015-01-14,121.70999908447266,121.81999969482422,121.3499984741211,121.4499969482422,83.68701934814453,2457000.0
2015-01-15,121.52999877929688,122.2699966430664,121.4499969482422,122.08000183105467,84.12114715576172,2171300.0
2015-01-16,121.70999908447266,121.91000366210938,121.2300033569336,121.4000015258789,83.65262603759766,1322500.0
2015-01-20,121.70999908447266,122.05999755859376,121.62999725341795,121.68000030517578,83.84552764892578,1648900.0
2015-01-21,122.08000183105467,122.11000061035156,121.31999969482422,121.62999725341795,83.81106567382812,1878000.0
2015-01-22,121.87999725341795,121.95999908447266,121.25,121.56999969482422,83.76978302001953,1938400.0
2015-01-23,122.08999633789062,122.41000366210938,122.04000091552734,122.27999877929688,84.25897216796875,1436300.0
2015-01-26,122.3499984741211,122.47000122070312,122.0,122.25,84.2383041381836,2347900.0
2015-01-27,122.68000030517578,122.83000183105467,122.1999969482422,122.33999633789062,84.30030059814453,1268000.0
2015-01-28,122.38999938964844,123.33999633789062,122.37000274658205,123.16999816894533,84.87223052978516,1367900.0
2015-01-29,122.86000061035156,123.02999877929688,122.69000244140624,122.87999725341795,84.67240905761719,1674500.0
2015-01-30,123.5500030517578,123.9000015258789,123.43000030517578,123.88999938964844,85.36837005615234,3499000.0
2015-02-02,123.23999786376952,123.72000122070312,123.0500030517578,123.66999816894533,85.44783020019531,5684700.0
2015-02-03,123.05999755859376,123.19000244140624,122.5199966430664,122.66999816894533,84.75686645507812,2828500.0
2015-02-04,122.26000213623048,122.87000274658205,122.19000244140624,122.83999633789062,84.87432861328125,3209500.0
2015-02-05,122.58999633789062,122.69000244140624,122.36000061035156,122.4499969482422,84.60484313964844,1789300.0
2015-02-06,121.95999908447266,122.08999633789062,121.13999938964844,121.16999816894533,83.72047424316406,2578400.0
2015-02-09,121.55999755859376,121.62000274658205,121.11000061035156,121.25,83.77583312988281,2426900.0
2015-02-10,121.2300033569336,121.3000030517578,120.88999938964844,120.91999816894533,83.54777526855469,2580300.0
2015-02-11,121.02999877929688,121.0500030517578,120.63999938964844,121.0,83.60308074951172,2239600.0
2015-02-12,121.0,121.44000244140624,120.9000015258789,121.30999755859376,83.81724548339844,4045600.0
2015-02-13,121.29000091552734,121.36000061035156,120.81999969482422,120.83000183105467,83.48556518554688,2068700.0
2015-02-17,120.66000366210938,120.77999877929688,120.05999755859376,120.2699966430664,83.09867095947266,2970300.0
2015-02-18,120.33999633789062,121.0,120.20999908447266,120.6999969482422,83.39574432373047,3221900.0
2015-02-19,120.63999938964844,121.08000183105467,120.54000091552734,120.68000030517578,83.3819580078125,2765500.0
2015-02-20,121.0199966430664,121.31999969482422,120.47000122070312,120.86000061035156,83.50629425048828,1621100.0
2015-02-23,121.1500015258789,121.27999877929688,121.05999755859376,121.2699966430664,83.78953552246094,2191400.0
2015-02-24,121.05999755859376,122.0999984741211,120.8000030517578,122.05999755859376,84.33544921875,1891700.0
2015-02-25,121.91999816894533,122.1999969482422,121.73999786376952,122.16999816894533,84.41140747070312,2024500.0
2015-02-26,122.0,122.1500015258789,121.44000244140624,121.51000213623048,83.9554214477539,1192200.0
2015-02-27,121.54000091552734,121.86000061035156,121.30999755859376,121.8000030517578,84.15579223632812,2892800.0
2015-03-02,121.36000061035156,121.36000061035156,120.4000015258789,120.41999816894533,83.42628479003906,4540700.0
2015-03-03,120.5,120.7699966430664,120.33999633789062,120.3499984741211,83.3778305053711,4737600.0
2015-03-04,120.66000366210938,120.66999816894533,120.1999969482422,120.2699966430664,83.32235717773438,2703200.0
2015-03-05,120.5,120.58000183105467,120.12999725341795,120.43000030517578,83.4332046508789,1307600.0
2015-03-06,119.6999969482422,119.80999755859376,119.11000061035156,119.1500015258789,82.54640197753906,3372800.0
2015-03-09,119.58999633789062,119.68000030517578,119.37999725341795,119.62999725341795,82.87895202636719,6241000.0
2015-03-10,120.0199966430664,120.19000244140624,119.79000091552734,119.81999969482422,83.01054382324219,3356900.0
2015-03-11,120.06999969482422,120.44000244140624,119.87999725341795,120.43000030517578,83.4332046508789,1712200.0
2015-03-12,120.62999725341795,120.72000122070312,120.08000183105467,120.30999755859376,83.35005950927734,2970700.0
2015-03-13,120.0,120.3000030517578,119.9000015258789,119.97000122070312,83.11451721191406,1845300.0
2015-03-16,120.41999816894533,120.41999816894533,119.91000366210938,120.08999633789062,83.19761657714844,1588300.0
2015-03-17,120.0999984741211,120.37000274658205,119.87999725341795,120.29000091552734,83.336181640625,2528800.0
2015-03-18,120.54000091552734,121.88999938964844,120.36000061035156,121.7699966430664,84.36148834228516,3382500.0
2015-03-19,121.4800033569336,121.61000061035156,121.0500030517578,121.1500015258789,83.93201446533203,2503000.0
2015-03-20,121.47000122070312,121.70999908447266,121.36000061035156,121.48999786376952,84.16754913330078,3669300.0
2015-03-23,121.56999969482422,121.83000183105467,121.5500030517578,121.7699966430664,84.36148834228516,2946600.0
2015-03-24,121.88999938964844,122.0,121.6999969482422,121.9499969482422,84.48625183105469,2782100.0
2015-03-25,122.0,122.3000030517578,121.44000244140624,121.5500030517578,84.2091064453125,3205900.0
2015-03-26,121.2699966430664,121.37999725341795,120.72000122070312,120.8000030517578,83.68950653076172,2681800.0
2015-03-27,121.18000030517578,121.54000091552734,121.02999877929688,121.27999877929688,84.02205657958984,1009700.0
2015-03-30,121.41999816894533,121.58999633789062,121.27999877929688,121.48999786376952,84.16754913330078,981100.0
2015-03-31,121.47000122070312,121.76000213623048,121.31999969482422,121.70999908447266,84.31997680664062,1688400.0
2015-04-01,121.6999969482422,122.16999816894533,121.61000061035156,121.7300033569336,84.56242370605469,7393500.0
2015-04-02,121.94000244140624,122.12000274658205,121.5,121.52999877929688,84.42350006103516,3013700.0
2015-04-06,122.01000213623048,122.16000366210938,121.4000015258789,121.69000244140624,84.53461456298828,3496000.0
2015-04-07,121.5999984741211,122.13999938964844,121.47000122070312,122.12999725341795,84.84030151367188,2613500.0
2015-04-08,122.12999725341795,122.12999725341795,121.6999969482422,122.08999633789062,84.81250762939453,3933500.0
2015-04-09,122.06999969482422,122.06999969482422,121.36000061035156,121.47000122070312,84.38178253173828,1780600.0
2015-04-10,121.80999755859376,121.9000015258789,121.55999755859376,121.63999938964844,84.49989318847656,1325000.0
2015-04-13,121.6500015258789,121.8499984741211,121.54000091552734,121.5999984741211,84.47211456298828,1710100.0
2015-04-14,122.0500030517578,122.30999755859376,121.8499984741211,121.87999725341795,84.66657257080078,2245000.0
2015-04-15,122.1500015258789,122.29000091552734,121.95999908447266,121.95999908447266,84.7221908569336,1560900.0
2015-04-16,122.13999938964844,122.13999938964844,121.56999969482422,121.88999938964844,84.67359161376953,1820500.0
2015-04-17,121.81999969482422,122.3499984741211,121.6500015258789,122.22000122070312,84.9028091430664,1625800.0
2015-04-20,122.19000244140624,122.3499984741211,121.83999633789062,121.93000030517578,84.70135498046875,1527200.0
2015-04-21,122.0500030517578,122.0999984741211,121.77999877929688,121.9000015258789,84.68048095703125,2441600.0
2015-04-22,121.93000030517578,121.94000244140624,121.08999633789062,121.11000061035156,84.13174438476562,2106000.0
2015-04-23,121.13999938964844,121.58999633789062,121.04000091552734,121.41999816894533,84.34703063964844,1962900.0
2015-04-24,121.61000061035156,121.83000183105467,121.51000213623048,121.6500015258789,84.50685119628906,1690200.0
2015-04-27,121.6500015258789,121.76000213623048,121.31999969482422,121.55999755859376,84.4443130493164,1564700.0
2015-04-28,121.22000122070312,121.37999725341795,120.76000213623048,120.83999633789062,83.94417572021484,1972700.0
2015-04-29,120.01000213623048,120.1500015258789,119.5999984741211,119.83999633789062,83.24948120117188,3087100.0
2015-04-30,119.66000366210938,120.01000213623048,119.16999816894533,119.94000244140624,83.31893920898438,5716000.0
2015-05-01,119.22000122070312,119.47000122070312,118.8000030517578,118.9499969482422,82.85918426513672,3462200.0
2015-05-04,119.01000213623048,119.16000366210938,118.55999755859376,118.56999969482422,82.59447479248047,2689600.0
2015-05-05,118.63999938964844,118.69000244140624,118.0500030517578,118.37000274658205,82.45516967773438,3307400.0
2015-05-06,118.3000030517578,118.3000030517578,117.68000030517578,117.86000061035156,82.09989166259766,2105900.0
2015-05-07,118.01000213623048,118.41000366210938,117.86000061035156,118.33000183105467,82.42729949951172,3641200.0
2015-05-08,119.08999633789062,119.2300033569336,118.83000183105467,119.01000213623048,82.90101623535156,5393700.0
2015-05-11,118.61000061035156,118.6500015258789,117.69000244140624,117.80999755859376,82.06504821777344,3882800.0
2015-05-12,117.4499969482422,117.9800033569336,117.1999969482422,117.63999938964844,81.94667053222656,3737200.0
2015-05-13,118.20999908447266,118.27999877929688,117.48999786376952,117.52999877929688,81.8700180053711,3263600.0
2015-05-14,117.75,118.13999938964844,117.61000061035156,117.93000030517578,82.14866638183594,3094300.0
2015-05-15,118.20999908447266,118.81999969482422,118.0999984741211,118.75,82.71988677978516,1856500.0
2015-05-18,118.30999755859376,118.4800033569336,117.75,117.83999633789062,82.08598327636719,2820500.0
2015-05-19,117.3000030517578,117.8000030517578,117.1999969482422,117.20999908447266,81.64713287353516,3562500.0
2015-05-20,117.37999725341795,117.68000030517578,117.11000061035156,117.3499984741211,81.74467468261719,2626800.0
2015-05-21,117.5500030517578,117.9499969482422,117.41999816894533,117.91000366210938,82.134765625,1606900.0
2015-05-22,117.81999969482422,117.8499984741211,117.51000213623048,117.83000183105467,82.07903289794922,2858500.0
2015-05-26,117.86000061035156,118.41000366210938,117.80999755859376,118.3499984741211,82.44125366210938,2232300.0
2015-05-27,118.36000061035156,118.5500030517578,118.08999633789062,118.47000122070312,82.52482604980469,2282700.0
2015-05-28,118.43000030517578,118.48999786376952,118.19000244140624,118.22000122070312,82.35065460205078,2901000.0
2015-05-29,118.5,118.56999969482422,118.12999725341795,118.2699966430664,82.38550567626953,2845800.0
2015-06-01,117.86000061035156,117.98999786376952,117.22000122070312,117.27999877929688,81.92378997802734,5315800.0
2015-06-02,116.87000274658205,116.98999786376952,116.58999633789062,116.68000030517578,81.50467681884766,7084900.0
2015-06-03,116.44000244140624,116.44000244140624,115.70999908447266,115.93000030517578,80.98074340820312,3307900.0
2015-06-04,116.12000274658205,116.66999816894533,116.12000274658205,116.52999877929688,81.3998794555664,2849100.0
2015-06-05,115.91000366210938,116.20999908447266,115.5,115.94000244140624,80.98779296875,5548400.0
2015-06-08,116.08000183105467,116.1999969482422,115.86000061035156,115.86000061035156,80.93183898925781,2131100.0
2015-06-09,115.66999816894533,115.66999816894533,115.23999786376952,115.33999633789062,80.5686264038086,6152300.0
2015-06-10,115.18000030517578,115.27999877929688,114.93000030517578,115.02999877929688,80.35208129882812,1959600.0
2015-06-11,115.54000091552734,116.06999969482422,115.29000091552734,116.0500030517578,81.06461334228516,2562600.0
2015-06-12,115.76000213623048,116.33000183105467,115.7300033569336,115.8499984741211,80.9249038696289,2437900.0
2015-06-15,116.1999969482422,116.25,115.68000030517578,115.83000183105467,80.91095733642578,1827600.0
2015-06-16,115.95999908447266,116.12000274658205,115.66000366210938,116.12000274658205,81.11347198486328,2274100.0
2015-06-17,116.04000091552734,116.1999969482422,115.47000122070312,116.11000061035156,81.10649108886719,3824200.0
2015-06-18,115.8499984741211,116.0,115.52999877929688,115.9000015258789,80.9598159790039,1853100.0
2015-06-19,116.2300033569336,116.62000274658205,116.05999755859376,116.5199966430664,81.39290618896484,5114500.0
2015-06-22,116.08999633789062,116.25,115.54000091552734,115.5999984741211,80.750244140625,2547700.0
2015-06-23,115.08999633789062,115.63999938964844,115.08999633789062,115.33999633789062,80.5686264038086,1238700.0
2015-06-24,115.44000244140624,115.72000122070312,115.3000030517578,115.66000366210938,80.79217529296875,2540000.0
2015-06-25,115.4800033569336,115.63999938964844,115.26000213623048,115.47000122070312,80.65945434570312,2567500.0
2015-06-26,115.0199966430664,115.12999725341795,114.7300033569336,114.94000244140624,80.28919219970703,2285000.0
2015-06-29,115.22000122070312,116.08999633789062,115.1500015258789,115.94000244140624,80.98779296875,5945700.0
2015-06-30,115.66999816894533,116.18000030517578,115.5999984741211,115.72000122070312,80.8341064453125,2668600.0
2015-07-01,115.02999877929688,115.29000091552734,115.0199966430664,115.0199966430664,80.5748519897461,4088700.0
2015-07-02,115.3000030517578,115.66000366210938,115.27999877929688,115.45999908447266,80.88311767578125,1971000.0
2015-07-06,115.87999725341795,116.06999969482422,115.58999633789062,115.91999816894533,81.20536041259766,4845100.0
2015-07-07,116.6500015258789,116.86000061035156,116.26000213623048,116.4000015258789,81.54163360595703,3627500.0
2015-07-08,116.51000213623048,116.70999908447266,116.2300033569336,116.55999755859376,81.65367889404297,3490600.0
2015-07-09,116.16000366210938,116.1999969482422,115.72000122070312,115.79000091552734,81.11430358886719,1427800.0
2015-07-10,115.1500015258789,115.36000061035156,114.80999755859376,115.0500030517578,80.59593200683594,2740000.0
2015-07-13,114.58000183105467,115.08000183105467,114.58000183105467,114.8000030517578,80.42071533203125,3146100.0
2015-07-14,114.87000274658205,115.0,114.66000366210938,114.9000015258789,80.49082946777344,4364200.0
2015-07-15,114.86000061035156,115.37000274658205,114.7699966430664,115.1999969482422,80.70097351074219,1923800.0
2015-07-16,115.02999877929688,115.45999908447266,114.91999816894533,115.37999725341795,80.82708740234375,2036600.0
2015-07-17,115.38999938964844,115.62000274658205,115.38999938964844,115.45999908447266,80.88311767578125,2268200.0
2015-07-20,115.25,115.4499969482422,115.1500015258789,115.19000244140624,80.69397735595703,2805800.0
2015-07-21,115.01000213623048,115.4800033569336,115.0,115.43000030517578,80.86209869384766,2490900.0
2015-07-22,115.41000366210938,115.75,115.33999633789062,115.58000183105467,80.96721649169922,1292900.0
2015-07-23,115.52999877929688,116.0199966430664,115.4000015258789,115.91999816894533,81.20536041259766,2007600.0
2015-07-24,116.11000061035156,116.11000061035156,115.66999816894533,115.87000274658205,81.17033386230469,2704700.0
2015-07-27,115.93000030517578,116.18000030517578,115.80999755859376,115.87999725341795,81.17729949951172,4836700.0
2015-07-28,115.62999725341795,115.81999969482422,115.5,115.79000091552734,81.11430358886719,2755100.0
2015-07-29,115.7300033569336,115.80999755859376,115.5199966430664,115.69000244140624,81.04425811767578,1569200.0
2015-07-30,115.7699966430664,115.91999816894533,115.5999984741211,115.75,81.08627319335938,2157600.0
2015-07-31,116.11000061035156,116.41000366210938,116.0999984741211,116.3499984741211,81.506591796875,3626900.0
2015-08-03,115.86000061035156,116.37999725341795,115.83000183105467,116.29000091552734,81.6963119506836,2942800.0
2015-08-04,115.98999786376952,116.0500030517578,115.63999938964844,115.6999969482422,81.28179931640625,3823200.0
2015-08-05,115.51000213623048,115.51000213623048,115.08999633789062,115.25,80.96564483642578,2991600.0
2015-08-06,115.37999725341795,115.58999633789062,115.33000183105467,115.47000122070312,81.12020874023438,1750800.0
2015-08-07,115.63999938964844,115.94000244140624,115.5500030517578,115.87000274658205,81.40118408203125,2907200.0
2015-08-10,115.58000183105467,115.68000030517578,115.3499984741211,115.41000366210938,81.07807159423828,1317600.0
2015-08-11,115.88999938964844,116.20999908447266,115.81999969482422,115.88999938964844,81.41527557373047,5011600.0
2015-08-12,115.88999938964844,116.26000213623048,115.6500015258789,115.70999908447266,81.28878021240234,5062200.0
2015-08-13,115.41000366210938,115.66000366210938,115.22000122070312,115.30999755859376,81.00775146484375,1647500.0
2015-08-14,115.27999877929688,115.52999877929688,115.16999816894533,115.41999816894533,81.08507537841797,1693600.0
2015-08-17,115.8000030517578,116.0999984741211,115.58999633789062,115.79000091552734,81.34497833251953,3313900.0
2015-08-18,115.5199966430664,115.63999938964844,115.27999877929688,115.3499984741211,81.0359115600586,2200900.0
2015-08-19,115.0999984741211,115.98999786376952,115.0,115.91000366210938,81.42930603027344,2600100.0
2015-08-20,115.9499969482422,116.11000061035156,115.80999755859376,115.9800033569336,81.47847747802734,1760100.0
2015-08-21,116.01000213623048,116.29000091552734,115.81999969482422,116.01000213623048,81.49956512451172,2971100.0
2015-08-24,116.5,116.58999633789062,115.62999725341795,115.69000244140624,81.27474212646484,3966000.0
2015-08-25,115.3499984741211,115.55999755859376,114.87000274658205,115.0999984741211,80.86026763916016,2625300.0
2015-08-26,114.87999725341795,115.2300033569336,114.68000030517578,115.02999877929688,80.81108856201172,3299400.0
2015-08-27,114.80999755859376,115.38999938964844,114.6999969482422,115.13999938964844,80.88838958740234,2957800.0
2015-08-28,115.70999908447266,115.76000213623048,115.2699966430664,115.3499984741211,81.0359115600586,1901200.0
2015-08-31,115.79000091552734,115.81999969482422,115.05999755859376,115.05999755859376,80.83216857910156,1250200.0
2015-09-01,115.05999755859376,115.48999786376952,114.83999633789062,115.41999816894533,81.32181549072266,3856800.0
2015-09-02,114.97000122070312,115.45999908447266,114.97000122070312,115.25,81.20203399658203,1824500.0
2015-09-03,115.56999969482422,115.94000244140624,115.41999816894533,115.8000030517578,81.58954620361328,11303000.0
2015-09-04,115.97000122070312,116.1999969482422,115.77999877929688,116.05999755859376,81.77275848388672,1648600.0
2015-09-08,115.76000213623048,115.81999969482422,115.5,115.5199966430664,81.39228057861328,1892300.0
2015-09-09,115.2300033569336,115.83999633789062,115.1999969482422,115.7699966430664,81.56846618652344,2079100.0
2015-09-10,115.56999969482422,115.6500015258789,115.36000061035156,115.54000091552734,81.40634155273438,2566500.0
2015-09-11,115.58000183105467,115.88999938964844,115.56999969482422,115.62000274658205,81.46273803710938,2333300.0
2015-09-14,115.77999877929688,115.81999969482422,115.4800033569336,115.61000061035156,81.45570373535156,1732500.0
2015-09-15,115.33999633789062,115.4800033569336,114.63999938964844,114.73999786376952,80.84271240234375,3090400.0
2015-09-16,114.80999755859376,115.0500030517578,114.76000213623048,114.9499969482422,80.99068450927734,2918300.0
2015-09-17,114.93000030517578,115.94000244140624,114.88999938964844,115.9000015258789,81.6600341796875,4106700.0
2015-09-18,116.08000183105467,116.37999725341795,116.0,116.25,81.9066390991211,4692400.0
2015-09-21,115.94000244140624,116.0999984741211,115.61000061035156,115.66000366210938,81.49095153808594,3209900.0
2015-09-22,116.0500030517578,116.3499984741211,115.94000244140624,116.16000366210938,81.84322357177734,4001000.0
2015-09-23,116.12000274658205,116.22000122070312,115.93000030517578,116.08999633789062,81.79391479492188,2435200.0
2015-09-24,116.45999908447266,116.5199966430664,116.08000183105467,116.11000061035156,81.80799102783203,2378100.0
2015-09-25,115.73999786376952,115.9499969482422,115.6500015258789,115.76000213623048,81.56137084960938,2858800.0
2015-09-28,115.83999633789062,116.16000366210938,115.6999969482422,115.95999908447266,81.70227813720703,3099400.0
2015-09-29,115.91000366210938,116.1500015258789,115.81999969482422,116.11000061035156,81.80799102783203,2267100.0
2015-09-30,115.87999725341795,116.12999725341795,115.83000183105467,116.08999633789062,81.79391479492188,4404200.0
2015-10-01,115.73999786376952,115.91999816894533,115.56999969482422,115.7300033569336,81.7755126953125,6459600.0
2015-10-02,116.3499984741211,116.48999786376952,116.0199966430664,116.23999786376952,82.13589477539062,3480100.0
2015-10-05,115.91999816894533,116.06999969482422,115.8000030517578,115.93000030517578,81.91679382324219,7567200.0
2015-10-06,115.93000030517578,116.22000122070312,115.6500015258789,116.16000366210938,82.0793685913086,3241200.0
2015-10-07,116.23999786376952,116.5999984741211,115.91999816894533,116.56999969482422,82.36907958984375,5884900.0
2015-10-08,116.56999969482422,116.56999969482422,115.9800033569336,116.11000061035156,82.04403686523438,2175000.0
2015-10-09,116.08999633789062,116.27999877929688,115.98999786376952,116.16000366210938,82.0793685913086,3798800.0
2015-10-12,116.31999969482422,116.6999969482422,116.31999969482422,116.62999725341795,82.41148376464844,860400.0
2015-10-13,116.61000061035156,116.63999938964844,116.23999786376952,116.54000091552734,82.3478775024414,2147200.0
2015-10-14,116.83999633789062,117.01000213623048,116.56999969482422,117.0,82.67290496826172,1976500.0
2015-10-15,116.8499984741211,116.9499969482422,116.61000061035156,116.9499969482422,82.63761138916016,4233500.0
2015-10-16,116.91999816894533,117.02999877929688,116.83000183105467,116.98999786376952,82.66584777832031,3055300.0
2015-10-19,116.94000244140624,116.98999786376952,116.63999938964844,116.9800033569336,82.6587905883789,2510700.0
2015-10-20,116.63999938964844,116.8499984741211,116.5500030517578,116.76000213623048,82.5033187866211,4190100.0
2015-10-21,117.0500030517578,117.37000274658205,117.0500030517578,117.33999633789062,82.91316986083984,2497700.0
2015-10-22,117.30999755859376,117.77999877929688,117.22000122070312,117.58999633789062,83.08981323242188,2396900.0
2015-10-23,117.3499984741211,117.41000366210938,117.16000366210938,117.16000366210938,82.78596496582031,3682800.0
2015-10-26,117.37000274658205,117.43000030517578,117.12999725341795,117.37000274658205,82.93437957763672,3771900.0
2015-10-27,117.66000366210938,117.69000244140624,117.37000274658205,117.4000015258789,82.95558166503906,2809600.0
2015-10-28,117.29000091552734,117.36000061035156,116.81999969482422,116.94000244140624,82.63053131103516,4693300.0
2015-10-29,116.61000061035156,116.62999725341795,116.0,116.12000274658205,82.05113983154297,2942100.0
2015-10-30,116.19000244140624,116.44000244140624,116.08000183105467,116.41999816894533,82.26309967041016,2664100.0
2015-11-02,115.8000030517578,115.87999725341795,115.55999755859376,115.58999633789062,81.90950775146484,6241700.0
2015-11-03,115.5999984741211,115.70999908447266,115.43000030517578,115.5999984741211,81.91658782958984,2672700.0
2015-11-04,115.62999725341795,115.79000091552734,115.4499969482422,115.47000122070312,81.82447052001953,4176400.0
2015-11-05,115.55999755859376,115.72000122070312,115.2300033569336,115.5,81.84571838378906,3743100.0
2015-11-06,114.83000183105467,114.87999725341795,114.63999938964844,114.75,81.31424713134766,4306200.0
2015-11-09,114.54000091552734,114.80999755859376,114.43000030517578,114.55999755859376,81.17961120605469,3253200.0
2015-11-10,114.6999969482422,115.05999755859376,114.56999969482422,114.8499984741211,81.3851089477539,2228800.0
2015-11-11,114.8000030517578,114.9000015258789,114.7300033569336,114.83999633789062,81.37801361083984,910900.0
2015-11-12,114.75,115.1999969482422,114.73999786376952,114.8000030517578,81.3497085571289,3102000.0
2015-11-13,115.08999633789062,115.19000244140624,114.9800033569336,115.13999938964844,81.59060668945312,2618900.0
2015-11-16,115.20999908447266,115.3000030517578,115.0199966430664,115.16000366210938,81.60478973388672,2558400.0
2015-11-17,114.9499969482422,115.5,114.86000061035156,115.27999877929688,81.68983459472656,3857700.0
2015-11-18,115.1999969482422,115.41000366210938,115.06999969482422,115.30999755859376,81.71102905273438,1713300.0
2015-11-19,115.47000122070312,115.7699966430664,115.44000244140624,115.6500015258789,81.9520263671875,2890500.0
2015-11-20,115.62999725341795,115.76000213623048,115.4800033569336,115.62999725341795,81.93782043457031,2344900.0
2015-11-23,115.54000091552734,115.75,115.47000122070312,115.66999816894533,81.96614837646484,1948100.0
2015-11-24,115.63999938964844,115.81999969482422,115.58000183105467,115.70999908447266,81.99452209472656,1659500.0
2015-11-25,115.75,115.91000366210938,115.68000030517578,115.81999969482422,82.07245635986328,609600.0
2015-11-27,115.91000366210938,116.0,115.86000061035156,115.86000061035156,82.1008071899414,409200.0
2015-11-30,115.8499984741211,115.9499969482422,115.8000030517578,115.91000366210938,82.13624572753906,4925000.0
2015-12-01,115.63999938964844,116.47000122070312,115.55999755859376,116.4499969482422,82.75379180908203,5961700.0
2015-12-02,116.20999908447266,116.33000183105467,116.0500030517578,116.16999816894533,82.55477905273438,6138300.0
2015-12-03,115.58000183105467,115.69000244140624,114.55999755859376,114.62999725341795,81.4604263305664,4515400.0
2015-12-04,114.79000091552734,115.27999877929688,114.79000091552734,115.25,81.90099334716797,3120500.0
2015-12-07,115.22000122070312,115.83000183105467,115.19000244140624,115.4499969482422,82.04312133789062,3094600.0
2015-12-08,115.5999984741211,115.61000061035156,115.22000122070312,115.3000030517578,81.93656158447266,3754100.0
2015-12-09,115.16999816894533,115.41999816894533,114.93000030517578,115.2699966430664,81.91521453857422,3394600.0
2015-12-10,115.29000091552734,115.47000122070312,115.0,115.0,81.72337341308594,4722600.0
2015-12-11,115.27999877929688,115.41000366210938,114.80999755859376,115.1999969482422,81.8655014038086,7949600.0
2015-12-14,114.8499984741211,115.0,114.18000030517578,114.3499984741211,81.26143646240234,6442800.0
2015-12-15,114.06999969482422,114.62999725341795,113.94000244140624,114.36000061035156,81.2685775756836,3822600.0
2015-12-16,114.30999755859376,114.62999725341795,113.6999969482422,114.33999633789062,81.25437927246094,2540900.0
2015-12-17,114.66000366210938,114.73999786376952,114.33999633789062,114.47000122070312,81.34672546386719,2327500.0
2015-12-18,114.5199966430664,114.76000213623048,114.43000030517578,114.47000122070312,81.34672546386719,2566200.0
2015-12-21,114.76000213623048,114.9000015258789,114.45999908447266,114.5500030517578,81.40362548828125,3026000.0
2015-12-22,114.43000030517578,114.58999633789062,114.29000091552734,114.4000015258789,81.29696655273438,2204900.0
2015-12-23,114.27999877929688,114.5199966430664,114.20999908447266,114.5,81.36808013916016,1923200.0
2015-12-24,114.33999633789062,114.5500030517578,114.1999969482422,114.5500030517578,81.6332015991211,920100.0
2015-12-28,114.36000061035156,114.55999755859376,114.20999908447266,114.41000366210938,81.53339385986328,2422500.0
2015-12-29,114.27999877929688,114.37999725341795,113.80999755859376,113.81999969482422,81.11287689208984,2965700.0
2015-12-30,113.7699966430664,114.0500030517578,113.7300033569336,113.81999969482422,81.11287689208984,1890600.0
2015-12-31,114.16999816894533,114.2699966430664,114.0,114.01000213623048,81.24832153320312,1228200.0
2016-01-04,114.1500015258789,114.41000366210938,113.88999938964844,113.9499969482422,81.20556640625,8333700.0
2016-01-05,114.08999633789062,114.2300033569336,113.91000366210938,114.01000213623048,81.24832153320312,4474300.0
2016-01-06,114.4800033569336,114.52999877929688,114.3000030517578,114.45999908447266,81.56897735595703,4522400.0
2016-01-07,114.56999969482422,114.68000030517578,114.25,114.5500030517578,81.6332015991211,4820000.0
2016-01-08,114.5199966430664,114.91999816894533,114.44000244140624,114.63999938964844,81.69728088378906,4363500.0
2016-01-11,114.48999786376952,114.61000061035156,114.2300033569336,114.2699966430664,81.43358612060547,4161500.0
2016-01-12,114.3000030517578,114.91000366210938,114.3000030517578,114.52999877929688,81.61892700195312,2616600.0
2016-01-13,114.72000122070312,115.0,114.54000091552734,114.87999725341795,81.86835479736328,5649800.0
2016-01-14,114.9000015258789,114.91999816894533,114.26000213623048,114.30999755859376,81.46212768554688,4735300.0
2016-01-15,114.33999633789062,114.48999786376952,113.9800033569336,114.13999938964844,81.34098052978516,5977900.0
2016-01-19,114.04000091552734,114.12000274658205,113.61000061035156,113.62999725341795,80.97755432128906,3374300.0
2016-01-20,113.83999633789062,113.94000244140624,113.51000213623048,113.8000030517578,81.09866333007812,6175300.0
2016-01-21,113.80999755859376,113.98999786376952,113.36000061035156,113.47000122070312,80.86348724365234,3928300.0
2016-01-22,113.43000030517578,113.76000213623048,113.3499984741211,113.54000091552734,80.91336822509766,2932000.0
2016-01-25,113.19000244140624,113.70999908447266,113.19000244140624,113.41999816894533,80.8278579711914,2485200.0
2016-01-26,113.51000213623048,113.77999877929688,113.44000244140624,113.73999786376952,81.05592346191406,4002200.0
2016-01-27,113.52999877929688,113.70999908447266,113.20999908447266,113.43000030517578,80.83501434326172,2535900.0
2016-01-28,113.2699966430664,113.75,113.2699966430664,113.55999755859376,80.92764282226562,4187100.0
2016-01-29,114.22000122070312,114.22000122070312,113.9000015258789,114.1500015258789,81.34809112548828,2022700.0
2016-02-01,113.48999786376952,113.58999633789062,113.11000061035156,113.4499969482422,81.08859252929688,8696800.0
2016-02-02,113.63999938964844,113.73999786376952,113.37000274658205,113.66000366210938,81.23868560791016,5881200.0
2016-02-03,113.5199966430664,113.94000244140624,113.23999786376952,113.37999725341795,81.0385971069336,3732100.0
2016-02-04,113.48999786376952,113.68000030517578,113.33000183105467,113.43000030517578,81.07433319091797,3367500.0
2016-02-05,113.27999877929688,113.5,113.12000274658205,113.41000366210938,81.06006622314453,4334400.0
2016-02-08,113.6500015258789,114.08000183105467,113.5,114.0,81.48176574707031,3265200.0
2016-02-09,113.66000366210938,114.08000183105467,113.58999633789062,113.61000061035156,81.20301818847656,3346900.0
2016-02-10,113.73999786376952,113.93000030517578,113.62000274658205,113.75,81.30303955078125,3738300.0
2016-02-11,114.0,114.48999786376952,113.9000015258789,114.12999725341795,81.57469177246094,5333600.0
2016-02-12,113.66999816894533,113.83000183105467,113.16999816894533,113.48999786376952,81.11720275878906,4180600.0
2016-02-16,113.52999877929688,113.52999877929688,112.87999725341795,112.9499969482422,80.73127746582031,4972200.0
2016-02-17,112.9000015258789,113.13999938964844,112.66999816894533,112.91999816894533,80.70983123779297,5008100.0
2016-02-18,113.19000244140624,113.87999725341795,113.08000183105467,113.83999633789062,81.36741638183594,3810700.0
2016-02-19,113.8000030517578,113.97000122070312,113.56999969482422,113.76000213623048,81.31021118164062,3587300.0
2016-02-22,113.87000274658205,114.04000091552734,113.77999877929688,113.98999786376952,81.47461700439453,4556800.0
2016-02-23,113.75,114.3000030517578,113.5500030517578,114.22000122070312,81.63899230957031,2832100.0
2016-02-24,114.5,114.81999969482422,114.2699966430664,114.33000183105467,81.71766662597656,3402200.0
2016-02-25,114.58000183105467,115.11000061035156,114.58000183105467,114.97000122070312,82.17507934570312,4531800.0
2016-02-26,114.91000366210938,114.95999908447266,114.56999969482422,114.93000030517578,82.14649200439453,5422500.0
2016-02-29,114.8499984741211,115.06999969482422,114.77999877929688,115.01000213623048,82.20364379882812,5231900.0
2016-03-01,115.11000061035156,115.11000061035156,113.91999816894533,114.0500030517578,81.75562286376953,8301800.0
2016-03-02,113.9499969482422,114.3000030517578,113.81999969482422,114.27999877929688,81.92050170898438,3519600.0
2016-03-03,114.29000091552734,114.9000015258789,114.27999877929688,114.81999969482422,82.30760955810547,3614600.0
2016-03-04,114.73999786376952,114.81999969482422,114.4499969482422,114.8000030517578,82.29325103759766,2040600.0
2016-03-07,114.48999786376952,114.95999908447266,114.48999786376952,114.93000030517578,82.38645935058594,3616900.0
2016-03-08,115.7699966430664,115.86000061035156,115.4499969482422,115.54000091552734,82.82376098632812,3279800.0
2016-03-09,115.1999969482422,115.54000091552734,115.18000030517578,115.41000366210938,82.73053741455078,3205800.0
2016-03-10,115.91000366210938,116.08999633789062,115.4000015258789,115.88999938964844,83.07462310791016,4459000.0
2016-03-11,116.3000030517578,116.37999725341795,115.97000122070312,116.22000122070312,83.31114959716797,4603500.0
2016-03-14,116.43000030517578,116.5999984741211,116.20999908447266,116.55999755859376,83.55489349365234,2997400.0
2016-03-15,116.83000183105467,116.83000183105467,116.38999938964844,116.5199966430664,83.5262222290039,6599400.0
2016-03-16,116.3499984741211,117.12000274658205,116.26000213623048,117.08000183105467,83.92766571044922,3975400.0
2016-03-17,117.08000183105467,117.69000244140624,117.08000183105467,117.44000244140624,84.18572998046875,3341900.0
2016-03-18,117.86000061035156,117.91000366210938,117.5,117.70999908447266,84.37926483154297,3315200.0
2016-03-21,117.51000213623048,117.83999633789062,117.41999816894533,117.56999969482422,84.27894592285156,2948600.0
2016-03-22,117.8000030517578,117.8000030517578,117.27999877929688,117.3499984741211,84.12120056152344,3762900.0
2016-03-23,117.58999633789062,117.94000244140624,117.30999755859376,117.94000244140624,84.54413604736328,5338700.0
2016-03-24,118.26000213623048,118.26000213623048,117.8000030517578,117.88999938964844,84.5083236694336,2601500.0
2016-03-28,117.94000244140624,118.19000244140624,117.86000061035156,117.95999908447266,84.55845642089844,3274500.0
2016-03-29,118.27999877929688,118.5999984741211,118.11000061035156,118.48999786376952,84.9383773803711,3758500.0
2016-03-30,118.48999786376952,118.48999786376952,118.19000244140624,118.3499984741211,84.8380355834961,3877600.0
2016-03-31,118.37999725341795,118.86000061035156,118.29000091552734,118.81999969482422,85.17497253417969,7853500.0
2016-04-01,118.6500015258789,118.95999908447266,118.19000244140624,118.87000274658205,85.44956970214844,6809800.0
2016-04-04,118.9000015258789,118.91999816894533,118.66000366210938,118.87999725341795,85.45673370361328,4138700.0
2016-04-05,118.69000244140624,119.2699966430664,118.55999755859376,119.26000213623048,85.72988891601562,6944700.0
2016-04-06,119.06999969482422,119.18000030517578,118.91000366210938,119.16000366210938,85.65802001953125,4793600.0
2016-04-07,119.44000244140624,119.54000091552734,119.25,119.4800033569336,85.88805389404297,3591900.0
2016-04-08,119.37999725341795,119.38999938964844,119.13999938964844,119.20999908447266,85.69396209716797,2060900.0
2016-04-11,119.08999633789062,119.33999633789062,118.9800033569336,119.1999969482422,85.68675231933594,1998600.0
2016-04-12,118.87999725341795,119.04000091552734,118.61000061035156,118.7300033569336,85.3488998413086,3553400.0
2016-04-13,118.7699966430664,119.16000366210938,118.6999969482422,119.13999938964844,85.64363861083984,2502200.0
2016-04-14,119.18000030517578,119.2300033569336,118.91000366210938,119.05999755859376,85.586181640625,1864000.0
2016-04-15,119.3000030517578,119.62000274658205,119.13999938964844,119.55999755859376,85.94557189941406,3789500.0
2016-04-18,119.33999633789062,119.69000244140624,119.33999633789062,119.69000244140624,86.03900909423828,2827400.0
2016-04-19,119.7300033569336,119.91999816894533,119.56999969482422,119.91000366210938,86.19719696044922,2577100.0
2016-04-20,120.05999755859376,120.38999938964844,119.5500030517578,119.58000183105467,85.95992279052734,3040900.0
2016-04-21,119.66000366210938,119.69000244140624,119.33000183105467,119.52999877929688,85.92405700683594,3579500.0
2016-04-22,119.91000366210938,119.91000366210938,119.5500030517578,119.66000366210938,86.01744079589844,1651800.0
2016-04-25,119.68000030517578,119.69000244140624,119.3000030517578,119.37999725341795,85.81617736816406,2923600.0
2016-04-26,119.5,119.5,119.12000274658205,119.33000183105467,85.78022003173828,3286600.0
2016-04-27,119.58999633789062,120.08999633789062,119.41999816894533,120.08999633789062,86.32658386230469,3091100.0
2016-04-28,119.9000015258789,120.2699966430664,119.81999969482422,120.1999969482422,86.40560913085938,3503200.0
2016-04-29,120.08000183105467,120.41999816894533,119.8499984741211,120.33000183105467,86.49906921386719,2924600.0
2016-05-02,119.9499969482422,120.0500030517578,119.7699966430664,119.8499984741211,86.38739776611328,6771200.0
2016-05-03,120.04000091552734,120.23999786376952,119.9000015258789,120.05999755859376,86.53875732421875,3732700.0
2016-05-04,120.0,120.01000213623048,119.72000122070312,119.86000061035156,86.39459228515625,4228200.0
2016-05-05,119.95999908447266,120.12999725341795,119.62000274658205,120.0999984741211,86.56755828857422,4466000.0
2016-05-06,120.0500030517578,120.0500030517578,119.69000244140624,119.83999633789062,86.380126953125,3045000.0
2016-05-09,119.9499969482422,119.9499969482422,119.61000061035156,119.72000122070312,86.29367065429688,6202800.0
2016-05-10,119.80999755859376,119.97000122070312,119.66999816894533,119.91999816894533,86.43782043457031,5469900.0
2016-05-11,119.83999633789062,120.23999786376952,119.75,120.0500030517578,86.53153991699219,3416600.0
2016-05-12,120.0999984741211,120.0999984741211,119.66999816894533,119.8000030517578,86.35124206542969,2681900.0
2016-05-13,119.91000366210938,120.05999755859376,119.77999877929688,120.0199966430664,86.50991821289062,4328100.0
2016-05-16,120.0199966430664,120.0199966430664,119.5999984741211,119.62000274658205,86.2215347290039,2968400.0
2016-05-17,119.61000061035156,119.8000030517578,119.51000213623048,119.58000183105467,86.1927261352539,3386000.0
2016-05-18,119.4499969482422,119.4499969482422,118.44000244140624,118.55999755859376,85.45753479003906,7022100.0
2016-05-19,118.62000274658205,118.91999816894533,118.62000274658205,118.83999633789062,85.65936279296875,5759900.0
2016-05-20,118.93000030517578,118.98999786376952,118.69000244140624,118.91999816894533,85.71699523925781,2977700.0
2016-05-23,118.91999816894533,118.9800033569336,118.70999908447266,118.91999816894533,85.71699523925781,2842000.0
2016-05-24,118.98999786376952,118.98999786376952,118.55999755859376,118.72000122070312,85.5728530883789,3498100.0
2016-05-25,118.7300033569336,118.95999908447266,118.6999969482422,118.93000030517578,85.7242431640625,4793800.0
2016-05-26,118.95999908447266,119.4499969482422,118.95999908447266,119.2699966430664,85.96932220458984,4858600.0
2016-05-27,119.27999877929688,119.41000366210938,119.02999877929688,119.18000030517578,85.90442657470703,2762800.0
2016-05-31,119.0,119.5,118.91000366210938,119.38999938964844,86.0557861328125,3170400.0
2016-06-01,119.27999877929688,119.41999816894533,119.04000091552734,119.13999938964844,86.11650085449219,5528700.0
2016-06-02,119.27999877929688,119.5999984741211,119.2300033569336,119.37999725341795,86.28998565673828,2709400.0
2016-06-03,120.0500030517578,120.33999633789062,119.93000030517578,120.33999633789062,86.98389434814453,2998800.0
2016-06-06,120.30999755859376,120.30999755859376,120.0199966430664,120.0500030517578,86.7742691040039,6401500.0
2016-06-07,120.31999969482422,120.4499969482422,120.18000030517578,120.2300033569336,86.90438079833984,3663400.0
2016-06-08,120.37999725341795,120.63999938964844,120.33000183105467,120.62999725341795,87.1935043334961,2478800.0
2016-06-09,120.91000366210938,120.97000122070312,120.7300033569336,120.8000030517578,87.31639099121094,2885400.0
2016-06-10,120.9000015258789,121.1500015258789,120.87999725341795,120.94000244140624,87.41759490966797,4209200.0
2016-06-13,121.1500015258789,121.1500015258789,120.68000030517578,120.76000213623048,87.28742980957031,3979900.0
2016-06-14,120.91999816894533,121.0199966430664,120.4499969482422,120.48999786376952,87.09231567382812,6301100.0
2016-06-15,120.9000015258789,121.08999633789062,120.6500015258789,120.94000244140624,87.41759490966797,5589500.0
2016-06-16,120.91999816894533,121.26000213623048,120.86000061035156,121.12000274658205,87.54765319824219,4550700.0
2016-06-17,121.08000183105467,121.08000183105467,120.69000244140624,120.76000213623048,87.28742980957031,2673200.0
2016-06-20,120.68000030517578,120.6999969482422,120.4800033569336,120.61000061035156,87.17904663085938,4549700.0
2016-06-21,120.70999908447266,120.7699966430664,120.41000366210938,120.5,87.09954071044922,4396400.0
2016-06-22,120.52999877929688,120.7300033569336,120.5,120.72000122070312,87.25858306884766,4090400.0
2016-06-23,120.6500015258789,120.6999969482422,120.5,120.5999984741211,87.17179107666016,3942700.0
2016-06-24,120.87999725341795,121.5,120.87999725341795,121.16999816894533,87.58379364013672,5294900.0
2016-06-27,121.58999633789062,121.98999786376952,121.58999633789062,121.68000030517578,87.95249938964844,7323900.0
2016-06-28,121.83000183105467,122.38999938964844,121.81999969482422,122.3499984741211,88.43675231933594,5555700.0
2016-06-29,122.5199966430664,122.69000244140624,122.22000122070312,122.30999755859376,88.40785217285156,5325800.0
2016-06-30,122.44000244140624,122.83999633789062,122.3000030517578,122.73999786376952,88.71865844726562,5398300.0
2016-07-01,122.98999786376952,123.16999816894533,122.76000213623048,123.0500030517578,89.18324279785156,4396300.0
2016-07-05,123.45999908447266,123.58000183105467,123.1999969482422,123.47000122070312,89.48767852783203,4415000.0
2016-07-06,123.63999938964844,123.75,123.4000015258789,123.69000244140624,89.6470718383789,6770300.0
2016-07-07,123.62999725341795,123.86000061035156,123.45999908447266,123.70999908447266,89.66157531738281,2597100.0
2016-07-08,124.0500030517578,124.41999816894533,123.86000061035156,124.4000015258789,90.1616668701172,3835300.0
2016-07-11,124.27999877929688,124.4800033569336,124.05999755859376,124.08000183105467,89.92972564697266,3000200.0
2016-07-12,123.83000183105467,123.83999633789062,123.37000274658205,123.37999725341795,89.42240142822266,4363000.0
2016-07-13,123.88999938964844,124.05999755859376,123.7300033569336,123.86000061035156,89.77030944824219,3738500.0
2016-07-14,123.2300033569336,123.68000030517578,123.20999908447266,123.55999755859376,89.55284118652344,7254900.0
2016-07-15,123.2699966430664,123.5,123.0,123.08999633789062,89.21221160888672,4442600.0
2016-07-18,123.41000366210938,123.4499969482422,122.83000183105467,123.08999633789062,89.21221160888672,4737300.0
2016-07-19,123.41000366210938,123.41000366210938,123.0199966430664,123.30999755859376,89.37165832519531,7196300.0
2016-07-20,123.19000244140624,123.30999755859376,122.94000244140624,123.2699966430664,89.3426513671875,3676800.0
2016-07-21,122.87999725341795,123.4499969482422,122.8000030517578,123.41000366210938,89.44415283203125,3570100.0
2016-07-22,123.16999816894533,123.61000061035156,123.0999984741211,123.33999633789062,89.39344024658203,3748200.0
2016-07-25,123.5199966430664,123.5199966430664,123.1999969482422,123.2699966430664,89.3426513671875,3295600.0
2016-07-26,123.55999755859376,123.55999755859376,122.97000122070312,123.1500015258789,89.25568389892578,4929300.0
2016-07-27,123.38999938964844,123.73999786376952,123.1999969482422,123.66000366210938,89.6253662109375,5976800.0
2016-07-28,123.38999938964844,123.62000274658205,123.25,123.54000091552734,89.5383529663086,5276100.0
2016-07-29,123.5,124.04000091552734,123.5,123.98999786376952,89.864501953125,4226100.0
2016-08-01,123.31999969482422,123.44000244140624,122.9499969482422,122.97000122070312,89.35801696777344,4827700.0
2016-08-02,122.43000030517578,122.66999816894533,122.11000061035156,122.27999877929688,88.85662078857422,4526700.0
2016-08-03,122.52999877929688,122.6500015258789,122.18000030517578,122.44000244140624,88.97293853759766,6037600.0
2016-08-04,122.8499984741211,123.2300033569336,122.7300033569336,122.95999908447266,89.35076904296875,3413100.0
2016-08-05,122.87000274658205,122.95999908447266,122.41000366210938,122.45999908447266,88.98744201660156,3888300.0
2016-08-08,122.33999633789062,122.7699966430664,122.2300033569336,122.54000091552734,89.04553985595703,4161300.0
2016-08-09,122.87999725341795,123.31999969482422,122.75,123.26000213623048,89.56880950927734,4259100.0
2016-08-10,123.5999984741211,123.72000122070312,123.27999877929688,123.61000061035156,89.82308197021484,6338800.0
2016-08-11,123.6999969482422,123.76000213623048,123.05999755859376,123.1999969482422,89.52516174316406,4227600.0
2016-08-12,123.76000213623048,124.05999755859376,123.68000030517578,123.76000213623048,89.93212127685547,6585200.0
2016-08-15,123.62000274658205,123.63999938964844,123.37999725341795,123.37999725341795,89.65594482421875,2980700.0
2016-08-16,123.5199966430664,123.52999877929688,123.11000061035156,123.16000366210938,89.49610900878906,4526300.0
2016-08-17,123.25,123.66000366210938,123.18000030517578,123.5,89.74317169189453,4566900.0
2016-08-18,123.73999786376952,123.94000244140624,123.5,123.8000030517578,89.96117401123047,4237900.0
2016-08-19,123.54000091552734,123.6999969482422,123.26000213623048,123.43000030517578,89.69232177734375,5272100.0
2016-08-22,123.83999633789062,123.97000122070312,123.63999938964844,123.8499984741211,89.99750518798828,5221000.0
2016-08-23,124.0500030517578,124.2300033569336,123.9000015258789,123.98999786376952,90.09922790527344,5398800.0
2016-08-24,124.16999816894533,124.25,123.9000015258789,123.91000366210938,90.04105377197266,3871200.0
2016-08-25,123.91999816894533,124.06999969482422,123.76000213623048,123.79000091552734,89.95391082763672,3679300.0
2016-08-26,124.0500030517578,124.4499969482422,123.31999969482422,123.4000015258789,89.67050170898438,3388100.0
2016-08-29,123.8000030517578,124.25,123.70999908447266,124.0999984741211,90.1791534423828,2668000.0
2016-08-30,124.08000183105467,124.0999984741211,123.80999755859376,123.94000244140624,90.06285858154297,10626500.0
2016-08-31,124.01000213623048,124.0500030517578,123.7699966430664,123.88999938964844,90.02655792236328,5300000.0
2016-09-01,123.1999969482422,123.62999725341795,123.08000183105467,123.56999969482422,90.02656555175781,10146300.0
2016-09-02,123.58000183105467,123.58999633789062,123.0999984741211,123.3499984741211,89.86627960205078,4155700.0
2016-09-06,123.47000122070312,123.9000015258789,123.18000030517578,123.77999877929688,90.17955017089844,6387400.0
2016-09-07,123.9499969482422,124.04000091552734,123.61000061035156,123.61000061035156,90.05567169189453,2983400.0
2016-09-08,123.25,123.4000015258789,122.66999816894533,122.73999786376952,89.42185974121094,4632300.0
2016-09-09,122.11000061035156,122.37999725341795,121.75,121.81999969482422,88.75162506103516,8136000.0
2016-09-12,121.72000122070312,122.05999755859376,121.5500030517578,121.83000183105467,88.75894165039062,5164100.0
2016-09-13,121.98999786376952,121.98999786376952,121.0500030517578,121.43000030517578,88.46749114990234,13637100.0
2016-09-14,121.48999786376952,121.72000122070312,121.3499984741211,121.51000213623048,88.5257339477539,4444000.0
2016-09-15,121.48999786376952,121.6999969482422,121.1999969482422,121.58999633789062,88.5840072631836,3441100.0
2016-09-16,121.75,121.81999969482422,121.5,121.7300033569336,88.68602752685547,6832400.0
2016-09-19,121.80999755859376,121.91000366210938,121.61000061035156,121.69000244140624,88.65686798095703,5997100.0
2016-09-20,121.9800033569336,122.20999908447266,121.80999755859376,121.8499984741211,88.77347564697266,5026100.0
2016-09-21,121.87999725341795,122.5,121.62000274658205,122.47000122070312,89.22518920898438,4651400.0
2016-09-22,122.72000122070312,123.11000061035156,122.6999969482422,122.97000122070312,89.58941650390625,8544300.0
2016-09-23,122.95999908447266,123.04000091552734,122.83999633789062,122.87999725341795,89.52384948730469,6284600.0
2016-09-26,122.9499969482422,123.20999908447266,122.9000015258789,123.06999969482422,89.66229248046875,5027000.0
2016-09-27,123.33999633789062,123.44000244140624,123.06999969482422,123.37000274658205,89.880859375,4571800.0
2016-09-28,123.48999786376952,123.51000213623048,123.25,123.4499969482422,89.93913269042969,8094600.0
2016-09-29,123.19000244140624,123.44000244140624,123.08000183105467,123.4000015258789,89.90271759033203,5409100.0
2016-09-30,123.4499969482422,123.4499969482422,122.83999633789062,123.18000030517578,89.74243927001953,5224600.0
2016-10-03,122.91999816894533,122.9499969482422,122.51000213623048,122.51000213623048,89.4882583618164,5555900.0
2016-10-04,122.43000030517578,122.56999969482422,121.94000244140624,121.94000244140624,89.07191467285156,6890100.0
2016-10-05,122.04000091552734,122.1500015258789,121.66999816894533,121.80999755859376,88.97689819335938,4168600.0
2016-10-06,121.80999755859376,122.12999725341795,121.6500015258789,121.81999969482422,88.98417663574219,5909300.0
2016-10-07,121.98999786376952,122.1999969482422,121.69000244140624,122.11000061035156,89.19608306884766,2545900.0
2016-10-10,122.11000061035156,122.12000274658205,121.7699966430664,122.11000061035156,89.19608306884766,2246100.0
2016-10-11,121.75,122.01000213623048,121.69000244140624,121.7300033569336,88.91848754882812,3416600.0
2016-10-12,121.8000030517578,121.93000030517578,121.58000183105467,121.88999938964844,89.03533935546875,2327800.0
2016-10-13,122.0999984741211,122.33000183105467,122.05999755859376,122.19000244140624,89.2544937133789,4204300.0
2016-10-14,121.86000061035156,122.0999984741211,121.61000061035156,121.62000274658205,88.83816528320312,2208900.0
2016-10-17,121.8000030517578,122.06999969482422,121.8000030517578,122.0199966430664,89.13031768798828,2698800.0
2016-10-18,121.91999816894533,122.31999969482422,121.91000366210938,122.31999969482422,89.34943389892578,2944100.0
2016-10-19,122.23999786376952,122.56999969482422,122.16000366210938,122.4800033569336,89.4663314819336,5010500.0
2016-10-20,122.7699966430664,122.7699966430664,122.41999816894533,122.44000244140624,89.4371109008789,2646800.0
2016-10-21,122.5199966430664,122.58000183105467,122.3000030517578,122.51000213623048,89.4882583618164,3502500.0
2016-10-24,122.5500030517578,122.5500030517578,122.0199966430664,122.16000366210938,89.23261260986328,3816500.0
2016-10-25,122.08999633789062,122.29000091552734,121.9800033569336,122.06999969482422,89.1668472290039,6611600.0
2016-10-26,121.87999725341795,121.91999816894533,121.5500030517578,121.55999755859376,88.79427337646484,10256000.0
2016-10-27,121.31999969482422,121.31999969482422,120.7300033569336,121.01000213623048,88.39253997802734,11643100.0
2016-10-28,120.9499969482422,121.13999938964844,120.83999633789062,120.87000274658205,88.29032135009766,5629800.0
2016-10-31,121.16000366210938,121.1999969482422,120.94000244140624,120.9800033569336,88.37063598632812,5377300.0
2016-11-01,120.43000030517578,120.66999816894533,120.18000030517578,120.51000213623048,88.25933837890625,9303000.0
2016-11-02,120.5999984741211,120.80999755859376,120.51000213623048,120.69000244140624,88.39115142822266,4798100.0
2016-11-03,120.51000213623048,120.61000061035156,120.36000061035156,120.4499969482422,88.21533966064453,6320500.0
2016-11-04,120.62999725341795,120.9000015258789,120.62999725341795,120.80999755859376,88.47901916503906,4242900.0
2016-11-07,120.68000030517578,120.7699966430664,120.55999755859376,120.7300033569336,88.42044830322266,4352400.0
2016-11-08,120.69000244140624,120.77999877929688,120.33000183105467,120.45999908447266,88.22265625,3632400.0
2016-11-09,119.47000122070312,119.69000244140624,118.51000213623048,118.69000244140624,86.9263687133789,9216200.0
2016-11-10,118.51000213623048,119.08000183105467,118.41000366210938,118.58999633789062,86.8531265258789,9063900.0
2016-11-11,118.54000091552734,118.6500015258789,118.0199966430664,118.08000183105467,86.4796142578125,6011900.0
2016-11-14,117.31999969482422,118.01000213623048,117.18000030517578,117.47000122070312,86.03282165527344,7148700.0
2016-11-15,117.66000366210938,118.0500030517578,117.56999969482422,117.83000183105467,86.29653930664062,4840300.0
2016-11-16,117.69000244140624,118.05999755859376,117.6500015258789,118.0,86.42103576660156,5417800.0
2016-11-17,117.70999908447266,117.77999877929688,117.12000274658205,117.25,85.87173461914062,6106200.0
2016-11-18,117.41000366210938,117.4499969482422,116.5199966430664,116.58999633789062,85.38833618164062,9801400.0
2016-11-21,116.79000091552734,116.9499969482422,116.58999633789062,116.70999908447266,85.4762191772461,5077200.0
2016-11-22,117.0999984741211,117.11000061035156,116.77999877929688,117.01000213623048,85.69596862792969,3693100.0
2016-11-23,116.3000030517578,116.76000213623048,116.04000091552734,116.58000183105467,85.38101959228516,6098300.0
2016-11-25,116.87000274658205,116.87000274658205,116.45999908447266,116.58999633789062,85.38833618164062,876100.0
2016-11-28,116.97000122070312,117.16999816894533,116.87000274658205,117.12000274658205,85.77652740478516,3125200.0
2016-11-29,117.04000091552734,117.31999969482422,116.9499969482422,117.27999877929688,85.89369201660156,3926200.0
2016-11-30,116.55999755859376,116.93000030517578,116.4800033569336,116.83999633789062,85.5714340209961,11333400.0
2016-12-01,115.9800033569336,116.16000366210938,115.5999984741211,115.87000274658205,85.09192657470703,11597800.0
2016-12-02,116.16000366210938,116.69000244140624,116.16000366210938,116.4000015258789,85.48111724853516,7533500.0
2016-12-05,116.27999877929688,116.87000274658205,116.11000061035156,116.6500015258789,85.66471099853516,4107500.0
2016-12-06,116.6999969482422,116.77999877929688,116.61000061035156,116.63999938964844,85.65737915039062,9040100.0
2016-12-07,116.91000366210938,117.2699966430664,116.86000061035156,117.12999725341795,86.01722717285156,8069200.0
2016-12-08,116.81999969482422,116.8499984741211,116.56999969482422,116.6500015258789,85.66471099853516,5941700.0
2016-12-09,116.54000091552734,116.6999969482422,116.0500030517578,116.1999969482422,85.33425903320312,8875100.0
2016-12-12,116.05999755859376,116.22000122070312,115.87000274658205,116.08999633789062,85.25349426269531,7302800.0
2016-12-13,116.56999969482422,116.56999969482422,116.13999938964844,116.3499984741211,85.44440460205078,6232700.0
2016-12-14,116.87000274658205,116.87000274658205,115.58000183105467,115.61000061035156,84.90098571777344,6133700.0
2016-12-15,115.83999633789062,116.0500030517578,115.55999755859376,115.69000244140624,84.9597396850586,9352800.0
2016-12-16,115.87000274658205,116.0,115.5500030517578,115.5999984741211,84.8936538696289,7852000.0
2016-12-19,116.1999969482422,116.22000122070312,115.9499969482422,116.16000366210938,85.30492401123047,5777400.0
2016-12-20,115.93000030517578,116.12999725341795,115.81999969482422,116.08999633789062,85.25349426269531,3750000.0
2016-12-21,116.12000274658205,116.4800033569336,116.12000274658205,116.45999908447266,85.52520751953125,4199600.0
2016-12-22,115.98999786376952,116.20999908447266,115.88999938964844,116.1500015258789,85.53108978271484,3773400.0
2016-12-23,116.23999786376952,116.37999725341795,116.22000122070312,116.33000183105467,85.66361236572266,1291700.0
2016-12-27,116.0999984741211,116.16999816894533,116.0,116.12000274658205,85.50895690917969,2542800.0
2016-12-28,116.33000183105467,116.68000030517578,116.12999725341795,116.5500030517578,85.82564544677734,1731700.0
2016-12-29,116.79000091552734,117.13999938964844,116.66000366210938,117.0,86.15703582763672,3309500.0
2016-12-30,117.0,117.36000061035156,116.9499969482422,117.18000030517578,86.28956604003906,2388400.0
2017-01-03,116.9499969482422,117.4000015258789,116.5199966430664,117.27999877929688,86.36321258544922,5822600.0
2017-01-04,117.52999877929688,117.68000030517578,117.33000183105467,117.68000030517578,86.65773010253906,4999200.0
2017-01-05,117.8000030517578,118.33999633789062,117.70999908447266,118.30999755859376,87.12165069580078,7071100.0
2017-01-06,117.87000274658205,117.9800033569336,117.62000274658205,117.69000244140624,86.66512298583984,4496000.0
2017-01-09,118.01000213623048,118.06999969482422,117.87000274658205,117.91999816894533,86.8344955444336,3561400.0
2017-01-10,117.91999816894533,117.97000122070312,117.7699966430664,117.8499984741211,86.78295135498047,4259600.0
2017-01-11,117.9000015258789,118.38999938964844,117.69000244140624,118.02999877929688,86.91546630859375,7133600.0
2017-01-12,118.41999816894533,118.43000030517578,118.01000213623048,118.0199966430664,86.90814971923828,3922600.0
2017-01-13,117.81999969482422,117.97000122070312,117.38999938964844,117.77999877929688,86.73136138916016,4045300.0
2017-01-17,118.43000030517578,118.54000091552734,118.0999984741211,118.29000091552734,87.10691833496094,8443000.0
2017-01-18,117.9499969482422,118.01000213623048,117.41999816894533,117.51000213623048,86.5325927734375,6026200.0
2017-01-19,117.3000030517578,117.3499984741211,116.91999816894533,117.11000061035156,86.23806762695312,3371300.0
2017-01-20,117.12999725341795,117.36000061035156,116.9000015258789,117.31999969482422,86.39266204833984,4570600.0
2017-01-23,117.54000091552734,118.0500030517578,117.31999969482422,117.86000061035156,86.79029083251953,8747800.0
2017-01-24,117.66999816894533,117.76000213623048,117.33999633789062,117.51000213623048,86.5325927734375,5129700.0
2017-01-25,117.16999816894533,117.25,116.86000061035156,117.05999755859376,86.2011947631836,5886400.0
2017-01-26,117.05999755859376,117.25,116.81999969482422,117.1999969482422,86.30430603027344,4033200.0
2017-01-27,117.3499984741211,117.41999816894533,117.22000122070312,117.33999633789062,86.40738677978516,3816700.0
2017-01-30,117.29000091552734,117.33999633789062,117.0999984741211,117.13999938964844,86.26010131835938,3651000.0
2017-01-31,117.18000030517578,117.55999755859376,117.08000183105467,117.3499984741211,86.41474914550781,4982500.0
2017-02-01,116.77999877929688,117.0500030517578,116.52999877929688,116.88999938964844,86.30841827392578,3626900.0
2017-02-02,117.13999938964844,117.29000091552734,116.87999725341795,116.91999816894533,86.33055877685547,7145600.0
2017-02-03,117.26000213623048,117.43000030517578,116.8000030517578,117.0500030517578,86.42655181884766,5243200.0
2017-02-06,117.43000030517578,117.52999877929688,117.16999816894533,117.41999816894533,86.69975280761719,4494500.0
2017-02-07,117.41999816894533,117.83000183105467,117.29000091552734,117.62000274658205,86.84746551513672,3228900.0
2017-02-08,118.01000213623048,118.13999938964844,117.83999633789062,118.02999877929688,87.15016174316406,6287200.0
2017-02-09,118.02999877929688,118.02999877929688,117.4800033569336,117.55999755859376,86.80313110351562,4692700.0
2017-02-10,117.3499984741211,117.62000274658205,117.26000213623048,117.52999877929688,86.78099822998047,4881600.0
2017-02-13,117.41000366210938,117.4800033569336,117.26000213623048,117.4800033569336,86.74405670166016,3723500.0
2017-02-14,117.5199966430664,117.5199966430664,116.80999755859376,117.1999969482422,86.53731536865234,4404100.0
2017-02-15,116.9499969482422,117.11000061035156,116.87000274658205,117.11000061035156,86.47087860107422,3632700.0
2017-02-16,117.31999969482422,117.56999969482422,117.20999908447266,117.44000244140624,86.71456909179688,4037700.0
2017-02-17,117.86000061035156,117.87000274658205,117.62999725341795,117.73999786376952,86.93598937988281,3104800.0
2017-02-21,117.56999969482422,117.91999816894533,117.5,117.79000091552734,86.97295379638672,3656200.0
2017-02-22,118.0500030517578,118.16999816894533,117.54000091552734,117.87999725341795,87.03938293457031,4259100.0
2017-02-23,118.16000366210938,118.20999908447266,118.0500030517578,118.18000030517578,87.26094055175781,4247900.0
2017-02-24,118.62000274658205,118.87000274658205,118.44000244140624,118.77999877929688,87.70394897460938,5388800.0
2017-02-27,118.76000213623048,118.76000213623048,118.45999908447266,118.5,87.4972152709961,5083400.0
2017-02-28,118.62000274658205,118.77999877929688,118.5,118.58000183105467,87.5562744140625,4290600.0
2017-03-01,117.61000061035156,117.62000274658205,117.38999938964844,117.55999755859376,87.03876495361328,6524600.0
2017-03-02,117.4499969482422,117.4800033569336,117.25,117.37999725341795,86.90547180175781,4687900.0
2017-03-03,117.5199966430664,117.52999877929688,117.12999725341795,117.5,86.99433135986328,4926300.0
2017-03-06,117.4800033569336,117.5,117.20999908447266,117.29000091552734,86.83882904052734,3464400.0
2017-03-07,117.01000213623048,117.12999725341795,116.5999984741211,116.70999908447266,86.40946197509766,5999600.0
2017-03-08,116.4800033569336,116.4800033569336,116.16000366210938,116.3499984741211,86.14287567138672,7933300.0
2017-03-09,115.98999786376952,116.0199966430664,115.66000366210938,115.72000122070312,85.67648315429688,5497200.0
2017-03-10,116.06999969482422,116.06999969482422,115.76000213623048,116.01000213623048,85.89118194580078,4789100.0
2017-03-13,115.9000015258789,116.0,115.62000274658205,115.62000274658205,85.6024398803711,3171600.0
2017-03-14,115.70999908447266,115.8000030517578,115.62999725341795,115.72000122070312,85.67648315429688,3598500.0
2017-03-15,116.04000091552734,116.80999755859376,115.91000366210938,116.72000122070312,86.4168472290039,7841600.0
2017-03-16,116.7300033569336,116.73999786376952,116.5,116.5500030517578,86.29093933105469,3116900.0
2017-03-17,116.75,116.91999816894533,116.68000030517578,116.81999969482422,86.49090576171875,4440500.0
2017-03-20,116.86000061035156,117.12999725341795,116.81999969482422,117.08999633789062,86.6907730102539,2939600.0
2017-03-21,117.0999984741211,117.47000122070312,117.02999877929688,117.37999725341795,86.90547180175781,5032300.0
2017-03-22,117.70999908447266,117.8000030517578,117.47000122070312,117.68000030517578,87.1275863647461,3905800.0
2017-03-23,117.76000213623048,117.77999877929688,117.4499969482422,117.5999984741211,87.06837463378906,4504900.0
2017-03-24,117.5199966430664,117.81999969482422,117.5199966430664,117.72000122070312,87.1572036743164,3158300.0
2017-03-27,118.08999633789062,118.08999633789062,117.8000030517578,117.97000122070312,87.34230041503906,3492100.0
2017-03-28,117.93000030517578,118.08999633789062,117.69000244140624,117.72000122070312,87.1572036743164,4834900.0
2017-03-29,117.91999816894533,118.0999984741211,117.81999969482422,118.0999984741211,87.43856048583984,3457100.0
2017-03-30,117.93000030517578,118.04000091552734,117.73999786376952,117.79000091552734,87.20904541015625,2667700.0
2017-03-31,117.87000274658205,117.94000244140624,117.79000091552734,117.91000366210938,87.29791259765625,5772300.0
2017-04-03,117.63999938964844,118.12000274658205,117.61000061035156,118.12000274658205,87.68984985351562,3713700.0
2017-04-04,117.98999786376952,118.02999877929688,117.80999755859376,117.80999755859376,87.459716796875,3016200.0
2017-04-05,117.87999725341795,118.06999969482422,117.6999969482422,117.95999908447266,87.57107543945312,6753900.0
2017-04-06,118.08000183105467,118.12000274658205,117.80999755859376,118.06999969482422,87.6527099609375,2012600.0
2017-04-07,118.33999633789062,118.44000244140624,117.75,117.77999877929688,87.43744659423828,2121700.0
2017-04-10,117.98999786376952,118.1500015258789,117.91000366210938,118.0,87.60079193115234,2766200.0
2017-04-11,118.26000213623048,118.62000274658205,118.26000213623048,118.5500030517578,88.00906372070312,3534200.0
2017-04-12,118.80999755859376,118.94000244140624,118.51000213623048,118.94000244140624,88.2986068725586,2886300.0
2017-04-13,119.05999755859376,119.20999908447266,118.88999938964844,119.13999938964844,88.44708251953125,3286700.0
2017-04-17,119.19000244140624,119.20999908447266,118.8499984741211,118.91000366210938,88.2763671875,2933700.0
2017-04-18,119.27999877929688,119.66000366210938,119.1500015258789,119.61000061035156,88.79601287841797,3616800.0
2017-04-19,119.37000274658205,119.43000030517578,119.16000366210938,119.25,88.52877807617188,1839400.0
2017-04-20,119.0999984741211,119.19000244140624,118.9000015258789,119.08000183105467,88.40255737304688,3264000.0
2017-04-21,119.27999877929688,119.29000091552734,119.06999969482422,119.08000183105467,88.40255737304688,3892400.0
2017-04-24,118.93000030517578,119.02999877929688,118.73999786376952,118.91999816894533,88.28375244140625,3193400.0
2017-04-25,118.75,118.80999755859376,118.41000366210938,118.4499969482422,87.93486022949219,3541100.0
2017-04-26,118.47000122070312,118.77999877929688,118.44000244140624,118.73999786376952,88.150146484375,3320400.0
2017-04-27,118.73999786376952,118.94000244140624,118.61000061035156,118.8499984741211,88.2318115234375,4391000.0
2017-04-28,118.70999908447266,119.01000213623048,118.5999984741211,118.98999786376952,88.33570098876953,4478000.0
2017-05-01,118.56999969482422,118.70999908447266,118.18000030517578,118.3000030517578,88.06180572509766,3479800.0
2017-05-02,118.36000061035156,118.68000030517578,118.29000091552734,118.6500015258789,88.32234191894531,2858200.0
2017-05-03,118.87000274658205,118.9000015258789,118.5,118.58999633789062,88.27763366699219,2854900.0
2017-05-04,118.25,118.36000061035156,118.16999816894533,118.36000061035156,88.1064453125,1540100.0
2017-05-05,118.37999725341795,118.4000015258789,118.12999725341795,118.4000015258789,88.13627624511719,2887300.0
2017-05-08,118.37000274658205,118.37000274658205,118.0999984741211,118.19000244140624,87.97989654541016,3886500.0
2017-05-09,118.12000274658205,118.20999908447266,118.0500030517578,118.20999908447266,87.99481964111328,3012400.0
2017-05-10,118.52999877929688,118.52999877929688,118.2300033569336,118.37000274658205,88.11390686035156,4282600.0
2017-05-11,118.1999969482422,118.47000122070312,118.1500015258789,118.43000030517578,88.15853881835938,2263500.0
2017-05-12,118.8000030517578,119.05999755859376,118.77999877929688,119.02999877929688,88.605224609375,3165000.0
2017-05-15,118.95999908447266,119.08000183105467,118.87999725341795,119.0199966430664,88.5978012084961,3752700.0
2017-05-16,119.08999633789062,119.36000061035156,119.0500030517578,119.19000244140624,88.72428894042969,3996400.0
2017-05-17,119.58999633789062,119.9800033569336,119.58999633789062,119.91999816894533,89.2677001953125,7304300.0
2017-05-18,119.91000366210938,119.9499969482422,119.6999969482422,119.9000015258789,89.2528305053711,4825400.0
2017-05-19,119.83000183105467,119.97000122070312,119.6999969482422,119.97000122070312,89.30491638183594,2907800.0
2017-05-22,119.87999725341795,119.93000030517578,119.8000030517578,119.87000274658205,89.23046112060547,2852900.0
2017-05-23,120.01000213623048,120.01000213623048,119.45999908447266,119.5,88.95507049560547,5154200.0
2017-05-24,119.56999969482422,119.76000213623048,119.37999725341795,119.69000244140624,89.09651184082031,5274800.0
2017-05-25,119.7699966430664,119.7699966430664,119.5500030517578,119.73999786376952,89.13372039794922,2806200.0
2017-05-26,119.81999969482422,119.91000366210938,119.72000122070312,119.83000183105467,89.20072937011719,2054800.0
2017-05-30,120.0,120.12000274658205,119.95999908447266,120.11000061035156,89.40917205810547,3898300.0
2017-05-31,120.11000061035156,120.26000213623048,120.0199966430664,120.25,89.51335144042969,4428500.0
2017-06-01,119.69000244140624,119.97000122070312,119.66999816894533,119.95999908447266,89.53278350830078,9430000.0
2017-06-02,120.45999908447266,120.58000183105467,120.3000030517578,120.5199966430664,89.95072174072266,5130100.0
2017-06-05,120.26000213623048,120.37000274658205,120.16999816894533,120.18000030517578,89.69696044921875,3198500.0
2017-06-06,120.66000366210938,120.66000366210938,120.4499969482422,120.52999877929688,89.95818328857422,1806700.0
2017-06-07,120.47000122070312,120.5999984741211,120.31999969482422,120.37999725341795,89.84620666503906,5702400.0
2017-06-08,120.38999938964844,120.38999938964844,120.0,120.16999816894533,89.6894760131836,3895200.0
2017-06-09,119.9499969482422,120.13999938964844,119.8499984741211,120.0500030517578,89.59992980957031,6884700.0
2017-06-12,119.95999908447266,120.27999877929688,119.91999816894533,120.08000183105467,89.62234497070312,4075100.0
2017-06-13,119.95999908447266,120.20999908447266,119.95999908447266,120.20999908447266,89.71940612792969,4822000.0
2017-06-14,120.98999786376952,121.30999755859376,120.79000091552734,121.02999877929688,90.3313446044922,6852800.0
2017-06-15,120.87000274658205,120.87000274658205,120.58999633789062,120.73999786376952,90.1149444580078,6624700.0
2017-06-16,120.83999633789062,120.91000366210938,120.76000213623048,120.83999633789062,90.18954467773438,4314800.0
2017-06-19,120.8499984741211,120.8499984741211,120.62999725341795,120.69000244140624,90.07762908935548,7827700.0
2017-06-20,120.86000061035156,121.08000183105467,120.73999786376952,120.95999908447266,90.27913665771484,6906500.0
2017-06-21,120.9499969482422,121.08000183105467,120.83000183105467,121.0199966430664,90.32388305664062,5462700.0
2017-06-22,121.19000244140624,121.2300033569336,120.9800033569336,121.12000274658205,90.3985366821289,3520800.0
2017-06-23,121.11000061035156,121.19000244140624,121.0500030517578,121.18000030517578,90.44330596923828,5495700.0
2017-06-26,121.4499969482422,121.55999755859376,121.37000274658205,121.4000015258789,90.60752868652344,3808600.0
2017-06-27,121.12999725341795,121.1500015258789,120.81999969482422,120.8499984741211,90.19703674316406,4736500.0
2017-06-28,120.91000366210938,120.9800033569336,120.62999725341795,120.9800033569336,90.29403686523438,3933900.0
2017-06-29,120.37000274658205,120.70999908447266,120.33999633789062,120.61000061035156,90.01788330078125,6954200.0
2017-06-30,120.66000366210938,120.69000244140624,120.47000122070312,120.51000213623048,89.94328308105469,4567700.0
2017-07-03,120.33999633789062,120.33999633789062,119.93000030517578,119.93000030517578,89.74868774414062,5759500.0
2017-07-05,120.02999877929688,120.1500015258789,119.9000015258789,120.12999725341795,89.89834594726562,5406900.0
2017-07-06,119.77999877929688,119.88999938964844,119.5,119.81999969482422,89.6663818359375,11548000.0
2017-07-07,119.6999969482422,119.7699966430664,119.5999984741211,119.72000122070312,89.59154510498047,9803900.0
2017-07-10,119.88999938964844,119.9499969482422,119.73999786376952,119.91999816894533,89.7412109375,2234500.0
2017-07-11,119.9000015258789,119.98999786376952,119.7300033569336,119.97000122070312,89.77864074707031,4340900.0
2017-07-12,120.5,120.62000274658205,120.37999725341795,120.5,90.17523193359376,6779600.0
2017-07-13,120.37999725341795,120.43000030517578,120.12000274658205,120.29000091552734,90.01811218261719,3977400.0
2017-07-14,120.72000122070312,120.8000030517578,120.37999725341795,120.56999969482422,90.2276382446289,5302000.0
2017-07-17,120.56999969482422,120.75,120.4499969482422,120.68000030517578,90.30998229980467,5899000.0
2017-07-18,121.0500030517578,121.1999969482422,120.91999816894533,121.1999969482422,90.69905090332033,4775300.0
2017-07-19,121.19000244140624,121.3000030517578,121.08999633789062,121.16000366210938,90.66915130615234,4144200.0
2017-07-20,121.41999816894533,121.47000122070312,121.19000244140624,121.2699966430664,90.75146484375,1925200.0
2017-07-21,121.44000244140624,121.61000061035156,121.43000030517578,121.5500030517578,90.96099090576172,3634000.0
2017-07-24,121.47000122070312,121.5,121.30999755859376,121.41000366210938,90.85621643066406,2647900.0
2017-07-25,120.94000244140624,120.9800033569336,120.66000366210938,120.69000244140624,90.31746673583984,7043100.0
2017-07-26,120.68000030517578,121.19000244140624,120.63999938964844,121.08999633789062,90.61677551269533,9355500.0
2017-07-27,120.83999633789062,120.93000030517578,120.6999969482422,120.79000091552734,90.39225006103516,2769100.0
2017-07-28,120.83999633789062,121.11000061035156,120.79000091552734,121.11000061035156,90.63172912597656,2312200.0
2017-07-31,120.91000366210938,121.12000274658205,120.91000366210938,121.11000061035156,90.63172912597656,3689900.0
2017-08-01,120.62999725341795,121.2300033569336,120.56999969482422,121.2300033569336,90.9603500366211,7390500.0
2017-08-02,121.16999816894533,121.29000091552734,121.0,121.04000091552734,90.81781768798828,6728600.0
2017-08-03,121.11000061035156,121.2699966430664,121.08999633789062,121.20999908447266,90.94536590576172,6520500.0
2017-08-04,120.9000015258789,120.91999816894533,120.58000183105467,120.73999786376952,90.59274291992188,5095700.0
2017-08-07,120.75,120.83000183105467,120.58999633789062,120.7699966430664,90.61520385742188,10816400.0
2017-08-08,120.6500015258789,120.66999816894533,120.16999816894533,120.19000244140624,90.1800308227539,9992700.0
2017-08-09,120.56999969482422,120.62000274658205,120.3000030517578,120.30999755859376,90.27009582519533,7465800.0
2017-08-10,120.33999633789062,120.44000244140624,120.05999755859376,120.2699966430664,90.24006652832033,8053400.0
2017-08-11,120.3000030517578,120.51000213623048,120.08999633789062,120.48999786376952,90.40514373779295,10910500.0
2017-08-14,120.41999816894533,120.6500015258789,120.36000061035156,120.41000366210938,90.34512329101562,3051500.0
2017-08-15,120.16999816894533,120.3499984741211,120.11000061035156,120.2699966430664,90.24006652832033,4710000.0
2017-08-16,120.3000030517578,120.8000030517578,120.29000091552734,120.61000061035156,90.49518585205078,5190200.0
2017-08-17,120.5999984741211,120.83999633789062,120.4800033569336,120.7300033569336,90.58521270751952,8973800.0
2017-08-18,121.02999877929688,121.04000091552734,120.61000061035156,120.6500015258789,90.5251922607422,4350900.0
2017-08-21,120.83999633789062,120.87000274658205,120.72000122070312,120.81999969482422,90.65274810791016,3666200.0
2017-08-22,120.77999877929688,120.79000091552734,120.63999938964844,120.6999969482422,90.56272888183594,2390100.0
2017-08-23,120.9499969482422,121.16999816894533,120.87000274658205,121.16000366210938,90.90787506103516,4590000.0
2017-08-24,121.0,121.12999725341795,120.88999938964844,120.93000030517578,90.73527526855467,2929800.0
2017-08-25,121.01000213623048,121.29000091552734,120.9499969482422,121.20999908447266,90.94536590576172,5488000.0
2017-08-28,121.18000030517578,121.26000213623048,121.0,121.20999908447266,90.94536590576172,5200500.0
2017-08-29,121.6500015258789,121.6999969482422,121.2300033569336,121.3000030517578,91.01288604736328,3499700.0
2017-08-30,121.29000091552734,121.4000015258789,121.23999786376952,121.4000015258789,91.08795928955078,2573700.0
2017-08-31,121.45999908447266,121.66000366210938,121.4499969482422,121.61000061035156,91.24551391601562,4549400.0
2017-09-01,121.19000244140624,121.22000122070312,120.8000030517578,120.80999755859376,90.8843994140625,7946000.0
2017-09-05,121.22000122070312,121.66000366210938,121.16999816894533,121.55999755859376,91.4486083984375,7357000.0
2017-09-06,121.54000091552734,121.5999984741211,121.08000183105467,121.12999725341795,91.1251449584961,8863700.0
2017-09-07,121.37000274658205,121.80999755859376,121.3499984741211,121.5999984741211,91.47869110107422,7698800.0
2017-09-08,121.5199966430664,121.5199966430664,121.2300033569336,121.23999786376952,91.20790100097656,6776600.0
2017-09-11,120.98999786376952,121.19000244140624,120.8499984741211,120.87000274658205,90.92948150634766,4220300.0
2017-09-12,120.81999969482422,120.81999969482422,120.5500030517578,120.73999786376952,90.83174896240234,4615800.0
2017-09-13,120.81999969482422,120.83999633789062,120.5999984741211,120.62000274658205,90.74143981933594,5671300.0
2017-09-14,120.55999755859376,120.91999816894533,120.55999755859376,120.91999816894533,90.96715545654295,4333500.0
2017-09-15,120.98999786376952,121.0500030517578,120.79000091552734,121.0199966430664,91.04239654541016,4631300.0
2017-09-18,120.95999908447266,120.9800033569336,120.76000213623048,120.9000015258789,90.95209503173828,4971700.0
2017-09-19,120.9499969482422,121.05999755859376,120.83999633789062,120.97000122070312,91.00477600097656,5296800.0
2017-09-20,121.06999969482422,121.08999633789062,120.54000091552734,120.81999969482422,90.89192199707033,6603300.0
2017-09-21,120.8499984741211,121.06999969482422,120.80999755859376,120.81999969482422,90.89192199707033,3410000.0
2017-09-22,121.05999755859376,121.12000274658205,120.9000015258789,120.9800033569336,91.01227569580078,2099200.0
2017-09-25,121.12000274658205,121.45999908447266,121.06999969482422,121.43000030517578,91.3508071899414,3489900.0
2017-09-26,121.3000030517578,121.45999908447266,121.20999908447266,121.41000366210938,91.33575439453124,10290700.0
2017-09-27,120.8499984741211,121.01000213623048,120.63999938964844,120.94000244140624,90.9822006225586,6695500.0
2017-09-28,120.79000091552734,121.13999938964844,120.75,121.12000274658205,91.1176300048828,6350800.0
2017-09-29,121.1999969482422,121.3000030517578,120.9499969482422,121.2300033569336,91.2003402709961,7627300.0
2017-10-02,120.95999908447266,121.11000061035156,120.7699966430664,121.0199966430664,91.2855987548828,7218100.0
2017-10-03,120.9800033569336,121.29000091552734,120.91999816894533,121.29000091552734,91.48924255371094,7569400.0
2017-10-04,121.3000030517578,121.3000030517578,120.9800033569336,121.22000122070312,91.4364776611328,5376300.0
2017-10-05,121.1500015258789,121.1500015258789,120.91999816894533,121.0500030517578,91.30821228027344,3932800.0
2017-10-06,120.68000030517578,120.98999786376952,120.56999969482422,120.9499969482422,91.23277282714844,5901300.0
2017-10-09,121.0199966430664,121.06999969482422,120.87000274658205,121.0500030517578,91.30821228027344,1312200.0
2017-10-10,121.08999633789062,121.4000015258789,121.0500030517578,121.12999725341795,91.3686065673828,3873400.0
2017-10-11,121.30999755859376,121.30999755859376,121.0,121.06999969482422,91.32329559326172,7170900.0
2017-10-12,121.11000061035156,121.19000244140624,120.9499969482422,121.0999984741211,91.3459243774414,10302500.0
2017-10-13,121.56999969482422,121.6500015258789,121.4000015258789,121.58000183105467,91.70799255371094,5755800.0
2017-10-16,121.54000091552734,121.55999755859376,121.29000091552734,121.41000366210938,91.5797882080078,4886100.0
2017-10-17,121.2699966430664,121.48999786376952,121.26000213623048,121.38999938964844,91.5646743774414,4476900.0
2017-10-18,121.0999984741211,121.29000091552734,121.04000091552734,121.20999908447266,91.4289093017578,3272500.0
2017-10-19,121.5500030517578,121.5500030517578,121.3000030517578,121.38999938964844,91.5646743774414,4143300.0
2017-10-20,120.9800033569336,121.16000366210938,120.9000015258789,121.05999755859376,91.31578063964844,7280400.0
2017-10-23,121.23999786376952,121.30999755859376,121.13999938964844,121.18000030517578,91.40632629394533,2675800.0
2017-10-24,120.87999725341795,121.05999755859376,120.8499984741211,120.87999725341795,91.1799774169922,4686200.0
2017-10-25,120.58000183105467,120.63999938964844,120.4000015258789,120.55999755859376,90.93860626220705,8866600.0
2017-10-26,120.8000030517578,120.8000030517578,120.54000091552734,120.5500030517578,90.93106079101562,9420100.0
2017-10-27,120.70999908447266,120.9499969482422,120.68000030517578,120.91000366210938,91.20262908935548,6915900.0
2017-10-30,120.70999908447266,121.3499984741211,120.70999908447266,121.30999755859376,91.50433349609376,5236600.0
2017-10-31,121.36000061035156,121.36000061035156,121.12000274658205,121.13999938964844,91.37611389160156,5932800.0
2017-11-01,121.0500030517578,121.1500015258789,120.8499984741211,121.01000213623048,91.52059173583984,5967400.0
2017-11-02,121.1500015258789,121.1500015258789,120.9000015258789,120.98999786376952,91.50542449951172,13253900.0
2017-11-03,121.0999984741211,121.19000244140624,120.91000366210938,121.12999725341795,91.61133575439452,5307500.0
2017-11-06,121.19000244140624,121.25,121.0500030517578,121.16000366210938,91.63401794433594,9576900.0
2017-11-07,121.0199966430664,121.11000061035156,120.95999908447266,121.05999755859376,91.55838012695312,7643200.0
2017-11-08,121.08000183105467,121.11000061035156,120.87999725341795,120.9000015258789,91.4373779296875,7185500.0
2017-11-09,120.61000061035156,120.75,120.51000213623048,120.58000183105467,91.1953353881836,7232300.0
2017-11-10,120.08999633789062,120.1500015258789,119.77999877929688,119.88999938964844,90.6734848022461,5816600.0
2017-11-13,120.0999984741211,120.12000274658205,119.91000366210938,119.91000366210938,90.68859100341795,3646400.0
2017-11-14,119.9800033569336,120.0999984741211,119.87999725341795,119.94000244140624,90.71131134033205,6112500.0
2017-11-15,120.06999969482422,120.4800033569336,119.8499984741211,120.4499969482422,91.0970230102539,7141900.0
2017-11-16,120.36000061035156,120.5199966430664,120.2699966430664,120.30999755859376,90.9911651611328,5051200.0
2017-11-17,120.51000213623048,120.58000183105467,120.37999725341795,120.45999908447266,91.10460662841795,5521500.0
2017-11-20,120.41999816894533,120.5999984741211,120.37999725341795,120.45999908447266,91.10460662841795,3190600.0
2017-11-21,120.9000015258789,120.94000244140624,120.66999816894533,120.86000061035156,91.40708923339844,4372100.0
2017-11-22,121.0500030517578,121.37000274658205,120.9800033569336,121.33000183105467,91.76260375976562,4111500.0
2017-11-24,121.25,121.37000274658205,121.16999816894533,121.19000244140624,91.65670013427734,1359700.0
2017-11-27,121.16000366210938,121.26000213623048,121.04000091552734,121.12000274658205,91.60375213623048,6049200.0
2017-11-28,121.23999786376952,121.38999938964844,121.16999816894533,121.29000091552734,91.73235321044922,5176400.0
2017-11-29,120.80999755859376,120.87000274658205,120.62000274658205,120.80999755859376,91.36927032470705,7606300.0
2017-11-30,120.93000030517578,120.94000244140624,120.47000122070312,120.66999816894533,91.26342010498048,6119600.0
2017-12-01,120.80999755859376,121.37999725341795,120.4000015258789,120.72000122070312,91.5455093383789,13958300.0
2017-12-04,120.77999877929688,120.91999816894533,120.58000183105467,120.91000366210938,91.68959045410156,5766700.0
2017-12-05,121.0,121.16999816894533,120.83000183105467,121.13999938964844,91.86399841308594,4541900.0
2017-12-06,121.4800033569336,121.54000091552734,121.33999633789062,121.37000274658205,92.03841400146484,4801500.0
2017-12-07,121.48999786376952,121.56999969482422,120.94000244140624,121.12999725341795,91.85646057128906,8295200.0
2017-12-08,121.0199966430664,121.11000061035156,120.91000366210938,120.9800033569336,91.7426986694336,5135100.0
2017-12-11,121.08999633789062,121.22000122070312,121.02999877929688,121.06999969482422,91.81094360351562,4521500.0
2017-12-12,120.9499969482422,120.98999786376952,120.77999877929688,120.9800033569336,91.7426986694336,10153000.0
2017-12-13,121.18000030517578,121.54000091552734,121.08999633789062,121.4000015258789,92.06119537353516,7205800.0
2017-12-14,121.29000091552734,121.66000366210938,121.22000122070312,121.62000274658205,92.22798919677734,8022200.0
2017-12-15,121.6999969482422,121.8499984741211,121.48999786376952,121.79000091552734,92.35693359375,5846000.0
2017-12-18,121.72000122070312,121.7699966430664,121.41000366210938,121.43000030517578,92.08391571044922,6371100.0
2017-12-19,121.16999816894533,121.19000244140624,120.6500015258789,120.80999755859376,91.61373138427734,6029200.0
2017-12-20,120.5500030517578,120.6999969482422,120.4000015258789,120.48999786376952,91.37113189697266,9805700.0
2017-12-21,120.29000091552734,120.58999633789062,120.2699966430664,120.55999755859376,91.6173095703125,6210400.0
2017-12-22,120.56999969482422,120.66999816894533,120.48999786376952,120.6500015258789,91.68569946289062,2934900.0
2017-12-26,120.68000030517578,120.86000061035156,120.5999984741211,120.80999755859376,91.8072509765625,1873000.0
2017-12-27,121.08000183105467,121.48999786376952,120.9499969482422,121.4800033569336,92.3164520263672,3179300.0
2017-12-28,121.47000122070312,121.4800033569336,121.22000122070312,121.4000015258789,92.2556610107422,2493200.0
2017-12-29,121.26000213623048,121.62999725341795,121.26000213623048,121.55999755859376,92.3772201538086,3003300.0
2018-01-02,121.31999969482422,121.45999908447266,120.5,120.75,91.7616958618164,8480600.0
2018-01-03,120.94000244140624,121.0500030517578,120.6999969482422,120.97000122070312,91.92886352539062,5087600.0
2018-01-04,120.77999877929688,121.01000213623048,120.7300033569336,120.93000030517578,91.89849090576172,7710100.0
2018-01-05,121.08999633789062,121.08999633789062,120.76000213623048,120.88999938964844,91.8680648803711,5796500.0
2018-01-08,121.0199966430664,121.02999877929688,120.7699966430664,120.87999725341795,91.86051177978516,3897200.0
2018-01-09,120.7300033569336,120.7699966430664,120.41999816894533,120.44000244140624,91.5261001586914,7621600.0
2018-01-10,120.0500030517578,120.6500015258789,119.91000366210938,120.5199966430664,91.58692169189452,6050500.0
2018-01-11,120.48999786376952,120.9499969482422,120.48999786376952,120.80999755859376,91.8072509765625,5192600.0
2018-01-12,120.5999984741211,120.91000366210938,120.5500030517578,120.83000183105467,91.82247924804688,4463000.0
2018-01-16,121.18000030517578,121.18000030517578,120.81999969482422,120.94000244140624,91.90608215332033,7410200.0
2018-01-17,120.95999908447266,121.0199966430664,120.48999786376952,120.61000061035156,91.65530395507812,11240700.0
2018-01-18,120.16999816894533,120.41000366210938,120.01000213623048,120.13999938964844,91.29817199707033,6399400.0
2018-01-19,119.98999786376952,120.11000061035156,119.72000122070312,119.7699966430664,91.0169677734375,6797800.0
2018-01-22,119.7699966430664,120.0,119.62999725341795,119.66000366210938,90.93338012695312,5096700.0
2018-01-23,119.97000122070312,120.19000244140624,119.91000366210938,120.18000030517578,91.32854461669922,6144000.0
2018-01-24,119.94000244140624,120.12000274658205,119.83000183105467,120.0999984741211,91.26776885986328,5679000.0
2018-01-25,120.0199966430664,120.70999908447266,120.0,120.70999908447266,91.73133087158205,7042100.0
2018-01-26,120.62000274658205,120.62000274658205,120.33999633789062,120.5500030517578,91.60974884033205,6391300.0
2018-01-29,120.1999969482422,120.37999725341795,120.0,120.2300033569336,91.36651611328124,5732400.0
2018-01-30,120.0,120.08000183105467,119.6999969482422,119.81999969482422,91.05496215820312,6662600.0
2018-01-31,120.16999816894533,120.22000122070312,119.70999908447266,120.06999969482422,91.24495697021484,6751200.0
2018-02-01,119.91000366210938,119.95999908447266,119.13999938964844,119.22000122070312,90.84185028076172,12272400.0
2018-02-02,119.0,119.0,118.47000122070312,118.61000061035156,90.37706756591795,8681500.0
2018-02-05,118.23999786376952,119.33000183105467,118.22000122070312,118.68000030517578,90.43042755126952,14486000.0
2018-02-06,118.58999633789062,118.81999969482422,118.38999938964844,118.44000244140624,90.24756622314452,10467500.0
2018-02-07,118.8000030517578,118.8499984741211,118.08000183105467,118.11000061035156,89.99610900878906,8862300.0
2018-02-08,117.94000244140624,118.0999984741211,117.55999755859376,117.5999984741211,89.60748291015625,10957000.0
2018-02-09,117.4499969482422,117.47000122070312,117.1999969482422,117.22000122070312,89.31794738769531,8719000.0
2018-02-12,117.29000091552734,117.62000274658205,117.1999969482422,117.22000122070312,89.31794738769531,7814800.0
2018-02-13,117.08999633789062,117.20999908447266,116.79000091552734,117.18000030517578,89.28743743896484,8730500.0
2018-02-14,116.80999755859376,117.0,116.66000366210938,116.75,88.95979309082031,11013300.0
2018-02-15,117.18000030517578,117.45999908447266,117.05999755859376,117.3000030517578,89.37889862060547,4953400.0
2018-02-16,117.58000183105467,117.76000213623048,117.45999908447266,117.6500015258789,89.64558410644531,6319800.0
2018-02-20,117.3499984741211,117.41000366210938,117.12999725341795,117.1500015258789,89.26456451416016,8786200.0
2018-02-21,117.1999969482422,117.30999755859376,116.44000244140624,116.51000213623048,88.77696990966797,6387200.0
2018-02-22,116.83999633789062,117.06999969482422,116.63999938964844,116.66999816894533,88.89883422851562,7227100.0
2018-02-23,117.0500030517578,117.23999786376952,116.87999725341795,117.20999908447266,89.31033325195312,8005600.0
2018-02-26,117.58999633789062,117.75,117.33000183105467,117.36000061035156,89.42462158203125,5072000.0
2018-02-27,117.51000213623048,117.5199966430664,116.6999969482422,116.8499984741211,89.03599548339844,7279500.0
2018-02-28,117.01000213623048,117.16000366210938,116.9499969482422,117.06999969482422,89.20365142822266,7963400.0
2018-03-01,116.55999755859376,116.80999755859376,116.37000274658205,116.62000274658205,89.11190795898438,11679100.0
2018-03-02,116.36000061035156,116.48999786376952,116.19000244140624,116.25,88.82920837402344,5335000.0
2018-03-05,116.51000213623048,116.58000183105467,116.0999984741211,116.20999908447266,88.79864501953125,10168400.0
2018-03-06,116.63999938964844,116.68000030517578,116.29000091552734,116.30999755859376,88.87508392333984,8363400.0
2018-03-07,116.5,116.52999877929688,116.2300033569336,116.2699966430664,88.84452056884766,4070400.0
2018-03-08,116.48999786376952,116.6999969482422,116.33999633789062,116.5,89.0202407836914,6410000.0
2018-03-09,116.31999969482422,116.37000274658205,116.04000091552734,116.08999633789062,88.70694732666016,7773800.0
2018-03-12,116.19000244140624,116.27999877929688,116.0999984741211,116.23999786376952,88.82152557373047,8555600.0
2018-03-13,116.3499984741211,116.4000015258789,116.11000061035156,116.25,88.82920837402344,8625900.0
2018-03-14,116.2699966430664,116.6999969482422,116.26000213623048,116.51000213623048,89.02792358398438,5765700.0
2018-03-15,116.4800033569336,116.70999908447266,116.44000244140624,116.62999725341795,89.11957550048828,5268200.0
2018-03-16,116.41000366210938,116.83000183105467,116.36000061035156,116.76000213623048,89.21894073486328,10754700.0
2018-03-19,116.5,116.5999984741211,116.36000061035156,116.37000274658205,88.92089080810547,8095300.0
2018-03-20,116.02999877929688,116.19000244140624,115.91999816894533,115.95999908447266,88.60763549804688,6445000.0
2018-03-21,115.76000213623048,116.2300033569336,115.5199966430664,115.88999938964844,88.55415344238281,7312600.0
2018-03-22,116.19000244140624,116.29000091552734,115.98999786376952,116.08999633789062,88.70694732666016,10966600.0
2018-03-23,115.97000122070312,116.02999877929688,115.70999908447266,115.72000122070312,88.42424774169922,6120800.0
2018-03-26,116.05999755859376,116.1999969482422,116.0,116.12999725341795,88.73748779296875,5834800.0
2018-03-27,116.05999755859376,116.62000274658205,116.05999755859376,116.5500030517578,89.05846405029297,5000200.0
2018-03-28,116.77999877929688,116.9800033569336,116.66000366210938,116.86000061035156,89.29530334472656,4771600.0
2018-03-29,117.11000061035156,117.47000122070312,116.9499969482422,117.38999938964844,89.7002944946289,5930800.0
2018-04-02,116.9000015258789,117.06999969482422,116.72000122070312,116.98999786376952,89.65202331542969,4393500.0
2018-04-03,116.94000244140624,116.94000244140624,116.62999725341795,116.68000030517578,89.41450500488281,3773500.0
2018-04-04,116.7300033569336,116.86000061035156,116.63999938964844,116.68000030517578,89.41450500488281,5259600.0
2018-04-05,116.61000061035156,116.75,116.5,116.72000122070312,89.44513702392578,5171000.0
2018-04-06,116.93000030517578,117.06999969482422,116.80999755859376,117.06999969482422,89.71334838867188,4772500.0
2018-04-09,116.8499984741211,117.18000030517578,116.8499984741211,117.12999725341795,89.75928497314453,3611300.0
2018-04-10,117.20999908447266,117.44000244140624,117.01000213623048,117.16000366210938,89.78231811523438,5201300.0
2018-04-11,117.36000061035156,117.4000015258789,117.11000061035156,117.23999786376952,89.8436279296875,2483800.0
2018-04-12,117.12000274658205,117.1999969482422,116.9000015258789,116.91999816894533,89.59839630126953,2588100.0
2018-04-13,116.83999633789062,117.05999755859376,116.83999633789062,116.95999908447266,89.62904357910156,4427800.0
2018-04-16,116.75,116.98999786376952,116.70999908447266,116.97000122070312,89.63671875,2323600.0
2018-04-17,116.9800033569336,117.1500015258789,116.91000366210938,116.9800033569336,89.64440155029297,6702900.0
2018-04-18,116.94000244140624,116.9499969482422,116.36000061035156,116.37999725341795,89.1845474243164,6888000.0
2018-04-19,116.04000091552734,116.06999969482422,115.76000213623048,115.94000244140624,88.84740447998047,4058600.0
2018-04-20,115.79000091552734,115.83000183105467,115.45999908447266,115.47000122070312,88.48722839355469,4679700.0
2018-04-23,115.44000244140624,115.47000122070312,115.25,115.41999816894533,88.44888305664062,4380000.0
2018-04-24,115.30999755859376,115.44000244140624,114.98999786376952,115.08000183105467,88.18838500976562,5984700.0
2018-04-25,114.81999969482422,114.83999633789062,114.5500030517578,114.72000122070312,87.91249084472656,3756100.0
2018-04-26,115.0199966430664,115.18000030517578,114.91999816894533,115.05999755859376,88.17304229736328,6027200.0
2018-04-27,115.25,115.37000274658205,115.22000122070312,115.31999969482422,88.37226867675781,3369800.0
2018-04-30,115.37000274658205,115.45999908447266,115.16999816894533,115.22000122070312,88.2956314086914,6388500.0
2018-05-01,114.83000183105467,114.87000274658205,114.48999786376952,114.58000183105467,88.0566635131836,6051500.0
2018-05-02,114.7300033569336,114.75,114.48999786376952,114.48999786376952,87.98745727539062,3608100.0
2018-05-03,114.7699966430664,114.81999969482422,114.47000122070312,114.51000213623048,88.00287628173828,4122600.0
2018-05-04,114.86000061035156,114.86000061035156,114.47000122070312,114.66999816894533,88.1258544921875,3733800.0
2018-05-07,114.70999908447266,114.75,114.5,114.54000091552734,88.02587890625,3870900.0
2018-05-08,114.43000030517578,114.54000091552734,114.26000213623048,114.5,87.99514770507812,5069300.0
2018-05-09,114.31999969482422,114.62999725341795,114.27999877929688,114.4800033569336,87.97978210449219,3906600.0
2018-05-10,114.83999633789062,115.06999969482422,114.72000122070312,115.05999755859376,88.42556762695312,5103000.0
2018-05-11,115.2300033569336,115.27999877929688,115.08000183105467,115.26000213623048,88.57921600341797,4254000.0
2018-05-14,115.12999725341795,115.2699966430664,115.0500030517578,115.0500030517578,88.41786193847656,4808300.0
2018-05-15,114.51000213623048,114.76000213623048,114.0,114.18000030517578,87.74922180175781,5970000.0
2018-05-16,114.23999786376952,114.3499984741211,113.98999786376952,114.02999877929688,87.63397216796875,4210800.0
2018-05-17,114.0,114.05999755859376,113.72000122070312,113.80999755859376,87.46491241455078,3272300.0
2018-05-18,113.98999786376952,114.33000183105467,113.95999908447266,114.27999877929688,87.82608795166016,4154700.0
2018-05-21,114.1500015258789,114.3499984741211,114.0999984741211,114.3499984741211,87.87989807128906,2593300.0
2018-05-22,114.26000213623048,114.38999938964844,114.12999725341795,114.2300033569336,87.78766632080078,3230000.0
2018-05-23,114.41000366210938,114.8000030517578,114.33000183105467,114.72000122070312,88.16426849365234,5771100.0
2018-05-24,114.9800033569336,115.08000183105467,114.88999938964844,115.04000091552734,88.41014862060547,4436900.0
2018-05-25,115.37999725341795,115.41999816894533,115.2300033569336,115.37999725341795,88.6714859008789,3997600.0
2018-05-29,115.43000030517578,116.20999908447266,115.26000213623048,115.98999786376952,89.1402359008789,6831700.0
2018-05-30,115.61000061035156,115.81999969482422,115.2699966430664,115.54000091552734,88.79439544677734,5083900.0
2018-05-31,115.66000366210938,115.7699966430664,115.36000061035156,115.48999786376952,88.7559585571289,6303300.0
2018-06-01,114.87000274658205,115.13999938964844,114.80999755859376,114.91000366210938,88.58562469482422,4479700.0
2018-06-04,114.9000015258789,114.97000122070312,114.6500015258789,114.6500015258789,88.38516998291016,3714900.0
2018-06-05,114.93000030517578,114.9499969482422,114.69000244140624,114.7300033569336,88.4468765258789,3901500.0
2018-06-06,114.41000366210938,114.47000122070312,114.16000366210938,114.30999755859376,88.12303161621094,4754900.0
2018-06-07,114.25,115.05999755859376,114.25,114.69000244140624,88.41600799560547,7185200.0
2018-06-08,114.5999984741211,114.6500015258789,114.43000030517578,114.5,88.26953125,2935600.0
2018-06-11,114.3000030517578,114.4000015258789,114.2300033569336,114.38999938964844,88.18474578857422,2905100.0
2018-06-12,114.25,114.5,114.22000122070312,114.4000015258789,88.19245147705078,3396500.0
2018-06-13,114.44000244140624,114.58000183105467,113.9800033569336,114.29000091552734,88.107666015625,4906500.0
2018-06-14,114.68000030517578,114.81999969482422,114.48999786376952,114.80999755859376,88.50851440429688,4915800.0
2018-06-15,114.9800033569336,115.05999755859376,114.58999633789062,114.6500015258789,88.38516998291016,5887100.0
2018-06-18,114.63999938964844,114.66000366210938,114.41999816894533,114.52999877929688,88.29268646240234,4723200.0
2018-06-19,114.55999755859376,114.66000366210938,114.47000122070312,114.58999633789062,88.33897399902344,4278700.0
2018-06-20,114.61000061035156,114.61000061035156,113.9000015258789,113.9499969482422,87.84556579589844,7731500.0
2018-06-21,113.9000015258789,114.08999633789062,113.86000061035156,113.86000061035156,87.77616882324219,15921600.0
2018-06-22,113.8000030517578,114.08999633789062,113.75,114.0,87.88407135009766,6728500.0
2018-06-25,114.04000091552734,114.11000061035156,113.87000274658205,113.88999938964844,87.79928588867188,3243900.0
2018-06-26,113.9800033569336,114.29000091552734,113.88999938964844,114.2699966430664,88.09224700927734,10345300.0
2018-06-27,114.58999633789062,114.66000366210938,114.4800033569336,114.66000366210938,88.39290618896484,9776300.0
2018-06-28,114.56999969482422,114.56999969482422,114.2699966430664,114.51000213623048,88.27727508544922,6241300.0
2018-06-29,114.63999938964844,114.83999633789062,114.51000213623048,114.56999969482422,88.32350158691406,7855600.0
2018-07-02,114.41000366210938,114.41000366210938,114.16000366210938,114.23999786376952,88.33512115478516,4806200.0
2018-07-03,114.30999755859376,114.7300033569336,114.30999755859376,114.66000366210938,88.65990447998047,2518100.0
2018-07-05,114.7699966430664,115.02999877929688,114.75,115.0199966430664,88.93824768066406,4730600.0
2018-07-06,115.23999786376952,115.27999877929688,115.08999633789062,115.18000030517578,89.06198120117188,2465600.0
2018-07-09,115.08999633789062,115.3000030517578,115.02999877929688,115.26000213623048,89.12382507324219,5161600.0
2018-07-10,115.23999786376952,115.37000274658205,115.11000061035156,115.12999725341795,89.02330017089844,6624000.0
2018-07-11,115.2699966430664,115.38999938964844,115.12000274658205,115.36000061035156,89.20116424560547,4071400.0
2018-07-12,115.4000015258789,115.61000061035156,115.31999969482422,115.61000061035156,89.39446258544922,3324800.0
2018-07-13,115.70999908447266,115.80999755859376,115.62999725341795,115.6999969482422,89.46404266357422,4273800.0
2018-07-16,115.5,115.62999725341795,115.29000091552734,115.51000213623048,89.3171157836914,2653700.0
2018-07-17,115.5199966430664,115.58000183105467,115.37999725341795,115.43000030517578,89.2552719116211,6157000.0
2018-07-18,115.54000091552734,115.54000091552734,115.3499984741211,115.41000366210938,89.23980712890625,3527600.0
2018-07-19,115.4000015258789,115.73999786376952,115.37000274658205,115.58999633789062,89.37898254394531,5098600.0
2018-07-20,115.33999633789062,115.38999938964844,115.12000274658205,115.25,89.11610412597656,5139900.0
2018-07-23,115.0500030517578,115.12000274658205,114.72000122070312,114.79000091552734,88.76039123535156,4716300.0
2018-07-24,114.80999755859376,115.16999816894533,114.80999755859376,115.1500015258789,89.03873443603516,4446700.0
2018-07-25,115.4000015258789,115.4000015258789,115.1999969482422,115.3000030517578,89.15478515625,7376300.0
2018-07-26,115.41999816894533,115.5500030517578,115.27999877929688,115.41000366210938,89.23980712890625,5860900.0
2018-07-27,115.75,115.75,115.45999908447266,115.55999755859376,89.35577392578125,5497600.0
2018-07-30,115.31999969482422,115.48999786376952,115.30999755859376,115.4000015258789,89.23208618164062,6467600.0
2018-07-31,115.70999908447266,115.86000061035156,115.63999938964844,115.76000213623048,89.5103988647461,6081600.0
2018-08-01,114.9000015258789,115.1500015258789,114.8499984741211,115.01000213623048,89.19479370117188,7255900.0
2018-08-02,115.0500030517578,115.16999816894533,114.87999725341795,115.1500015258789,89.30335998535156,6751500.0
2018-08-03,115.29000091552734,115.5500030517578,115.16000366210938,115.51000213623048,89.58250427246094,2711200.0
2018-08-06,115.58999633789062,115.76000213623048,115.58999633789062,115.62000274658205,89.6678695678711,3059800.0
2018-08-07,115.58999633789062,115.58999633789062,115.1999969482422,115.26000213623048,89.388671875,5397700.0
2018-08-08,115.16999816894533,115.2300033569336,115.08000183105467,115.08000183105467,89.24906921386719,7433200.0
2018-08-09,115.25,115.36000061035156,115.08999633789062,115.16999816894533,89.31887817382812,7273500.0
2018-08-10,115.0999984741211,115.5,115.02999877929688,115.36000061035156,89.46624755859375,4765900.0
2018-08-13,115.26000213623048,115.37999725341795,115.22000122070312,115.33000183105467,89.4429702758789,3145700.0
2018-08-14,115.48999786376952,115.52999877929688,115.41000366210938,115.4800033569336,89.55929565429688,7052500.0
2018-08-15,115.6500015258789,115.76000213623048,115.5500030517578,115.72000122070312,89.74542236328125,5208100.0
2018-08-16,115.81999969482422,115.88999938964844,115.6999969482422,115.87000274658205,89.86174011230469,5997900.0
2018-08-17,115.95999908447266,116.06999969482422,115.88999938964844,115.97000122070312,89.93929290771484,3871900.0
2018-08-20,116.25,116.37000274658205,116.18000030517578,116.2699966430664,90.1719970703125,2686800.0
2018-08-21,116.22000122070312,116.22000122070312,115.95999908447266,115.9800033569336,89.94705963134766,5480400.0
2018-08-22,116.22000122070312,116.23999786376952,115.9499969482422,115.97000122070312,89.93929290771484,6877700.0
2018-08-23,116.13999938964844,116.18000030517578,115.94000244140624,116.01000213623048,89.9703598022461,5693800.0
2018-08-24,115.88999938964844,116.29000091552734,115.8499984741211,116.23999786376952,90.148681640625,5152500.0
2018-08-27,116.0199966430664,116.16000366210938,116.01000213623048,116.05999755859376,90.00907897949219,3762200.0
2018-08-28,115.87000274658205,115.9800033569336,115.5999984741211,115.62000274658205,89.6678695678711,4026900.0
2018-08-29,115.7300033569336,115.75,115.41000366210938,115.5,89.57482147216797,10473500.0
2018-08-30,115.73999786376952,115.80999755859376,115.5199966430664,115.61000061035156,89.66010284423828,5682300.0
2018-08-31,115.80999755859376,115.83999633789062,115.43000030517578,115.44000244140624,89.52825927734375,4425800.0
2018-09-04,114.86000061035156,114.98999786376952,114.68000030517578,114.87999725341795,89.36334228515625,6468700.0
2018-09-05,114.83999633789062,114.87999725341795,114.77999877929688,114.80999755859376,89.30891418457031,6103200.0
2018-09-06,114.98999786376952,115.20999908447266,114.9499969482422,115.12999725341795,89.557861328125,6918100.0
2018-09-07,114.76000213623048,114.76000213623048,114.62999725341795,114.6500015258789,89.1844253540039,4529100.0
2018-09-10,114.73999786376952,115.02999877929688,114.73999786376952,115.02999877929688,89.48004150390625,5512700.0
2018-09-11,114.8000030517578,114.88999938964844,114.72000122070312,114.7699966430664,89.27779388427734,5976900.0
2018-09-12,114.97000122070312,115.12000274658205,114.95999908447266,115.0,89.45675659179688,5543100.0
2018-09-13,115.25,115.33000183105467,115.12999725341795,115.23999786376952,89.6434097290039,5584100.0
2018-09-14,115.01000213623048,115.16000366210938,114.9499969482422,115.0999984741211,89.53446960449219,7003500.0
2018-09-17,114.91000366210938,115.11000061035156,114.88999938964844,115.02999877929688,89.48004150390625,2667100.0
2018-09-18,114.80999755859376,114.80999755859376,114.5199966430664,114.55999755859376,89.11442565917969,5160900.0
2018-09-19,114.52999877929688,114.54000091552734,114.2300033569336,114.38999938964844,88.98222351074219,5220700.0
2018-09-20,114.41000366210938,114.80999755859376,114.38999938964844,114.69000244140624,89.2155990600586,6152400.0
2018-09-21,114.5999984741211,114.79000091552734,114.5999984741211,114.70999908447266,89.23114013671875,9404300.0
2018-09-24,114.4800033569336,114.5999984741211,114.37000274658205,114.4499969482422,89.02884674072266,10749400.0
2018-09-25,114.33000183105467,114.47000122070312,114.2300033569336,114.4499969482422,89.02884674072266,4087100.0
2018-09-26,114.6500015258789,114.93000030517578,114.52999877929688,114.86000061035156,89.34779357910156,7433600.0
2018-09-27,114.8499984741211,115.04000091552734,114.7699966430664,115.01000213623048,89.46448516845703,6323400.0
2018-09-28,115.13999938964844,115.13999938964844,114.9000015258789,114.93000030517578,89.40226745605469,12578500.0
2018-10-01,114.5,114.63999938964844,114.41999816894533,114.41999816894533,89.27899932861328,7550600.0
2018-10-02,114.55999755859376,114.75,114.5199966430664,114.5199966430664,89.35699462890625,11207800.0
2018-10-03,114.41000366210938,114.52999877929688,113.66000366210938,113.8499984741211,88.8342056274414,8400500.0
2018-10-04,113.55999755859376,113.66000366210938,113.2300033569336,113.37999725341795,88.46749877929688,9843800.0
2018-10-05,113.1500015258789,113.26000213623048,112.76000213623048,112.94000244140624,88.12418365478516,8785800.0
2018-10-08,113.0,113.01000213623048,112.8000030517578,112.81999969482422,88.030517578125,1355200.0
2018-10-09,113.0,113.16999816894533,112.91000366210938,113.13999938964844,88.28021240234375,8416200.0
2018-10-10,112.86000061035156,113.01000213623048,112.58999633789062,112.83000183105467,88.03836059570312,12316400.0
2018-10-11,113.08000183105467,113.48999786376952,113.0500030517578,113.3000030517578,88.40506744384766,18587600.0
2018-10-12,113.33999633789062,113.52999877929688,113.16000366210938,113.31999969482422,88.42068481445312,8956700.0
2018-10-15,113.26000213623048,113.36000061035156,113.0999984741211,113.11000061035156,88.2568130493164,6636500.0
2018-10-16,113.16000366210938,113.4800033569336,113.05999755859376,113.4000015258789,88.48308563232422,9017800.0
2018-10-17,113.30999755859376,113.4000015258789,112.83999633789062,112.83999633789062,88.04615783691406,6880600.0
2018-10-18,112.7300033569336,112.9800033569336,112.5999984741211,112.83999633789062,88.04615783691406,10418000.0
2018-10-19,112.75,112.86000061035156,112.5999984741211,112.6999969482422,87.93687438964844,6355700.0
2018-10-22,112.83000183105467,112.8499984741211,112.52999877929688,112.55999755859376,87.82769012451172,7282900.0
2018-10-23,112.80999755859376,112.95999908447266,112.66000366210938,112.72000122070312,87.9525375366211,10277900.0
2018-10-24,112.9499969482422,113.0500030517578,112.81999969482422,112.87999725341795,88.0773696899414,7262000.0
2018-10-25,112.7300033569336,112.8499984741211,112.72000122070312,112.73999786376952,87.96812438964844,5653100.0
2018-10-26,112.97000122070312,113.08000183105467,112.91999816894533,112.93000030517578,88.11632537841797,4955300.0
2018-10-29,112.86000061035156,112.91999816894533,112.72000122070312,112.8000030517578,88.01494598388672,6573300.0
2018-10-30,112.58999633789062,112.66999816894533,112.44000244140624,112.5500030517578,87.81988525390625,7669600.0
2018-10-31,112.38999938964844,112.61000061035156,112.2300033569336,112.2300033569336,87.57020568847656,13156300.0
2018-11-01,111.70999908447266,112.20999908447266,111.66999816894533,112.1999969482422,87.8355712890625,14262000.0
2018-11-02,112.06999969482422,112.18000030517578,111.7300033569336,111.75,87.48330688476562,7738400.0
2018-11-05,111.8499984741211,112.04000091552734,111.8499984741211,111.9499969482422,87.63983154296875,5064000.0
2018-11-06,112.02999877929688,112.18000030517578,112.01000213623048,112.13999938964844,87.78857421875,5787100.0
2018-11-07,112.62999725341795,112.70999908447266,112.37999725341795,112.43000030517578,88.01559448242188,13257500.0
2018-11-08,112.41000366210938,112.45999908447266,112.0999984741211,112.0999984741211,87.75728607177734,10934400.0
2018-11-09,112.18000030517578,112.33000183105467,112.08999633789062,112.18000030517578,87.81989288330078,8836800.0
2018-11-12,112.41000366210938,112.41000366210938,112.08000183105467,112.16999816894533,87.81205749511719,2876500.0
2018-11-13,112.05999755859376,112.12000274658205,111.95999908447266,112.0199966430664,87.69464874267578,7778400.0
2018-11-14,111.7300033569336,111.94000244140624,111.68000030517578,111.72000122070312,87.4598159790039,11595100.0
2018-11-15,111.58999633789062,111.66999816894533,111.31999969482422,111.51000213623048,87.29539489746094,15158300.0
2018-11-16,111.47000122070312,111.76000213623048,111.41000366210938,111.7300033569336,87.46764373779297,13503700.0
2018-11-19,111.47000122070312,111.6500015258789,111.41999816894533,111.62000274658205,87.38153076171875,9773700.0
2018-11-20,111.37999725341795,111.5999984741211,111.33000183105467,111.3499984741211,87.17013549804688,16168200.0
2018-11-21,111.62000274658205,111.72000122070312,111.4499969482422,111.58999633789062,87.35802459716797,10704600.0
2018-11-23,111.94000244140624,111.9800033569336,111.62999725341795,111.63999938964844,87.39715576171875,2924700.0
2018-11-26,111.7699966430664,111.81999969482422,111.63999938964844,111.69000244140624,87.43629455566406,5938900.0
2018-11-27,111.61000061035156,111.66000366210938,111.5199966430664,111.5500030517578,87.32672119140625,8581300.0
2018-11-28,111.51000213623048,111.9499969482422,111.29000091552734,111.8499984741211,87.5615463256836,13861300.0
2018-11-29,111.75,111.87000274658205,111.41999816894533,111.52999877929688,87.31101989746094,10939100.0
2018-11-30,111.5500030517578,111.58000183105467,111.25,111.45999908447266,87.25626373291016,14854800.0
2018-12-03,111.30999755859376,111.5999984741211,111.25,111.5199966430664,87.58061218261719,12740500.0
2018-12-04,111.72000122070312,111.9800033569336,111.52999877929688,111.54000091552734,87.5963134765625,13521500.0
2018-12-06,111.61000061035156,111.98999786376952,111.5999984741211,111.87999725341795,87.86329650878906,12752200.0
2018-12-07,112.0,112.05999755859376,111.73999786376952,111.88999938964844,87.87117004394531,11791900.0
2018-12-10,112.1999969482422,112.23999786376952,111.91000366210938,112.2300033569336,88.1381607055664,6886500.0
2018-12-11,112.37999725341795,112.55999755859376,112.26000213623048,112.43000030517578,88.29524993896484,10241100.0
2018-12-12,112.4499969482422,112.68000030517578,111.58999633789062,112.5500030517578,88.38948822021484,10001600.0
2018-12-13,112.73999786376952,112.91000366210938,112.7300033569336,112.8499984741211,88.62509155273438,6911200.0
2018-12-14,112.91000366210938,113.01000213623048,112.70999908447266,112.7300033569336,88.5308837890625,6037900.0
2018-12-17,112.7699966430664,112.98999786376952,112.7699966430664,112.8499984741211,88.62509155273438,6480500.0
2018-12-18,112.6999969482422,112.94000244140624,112.61000061035156,112.9000015258789,88.9417953491211,5923200.0
2018-12-19,113.0500030517578,113.30999755859376,112.80999755859376,112.80999755859376,88.87090301513672,10049200.0
2018-12-20,113.08000183105467,113.1500015258789,112.2699966430664,112.44000244140624,88.57939147949219,20942200.0
2018-12-21,112.58000183105467,112.68000030517578,112.13999938964844,112.33000183105467,88.49273681640625,11850700.0
2018-12-24,112.31999969482422,112.41000366210938,111.98999786376952,112.06999969482422,88.2879409790039,4384800.0
2018-12-26,112.08000183105467,112.20999908447266,111.79000091552734,111.9800033569336,88.2170181274414,7659300.0
2018-12-27,112.16000366210938,112.29000091552734,111.9800033569336,111.9800033569336,88.2170181274414,7797300.0
2018-12-28,112.0999984741211,112.52999877929688,112.0999984741211,112.51000213623048,88.634521484375,4334500.0
2018-12-31,112.5199966430664,112.91999816894533,112.43000030517578,112.81999969482422,88.87877655029297,7008400.0
2019-01-02,112.81999969482422,113.19000244140624,112.77999877929688,113.16999816894533,89.15449523925781,9506500.0
2019-01-03,113.0,113.3000030517578,112.9499969482422,113.22000122070312,89.19389343261719,11199100.0
2019-01-04,112.87999725341795,113.1999969482422,112.80999755859376,113.1500015258789,89.13871765136719,12080700.0
2019-01-07,113.38999938964844,113.45999908447266,113.1500015258789,113.16000366210938,89.14662170410156,16150100.0
2019-01-08,113.20999908447266,113.44000244140624,113.20999908447266,113.41000366210938,89.34353637695312,7961400.0
2019-01-09,113.5,113.88999938964844,113.5,113.83999633789062,89.68230438232422,10534900.0
2019-01-10,113.7300033569336,113.7699966430664,113.43000030517578,113.54000091552734,89.44596862792969,10337000.0
2019-01-11,113.79000091552734,113.79000091552734,113.58999633789062,113.75,89.61139678955078,6890800.0
2019-01-14,113.62000274658205,113.79000091552734,113.41999816894533,113.4499969482422,89.37503814697266,4511400.0
2019-01-15,113.54000091552734,113.68000030517578,113.4499969482422,113.5199966430664,89.4301986694336,10536500.0
2019-01-16,113.5199966430664,113.9000015258789,113.45999908447266,113.73999786376952,89.60353088378906,17911800.0
2019-01-17,113.66000366210938,113.9800033569336,113.66000366210938,113.97000122070312,89.78474426269531,8756200.0
2019-01-18,113.95999908447266,114.27999877929688,113.95999908447266,114.16999816894533,89.94230651855469,12589700.0
2019-01-22,114.31999969482422,114.58000183105467,114.31999969482422,114.36000061035156,90.09196472167967,9101600.0
2019-01-23,114.45999908447266,114.73999786376952,114.38999938964844,114.6500015258789,90.32038879394533,11707200.0
2019-01-24,115.0500030517578,115.11000061035156,114.86000061035156,114.9499969482422,90.55677032470705,8874700.0
2019-01-25,114.9000015258789,115.0500030517578,114.87999725341795,115.0500030517578,90.63556671142578,8529200.0
2019-01-28,114.9499969482422,115.12000274658205,114.88999938964844,115.02999877929688,90.61978149414062,7830600.0
2019-01-29,115.16999816894533,115.27999877929688,115.06999969482422,115.27999877929688,90.81671905517578,9111300.0
2019-01-30,115.31999969482422,115.80999755859376,115.16999816894533,115.80999755859376,91.23423767089844,17275500.0
2019-01-31,116.20999908447266,116.6999969482422,116.19000244140624,116.62000274658205,91.87236785888672,12004200.0
2019-02-01,116.12000274658205,116.30999755859376,115.91999816894533,115.98999786376952,91.65347290039062,15158400.0
2019-02-04,115.87000274658205,115.88999938964844,115.61000061035156,115.83000183105467,91.52704620361328,7375500.0
2019-02-05,116.0999984741211,116.4800033569336,116.08999633789062,116.3000030517578,91.8984603881836,9298100.0
2019-02-06,116.37999725341795,116.4000015258789,116.04000091552734,116.08000183105467,91.72460174560548,7083600.0
2019-02-07,116.0,116.08000183105467,115.77999877929688,116.05999755859376,91.70877838134766,12973200.0
2019-02-08,116.1500015258789,116.37999725341795,116.11000061035156,116.3499984741211,91.93795013427734,5502500.0
2019-02-11,116.27999877929688,116.27999877929688,116.0,116.08999633789062,91.73248291015624,5353800.0
2019-02-12,116.08000183105467,116.25,116.02999877929688,116.25,91.85895538330078,10689100.0
2019-02-13,116.01000213623048,116.0999984741211,115.88999938964844,115.9499969482422,91.62187957763672,9595200.0
2019-02-14,116.23999786376952,116.23999786376952,115.94000244140624,116.08000183105467,91.72460174560548,14906100.0
2019-02-15,116.02999877929688,116.26000213623048,116.02999877929688,116.22000122070312,91.83522033691406,8298000.0
2019-02-19,116.44000244140624,116.44000244140624,116.16999816894533,116.29000091552734,91.89054107666016,6920300.0
2019-02-20,116.19000244140624,116.2300033569336,115.98999786376952,116.19000244140624,91.8115234375,8577400.0
2019-02-21,115.76000213623048,115.9800033569336,115.73999786376952,115.86000061035156,91.55074310302734,6311000.0
2019-02-22,115.97000122070312,116.4800033569336,115.97000122070312,116.37999725341795,91.96165466308594,4110600.0
2019-02-25,116.26000213623048,116.4499969482422,116.25,116.33999633789062,91.9300308227539,6026200.0
2019-02-26,116.51000213623048,116.58999633789062,116.41000366210938,116.5199966430664,92.072265625,6360600.0
2019-02-27,116.37000274658205,116.37000274658205,116.11000061035156,116.19000244140624,91.8115234375,7008500.0
2019-02-28,116.25,116.37000274658205,115.95999908447266,116.02999877929688,91.68509674072266,12468400.0
2019-03-01,115.73999786376952,115.87999725341795,115.41999816894533,115.47000122070312,91.52500915527344,12714100.0
2019-03-04,115.80999755859376,115.86000061035156,115.68000030517578,115.7300033569336,91.73110961914062,9453600.0
2019-03-05,115.69000244140624,115.79000091552734,115.56999969482422,115.7699966430664,91.76276397705078,9090400.0
2019-03-06,115.80999755859376,115.95999908447266,115.73999786376952,115.87999725341795,91.84996032714844,6278700.0
2019-03-07,116.0999984741211,116.3000030517578,116.02999877929688,116.26000213623048,92.15113830566406,7355500.0
2019-03-08,116.11000061035156,116.43000030517578,115.91000366210938,116.41000366210938,92.27007293701172,7386600.0
2019-03-11,116.38999938964844,116.54000091552734,116.30999755859376,116.54000091552734,92.37310791015624,7813600.0
2019-03-12,116.56999969482422,116.94000244140624,116.55999755859376,116.86000061035156,92.62673950195312,7994600.0
2019-03-13,116.54000091552734,116.70999908447266,116.54000091552734,116.66999816894533,92.47614288330078,5834000.0
2019-03-14,116.62999725341795,116.63999938964844,116.33999633789062,116.44000244140624,92.2938461303711,5395300.0
2019-03-15,116.76000213623048,117.0199966430664,116.6999969482422,116.86000061035156,92.62673950195312,8537000.0
2019-03-18,116.77999877929688,116.88999938964844,116.75,116.8000030517578,92.57920837402344,4308300.0
2019-03-19,116.62999725341795,116.93000030517578,116.62999725341795,116.81999969482422,92.5950164794922,8074700.0
2019-03-20,116.88999938964844,117.66000366210938,116.77999877929688,117.61000061035156,93.22122192382812,16202600.0
2019-03-21,117.5199966430664,117.91000366210938,117.5199966430664,117.83000183105467,93.39558410644533,14163200.0
2019-03-22,118.20999908447266,118.63999938964844,118.20999908447266,118.5500030517578,93.96627807617188,10576900.0
2019-03-25,118.56999969482422,119.0,118.37000274658205,118.79000091552734,94.15652465820312,7096100.0
2019-03-26,118.73999786376952,118.93000030517578,118.58999633789062,118.83999633789062,94.19612884521484,7766500.0
2019-03-27,119.0,119.22000122070312,118.91999816894533,119.0,94.32295989990234,7484100.0
2019-03-28,119.02999877929688,119.1500015258789,118.91000366210938,119.1500015258789,94.44185638427734,4621200.0
2019-03-29,118.83000183105467,119.1500015258789,118.79000091552734,119.05999755859376,94.37054443359376,8415100.0
2019-04-01,118.4499969482422,118.62000274658205,118.1999969482422,118.26000213623048,94.01915740966795,9567400.0
2019-04-02,118.27999877929688,118.4499969482422,118.19000244140624,118.41999816894533,94.1463394165039,7733300.0
2019-04-03,118.1500015258789,118.29000091552734,118.11000061035156,118.16999816894533,93.94757843017578,6048400.0
2019-04-04,118.1999969482422,118.36000061035156,118.11000061035156,118.36000061035156,94.0986557006836,7510600.0
2019-04-05,118.33999633789062,118.69000244140624,118.26000213623048,118.5500030517578,94.24968719482422,9326200.0
2019-04-08,118.5199966430664,118.56999969482422,118.3499984741211,118.37999725341795,94.11453247070312,8564800.0
2019-04-09,118.69000244140624,118.83000183105467,118.58000183105467,118.62999725341795,94.3132781982422,7749000.0
2019-04-10,118.87000274658205,119.2699966430664,118.86000061035156,119.20999908447266,94.77439880371094,5765300.0
2019-04-11,119.05999755859376,119.20999908447266,119.01000213623048,119.08999633789062,94.67897033691406,7769500.0
2019-04-12,118.98999786376952,119.12000274658205,118.88999938964844,119.0199966430664,94.62335205078124,11083800.0
2019-04-15,119.01000213623048,119.08000183105467,118.83000183105467,118.83000183105467,94.4722671508789,12427300.0
2019-04-16,118.79000091552734,118.79000091552734,118.48999786376952,118.5,94.2099380493164,10302700.0
2019-04-17,118.62000274658205,118.72000122070312,118.47000122070312,118.4800033569336,94.19403076171876,6062300.0
2019-04-18,118.75,118.8000030517578,118.5500030517578,118.58000183105467,94.27352142333984,8060000.0
2019-04-22,118.45999908447266,118.52999877929688,118.33999633789062,118.38999938964844,94.1224594116211,6581900.0
2019-04-23,118.55999755859376,118.87999725341795,118.54000091552734,118.87999725341795,94.51201629638672,7389700.0
2019-04-24,119.16000366210938,119.4000015258789,119.12999725341795,119.27999877929688,94.8300323486328,6463200.0
2019-04-25,119.16999816894533,119.2699966430664,119.02999877929688,119.22000122070312,94.7823486328125,4404000.0
2019-04-26,119.62000274658205,119.70999908447266,119.5,119.63999938964844,95.11624908447266,3406100.0
2019-04-29,119.37999725341795,119.43000030517578,119.11000061035156,119.16999816894533,94.74259185791016,5847500.0
2019-04-30,119.1500015258789,119.3499984741211,119.0999984741211,119.22000122070312,94.7823486328125,9753300.0
2019-05-01,119.0,119.56999969482422,118.83000183105467,118.83000183105467,94.75204467773438,12804300.0
2019-05-02,118.6999969482422,118.73999786376952,118.29000091552734,118.4000015258789,94.40914916992188,11748200.0
2019-05-03,118.6500015258789,118.97000122070312,118.6500015258789,118.93000030517578,94.83180236816406,7481000.0
2019-05-06,119.02999877929688,119.2300033569336,118.87999725341795,119.08999633789062,94.9593734741211,8077400.0
2019-05-07,119.27999877929688,119.29000091552734,119.0,119.08000183105467,94.95140075683594,11575500.0
2019-05-08,119.1500015258789,119.1999969482422,118.63999938964844,118.68000030517578,94.6324462890625,11843100.0
2019-05-09,118.93000030517578,118.9499969482422,118.61000061035156,118.79000091552734,94.72013854980467,11586200.0
2019-05-10,118.75,118.91999816894533,118.70999908447266,118.86000061035156,94.77594757080078,8155600.0
2019-05-13,118.86000061035156,119.12999725341795,118.77999877929688,118.93000030517578,94.83180236816406,16744900.0
2019-05-14,119.0,119.12000274658205,118.91999816894533,119.0999984741211,94.9673309326172,7993500.0
2019-05-15,119.41000366210938,119.4499969482422,119.18000030517578,119.43000030517578,95.23046875,10804400.0
2019-05-16,119.33999633789062,119.33999633789062,119.20999908447266,119.23999786376952,95.07897186279295,11716300.0
2019-05-17,119.37999725341795,119.44000244140624,119.2300033569336,119.25,95.0869598388672,7746100.0
2019-05-20,119.22000122070312,119.30999755859376,118.95999908447266,118.97000122070312,94.8637237548828,2890900.0
2019-05-21,119.08999633789062,119.11000061035156,118.93000030517578,119.06999969482422,94.94339752197266,3610100.0
2019-05-22,119.13999938964844,119.30999755859376,119.04000091552734,119.22000122070312,95.06300354003906,9526200.0
2019-05-23,119.2699966430664,119.61000061035156,119.19000244140624,119.4800033569336,95.27035522460938,9983400.0
2019-05-24,119.63999938964844,119.75,119.5199966430664,119.7300033569336,95.46969604492188,5981700.0
2019-05-28,119.93000030517578,120.0,119.7699966430664,119.80999755859376,95.5334701538086,9039100.0
2019-05-29,119.87999725341795,120.02999877929688,119.81999969482422,119.86000061035156,95.57334899902344,8778000.0
2019-05-30,120.0999984741211,120.58999633789062,120.01000213623048,120.5500030517578,96.12352752685548,11946400.0
2019-05-31,120.62000274658205,120.83999633789062,120.38999938964844,120.83000183105467,96.34678649902344,11611700.0
2019-06-03,120.75,120.91000366210938,120.41000366210938,120.83000183105467,96.6435089111328,12525200.0
2019-06-04,120.52999877929688,120.93000030517578,120.52999877929688,120.87000274658205,96.6755142211914,20566100.0
2019-06-05,120.97000122070312,121.18000030517578,120.68000030517578,120.79000091552734,96.61153411865234,10423100.0
2019-06-06,120.95999908447266,121.12000274658205,120.81999969482422,121.0199966430664,96.79549407958984,14133600.0
2019-06-07,121.5,121.8499984741211,121.43000030517578,121.55999755859376,97.22737121582033,11912900.0
2019-06-10,121.33999633789062,121.47000122070312,121.11000061035156,121.12000274658205,96.8754653930664,13072400.0
2019-06-11,121.1999969482422,121.31999969482422,121.02999877929688,121.2300033569336,96.96347045898438,17076700.0
2019-06-12,121.23999786376952,121.43000030517578,121.1500015258789,121.41000366210938,97.10742950439452,11814400.0
2019-06-13,121.4499969482422,121.75,121.4499969482422,121.72000122070312,97.35538482666016,6665700.0
2019-06-14,121.5500030517578,121.81999969482422,121.45999908447266,121.7699966430664,97.39539337158205,4652300.0
2019-06-17,121.69000244140624,121.93000030517578,121.62000274658205,121.83000183105467,97.44335174560548,6213200.0
2019-06-18,122.45999908447266,122.7699966430664,122.33999633789062,122.63999938964844,98.09121704101562,19575000.0
2019-06-19,122.3499984741211,123.4499969482422,122.2300033569336,123.41999816894533,98.7150650024414,17597800.0
2019-06-20,123.9000015258789,124.16000366210938,123.6999969482422,124.08999633789062,99.25099182128906,24937900.0
2019-06-21,123.68000030517578,123.88999938964844,123.4800033569336,123.63999938964844,98.89103698730467,18566400.0
2019-06-24,123.9499969482422,124.16999816894533,123.77999877929688,123.9499969482422,99.13898468017578,15241600.0
2019-06-25,123.9499969482422,123.98999786376952,123.47000122070312,123.58000183105467,98.84308624267578,17843700.0
2019-06-26,123.83999633789062,123.83999633789062,123.27999877929688,123.33000183105467,98.6431121826172,24436700.0
2019-06-27,123.63999938964844,124.13999938964844,123.54000091552734,124.0500030517578,99.21900939941406,10314500.0
2019-06-28,124.11000061035156,124.44000244140624,124.08999633789062,124.37000274658205,99.47492218017578,9512100.0
2019-07-01,124.20999908447266,124.54000091552734,123.94000244140624,124.25,99.6634521484375,19129900.0
2019-07-02,124.31999969482422,124.6500015258789,124.1999969482422,124.58999633789062,99.93619537353516,15843800.0
2019-07-03,124.6500015258789,124.95999908447266,124.58999633789062,124.93000030517578,100.2088623046875,6947300.0
2019-07-05,124.04000091552734,124.1500015258789,123.33999633789062,123.83000183105467,99.32655334472656,7889900.0
2019-07-08,124.0,124.0500030517578,123.66000366210938,123.66000366210938,99.19020080566406,9239200.0
2019-07-09,123.58999633789062,123.62000274658205,123.33999633789062,123.4000015258789,98.98163604736328,15877100.0
2019-07-10,123.5500030517578,123.83999633789062,123.4800033569336,123.68000030517578,99.20622253417967,9551800.0
2019-07-11,123.4499969482422,123.63999938964844,122.8499984741211,122.9499969482422,98.62065887451172,7101300.0
2019-07-12,122.9000015258789,123.13999938964844,122.83999633789062,123.06999969482422,98.71693420410156,6363600.0
2019-07-15,123.1999969482422,123.33999633789062,123.08999633789062,123.27999877929688,98.88536834716795,7705000.0
2019-07-16,122.8499984741211,123.04000091552734,122.70999908447266,123.0199966430664,98.6768035888672,9867500.0
2019-07-17,123.1500015258789,123.68000030517578,123.1500015258789,123.66999816894533,99.19817352294922,6620400.0
2019-07-18,123.61000061035156,124.08999633789062,123.36000061035156,123.95999908447266,99.4308090209961,10357300.0
2019-07-19,123.83000183105467,124.05999755859376,123.6500015258789,123.7699966430664,99.27843475341795,8789300.0
2019-07-22,124.25,124.2699966430664,124.08999633789062,124.1500015258789,99.58322143554688,4464800.0
2019-07-23,124.23999786376952,124.23999786376952,123.97000122070312,124.22000122070312,99.63935089111328,7013600.0
2019-07-24,124.38999938964844,124.58000183105467,124.22000122070312,124.56999969482422,99.92009735107422,11851200.0
2019-07-25,124.41000366210938,124.48999786376952,123.87000274658205,124.16999816894533,99.5992431640625,9943100.0
2019-07-26,124.43000030517578,124.48999786376952,124.16999816894533,124.33999633789062,99.7356185913086,7285100.0
2019-07-29,124.48999786376952,124.51000213623048,124.25,124.26000213623048,99.67146301269533,7379600.0
2019-07-30,124.22000122070312,124.30999755859376,123.91999816894533,124.22000122070312,99.63935089111328,12112000.0
2019-07-31,124.3499984741211,124.7300033569336,123.80999755859376,124.33000183105467,99.7275848388672,17422700.0
2019-08-01,124.30999755859376,125.30999755859376,124.22000122070312,124.98999786376952,100.53839111328124,16216800.0
2019-08-02,124.9499969482422,125.1500015258789,124.83999633789062,125.12000274658205,100.64295959472656,14629500.0
2019-08-05,125.51000213623048,125.51000213623048,125.12999725341795,125.20999908447266,100.71538543701172,12715500.0
2019-08-06,125.58000183105467,126.04000091552734,125.33000183105467,125.98999786376952,101.3427734375,14920200.0
2019-08-07,126.47000122070312,126.66000366210938,125.86000061035156,125.97000122070312,101.32671356201172,24644100.0
2019-08-08,125.77999877929688,126.36000061035156,125.52999877929688,126.30999755859376,101.60018157958984,8353800.0
2019-08-09,126.30999755859376,126.3499984741211,125.88999938964844,125.94000244140624,101.30252838134766,6375900.0
2019-08-12,126.3000030517578,126.83000183105467,126.26000213623048,126.7300033569336,101.9380111694336,8075100.0
2019-08-13,126.81999969482422,126.9499969482422,126.4499969482422,126.62999725341795,101.85758972167967,10955000.0
2019-08-14,127.0999984741211,127.1999969482422,126.83000183105467,127.0,102.1551742553711,9070900.0
2019-08-15,127.1500015258789,128.0,127.0500030517578,127.62000274658205,102.65390014648438,11378300.0
2019-08-16,127.31999969482422,127.9000015258789,127.06999969482422,127.8499984741211,102.83892059326172,10842200.0
2019-08-19,127.16999816894533,127.62000274658205,127.0,127.43000030517578,102.50105285644533,7226200.0
2019-08-20,127.8499984741211,128.22000122070312,127.72000122070312,128.1699981689453,103.0962905883789,11402300.0
2019-08-21,127.87000274658205,128.72999572753906,127.87000274658205,128.39999389648438,103.28130340576172,9344000.0
2019-08-22,128.25,128.5,127.87999725341795,127.93000030517578,102.90328216552734,7054000.0
2019-08-23,127.79000091552734,128.7100067138672,127.7699966430664,128.39999389648438,103.28130340576172,7998600.0
2019-08-26,128.47999572753906,128.72000122070312,128.2100067138672,128.41000366210938,103.28936004638672,6305900.0
2019-08-27,128.75,129.1999969482422,128.75,129.10000610351562,103.84439086914062,12644100.0
2019-08-28,129.39999389648438,129.4600067138672,129.00999450683594,129.10000610351562,103.84439086914062,8935800.0
2019-08-29,129.05999755859375,129.10000610351562,128.35000610351562,128.82000732421875,103.619140625,17900500.0
2019-08-30,128.6699981689453,128.83999633789062,128.4199981689453,128.8000030517578,103.6030502319336,8653700.0
2019-09-03,128.3699951171875,128.72000122070312,127.94000244140624,128.3300018310547,103.50550079345705,22683500.0
2019-09-04,128.07000732421875,128.7100067138672,128.07000732421875,128.57000732421875,103.69906616210938,8502600.0
2019-09-05,127.9499969482422,128.24000549316406,127.41999816894533,127.62999725341795,102.94087982177734,19042800.0
2019-09-06,127.83999633789062,128.19000244140625,127.77999877929688,128.08999633789062,103.31190490722656,8914800.0
2019-09-09,127.47000122070312,127.55999755859376,127.1500015258789,127.1500015258789,102.55374908447266,7219000.0
2019-09-10,126.97000122070312,126.98999786376952,126.06999969482422,126.08000183105467,101.6906967163086,9863400.0
2019-09-11,126.0,126.31999969482422,125.91000366210938,125.9800033569336,101.6100616455078,8165800.0
2019-09-12,126.66000366210938,126.76000213623048,125.7300033569336,125.80999755859376,101.47295379638672,11506000.0
2019-09-13,125.36000061035156,125.58999633789062,124.68000030517578,124.68000030517578,100.56153106689452,8984600.0
2019-09-16,125.12999725341795,125.43000030517578,124.93000030517578,125.30999755859376,101.06964874267578,11464700.0
2019-09-17,125.26000213623048,125.80999755859376,125.16000366210938,125.62999725341795,101.3277587890625,12480700.0
2019-09-18,126.06999969482422,126.45999908447266,125.52999877929688,125.94000244140624,101.57776641845705,9162300.0
2019-09-19,126.41000366210938,126.61000061035156,126.20999908447266,126.3000030517578,101.86814880371094,9042800.0
2019-09-20,126.69000244140624,127.2300033569336,126.55999755859376,127.16999816894533,102.5698699951172,10406200.0
2019-09-23,127.38999938964844,127.58000183105467,127.0500030517578,127.08000183105467,102.4972686767578,9526600.0
2019-09-24,127.41000366210938,127.6500015258789,127.29000091552734,127.4800033569336,102.81990051269533,12638700.0
2019-09-25,127.27999877929688,127.36000061035156,126.62999725341795,126.76000213623048,102.23915100097656,13852300.0
2019-09-26,127.19000244140624,127.2699966430664,127.0,127.02999877929688,102.45695495605467,8377600.0
2019-09-27,127.1500015258789,127.22000122070312,126.93000030517578,127.05999755859376,102.48116302490234,8627800.0
2019-09-30,126.95999908447266,127.51000213623048,126.86000061035156,127.4800033569336,102.81990051269533,10769500.0
2019-10-01,126.55999755859376,127.66000366210938,126.55999755859376,127.29000091552734,102.93795776367188,13233900.0
2019-10-02,127.25,127.3499984741211,126.97000122070312,127.23999786376952,102.89751434326172,11377000.0
2019-10-03,127.43000030517578,127.91999816894533,127.43000030517578,127.73999786376952,103.3018798828125,13985000.0
2019-10-04,128.02999877929688,128.27000427246094,127.9499969482422,128.27000427246094,103.73046112060548,9168500.0
2019-10-07,127.91000366210938,128.0,127.61000061035156,127.62000274658205,103.20484161376952,6989300.0
2019-10-08,127.91000366210938,127.98999786376952,127.4800033569336,127.51000213623048,103.11589050292967,8635500.0
2019-10-09,127.77999877929688,127.77999877929688,127.27999877929688,127.55999755859376,103.15633392333984,9929500.0
2019-10-10,127.13999938964844,127.1999969482422,126.66000366210938,126.80999755859376,102.54979705810548,7962200.0
2019-10-11,126.48999786376952,126.7699966430664,126.0500030517578,126.58000183105467,102.3637924194336,11061500.0
2019-10-14,126.9000015258789,127.0500030517578,126.6999969482422,127.0,102.70344543457033,2276500.0
2019-10-15,127.0500030517578,127.0500030517578,126.56999969482422,126.66000366210938,102.42850494384766,13199100.0
2019-10-16,126.73999786376952,126.91000366210938,126.51000213623048,126.8000030517578,102.5417022705078,7793500.0
2019-10-17,126.81999969482422,127.19000244140624,126.70999908447266,126.9800033569336,102.6872787475586,5795300.0
2019-10-18,127.13999938964844,127.33999633789062,127.0500030517578,127.13999938964844,102.81665802001952,5978200.0
2019-10-21,126.9000015258789,127.0,126.8000030517578,126.8499984741211,102.58211517333984,6457700.0
2019-10-22,127.23999786376952,127.26000213623048,126.87999725341795,127.06999969482422,102.7600326538086,5820000.0
2019-10-23,127.30999755859376,127.37000274658205,127.08999633789062,127.13999938964844,102.81665802001952,4986100.0
2019-10-24,127.2699966430664,127.55999755859376,127.2699966430664,127.41999816894533,103.0430908203125,9154900.0
2019-10-25,127.4800033569336,127.4800033569336,127.02999877929688,127.1999969482422,102.86515808105467,6263000.0
2019-10-28,126.8000030517578,126.94000244140624,126.72000122070312,126.81999969482422,102.55786895751952,9081600.0
2019-10-29,126.7699966430664,126.87999725341795,126.4800033569336,126.48999786376952,102.29100036621094,9236700.0
2019-10-30,126.45999908447266,127.01000213623048,126.43000030517578,126.94000244140624,102.65494537353516,12250700.0
2019-10-31,127.41000366210938,127.79000091552734,127.26000213623048,127.70999908447266,103.27760314941406,18082800.0
2019-11-01,127.37999725341795,127.83000183105467,127.3000030517578,127.48999786376952,103.37896728515624,11238400.0
2019-11-04,127.1500015258789,127.18000030517578,126.8499984741211,126.88999938964844,102.89244842529295,10122100.0
2019-11-05,126.33999633789062,126.55999755859376,126.0199966430664,126.16000366210938,102.30050659179688,10409200.0
2019-11-06,126.51000213623048,126.9000015258789,126.5,126.87000274658205,102.87623596191406,8496500.0
2019-11-07,126.31999969482422,126.44000244140624,125.73999786376952,125.87999725341795,102.07347106933594,14799000.0
2019-11-08,125.86000061035156,126.16999816894533,125.70999908447266,125.70999908447266,101.93561553955078,6256300.0
2019-11-11,125.95999908447266,125.98999786376952,125.66000366210938,125.75,101.96804809570312,3231600.0
2019-11-12,125.86000061035156,125.97000122070312,125.61000061035156,125.87000274658205,102.06536102294922,9936600.0
2019-11-13,126.2300033569336,126.33999633789062,126.11000061035156,126.16999816894533,102.30864715576172,10280100.0
2019-11-14,126.63999938964844,126.91000366210938,126.63999938964844,126.83000183105467,102.8437957763672,10163800.0
2019-11-15,126.73999786376952,126.98999786376952,126.5999984741211,126.8499984741211,102.8599853515625,5411900.0
2019-11-18,127.04000091552734,127.16999816894533,126.91000366210938,126.98999786376952,102.97352600097656,9148900.0
2019-11-19,127.08000183105467,127.27999877929688,127.04000091552734,127.23999786376952,103.17626953125,3818800.0
2019-11-20,127.41000366210938,127.5500030517578,127.30999755859376,127.41999816894533,103.32219696044922,5395800.0
2019-11-21,127.16999816894533,127.3000030517578,127.01000213623048,127.12000274658205,103.07896423339844,8425700.0
2019-11-22,127.41999816894533,127.51000213623048,127.2300033569336,127.47000122070312,103.36279296875,5276600.0
2019-11-25,127.63999938964844,127.9800033569336,127.62999725341795,127.91000366210938,103.71952056884766,6808600.0
2019-11-26,128.0500030517578,128.3300018310547,128.02999877929688,128.24000549316406,103.98712921142578,8688800.0
2019-11-27,127.98999786376952,128.27999877929688,127.9800033569336,128.22999572753906,103.9789810180664,7264000.0
2019-11-29,128.17999267578125,128.25999450683594,127.83999633789062,127.97000122070312,103.76820373535156,5260900.0
2019-12-02,127.06999969482422,127.1500015258789,126.8000030517578,127.06999969482422,103.31777954101562,14911500.0
2019-12-03,127.63999938964844,128.1699981689453,127.51000213623048,128.0500030517578,104.1146011352539,9376800.0
2019-12-04,127.8499984741211,128.02000427246094,127.45999908447266,127.87999725341795,103.9763412475586,11177600.0
2019-12-05,127.68000030517578,127.8499984741211,127.47000122070312,127.73999786376952,103.86251831054688,5700600.0
2019-12-06,127.37000274658205,127.86000061035156,127.3000030517578,127.66999816894533,103.80557250976562,6149500.0
2019-12-09,127.9800033569336,127.98999786376952,127.62000274658205,127.6500015258789,103.7893295288086,4545300.0
2019-12-10,127.81999969482422,127.93000030517578,127.52999877929688,127.6500015258789,103.7893295288086,6425500.0
2019-12-11,127.87999725341795,128.2899932861328,127.83000183105467,128.14999389648438,104.19586181640624,4417100.0
2019-12-12,128.08999633789062,128.1300048828125,127.16999816894533,127.55999755859376,103.71617126464844,10375000.0
2019-12-13,128.0399932861328,128.4600067138672,127.6999969482422,128.38999938964844,104.39104461669922,12474100.0
2019-12-16,128.24000549316406,128.30999755859375,127.97000122070312,128.10000610351562,104.15521240234376,8062600.0
2019-12-17,128.22000122070312,128.35000610351562,127.97000122070312,128.0,104.0739288330078,10886800.0
2019-12-18,128.00999450683594,128.11000061035156,127.80999755859376,127.91000366210938,104.000732421875,10205500.0
2019-12-19,127.56999969482422,127.83999633789062,127.5,127.6999969482422,104.10344696044922,9307000.0
2019-12-20,127.62999725341795,127.7300033569336,127.4800033569336,127.66000366210938,104.07083892822266,8336900.0
2019-12-23,127.8000030517578,127.86000061035156,127.47000122070312,127.72000122070312,104.11978149414062,3827500.0
2019-12-24,127.55999755859376,127.95999908447266,127.5,127.8499984741211,104.2257308959961,2638000.0
2019-12-26,128.0399932861328,128.10000610351562,127.8000030517578,128.0800018310547,104.41325378417967,3879900.0
2019-12-27,128.35000610351562,128.39999389648438,128.25999450683594,128.25999450683594,104.55996704101562,8752100.0
2019-12-30,127.9000015258789,128.5,127.77999877929688,128.49000549316406,104.74749755859376,9993800.0
2019-12-31,128.00999450683594,128.25,127.88999938964844,127.95999908447266,104.31541442871094,5499400.0
2020-01-02,128.33999633789062,128.57000732421875,128.05999755859375,128.22999572753906,104.53548431396484,15348700.0
2020-01-03,128.39999389648438,128.7100067138672,128.27000427246094,128.6699981689453,104.89420318603516,10110900.0
2020-01-06,128.69000244140625,128.86000061035156,128.13999938964844,128.24000549316406,104.5436782836914,13894300.0
2020-01-07,128.1699981689453,128.17999267578125,127.83999633789062,127.91000366210938,104.2746353149414,8211700.0
2020-01-08,128.00999450683594,128.32000732421875,127.66999816894533,127.7300033569336,104.12789154052734,12268500.0
2020-01-09,127.6999969482422,128.38999938964844,127.66000366210938,128.33999633789062,104.6251983642578,14415100.0
2020-01-10,128.47000122070312,128.85000610351562,128.41000366210938,128.6999969482422,104.91866302490234,8263500.0
2020-01-13,128.52000427246094,128.5500030517578,128.3300018310547,128.38999938964844,104.66596221923828,4477400.0
2020-01-14,128.36000061035156,128.57000732421875,128.32000732421875,128.5500030517578,104.7964096069336,11066300.0
2020-01-15,128.8000030517578,128.8699951171875,128.63999938964844,128.8300018310547,105.02466583251952,8712400.0
2020-01-16,128.89999389648438,129.11000061035156,128.75,129.00999450683594,105.17138671875,13926100.0
2020-01-17,128.92999267578125,129.08999633789062,128.60000610351562,128.99000549316406,105.15512084960938,13727800.0
2020-01-21,129.36000061035156,129.6699981689453,129.07000732421875,129.61000061035156,105.6605224609375,16807300.0
2020-01-22,129.83999633789062,129.8800048828125,129.6699981689453,129.67999267578125,105.71758270263672,9928600.0
2020-01-23,129.91000366210938,130.0,129.74000549316406,129.85000610351562,105.8561782836914,13623200.0
2020-01-24,130.1300048828125,130.22000122070312,129.9600067138672,130.07000732421875,106.0354995727539,11604500.0
2020-01-27,130.19000244140625,130.4499969482422,130.13999938964844,130.32000732421875,106.23931121826172,10461200.0
2020-01-28,130.4499969482422,130.55999755859375,130.1199951171875,130.25,106.1822509765625,12055900.0
2020-01-29,130.60000610351562,130.8800048828125,130.58999633789062,130.6699981689453,106.52466583251952,11174700.0
2020-01-30,130.72000122070312,130.9499969482422,130.47000122070312,130.75,106.58985900878906,14619200.0
2020-01-31,130.9600067138672,131.16000366210938,130.77000427246094,131.08999633789062,106.8670425415039,20194800.0
2020-02-03,130.5800018310547,130.80999755859375,130.4199981689453,130.64999389648438,106.7828369140625,11216300.0
2020-02-04,130.4199981689453,130.5,130.1300048828125,130.3300018310547,106.52132415771484,16799300.0
2020-02-05,130.1699981689453,130.30999755859375,130.08999633789062,130.25,106.45592498779295,9587500.0
2020-02-06,130.2899932861328,130.44000244140625,130.17999267578125,130.19000244140625,106.40689849853516,11028900.0
2020-02-07,130.72000122070312,130.88999938964844,130.5800018310547,130.69000244140625,106.81559753417967,11517200.0
2020-02-10,130.89999389648438,131.05999755859375,130.8000030517578,131.0,107.06892395019533,10405800.0
2020-02-11,130.88999938964844,131.07000732421875,130.7899932861328,130.80999755859375,106.91365051269533,10052700.0
2020-02-12,130.6999969482422,130.80999755859375,130.60000610351562,130.75,106.86458587646484,7069100.0
2020-02-13,130.75,130.91000366210938,130.63999938964844,130.66000366210938,106.79102325439452,5437400.0
2020-02-14,131.05999755859375,131.13999938964844,130.85000610351562,130.97999572753906,107.05256652832033,8254500.0
2020-02-18,131.1300048828125,131.35000610351562,131.02999877929688,131.22999572753906,107.25689697265624,9650900.0
2020-02-19,131.1199951171875,131.2899932861328,131.00999450683594,131.0500030517578,107.10978698730467,10731500.0
2020-02-20,131.16000366210938,131.49000549316406,131.13999938964844,131.49000549316406,107.46942138671876,13706000.0
2020-02-21,131.77999877929688,132.0500030517578,131.6699981689453,131.75,107.6819305419922,12192700.0
2020-02-24,132.02000427246094,132.16000366210938,131.75999450683594,131.77000427246094,107.6982650756836,17894700.0
2020-02-25,131.89999389648438,132.1999969482422,131.75,131.89999389648438,107.80447387695312,19930500.0
2020-02-26,131.5,132.0399932861328,131.39999389648438,131.41000366210938,107.40404510498048,23073400.0
2020-02-27,131.6300048828125,131.89999389648438,130.69000244140625,130.7100067138672,106.8319320678711,29687900.0
2020-02-28,131.00999450683594,132.2899932861328,130.75999450683594,132.17999267578125,108.03334045410156,25073300.0
2020-03-02,131.8699951171875,132.50999450683594,131.60000610351562,131.6999969482422,107.926025390625,15922600.0
2020-03-03,131.8300018310547,133.99000549316406,131.75,133.1999969482422,109.15523529052734,39141000.0
2020-03-04,133.61000061035156,134.05999755859375,133.25,133.38999938964844,109.31090545654295,23702000.0
2020-03-05,133.72000122070312,133.8699951171875,133.05999755859375,133.33999633789062,109.26996612548828,22089500.0
2020-03-06,134.1999969482422,134.52999877929688,133.49000549316406,134.27000427246094,110.03206634521484,30099900.0
2020-03-09,131.2899932861328,133.22000122070312,130.35000610351562,131.00999450683594,107.36058044433594,27166000.0
2020-03-10,130.91000366210938,131.36000061035156,128.05999755859375,128.05999755859375,104.94308471679688,30024700.0
2020-03-11,128.0800018310547,128.27000427246094,123.1999969482422,123.8499984741211,101.49308013916016,37310300.0
2020-03-12,121.43000030517578,125.8000030517578,115.72000122070312,117.94000244140624,96.64994049072266,41021400.0
2020-03-13,121.48999786376952,124.0,119.23999786376952,123.0500030517578,100.83747100830078,33470600.0
2020-03-16,116.31999969482422,122.0500030517578,115.20999908447266,121.3000030517578,99.40335845947266,19928900.0
2020-03-17,119.4499969482422,121.0500030517578,115.38999938964844,116.33000183105467,95.33053588867188,19074000.0
2020-03-18,112.72000122070312,114.70999908447266,108.31999969482422,110.51000213623048,90.5611343383789,23808700.0
2020-03-19,109.08000183105467,110.0,104.9499969482422,105.0500030517578,86.0867691040039,29077100.0
2020-03-20,108.87000274658205,110.63999938964844,105.8000030517578,106.73999786376952,87.4717025756836,29390100.0
2020-03-23,111.06999969482422,115.13999938964844,110.83000183105467,114.62999725341795,93.93741607666016,36918800.0
2020-03-24,115.54000091552734,118.72000122070312,114.8499984741211,116.9800033569336,95.86319732666016,43049700.0
2020-03-25,117.88999938964844,123.5999984741211,117.19000244140624,122.58000183105467,100.45231628417967,45181000.0
2020-03-26,122.5,123.33000183105467,121.25,122.68000030517578,100.5342788696289,21893500.0
2020-03-27,121.58000183105467,122.62000274658205,120.55999755859376,122.43000030517578,100.32939910888672,27730300.0
2020-03-30,122.83999633789062,125.0,122.83999633789062,123.91999816894533,101.55043029785156,19272700.0
2020-03-31,124.08999633789062,124.91000366210938,122.98999786376952,123.51000213623048,101.21444702148438,23901400.0
2020-04-01,122.5500030517578,122.5999984741211,121.31999969482422,121.41000366210938,99.7438735961914,21859400.0
2020-04-02,121.66000366210938,123.5,121.51000213623048,121.7300033569336,100.00676727294922,22929500.0
2020-04-03,122.0199966430664,122.23999786376952,120.68000030517578,121.0999984741211,99.48918914794922,10754100.0
2020-04-06,122.62999725341795,123.5,122.2300033569336,123.48999786376952,101.45269012451172,15631800.0
2020-04-07,124.3000030517578,124.4800033569336,123.47000122070312,123.68000030517578,101.6087875366211,17457700.0
2020-04-08,124.33000183105467,126.01000213623048,123.87999725341795,125.91000366210938,103.44084167480467,15484100.0
2020-04-09,129.41000366210938,132.0,129.10000610351562,131.8300018310547,108.30433654785156,53580000.0
2020-04-13,131.19000244140625,131.4600067138672,129.80999755859375,130.5500030517578,107.2528076171875,20599800.0
2020-04-14,131.39999389648438,131.5,129.83999633789062,129.91000366210938,106.72701263427734,14791600.0
2020-04-15,129.39999389648438,130.8800048828125,129.39999389648438,130.77999877929688,107.44174194335938,13687800.0
2020-04-16,130.6199951171875,131.07000732421875,130.0399932861328,130.1300048828125,106.90776824951172,12582100.0
2020-04-17,131.3300018310547,131.47000122070312,129.94000244140625,130.55999755859375,107.26097869873048,11187900.0
2020-04-20,130.02999877929688,130.1300048828125,129.22999572753906,129.82000732421875,106.653076171875,12057500.0
2020-04-21,129.6999969482422,130.1300048828125,128.69000244140625,129.36000061035156,106.2751693725586,16146000.0
2020-04-22,129.36000061035156,129.60000610351562,128.91000366210938,129.44000244140625,106.34088897705078,19956600.0
2020-04-23,129.9199981689453,130.24000549316406,129.6999969482422,129.99000549316406,106.792724609375,5833400.0
2020-04-24,129.77999877929688,130.1999969482422,129.2100067138672,129.89999389648438,106.7187957763672,14985500.0
2020-04-27,129.97999572753906,130.10000610351562,128.82000732421875,128.85000610351562,105.85614776611328,11794700.0
2020-04-28,129.39999389648438,129.55999755859375,129.07000732421875,129.1999969482422,106.1436996459961,9232900.0
2020-04-29,129.83999633789062,130.22999572753906,129.6999969482422,130.0500030517578,106.84204864501952,7399100.0
2020-04-30,129.72999572753906,130.14999389648438,129.11000061035156,129.1699981689453,106.11908721923828,14583200.0
2020-05-01,128.6999969482422,128.94000244140625,127.83000183105467,128.33999633789062,105.69903564453124,15442300.0
2020-05-04,128.52999877929688,128.9499969482422,128.36000061035156,128.5399932861328,105.86373901367188,9466700.0
2020-05-05,128.38999938964844,128.72000122070312,128.16000366210938,128.3699951171875,105.72372436523438,7268800.0
2020-05-06,127.88999938964844,127.9499969482422,126.70999908447266,126.93000030517578,104.53778076171876,10662900.0
2020-05-07,127.29000091552734,127.5,126.88999938964844,127.2699966430664,104.81781005859376,11194300.0
2020-05-08,126.81999969482422,127.08000183105467,126.37000274658205,126.66000366210938,104.3154296875,12286700.0
2020-05-11,126.37999725341795,126.52999877929688,125.5199966430664,125.5500030517578,103.40123748779295,12334800.0
2020-05-12,127.16999816894533,127.1999969482422,126.19000244140624,126.76000213623048,104.39776611328124,18760500.0
2020-05-13,127.29000091552734,127.55999755859376,126.94000244140624,127.0500030517578,104.63661193847656,13404100.0
2020-05-14,127.5,128.1199951171875,127.0,128.10000610351562,105.50135803222656,16978300.0
2020-05-15,128.10000610351562,128.61000061035156,127.97000122070312,128.5500030517578,105.87199401855467,17987400.0
2020-05-18,128.86000061035156,130.0,128.86000061035156,129.27999877929688,106.47320556640624,15299000.0
2020-05-19,129.3300018310547,129.66000366210938,128.89999389648438,129.3800048828125,106.55555725097656,13529000.0
2020-05-20,129.75999450683594,130.86000061035156,129.64999389648438,130.8000030517578,107.72506713867188,15068200.0
2020-05-21,130.99000549316406,131.0,130.5500030517578,130.6999969482422,107.6427001953125,11059200.0
2020-05-22,130.72000122070312,130.97999572753906,130.52000427246094,130.6999969482422,107.6427001953125,12546900.0
2020-05-26,130.9199981689453,131.14999389648438,130.47000122070312,130.52000427246094,107.49446105957033,12864900.0
2020-05-27,130.92999267578125,131.11000061035156,130.6999969482422,131.05999755859375,107.93922424316406,10204500.0
2020-05-28,130.92999267578125,131.3800048828125,130.60000610351562,131.1699981689453,108.02977752685548,12360900.0
2020-05-29,131.36000061035156,132.0399932861328,131.16000366210938,132.02000427246094,108.7298355102539,14092500.0
2020-06-01,131.39999389648438,131.64999389648438,131.25,131.63999938964844,108.68192291259766,15415500.0
2020-06-02,131.82000732421875,132.30999755859375,131.72999572753906,132.05999755859375,109.02870178222656,11585400.0
2020-06-03,132.07000732421875,132.27999877929688,131.60000610351562,131.97999572753906,108.96265411376952,15198200.0
2020-06-04,132.13999938964844,132.3000030517578,131.5,131.5800018310547,108.63241577148438,9777400.0
2020-06-05,132.08999633789062,132.4499969482422,131.5,132.25999450683594,109.19381713867188,22147400.0
2020-06-08,132.49000549316406,132.9199981689453,132.30999755859375,132.6999969482422,109.55706787109376,15872100.0
2020-06-09,132.77000427246094,132.85000610351562,132.35000610351562,132.4199981689453,109.32589721679688,17982200.0
2020-06-10,132.66000366210938,133.50999450683594,132.10000610351562,133.2899932861328,110.0441665649414,16866200.0
2020-06-11,132.58999633789062,132.80999755859375,131.1300048828125,131.6999969482422,108.73151397705078,28279600.0
2020-06-12,132.72999572753906,132.97000122070312,131.7899932861328,132.33999633789062,109.25987243652344,16202800.0
2020-06-15,131.88999938964844,134.8300018310547,131.82000732421875,134.22000122070312,110.81197357177734,24006200.0
2020-06-16,134.88999938964844,134.89999389648438,133.47999572753906,133.85000610351562,110.50653076171876,16299500.0
2020-06-17,134.0,134.11000061035156,132.80999755859375,133.58999633789062,110.29187774658205,20132900.0
2020-06-18,133.6199951171875,133.9199981689453,133.36000061035156,133.88999938964844,110.53955078125,9306600.0
2020-06-19,133.9600067138672,134.1999969482422,133.6300048828125,133.99000549316406,110.62212371826172,13741400.0
2020-06-22,133.99000549316406,134.30999755859375,133.60000610351562,133.86000061035156,110.5147705078125,10134000.0
2020-06-23,133.6999969482422,134.07000732421875,133.55999755859375,133.61000061035156,110.30836486816406,9381300.0
2020-06-24,133.33999633789062,133.39999389648438,132.6999969482422,133.24000549316406,110.00291442871094,12357300.0
2020-06-25,133.3699951171875,133.49000549316406,133.0800018310547,133.3800048828125,110.11849975585938,19115300.0
2020-06-26,133.39999389648438,133.60000610351562,133.14999389648438,133.5,110.21755981445312,7304900.0
2020-06-29,133.50999450683594,134.1199951171875,133.17999267578125,134.1199951171875,110.72943115234376,10954600.0
2020-06-30,134.30999755859375,134.52999877929688,133.82000732421875,134.5,111.04314422607422,11599000.0
2020-07-01,134.14999389648438,134.94000244140625,133.8800048828125,134.72000122070312,111.48174285888672,11872500.0
2020-07-02,134.9600067138672,135.11000061035156,134.7899932861328,135.0500030517578,111.75479888916016,9733200.0
2020-07-06,135.16000366210938,135.50999450683594,134.9600067138672,135.39999389648438,112.04447174072266,12706800.0
2020-07-07,135.39999389648438,135.67999267578125,135.22999572753906,135.5800018310547,112.193359375,11645100.0
2020-07-08,135.6699981689453,135.7100067138672,135.22999572753906,135.36000061035156,112.01134490966795,10033100.0
2020-07-09,135.63999938964844,136.25,135.4199981689453,136.1199951171875,112.6402587890625,9809000.0
2020-07-10,136.30999755859375,136.4199981689453,135.67999267578125,135.8699951171875,112.43338012695312,9043100.0
2020-07-13,135.88999938964844,136.0800018310547,135.42999267578125,135.50999450683594,112.1355209350586,22457200.0
2020-07-14,135.85000610351562,136.44000244140625,135.8000030517578,136.3000030517578,112.78919219970705,12505600.0
2020-07-15,136.47999572753906,136.5800018310547,136.24000549316406,136.57000732421875,113.01265716552734,8815600.0
2020-07-16,136.72000122070312,137.02999877929688,136.60000610351562,136.9499969482422,113.32709503173828,7761800.0
2020-07-17,137.32000732421875,137.41000366210938,136.94000244140625,137.32000732421875,113.63326263427734,6078400.0
2020-07-20,137.6199951171875,137.6999969482422,137.39999389648438,137.6999969482422,113.94769287109376,7244300.0
2020-07-21,137.9199981689453,138.10000610351562,137.77999877929688,137.8800048828125,114.09668731689452,7712300.0
2020-07-22,138.27999877929688,138.33999633789062,138.10000610351562,138.3300018310547,114.46904754638672,6229900.0
2020-07-23,138.47000122070312,138.52000427246094,138.1699981689453,138.42999267578125,114.5517807006836,9544200.0
2020-07-24,138.1699981689453,138.38999938964844,137.9499969482422,138.1199951171875,114.29521942138672,9106500.0
2020-07-27,138.19000244140625,138.2899932861328,137.61000061035156,137.6999969482422,113.94769287109376,6347600.0
2020-07-28,137.9199981689453,137.99000549316406,137.50999450683594,137.55999755859375,113.83186340332033,12922600.0
2020-07-29,137.69000244140625,138.30999755859375,137.57000732421875,138.30999755859375,114.45247650146484,7625100.0
2020-07-30,138.22999572753906,138.30999755859375,137.9600067138672,138.16000366210938,114.32836151123048,8939900.0
2020-07-31,138.13999938964844,138.4600067138672,137.92999267578125,138.35000610351562,114.485595703125,11788700.0
2020-08-03,137.9499969482422,138.33999633789062,137.80999755859375,138.24000549316406,114.6390151977539,10915900.0
2020-08-04,138.49000549316406,138.75,138.41000366210938,138.75,115.06194305419922,10101900.0
2020-08-05,138.5399932861328,138.8000030517578,138.42999267578125,138.55999755859375,114.90440368652344,11602000.0
2020-08-06,138.99000549316406,139.25999450683594,138.92999267578125,139.14999389648438,115.39366912841795,8067800.0
2020-08-07,139.2899932861328,139.3800048828125,138.72000122070312,138.75999450683594,115.07024383544922,7405300.0
2020-08-10,138.97999572753906,138.99000549316406,138.41000366210938,138.4600067138672,114.82144165039062,6137100.0
2020-08-11,138.0,138.08999633789062,137.49000549316406,137.58999633789062,114.10001373291016,12870500.0
2020-08-12,137.5,137.72999572753906,137.10000610351562,137.25,113.81800079345705,11902600.0
2020-08-13,137.14999389648438,137.22999572753906,135.75,136.00999450683594,112.78971862792967,20754500.0
2020-08-14,135.85000610351562,136.1199951171875,135.27999877929688,135.41000366210938,112.29214477539062,12409100.0
2020-08-17,135.75,135.9199981689453,135.57000732421875,135.69000244140625,112.52435302734376,9522800.0
2020-08-18,135.86000061035156,136.24000549316406,135.74000549316406,136.0800018310547,112.8477554321289,12198000.0
2020-08-19,136.27999877929688,136.35000610351562,135.60000610351562,135.72000122070312,112.5492172241211,12168600.0
2020-08-20,136.24000549316406,136.35000610351562,136.02000427246094,136.1999969482422,112.94727325439452,12065300.0
2020-08-21,136.27999877929688,136.49000549316406,135.97999572753906,136.4499969482422,113.15460205078124,6353900.0
2020-08-24,136.4600067138672,136.6699981689453,136.1199951171875,136.2100067138672,112.95556640625,13093400.0
2020-08-25,135.7100067138672,136.0,135.22999572753906,135.6199951171875,112.4663314819336,12191100.0
2020-08-26,135.39999389648438,135.67999267578125,135.1300048828125,135.6699981689453,112.50777435302734,6259000.0
2020-08-27,135.86000061035156,135.88999938964844,134.55999755859375,134.58999633789062,111.61214447021484,12251100.0
2020-08-28,134.8300018310547,135.07000732421875,134.6199951171875,135.0,111.9521713256836,7907500.0
2020-08-31,135.1199951171875,135.7899932861328,135.05999755859375,135.60000610351562,112.44978332519533,11874000.0
2020-09-01,135.25,136.1999969482422,135.10000610351562,136.16000366210938,113.1603012084961,13289900.0
2020-09-02,136.0500030517578,136.80999755859375,136.0,136.6999969482422,113.60903930664062,14236600.0
2020-09-03,136.8699951171875,136.89999389648438,136.3300018310547,136.39999389648438,113.3597412109375,16452600.0
2020-09-04,136.00999450683594,136.1199951171875,134.8699951171875,134.9499969482422,112.15471649169922,13177800.0
2020-09-08,135.13999938964844,135.42999267578125,134.99000549316406,135.0800018310547,112.26271057128906,13932300.0
2020-09-09,135.11000061035156,135.69000244140625,135.00999450683594,135.1699981689453,112.3375473022461,11640000.0
2020-09-10,135.0500030517578,135.4199981689453,134.8800048828125,135.27000427246094,112.42063903808594,12624700.0
2020-09-11,135.3300018310547,135.60000610351562,135.17999267578125,135.3699951171875,112.50372314453124,9773000.0
2020-09-14,135.60000610351562,135.97999572753906,135.5800018310547,135.7100067138672,112.78634643554688,13896200.0
2020-09-15,135.74000549316406,135.99000549316406,135.72999572753906,135.86000061035156,112.91099548339844,9388500.0
2020-09-16,136.1699981689453,136.27000427246094,135.75999450683594,135.9499969482422,112.98577880859376,8868200.0
2020-09-17,136.27000427246094,136.3000030517578,135.7899932861328,135.97999572753906,113.01071166992188,12190400.0
2020-09-18,136.05999755859375,136.1199951171875,135.69000244140625,135.72999572753906,112.80297088623048,9968000.0
2020-09-21,135.97000122070312,135.97000122070312,135.47000122070312,135.60000610351562,112.6949234008789,12081100.0
2020-09-22,135.7100067138672,135.8000030517578,135.52000427246094,135.67999267578125,112.7613754272461,8295900.0
2020-09-23,135.66000366210938,135.72999572753906,134.6199951171875,134.6999969482422,111.94696044921876,17759900.0
2020-09-24,134.67999267578125,134.80999755859375,134.22999572753906,134.36000061035156,111.66436767578124,20595000.0
2020-09-25,134.27999877929688,134.4499969482422,134.0399932861328,134.22000122070312,111.5479965209961,9793100.0
2020-09-28,134.52000427246094,134.9199981689453,134.38999938964844,134.89999389648438,112.11312103271484,8579500.0
2020-09-29,135.05999755859375,135.17999267578125,134.7100067138672,134.72999572753906,111.97185516357422,8428600.0
2020-09-30,134.64999389648438,134.7899932861328,134.4199981689453,134.7100067138672,111.95523834228516,11634700.0
2020-10-01,134.25999450683594,134.92999267578125,134.2100067138672,134.7899932861328,112.2667236328125,12642600.0
2020-10-02,134.66000366210938,134.88999938964844,134.39999389648438,134.80999755859375,112.28340911865234,10829600.0
2020-10-05,134.49000549316406,134.75999450683594,134.32000732421875,134.36000061035156,111.90859985351562,10078700.0
2020-10-06,134.4499969482422,134.9499969482422,133.9499969482422,134.25,111.81697845458984,22370600.0
2020-10-07,134.25999450683594,134.74000549316406,134.11000061035156,134.2899932861328,111.85028076171876,14745500.0
2020-10-08,134.66000366210938,134.85000610351562,134.50999450683594,134.6199951171875,112.12516021728516,12101600.0
2020-10-09,134.52000427246094,134.97999572753906,134.4499969482422,134.92999267578125,112.38335418701172,9979700.0
2020-10-12,135.11000061035156,135.75,135.10000610351562,135.7100067138672,113.03302001953124,5465400.0
2020-10-13,135.6699981689453,135.7899932861328,135.38999938964844,135.5800018310547,112.92471313476562,9228200.0
2020-10-14,135.7899932861328,135.89999389648438,135.5,135.7100067138672,113.03302001953124,12994600.0
2020-10-15,135.6999969482422,135.75999450683594,135.49000549316406,135.57000732421875,112.91637420654295,13255900.0
2020-10-16,135.50999450683594,135.8699951171875,135.32000732421875,135.33999633789062,112.72482299804688,8742400.0
2020-10-19,135.25,135.32000732421875,135.00999450683594,135.0800018310547,112.50828552246094,8634500.0
2020-10-20,134.97999572753906,135.00999450683594,134.77000427246094,134.8000030517578,112.2751007080078,13413100.0
2020-10-21,134.58999633789062,134.8800048828125,134.5399932861328,134.5800018310547,112.09182739257812,8890100.0
2020-10-22,134.5,134.5399932861328,134.16000366210938,134.27999877929688,111.84197235107422,9661800.0
2020-10-23,134.30999755859375,134.72999572753906,134.2899932861328,134.6199951171875,112.12516021728516,12010800.0
2020-10-26,134.77999877929688,135.00999450683594,134.72000122070312,134.89999389648438,112.35832977294922,9776600.0
2020-10-27,135.07000732421875,135.4600067138672,135.00999450683594,135.4499969482422,112.81648254394533,7023800.0
2020-10-28,135.41000366210938,135.47999572753906,134.74000549316406,134.77999877929688,112.2583999633789,13578300.0
2020-10-29,134.8000030517578,134.8000030517578,134.0800018310547,134.42999267578125,111.96688842773438,14744600.0
2020-10-30,134.27000427246094,134.5399932861328,133.72000122070312,133.72999572753906,111.38385009765624,19875600.0
2020-11-02,133.9600067138672,134.25,133.8800048828125,133.97000122070312,111.82040405273438,18496400.0
2020-11-03,133.91000366210938,134.13999938964844,133.77999877929688,134.10000610351562,111.92892456054688,11661900.0
2020-11-04,135.61000061035156,136.22999572753906,135.55999755859375,136.11000061035156,113.60657501220705,20019500.0
2020-11-05,136.5399932861328,136.82000732421875,136.35000610351562,136.6199951171875,114.03223419189452,14349900.0
2020-11-06,136.27000427246094,136.3300018310547,135.94000244140625,136.19000244140625,113.6733856201172,12029700.0
2020-11-09,136.19000244140625,136.3000030517578,135.13999938964844,135.16000366210938,112.81361389160156,21273800.0
2020-11-10,134.82000732421875,135.3699951171875,134.77000427246094,134.80999755859375,112.52155303955078,18849800.0
2020-11-11,135.0,135.08999633789062,134.7100067138672,135.05999755859375,112.73014068603516,3763300.0
2020-11-12,135.17999267578125,135.60000610351562,135.07000732421875,135.60000610351562,113.18089294433594,16891500.0
2020-11-13,135.77000427246094,135.94000244140625,135.6199951171875,135.75999450683594,113.31441497802734,8256800.0
2020-11-16,135.8000030517578,136.25,135.72999572753906,136.1999969482422,113.6816864013672,12742500.0
2020-11-17,136.38999938964844,136.75999450683594,136.25999450683594,136.63999938964844,114.0489273071289,11832300.0
2020-11-18,136.83999633789062,137.0800018310547,136.77999877929688,136.92999267578125,114.2909698486328,11878400.0
2020-11-19,137.1999969482422,137.85000610351562,137.11000061035156,137.69000244140625,114.92538452148438,16107800.0
2020-11-20,137.39999389648438,137.75,137.1699981689453,137.57000732421875,114.82518768310548,18308400.0
2020-11-23,137.6699981689453,137.80999755859375,137.5500030517578,137.74000549316406,114.9670867919922,8648500.0
2020-11-24,137.6999969482422,137.77999877929688,137.39999389648438,137.42999267578125,114.70834350585938,11204400.0
2020-11-25,137.60000610351562,137.6300048828125,137.3800048828125,137.50999450683594,114.77513122558594,6709800.0
2020-11-27,137.82000732421875,138.07000732421875,137.75,138.0,115.18414306640624,3404800.0
2020-11-30,138.10000610351562,138.52000427246094,137.9499969482422,138.47999572753906,115.58473205566406,11856200.0
2020-12-01,138.0500030517578,138.27000427246094,137.47999572753906,137.67999267578125,115.14649200439452,18933600.0
2020-12-02,137.4600067138672,137.5,136.97999572753906,137.22000122070312,114.76181030273438,15637700.0
2020-12-03,137.64999389648438,138.02999877929688,137.47999572753906,137.75999450683594,115.21343231201172,18888700.0
2020-12-04,137.13999938964844,137.33999633789062,136.83999633789062,137.0,114.57782745361328,12521200.0
2020-12-07,137.33999633789062,137.49000549316406,137.07000732421875,137.1199951171875,114.67813873291016,16697300.0
2020-12-08,137.3699951171875,137.4499969482422,136.89999389648438,136.9600067138672,114.54434967041016,12797700.0
2020-12-09,136.60000610351562,136.60000610351562,136.1199951171875,136.4600067138672,114.1261749267578,20824700.0
2020-12-10,136.57000732421875,137.16000366210938,136.55999755859375,137.13999938964844,114.69490051269533,13527600.0
2020-12-11,137.13999938964844,137.30999755859375,136.9199981689453,137.27999877929688,114.81197357177734,9023000.0
2020-12-14,136.97999572753906,137.32000732421875,136.8699951171875,137.17999267578125,114.72837829589844,8004000.0
2020-12-15,137.1699981689453,137.47999572753906,137.08999633789062,137.4499969482422,114.95413208007812,12254500.0
2020-12-16,137.1699981689453,137.61000061035156,136.8800048828125,137.33999633789062,114.86216735839844,12326000.0
2020-12-17,137.52000427246094,137.5800018310547,136.97000122070312,137.25999450683594,115.02976989746094,12338800.0
2020-12-18,137.47999572753906,137.52000427246094,137.00999450683594,137.16000366210938,114.9459228515625,8781900.0
2020-12-21,137.1300048828125,137.13999938964844,136.6699981689453,136.88999938964844,114.71968841552734,11925000.0
2020-12-22,137.19000244140625,137.2899932861328,136.99000549316406,137.27000427246094,115.03816223144533,10226800.0
2020-12-23,136.9199981689453,137.32000732421875,136.64999389648438,137.3000030517578,115.0632781982422,7553100.0
2020-12-24,137.47999572753906,137.8300018310547,137.47999572753906,137.77000427246094,115.4571762084961,3397000.0
2020-12-28,137.57000732421875,137.89999389648438,137.5,137.86000061035156,115.5325927734375,6279200.0
2020-12-29,137.61000061035156,137.92999267578125,137.60000610351562,137.9199981689453,115.5828857421875,6581800.0
2020-12-30,137.88999938964844,138.11000061035156,137.7899932861328,138.10000610351562,115.73371887207033,5343100.0
2020-12-31,138.0399932861328,138.22000122070312,137.9600067138672,138.1300048828125,115.75887298583984,6932300.0
2021-01-04,137.88999938964844,137.88999938964844,137.3800048828125,137.42999267578125,115.1722183227539,14891400.0
2021-01-05,137.05999755859375,137.05999755859375,136.5500030517578,136.99000549316406,114.8034896850586,16294400.0
2021-01-06,135.77999877929688,135.97999572753906,135.39999389648438,135.8800048828125,113.87327575683594,19136500.0
2021-01-07,135.55999755859375,135.9499969482422,135.5399932861328,135.86000061035156,113.8564910888672,11886100.0
2021-01-08,135.77999877929688,135.88999938964844,135.4499969482422,135.75999450683594,113.7726593017578,13341400.0
2021-01-11,135.49000549316406,135.49000549316406,135.1699981689453,135.17999267578125,113.2866439819336,7557700.0
2021-01-12,135.11000061035156,135.5399932861328,134.74000549316406,135.47000122070312,113.5296859741211,16766200.0
2021-01-13,135.75999450683594,136.63999938964844,135.72999572753906,136.52000427246094,114.4096221923828,16490700.0
2021-01-14,136.5500030517578,136.6300048828125,135.83999633789062,135.92999267578125,113.91515350341795,22050500.0
2021-01-15,136.24000549316406,136.50999450683594,136.0399932861328,136.13999938964844,114.09115600585938,13680700.0
2021-01-19,136.08999633789062,136.47999572753906,136.0500030517578,136.3800048828125,114.29229736328124,12807500.0
2021-01-20,136.35000610351562,136.50999450683594,136.27000427246094,136.33999633789062,114.2587890625,12218400.0
2021-01-21,135.77000427246094,135.92999267578125,135.60000610351562,135.8000030517578,113.8061981201172,25084300.0
2021-01-22,135.75999450683594,135.91000366210938,135.60000610351562,135.6999969482422,113.72239685058594,15998800.0
2021-01-25,135.9499969482422,136.3699951171875,135.92999267578125,136.27999877929688,114.20848083496094,14603700.0
2021-01-26,136.02000427246094,136.4499969482422,135.9600067138672,136.27000427246094,114.20011901855467,11926900.0
2021-01-27,136.4199981689453,136.44000244140625,135.97999572753906,136.02999877929688,113.9990005493164,13822700.0
2021-01-28,136.0399932861328,136.17999267578125,135.75999450683594,135.80999755859375,113.81462860107422,16896900.0
2021-01-29,135.4199981689453,135.89999389648438,134.9600067138672,135.60000610351562,113.63859558105467,18131600.0
2021-02-01,135.3699951171875,135.6999969482422,135.30999755859375,135.60000610351562,113.86282348632812,10682300.0
2021-02-02,135.2100067138672,135.36000061035156,135.0399932861328,135.24000549316406,113.560546875,12710600.0
2021-02-03,135.0,135.0800018310547,134.8699951171875,134.9199981689453,113.29180145263672,13189600.0
2021-02-04,134.80999755859375,135.22000122070312,134.6300048828125,135.14999389648438,113.48492431640624,10689500.0
2021-02-05,135.24000549316406,135.3800048828125,134.72000122070312,134.7899932861328,113.18265533447266,12016300.0
2021-02-08,134.92999267578125,135.41000366210938,134.8699951171875,135.3699951171875,113.6696548461914,13460300.0
2021-02-09,135.47000122070312,135.49000549316406,134.8800048828125,135.16000366210938,113.4933624267578,11755100.0
2021-02-10,135.3800048828125,135.5500030517578,135.2899932861328,135.47999572753906,113.76201629638672,9414500.0
2021-02-11,135.5399932861328,135.55999755859375,135.0399932861328,135.1199951171875,113.45975494384766,9241100.0
2021-02-12,134.61000061035156,134.94000244140625,134.57000732421875,134.67999267578125,113.0903091430664,13717100.0
2021-02-16,134.02000427246094,134.2899932861328,133.7100067138672,133.72999572753906,112.29254150390624,21429200.0
2021-02-17,134.33999633789062,134.42999267578125,134.02999877929688,134.39999389648438,112.85516357421876,16195400.0
2021-02-18,134.1300048828125,134.35000610351562,133.83999633789062,134.13999938964844,112.63684844970705,15414100.0
2021-02-19,133.7899932861328,133.89999389648438,133.14999389648438,133.1699981689453,111.82234191894533,13678500.0
2021-02-22,132.94000244140625,133.22000122070312,132.25,132.33999633789062,111.12538146972656,17978100.0
2021-02-23,131.91000366210938,132.47000122070312,131.75999450683594,132.44000244140625,111.2093505859375,23482500.0
2021-02-24,131.63999938964844,132.6699981689453,131.35000610351562,132.63999938964844,111.37730407714844,18120000.0
2021-02-25,131.72999572753906,131.91000366210938,129.77999877929688,130.5399932861328,109.6139144897461,35471200.0
2021-02-26,131.44000244140625,132.32000732421875,130.99000549316406,132.27000427246094,111.06661987304688,23284400.0
2021-03-01,131.63999938964844,132.1699981689453,131.63999938964844,132.1300048828125,111.1751480102539,23890800.0
2021-03-02,132.10000610351562,132.11000061035156,131.77000427246094,131.97999572753906,111.04893493652344,13633400.0
2021-03-03,131.2899932861328,131.85000610351562,130.94000244140625,131.0,110.22434997558594,24043300.0
2021-03-04,131.0500030517578,131.16000366210938,129.80999755859375,129.92999267578125,109.32405090332033,21771800.0
2021-03-05,129.58999633789062,129.92999267578125,129.27000427246094,129.75999450683594,109.18103790283205,23789400.0
2021-03-08,129.52999877929688,129.6199951171875,128.52999877929688,128.5500030517578,108.16291809082033,15029200.0
2021-03-09,129.2100067138672,129.6199951171875,129.16000366210938,129.52000427246094,108.97907257080078,21900300.0
2021-03-10,129.7100067138672,130.2899932861328,129.7100067138672,130.1300048828125,109.49234008789062,19440400.0
2021-03-11,130.2899932861328,130.5500030517578,130.05999755859375,130.2100067138672,109.5596923828125,20622100.0
2021-03-12,129.1300048828125,129.2899932861328,128.66000366210938,128.7100067138672,108.2975616455078,14352000.0
2021-03-15,128.8300018310547,129.27999877929688,128.8300018310547,129.14999389648438,108.66775512695312,10111200.0
2021-03-16,129.2100067138672,129.38999938964844,128.8699951171875,129.05999755859375,108.59202575683594,11356900.0
2021-03-17,128.47999572753906,129.4600067138672,128.30999755859375,129.17999267578125,108.69300079345705,19086100.0
2021-03-18,128.00999450683594,128.6199951171875,127.91000366210938,128.44000244140625,108.07035064697266,21368700.0
2021-03-19,128.42999267578125,128.72000122070312,128.24000549316406,128.6300048828125,108.23023986816406,19776100.0
2021-03-22,129.05999755859375,129.4600067138672,128.92999267578125,129.08999633789062,108.6172866821289,16677200.0
2021-03-23,129.08999633789062,129.58999633789062,129.08999633789062,129.47000122070312,108.93701934814452,32228000.0
2021-03-24,129.2100067138672,129.9199981689453,129.2100067138672,129.86000061035156,109.26513671875,13435400.0
2021-03-25,129.92999267578125,130.02000427246094,129.4499969482422,129.7100067138672,109.13894653320312,12945900.0
2021-03-26,129.4499969482422,129.82000732421875,129.3300018310547,129.6199951171875,109.06320190429688,14315000.0
2021-03-29,129.6699981689453,129.7100067138672,129.11000061035156,129.30999755859375,108.80238342285156,11279900.0
2021-03-30,129.25999450683594,129.7899932861328,128.97999572753906,129.7100067138672,109.13894653320312,20219000.0
2021-03-31,129.91000366210938,130.3800048828125,129.8300018310547,130.0500030517578,109.425048828125,23764600.0
2021-04-01,130.4600067138672,130.64999389648438,130.14999389648438,130.61000061035156,110.11131286621094,16390900.0
2021-04-05,130.19000244140625,130.3000030517578,129.9199981689453,129.97000122070312,109.57171630859376,17015500.0
2021-04-06,130.16000366210938,130.8800048828125,130.16000366210938,130.83999633789062,110.30516052246094,15762000.0
2021-04-07,130.7899932861328,130.9199981689453,130.41000366210938,130.5800018310547,110.08596801757812,10976500.0
2021-04-08,130.75,131.0800018310547,130.6699981689453,131.05999755859375,110.49064636230467,7452800.0
2021-04-09,130.63999938964844,131.10000610351562,130.5399932861328,130.7899932861328,110.26302337646484,7568300.0
2021-04-12,130.6999969482422,130.77000427246094,130.52000427246094,130.75999450683594,110.23770904541016,10579800.0
2021-04-13,130.61000061035156,131.35000610351562,130.55999755859375,131.33999633789062,110.72669219970705,9582100.0
2021-04-14,131.16000366210938,131.2899932861328,130.94000244140625,131.16000366210938,110.574951171875,10219300.0
2021-04-15,131.66000366210938,132.32000732421875,131.64999389648438,131.97000122070312,111.25782012939452,17234400.0
2021-04-16,131.27999877929688,131.67999267578125,131.0500030517578,131.07000732421875,110.49909973144533,21100200.0
2021-04-19,130.77999877929688,130.89999389648438,130.6300048828125,130.72999572753906,110.21240997314452,10868200.0
2021-04-20,130.69000244140625,131.19000244140625,130.64999389648438,130.97999572753906,110.42320251464844,11996200.0
2021-04-21,131.05999755859375,131.42999267578125,130.89999389648438,131.42999267578125,110.80257415771484,10473600.0
2021-04-22,131.5500030517578,131.6699981689453,131.25999450683594,131.55999755859375,110.91217041015624,16487100.0
2021-04-23,131.72000122070312,131.88999938964844,131.49000549316406,131.6699981689453,111.0049285888672,15170600.0
2021-04-26,131.6999969482422,131.8800048828125,131.58999633789062,131.61000061035156,110.95433807373048,10915200.0
2021-04-27,131.60000610351562,131.63999938964844,131.02000427246094,131.02000427246094,110.45691680908205,10418200.0
2021-04-28,131.00999450683594,131.11000061035156,130.5800018310547,131.0399932861328,110.47378540039062,15731100.0
2021-04-29,130.6699981689453,130.92999267578125,130.36000061035156,130.8800048828125,110.3388900756836,11697300.0
2021-04-30,130.9600067138672,131.24000549316406,130.8699951171875,131.14999389648438,110.5665512084961,11860200.0
2021-05-03,131.1300048828125,131.42999267578125,130.8699951171875,131.2100067138672,110.83258819580078,9029900.0
2021-05-04,131.47999572753906,131.61000061035156,131.08999633789062,131.2899932861328,110.90013885498048,14006800.0
2021-05-05,131.1199951171875,131.5,131.1199951171875,131.4499969482422,111.03532409667967,5722300.0
2021-05-06,131.5,131.75999450683594,131.3699951171875,131.6999969482422,111.24650573730467,9383600.0
2021-05-07,132.0800018310547,132.33999633789062,131.52999877929688,131.75,111.28875732421876,11267200.0
2021-05-10,131.52000427246094,131.77000427246094,131.02999877929688,131.0399932861328,110.68901824951172,9705000.0
2021-05-11,130.5399932861328,130.7899932861328,130.4199981689453,130.55999755859375,110.2835693359375,12179400.0
2021-05-12,130.1300048828125,130.30999755859375,129.77999877929688,129.85000610351562,109.68379974365234,12569900.0
2021-05-13,130.1300048828125,130.5399932861328,130.1300048828125,130.33999633789062,110.0977020263672,9508200.0
2021-05-14,130.82000732421875,131.0800018310547,130.6699981689453,131.0500030517578,110.69747161865234,8987200.0
2021-05-17,131.0500030517578,131.05999755859375,130.82000732421875,130.89999389648438,110.57073974609376,6001600.0
2021-05-18,130.6699981689453,130.72999572753906,130.4499969482422,130.47000122070312,110.20755004882812,8835300.0
2021-05-19,130.36000061035156,130.67999267578125,129.97999572753906,130.24000549316406,110.01323699951172,20069600.0
2021-05-20,130.63999938964844,131.1699981689453,130.63999938964844,131.1300048828125,110.76504516601562,10498100.0
2021-05-21,131.32000732421875,131.4199981689453,131.08999633789062,131.22000122070312,110.8410415649414,7826100.0
2021-05-24,131.5,131.64999389648438,131.36000061035156,131.5800018310547,111.14513397216795,5756400.0
2021-05-25,131.67999267578125,132.11000061035156,131.66000366210938,132.07000732421875,111.55902862548828,11428000.0
2021-05-26,131.8800048828125,132.1300048828125,131.74000549316406,132.0,111.49990844726562,28568500.0
2021-05-27,131.80999755859375,131.82000732421875,131.02000427246094,131.60000610351562,111.16204833984376,15033000.0
2021-05-28,131.69000244140625,132.05999755859375,131.66000366210938,131.7100067138672,111.25496673583984,10432400.0
2021-06-01,131.44000244140625,131.5,131.11000061035156,131.47000122070312,111.26931762695312,6390600.0
2021-06-02,131.55999755859375,131.75999450683594,131.5500030517578,131.67999267578125,111.4470672607422,8140400.0
2021-06-03,131.3000030517578,131.38999938964844,131.1300048828125,131.16000366210938,111.0069808959961,10028100.0
2021-06-04,131.58999633789062,132.10000610351562,131.5399932861328,132.08999633789062,111.7940673828125,11427200.0
2021-06-07,131.97000122070312,132.0500030517578,131.86000061035156,131.97999572753906,111.70098876953124,5000100.0
2021-06-08,132.32000732421875,132.52999877929688,132.32000732421875,132.47999572753906,112.12413024902344,10626800.0
2021-06-09,132.97999572753906,133.16000366210938,132.77999877929688,132.9600067138672,112.53041076660156,12152200.0
2021-06-10,132.74000549316406,133.57000732421875,132.63999938964844,133.55999755859375,113.03820037841795,16424100.0
2021-06-11,133.6699981689453,133.8000030517578,133.42999267578125,133.6699981689453,113.13131713867188,12707000.0
2021-06-14,133.49000549316406,133.50999450683594,133.0,133.17999267578125,112.71661376953124,8327200.0
2021-06-15,133.05999755859375,133.32000732421875,132.9600067138672,133.27999877929688,112.80123138427734,17848200.0
2021-06-16,133.44000244140625,133.7100067138672,132.52999877929688,132.89999389648438,112.47959899902344,22698500.0
2021-06-17,133.22000122070312,134.25999450683594,133.22000122070312,133.63999938964844,113.10589599609376,22735800.0
2021-06-18,133.88999938964844,134.57000732421875,133.77000427246094,134.33999633789062,113.69837951660156,21169700.0
2021-06-21,133.75,133.9199981689453,133.47000122070312,133.55999755859375,113.03820037841795,22492000.0
2021-06-22,133.1300048828125,133.7899932861328,133.11000061035156,133.77999877929688,113.2244110107422,12098400.0
2021-06-23,133.58999633789062,133.8000030517578,133.4499969482422,133.57000732421875,113.04669952392578,12519100.0
2021-06-24,133.6999969482422,133.8800048828125,133.63999938964844,133.8300018310547,113.26671600341795,8241300.0
2021-06-25,133.83999633789062,133.92999267578125,133.13999938964844,133.47999572753906,112.97046661376952,10981600.0
2021-06-28,133.8000030517578,134.1199951171875,133.75999450683594,134.0500030517578,113.4529266357422,12359900.0
2021-06-29,133.80999755859375,134.22000122070312,133.77000427246094,134.2100067138672,113.5883560180664,11194400.0
2021-06-30,134.42999267578125,134.6199951171875,134.27000427246094,134.36000061035156,113.71527862548828,17381500.0
2021-07-01,134.0500030517578,134.16000366210938,133.74000549316406,133.99000549316406,113.6160659790039,11062700.0
2021-07-02,134.02999877929688,134.3800048828125,133.9499969482422,134.3699951171875,113.9383316040039,6896200.0
2021-07-06,134.52999877929688,135.17999267578125,134.52999877929688,134.86000061035156,114.35379028320312,11499900.0
2021-07-07,135.1300048828125,135.5,134.97999572753906,135.32000732421875,114.74385833740234,16902400.0
2021-07-08,135.27000427246094,135.60000610351562,135.16000366210938,135.38999938964844,114.80321502685548,17494900.0
2021-07-09,134.8000030517578,134.8800048828125,134.72000122070312,134.82000732421875,114.31987762451172,13192600.0
2021-07-12,134.9499969482422,135.00999450683594,134.64999389648438,134.75,114.26051330566406,12577200.0
2021-07-13,134.89999389648438,134.9600067138672,134.02999877929688,134.25,113.8365478515625,19922400.0
2021-07-14,134.6300048828125,134.89999389648438,134.6199951171875,134.8699951171875,114.36227416992188,14420100.0
2021-07-15,135.22000122070312,135.2899932861328,134.77000427246094,135.16000366210938,114.60816192626952,15859100.0
2021-07-16,134.8000030517578,135.1300048828125,134.8000030517578,134.97000122070312,114.44705963134766,9624600.0
2021-07-19,135.64999389648438,136.0800018310547,135.58999633789062,135.94000244140625,115.26961517333984,21808500.0
2021-07-20,136.3699951171875,136.5399932861328,135.57000732421875,135.75,115.10850524902344,24764800.0
2021-07-21,135.24000549316406,135.44000244140625,135.02999877929688,135.27000427246094,114.70148468017578,22385000.0
2021-07-22,135.3800048828125,135.89999389648438,135.27000427246094,135.8300018310547,115.17632293701172,6074900.0
2021-07-23,135.3000030517578,135.77999877929688,135.25,135.77000427246094,115.12542724609376,11455300.0
2021-07-26,135.88999938964844,135.88999938964844,135.3800048828125,135.47000122070312,114.8710708618164,8684600.0
2021-07-27,135.94000244140625,136.0500030517578,135.6699981689453,136.0500030517578,115.36285400390624,10506100.0
2021-07-28,135.75999450683594,136.3000030517578,135.6300048828125,136.2899932861328,115.56632232666016,12225700.0
2021-07-29,135.8800048828125,136.00999450683594,135.77000427246094,135.89999389648438,115.23566436767578,15828800.0
2021-07-30,135.9600067138672,136.17999267578125,135.92999267578125,136.00999450683594,115.32891845703124,11148100.0
2021-08-02,135.9199981689453,136.50999450683594,135.85000610351562,136.16000366210938,115.66278076171876,12042700.0
2021-08-03,136.19000244140625,136.39999389648438,136.13999938964844,136.3000030517578,115.78172302246094,13121700.0
2021-08-04,136.6199951171875,136.77999877929688,135.72000122070312,136.3300018310547,115.80718231201172,14426200.0
2021-08-05,136.11000061035156,136.13999938964844,135.74000549316406,135.77000427246094,115.33147430419922,13960900.0
2021-08-06,134.99000549316406,135.16000366210938,134.63999938964844,134.66000366210938,114.38855743408205,8641500.0
2021-08-09,134.69000244140625,134.80999755859375,134.0800018310547,134.0800018310547,113.89591217041016,14166600.0
2021-08-10,134.24000549316406,134.25,133.77999877929688,133.77999877929688,113.64107513427734,12103500.0
2021-08-11,133.77999877929688,134.3300018310547,133.57000732421875,133.99000549316406,113.81940460205078,15902200.0
2021-08-12,134.0,134.2100067138672,133.8699951171875,134.17999267578125,113.9808120727539,14593200.0
2021-08-13,134.50999450683594,135.1199951171875,134.39999389648438,135.0800018310547,114.74537658691406,17846600.0
2021-08-16,135.41000366210938,135.66000366210938,135.1300048828125,135.16000366210938,114.81329345703124,15203000.0
2021-08-17,134.94000244140625,135.1300048828125,134.82000732421875,134.9199981689453,114.60945892333984,15055900.0
2021-08-18,134.92999267578125,135.11000061035156,134.60000610351562,134.8300018310547,114.53302001953124,9134600.0
2021-08-19,135.0399932861328,135.25,134.83999633789062,135.13999938964844,114.7962646484375,15681600.0
2021-08-20,135.2899932861328,135.38999938964844,135.0500030517578,135.22999572753906,114.87274932861328,10782100.0
2021-08-23,135.3300018310547,135.4600067138672,135.1999969482422,135.3300018310547,114.9577178955078,12064300.0
2021-08-24,135.1999969482422,135.3000030517578,134.91000366210938,135.02000427246094,114.6943588256836,13782900.0
2021-08-25,135.02000427246094,135.1300048828125,134.50999450683594,134.6699981689453,114.39704895019533,15533600.0
2021-08-26,134.8300018310547,134.85000610351562,134.4499969482422,134.6300048828125,114.36309051513672,14673700.0
2021-08-27,134.77999877929688,135.42999267578125,134.57000732421875,135.3800048828125,115.00020599365234,11670000.0
2021-08-30,135.25,135.66000366210938,135.22000122070312,135.61000061035156,115.19557189941406,9119900.0
2021-08-31,135.57000732421875,135.77999877929688,135.1999969482422,135.3000030517578,114.93223571777344,15644700.0
2021-09-01,135.3300018310547,135.38999938964844,134.8800048828125,135.24000549316406,115.08030700683594,16028100.0
2021-09-02,135.3699951171875,135.47999572753906,135.1999969482422,135.47999572753906,115.28449249267578,11822200.0
2021-09-03,134.91000366210938,135.08999633789062,134.82000732421875,134.99000549316406,114.86758422851562,7681300.0
2021-09-07,134.5,134.5,134.1199951171875,134.35000610351562,114.32296752929688,14271400.0
2021-09-08,134.5800018310547,134.8800048828125,134.39999389648438,134.77999877929688,114.68887329101562,16045000.0
2021-09-09,134.9600067138672,135.72999572753906,134.83999633789062,135.66000366210938,115.4376983642578,18014200.0
2021-09-10,135.52000427246094,135.60000610351562,135.08999633789062,135.27000427246094,115.10586547851562,10776600.0
2021-09-13,135.57000732421875,135.77999877929688,135.5399932861328,135.60000610351562,115.38665008544922,13159800.0
2021-09-14,135.77000427246094,136.25999450683594,135.67999267578125,136.00999450683594,115.73553466796876,16550300.0
2021-09-15,135.9600067138672,136.0,135.63999938964844,135.85000610351562,115.59933471679688,14194400.0
2021-09-16,135.4499969482422,135.74000549316406,135.3699951171875,135.66000366210938,115.4376983642578,16282400.0
2021-09-17,135.2899932861328,135.39999389648438,135.10000610351562,135.36000061035156,115.1824188232422,15769600.0
2021-09-20,135.3800048828125,135.8300018310547,135.3800048828125,135.77999877929688,115.539794921875,17519900.0
2021-09-21,135.8000030517578,135.88999938964844,135.6699981689453,135.77000427246094,115.53128051757812,15834600.0
2021-09-22,135.77999877929688,136.2100067138672,135.6300048828125,136.14999389648438,115.85462188720705,15898200.0
2021-09-23,135.7100067138672,135.7100067138672,135.0,135.2100067138672,115.05474090576172,14735500.0
2021-09-24,135.05999755859375,135.14999389648438,134.77999877929688,134.9199981689453,114.80801391601562,10797300.0
2021-09-27,134.6300048828125,134.9600067138672,134.5399932861328,134.85000610351562,114.7484359741211,13104100.0
2021-09-28,134.0500030517578,134.0500030517578,133.38999938964844,133.41000366210938,113.52308654785156,19987200.0
2021-09-29,133.77999877929688,134.07000732421875,133.25,133.3800048828125,113.49755096435548,14956300.0
2021-09-30,133.30999755859375,133.3800048828125,132.97000122070312,133.02999877929688,113.19972229003906,21397100.0
2021-10-01,133.22999572753906,133.94000244140625,133.17999267578125,133.74000549316406,114.0224609375,21381400.0
2021-10-04,133.42999267578125,133.6699981689453,133.25,133.52000427246094,113.83489990234376,12931100.0
2021-10-05,133.39999389648438,133.50999450683594,132.97000122070312,132.97000122070312,113.36602020263672,14635200.0
2021-10-06,133.0,133.1300048828125,132.77999877929688,133.00999450683594,113.40009307861328,13855500.0
2021-10-07,132.72000122070312,132.82000732421875,132.3800048828125,132.4199981689453,112.89705657958984,15805500.0
2021-10-08,132.27999877929688,132.30999755859375,131.7100067138672,131.80999755859375,112.3769989013672,9079400.0
2021-10-11,131.5800018310547,131.83999633789062,131.5399932861328,131.55999755859375,112.16385650634766,4337000.0
2021-10-12,132.08999633789062,132.4499969482422,131.83999633789062,132.39999389648438,112.8800048828125,19870400.0
2021-10-13,132.61000061035156,133.11000061035156,132.55999755859375,133.07000732421875,113.45124816894533,18260300.0
2021-10-14,133.30999755859375,133.6999969482422,133.22000122070312,133.6999969482422,113.98835754394533,15870000.0
2021-10-15,133.2100067138672,133.27999877929688,133.0,133.22000122070312,113.5791015625,13131700.0
2021-10-18,133.0,133.2899932861328,132.7100067138672,133.11000061035156,113.48534393310548,11530300.0
2021-10-19,132.77999877929688,132.8300018310547,132.3800048828125,132.3800048828125,112.8629913330078,12213200.0
2021-10-20,132.30999755859375,132.50999450683594,132.02999877929688,132.05999755859375,112.59011840820312,13810200.0
2021-10-21,132.0,132.05999755859375,131.66000366210938,131.77999877929688,112.35142517089844,13131000.0
2021-10-22,132.08999633789062,132.44000244140625,131.97999572753906,132.30999755859375,112.80329895019533,13735100.0
2021-10-25,132.3000030517578,132.63999938964844,132.25999450683594,132.3699951171875,112.85442352294922,8206800.0
2021-10-26,132.72000122070312,132.9600067138672,132.39999389648438,132.94000244140625,113.34039306640624,10100600.0
2021-10-27,133.52999877929688,134.05999755859375,133.24000549316406,133.75,114.03099060058594,15928300.0
2021-10-28,133.7100067138672,133.8800048828125,133.2899932861328,133.5500030517578,113.86051177978516,18514400.0
2021-10-29,133.00999450683594,133.72000122070312,132.9499969482422,133.47999572753906,113.8008041381836,17367800.0
2021-11-01,132.61000061035156,133.07000732421875,132.61000061035156,132.97999572753906,113.59748840332033,11894200.0
2021-11-02,132.97999572753906,133.57000732421875,132.97999572753906,133.49000549316406,114.03314208984376,18047600.0
2021-11-03,133.6300048828125,133.74000549316406,132.91000366210938,133.14999389648438,113.74272918701172,11847700.0
2021-11-04,133.3000030517578,134.02999877929688,133.3000030517578,133.85000610351562,114.34066772460938,20135500.0
2021-11-05,134.33999633789062,135.0,134.22000122070312,134.8300018310547,115.17789459228516,15840400.0
2021-11-08,134.69000244140625,134.7100067138672,134.33999633789062,134.52000427246094,114.91300964355467,8494200.0
2021-11-09,135.2100067138672,135.30999755859375,134.86000061035156,134.8800048828125,115.22052001953124,18075300.0
2021-11-10,134.6699981689453,134.69000244140625,133.25,133.5,114.04169464111328,23397300.0
2021-11-11,133.5399932861328,133.67999267578125,133.0500030517578,133.1199951171875,113.717041015625,6168900.0
2021-11-12,133.3000030517578,133.4199981689453,132.7899932861328,132.97999572753906,113.59748840332033,11897100.0
2021-11-15,132.85000610351562,132.89999389648438,131.9600067138672,131.97000122070312,112.73468780517578,12353400.0
2021-11-16,131.88999938964844,132.35000610351562,131.67999267578125,131.75,112.54674530029295,18709500.0
2021-11-17,131.60000610351562,132.32000732421875,131.49000549316406,132.27999877929688,112.99949645996094,14541100.0
2021-11-18,132.19000244140625,132.69000244140625,132.19000244140625,132.5800018310547,113.25577545166016,14086100.0
2021-11-19,132.89999389648438,133.2100067138672,132.88999938964844,133.0800018310547,113.68292999267578,17682900.0
2021-11-22,132.5500030517578,132.75999450683594,131.8699951171875,131.9199981689453,112.69195556640624,13745400.0
2021-11-23,131.61000061035156,131.6999969482422,130.97999572753906,130.97999572753906,111.88898468017578,10986900.0
2021-11-24,130.9600067138672,131.6300048828125,130.80999755859375,131.61000061035156,112.4272003173828,14019900.0
2021-11-26,132.02000427246094,132.74000549316406,131.80999755859375,132.67999267578125,113.34120178222656,14399300.0
2021-11-29,132.13999938964844,132.8699951171875,132.0500030517578,132.77000427246094,113.4181137084961,21231700.0
2021-11-30,133.22999572753906,133.72999572753906,132.77000427246094,133.05999755859375,113.66584014892578,28873400.0
2021-12-01,132.77000427246094,132.9600067138672,132.35000610351562,132.83999633789062,113.68207550048828,18070800.0
2021-12-02,132.8699951171875,133.22999572753906,132.60000610351562,133.14999389648438,113.9473876953125,17305900.0
2021-12-03,133.1199951171875,134.55999755859375,133.07000732421875,134.25999450683594,114.89730072021484,25739900.0
2021-12-06,134.2100067138672,134.24000549316406,133.50999450683594,133.5800018310547,114.31533813476562,25332000.0
2021-12-07,133.63999938964844,134.07000732421875,133.47999572753906,133.63999938964844,114.36673736572266,17338200.0
2021-12-08,133.3000030517578,133.36000061035156,132.5399932861328,132.75,113.60508728027344,17408000.0
2021-12-09,132.94000244140625,133.16000366210938,132.58999633789062,132.63999938964844,113.51092529296876,12348300.0
2021-12-10,133.2899932861328,133.3300018310547,132.72999572753906,132.7899932861328,113.63932800292967,12792300.0
2021-12-13,133.32000732421875,133.6999969482422,133.27999877929688,133.38999938964844,114.1527862548828,10264200.0
2021-12-14,133.02999877929688,133.1699981689453,132.61000061035156,132.7899932861328,113.63932800292967,17725400.0
2021-12-15,132.3699951171875,133.02999877929688,132.32000732421875,132.9600067138672,113.78477478027344,20585100.0
2021-12-16,132.77999877929688,133.10000610351562,132.52000427246094,132.6999969482422,113.7813720703125,9750200.0
2021-12-17,132.85000610351562,133.13999938964844,132.85000610351562,133.00999450683594,114.04715728759766,8753100.0
2021-12-20,132.77000427246094,132.91000366210938,132.35000610351562,132.42999267578125,113.54986572265624,12931400.0
2021-12-21,131.47999572753906,132.6999969482422,131.47999572753906,132.69000244140625,113.77278900146484,12933300.0
2021-12-22,132.8699951171875,132.91000366210938,132.55999755859375,132.89999389648438,113.9528350830078,7850800.0
2021-12-23,132.77000427246094,132.82000732421875,132.4199981689453,132.6999969482422,113.7813720703125,8401200.0
2021-12-27,132.74000549316406,133.1999969482422,132.67999267578125,133.08999633789062,114.11571502685548,8744200.0
2021-12-28,133.36000061035156,133.41000366210938,132.75,132.9199981689453,113.969970703125,6864300.0
2021-12-29,132.3800048828125,132.50999450683594,132.0,132.19000244140625,113.3440399169922,7263000.0
2021-12-30,132.3800048828125,132.75,132.10000610351562,132.72000122070312,113.7985382080078,5566900.0
2021-12-31,132.72999572753906,133.02999877929688,132.4499969482422,132.52000427246094,113.62702178955078,8514500.0
2022-01-03,131.77999877929688,131.7899932861328,131.11000061035156,131.11000061035156,112.41802978515624,18199400.0
2022-01-04,130.94000244140625,131.24000549316406,130.69000244140625,131.22000122070312,112.51235961914062,18748000.0
2022-01-05,131.47999572753906,131.47999572753906,130.4199981689453,130.4499969482422,111.85213470458984,16107500.0
2022-01-06,130.17999267578125,130.47999572753906,130.0,130.27999877929688,111.70635986328124,19336300.0
2022-01-07,130.11000061035156,130.1999969482422,129.47000122070312,129.72000122070312,111.2261734008789,17750800.0
2022-01-10,129.39999389648438,129.67999267578125,129.02999877929688,129.60000610351562,111.1233139038086,14253400.0
2022-01-11,129.61000061035156,130.07000732421875,129.47999572753906,129.99000549316406,111.45769500732422,17231000.0
2022-01-12,130.22999572753906,130.3800048828125,129.88999938964844,129.89999389648438,111.38050079345705,12733100.0
2022-01-13,130.11000061035156,130.32000732421875,129.69000244140625,130.30999755859375,111.73210144042967,13468500.0
2022-01-14,129.7100067138672,129.72999572753906,129.10000610351562,129.16000366210938,110.7460479736328,14308300.0
2022-01-18,128.4199981689453,128.49000549316406,127.87000274658205,127.93000030517578,109.69139862060548,15266600.0
2022-01-19,128.27000427246094,128.69000244140625,128.10000610351562,128.1300048828125,109.86288452148438,16057900.0
2022-01-20,128.2899932861328,128.5,127.93000030517578,128.05999755859375,109.8028793334961,22915800.0
2022-01-21,128.67999267578125,129.11000061035156,128.6199951171875,128.89999389648438,110.52310180664062,21504700.0
2022-01-24,128.94000244140625,129.0,128.41000366210938,128.5,110.1801528930664,22567100.0
2022-01-25,128.47999572753906,128.7899932861328,128.08999633789062,128.13999938964844,109.87146759033205,17247300.0
2022-01-26,128.47999572753906,128.6199951171875,127.1500015258789,127.2699966430664,109.12548065185548,23220800.0
2022-01-27,127.70999908447266,128.05999755859375,127.31999969482422,127.55999755859376,109.37416076660156,22292800.0
2022-01-28,126.86000061035156,127.75,126.8499984741211,127.6999969482422,109.49419403076172,21294200.0
2022-01-31,127.54000091552734,127.87999725341795,127.26000213623048,127.76000213623048,109.5456314086914,20325100.0
2022-02-01,127.58999633789062,127.81999969482422,127.0500030517578,127.7300033569336,109.72774505615234,17587300.0
2022-02-02,127.94000244140624,128.3000030517578,127.61000061035156,127.73999786376952,109.73631286621094,22644800.0
2022-02-03,126.81999969482422,126.93000030517578,126.45999908447266,126.70999908447266,108.85150909423828,23396800.0
2022-02-04,125.68000030517578,125.8000030517578,125.11000061035156,125.4499969482422,107.7690887451172,26115800.0
2022-02-07,125.33000183105467,125.80999755859376,125.1999969482422,125.68000030517578,107.96668243408205,12756600.0
2022-02-08,125.54000091552734,125.68000030517578,125.20999908447266,125.20999908447266,107.56293487548828,22126100.0
2022-02-09,125.72000122070312,126.08000183105467,125.5999984741211,125.62999725341795,107.9237289428711,19616400.0
2022-02-10,124.95999908447266,125.19000244140624,123.9000015258789,123.91999816894533,106.45475006103516,39583900.0
2022-02-11,124.19000244140624,124.95999908447266,123.6999969482422,124.83999633789062,107.24506378173828,21553500.0
2022-02-14,124.1500015258789,124.3000030517578,123.66000366210938,123.7300033569336,106.29151916503906,22793600.0
2022-02-15,123.58999633789062,123.8499984741211,123.11000061035156,123.11000061035156,105.75889587402344,15673700.0
2022-02-16,123.47000122070312,123.48999786376952,122.62000274658205,123.29000091552734,105.91352081298828,27148800.0
2022-02-17,123.44000244140624,123.7699966430664,123.08999633789062,123.37999725341795,105.99083709716795,24384600.0
2022-02-18,123.76000213623048,124.13999938964844,123.26000213623048,123.68000030517578,106.2485580444336,19233800.0
2022-02-22,123.25,123.52999877929688,123.12000274658205,123.5199966430664,106.1111068725586,18011000.0
2022-02-23,123.2300033569336,123.3499984741211,122.37000274658205,122.4000015258789,105.14895629882812,16579900.0
2022-02-24,122.47000122070312,123.08000183105467,122.22000122070312,122.9800033569336,105.64722442626952,29245000.0
2022-02-25,123.31999969482422,124.08000183105467,123.0199966430664,123.4800033569336,106.07677459716795,19073700.0
2022-02-28,123.94000244140624,125.0,123.94000244140624,124.8000030517578,107.21070861816406,23474500.0
2022-03-01,124.83999633789062,125.83999633789062,124.8000030517578,124.97000122070312,107.5774383544922,28504600.0
2022-03-02,124.12999725341795,124.3000030517578,123.04000091552734,123.06999969482422,105.94185638427734,24849900.0
2022-03-03,123.52999877929688,123.86000061035156,123.23999786376952,123.5199966430664,106.32920837402344,14144600.0
2022-03-04,124.33000183105467,124.4499969482422,123.56999969482422,123.63999938964844,106.4325180053711,17402800.0
2022-03-07,122.88999938964844,123.29000091552734,122.0,122.13999938964844,105.14127349853516,16164900.0
2022-03-08,121.31999969482422,121.83000183105467,120.80999755859376,121.41000366210938,104.51287841796876,20045200.0
2022-03-09,121.55999755859376,122.0,121.41999816894533,121.62000274658205,104.69364166259766,27652200.0
2022-03-10,120.87999725341795,120.93000030517578,119.79000091552734,120.2300033569336,103.49706268310548,34185900.0
2022-03-11,120.3000030517578,120.41999816894533,120.06999969482422,120.18000030517578,103.45408630371094,20701300.0
2022-03-14,119.11000061035156,119.56999969482422,118.4000015258789,118.44000244140624,101.95623779296876,18624900.0
2022-03-15,119.01000213623048,119.47000122070312,118.81999969482422,119.37000274658205,102.7567901611328,24022000.0
2022-03-16,119.9000015258789,120.4499969482422,118.66999816894533,120.38999938964844,103.63484954833984,32561800.0
2022-03-17,121.01000213623048,121.87999725341795,120.83000183105467,121.56999969482422,104.65060424804688,23878300.0
2022-03-18,121.1500015258789,121.98999786376952,121.1500015258789,121.80999755859376,104.857177734375,21675100.0
2022-03-21,120.88999938964844,121.16000366210938,119.95999908447266,120.12000274658205,103.40242004394533,17919300.0
2022-03-22,119.73999786376952,119.98999786376952,119.58999633789062,119.83000183105467,103.15277862548828,16780900.0
2022-03-23,120.0500030517578,120.33000183105467,119.6500015258789,120.16999816894533,103.44544219970705,16949300.0
2022-03-24,119.4000015258789,120.4000015258789,118.83999633789062,120.22000122070312,103.48851776123048,20466500.0
2022-03-25,119.77999877929688,119.80999755859376,118.83999633789062,119.2699966430664,102.67072296142578,23247400.0
2022-03-28,119.4800033569336,120.12000274658205,119.33000183105467,119.93000030517578,103.23884582519533,18691100.0
2022-03-29,120.5500030517578,121.01000213623048,120.29000091552734,120.94000244140624,104.1082992553711,23812400.0
2022-03-30,120.48999786376952,121.3499984741211,120.43000030517578,121.22000122070312,104.34929656982422,17696700.0
2022-03-31,121.2699966430664,121.55999755859376,120.72000122070312,120.94000244140624,104.1082992553711,19905200.0
2022-04-01,120.05999755859376,121.4000015258789,119.9499969482422,121.08999633789062,104.45765686035156,16506800.0
2022-04-04,121.16999816894533,121.5500030517578,120.77999877929688,121.51000213623048,104.81998443603516,19647900.0
2022-04-05,121.13999938964844,121.19000244140624,119.36000061035156,119.37999725341795,102.98255157470705,22750400.0
2022-04-06,118.11000061035156,119.23999786376952,117.8000030517578,118.68000030517578,102.37867736816406,25447400.0
2022-04-07,118.52999877929688,118.62000274658205,117.91000366210938,118.12999725341795,101.90422821044922,21292700.0
2022-04-08,117.25,117.55999755859376,116.8499984741211,117.1999969482422,101.10197448730467,16072800.0
2022-04-11,116.5,116.58999633789062,115.77999877929688,116.05999755859376,100.11854553222656,20685500.0
2022-04-12,116.83999633789062,117.16999816894533,116.12999725341795,116.13999938964844,100.18757629394533,25029100.0
2022-04-13,116.1500015258789,116.80999755859376,116.0999984741211,116.73999786376952,100.70513916015624,21276200.0
2022-04-14,116.66999816894533,116.6999969482422,115.2699966430664,115.37999725341795,99.53192901611328,19717700.0
2022-04-18,115.13999938964844,115.33000183105467,114.38999938964844,114.5,98.77284240722656,16576000.0
2022-04-19,113.93000030517578,114.16999816894533,113.5199966430664,113.58999633789062,97.9878158569336,19775400.0
2022-04-20,114.33000183105467,115.08999633789062,114.30999755859376,114.7699966430664,99.0057373046875,21119400.0
2022-04-21,114.5,114.58000183105467,113.22000122070312,113.5500030517578,97.9533233642578,25288700.0
2022-04-22,113.11000061035156,113.70999908447266,112.80999755859376,113.41999816894533,97.84117126464844,19927300.0
2022-04-25,114.02999877929688,114.86000061035156,114.0199966430664,114.68000030517578,98.92809295654295,22261500.0
2022-04-26,115.23999786376952,115.2699966430664,114.4800033569336,114.62000274658205,98.8763427734375,22695300.0
2022-04-27,114.4000015258789,114.80999755859376,113.47000122070312,113.5199966430664,97.92742919921876,19426200.0
2022-04-28,113.2699966430664,113.87000274658205,113.0199966430664,113.86000061035156,98.2207260131836,19645500.0
2022-04-29,112.91000366210938,113.5199966430664,112.37999725341795,112.5999984741211,97.13379669189452,20257300.0
2022-05-02,111.69000244140624,111.91999816894533,111.3000030517578,111.68000030517578,96.5580062866211,17184100.0
2022-05-03,112.77999877929688,113.33999633789062,112.29000091552734,112.4000015258789,97.18051147460938,20914600.0
2022-05-04,112.38999938964844,113.86000061035156,111.77999877929688,113.5,98.13152313232422,34240700.0
2022-05-05,112.44000244140624,112.48999786376952,110.88999938964844,111.76000213623048,96.62715911865234,34356900.0
2022-05-06,110.8499984741211,111.5199966430664,110.66000366210938,110.80999755859376,95.8058090209961,15550400.0
2022-05-09,110.41999816894533,111.31999969482422,110.19000244140624,111.1999969482422,96.14298248291016,17185900.0
2022-05-10,112.08000183105467,112.36000061035156,111.56999969482422,111.66999816894533,96.54934692382812,25650800.0
2022-05-11,111.1999969482422,112.45999908447266,111.04000091552734,112.19000244140624,96.99893951416016,25053500.0
2022-05-12,112.45999908447266,112.87999725341795,112.16000366210938,112.23999786376952,97.04217529296876,22156400.0
2022-05-13,112.06999969482422,112.16000366210938,111.41999816894533,111.6500015258789,96.53204345703124,16107900.0
2022-05-16,111.8499984741211,112.30999755859376,111.73999786376952,111.8000030517578,96.6617431640625,11980500.0
2022-05-17,111.16999816894533,111.4000015258789,110.9499969482422,111.16000366210938,96.1083984375,16562600.0
2022-05-18,110.88999938964844,111.62000274658205,110.88999938964844,111.56999969482422,96.46288299560548,16146400.0
2022-05-19,112.2699966430664,112.62000274658205,111.70999908447266,111.87000274658205,96.7222671508789,21212500.0
2022-05-20,112.18000030517578,112.45999908447266,111.9800033569336,112.41999816894533,97.19779205322266,13906700.0
2022-05-23,112.06999969482422,112.51000213623048,111.77999877929688,112.0199966430664,96.85192108154295,14892400.0
2022-05-24,112.48999786376952,113.61000061035156,112.41000366210938,113.48999786376952,98.12287902832033,17210400.0
2022-05-25,114.0199966430664,114.68000030517578,113.91999816894533,114.66000366210938,99.1344757080078,25637000.0
2022-05-26,114.83000183105467,115.2699966430664,114.43000030517578,114.69000244140624,99.16040802001952,34022300.0
2022-05-27,115.16999816894533,115.66000366210938,114.87000274658205,115.29000091552734,99.67919158935548,9246100.0
2022-05-31,114.26000213623048,114.66000366210938,113.70999908447266,114.44000244140624,98.94427490234376,20336900.0
2022-06-01,114.66000366210938,114.9000015258789,113.08999633789062,113.5,98.36701965332033,22403900.0
2022-06-02,113.66000366210938,113.79000091552734,112.88999938964844,113.5500030517578,98.41041564941406,14823300.0
2022-06-03,112.73999786376952,113.1999969482422,112.73999786376952,113.19000244140624,98.0984115600586,11440900.0
2022-06-06,113.11000061035156,113.19000244140624,112.30999755859376,112.38999938964844,97.40504455566406,12213900.0
2022-06-07,112.69000244140624,113.29000091552734,112.61000061035156,112.98999786376952,97.925048828125,11291400.0
2022-06-08,112.76000213623048,113.08999633789062,112.33000183105467,112.33999633789062,97.36173248291016,13730800.0
2022-06-09,112.05999755859376,112.33999633789062,111.54000091552734,111.5999984741211,96.72039031982422,24846700.0
2022-06-10,111.01000213623048,111.13999938964844,109.86000061035156,110.5199966430664,95.78439331054688,36297900.0
2022-06-13,108.37000274658205,108.8499984741211,107.0999984741211,107.97000122070312,93.57437133789062,34771900.0
2022-06-14,108.45999908447266,108.81999969482422,107.16000366210938,107.41000366210938,93.08903503417967,27320800.0
2022-06-15,108.66000366210938,109.19000244140624,107.73999786376952,109.08999633789062,94.54507446289062,31581500.0
2022-06-16,107.58999633789062,109.4800033569336,107.29000091552734,109.20999908447266,94.6490478515625,30588300.0
2022-06-17,109.5199966430664,109.70999908447266,108.7699966430664,109.43000030517578,94.83970642089844,17319600.0
2022-06-21,108.94000244140624,109.41999816894533,108.20999908447266,108.33000183105467,93.88638305664062,17031500.0
2022-06-22,109.45999908447266,109.66999816894533,109.05999755859376,109.12000274658205,94.5710678100586,18943300.0
2022-06-23,109.63999938964844,110.81999969482422,109.58999633789062,109.95999908447266,95.29904174804688,30742100.0
2022-06-24,109.87999725341795,110.66999816894533,109.8499984741211,110.08999633789062,95.41172790527344,18668900.0
2022-06-27,109.4800033569336,109.70999908447266,109.0199966430664,109.08000183105467,94.5363540649414,20847000.0
2022-06-28,108.9000015258789,109.11000061035156,108.5199966430664,109.0500030517578,94.51039123535156,18998400.0
2022-06-29,109.0999984741211,109.70999908447266,109.0199966430664,109.6999969482422,95.07369995117188,10747100.0
2022-06-30,109.7699966430664,110.9000015258789,109.7699966430664,110.02999877929688,95.3597183227539,16570800.0
2022-07-01,110.66000366210938,111.45999908447266,110.47000122070312,111.12000274658205,96.5650405883789,20179400.0
2022-07-05,111.1999969482422,111.3000030517578,110.83999633789062,111.08999633789062,96.5389633178711,16728000.0
2022-07-06,111.41000366210938,111.58000183105467,110.43000030517578,110.54000091552734,96.06101989746094,17291300.0
2022-07-07,110.95999908447266,111.13999938964844,110.33000183105467,110.52999877929688,96.05232238769533,15165800.0
2022-07-08,110.12000274658205,110.41000366210938,109.9499969482422,110.3499984741211,95.89588928222656,14384500.0
2022-07-11,110.81999969482422,111.16000366210938,110.5,110.66000366210938,96.16531372070312,9456900.0
2022-07-12,111.11000061035156,111.58000183105467,110.77999877929688,110.81999969482422,96.30435943603516,18053600.0
2022-07-13,109.72000122070312,111.77999877929688,109.70999908447266,111.6500015258789,97.02561950683594,25657200.0
2022-07-14,110.44000244140624,111.22000122070312,110.08999633789062,110.94000244140624,96.40860748291016,22978600.0
2022-07-15,110.86000061035156,112.0500030517578,110.86000061035156,111.83000183105467,97.18205261230467,15192500.0
2022-07-18,111.66000366210938,111.66999816894533,110.97000122070312,111.0500030517578,96.50420379638672,15665500.0
2022-07-19,111.20999908447266,111.47000122070312,110.81999969482422,111.36000061035156,96.77361297607422,15414500.0
2022-07-20,111.8499984741211,111.94000244140624,111.16000366210938,111.23999786376952,96.6693115234375,9888100.0
2022-07-21,111.51000213623048,112.7699966430664,111.51000213623048,112.76000213623048,97.990234375,25141900.0
2022-07-22,113.70999908447266,114.23999786376952,113.13999938964844,113.62999725341795,98.74627685546876,16062400.0
2022-07-25,112.83999633789062,113.01000213623048,112.4000015258789,112.66999816894533,97.91202545166016,25656700.0
2022-07-26,113.01000213623048,113.12000274658205,112.5999984741211,112.6500015258789,97.89466094970705,18514600.0
2022-07-27,113.16000366210938,114.0500030517578,113.12999725341795,113.4000015258789,98.54640197753906,16995200.0
2022-07-28,114.2300033569336,114.51000213623048,113.98999786376952,114.33999633789062,99.36328125,17266700.0
2022-07-29,114.27999877929688,115.08000183105467,114.13999938964844,114.61000061035156,99.59791564941406,14914000.0
2022-08-01,114.37999725341795,114.91000366210938,114.26000213623048,114.55999755859376,99.79476928710938,18348900.0
2022-08-02,114.52999877929688,114.68000030517578,113.06999969482422,113.16000366210938,98.5752182006836,22706500.0
2022-08-03,113.2300033569336,114.41999816894533,112.87000274658205,114.38999938964844,99.64669799804688,19416500.0
2022-08-04,114.26000213623048,114.62999725341795,113.91000366210938,114.56999969482422,99.80350494384766,22451000.0
2022-08-05,112.9499969482422,113.0999984741211,112.30999755859376,113.0199966430664,98.45328521728516,15893400.0
2022-08-08,113.58000183105467,113.94000244140624,113.41000366210938,113.47000122070312,98.84526824951172,11889800.0
2022-08-09,113.0199966430664,113.20999908447266,112.83000183105467,112.95999908447266,98.40100860595705,17809000.0
2022-08-10,113.55999755859376,114.30999755859376,113.54000091552734,114.02999877929688,99.33308410644533,25548100.0
2022-08-11,114.47000122070312,114.9800033569336,112.87999725341795,112.93000030517578,98.37487030029295,24970100.0
2022-08-12,113.54000091552734,114.26000213623048,113.2699966430664,114.23999786376952,99.51604461669922,16542900.0
2022-08-15,114.44000244140624,114.61000061035156,114.13999938964844,114.16000366210938,99.44634246826172,10750200.0
2022-08-16,113.80999755859376,113.87000274658205,113.12999725341795,113.72000122070312,99.06304931640624,15328900.0
2022-08-17,112.95999908447266,113.18000030517578,112.4000015258789,112.6500015258789,98.1309585571289,20836800.0
2022-08-18,113.01000213623048,113.31999969482422,112.87999725341795,112.94000244140624,98.38356018066406,13914300.0
2022-08-19,111.94000244140624,111.94000244140624,111.3499984741211,111.5999984741211,97.21627807617188,17996700.0
2022-08-22,111.29000091552734,111.3000030517578,110.7300033569336,110.8499984741211,96.56295776367188,10208500.0
2022-08-23,110.72000122070312,111.48999786376952,110.61000061035156,110.97000122070312,96.66748046875,14517700.0
2022-08-24,110.7300033569336,110.8000030517578,110.43000030517578,110.63999938964844,96.38002014160156,14441000.0
2022-08-25,111.2300033569336,112.04000091552734,110.75,111.77999877929688,97.37307739257812,33579200.0
2022-08-26,111.4499969482422,111.73999786376952,111.01000213623048,111.11000061035156,96.78944396972656,13942300.0
2022-08-29,110.62000274658205,110.62000274658205,110.1500015258789,110.29000091552734,96.07513427734376,18371900.0
2022-08-30,110.58000183105467,110.8000030517578,109.8499984741211,110.43000030517578,96.19709777832033,19251300.0
2022-08-31,110.1999969482422,110.37000274658205,109.20999908447266,109.2699966430664,95.1865692138672,19484300.0
2022-09-01,108.19000244140624,108.41999816894533,107.3499984741211,108.30999755859376,94.61353302001952,26706500.0
2022-09-02,108.8499984741211,109.25,108.37999725341795,108.38999938964844,94.68342590332033,14458700.0
2022-09-06,107.86000061035156,107.94000244140624,106.91999816894533,106.91999816894533,93.39930725097656,16455700.0
2022-09-07,107.41000366210938,108.48999786376952,107.38999938964844,108.37999725341795,94.67469787597656,21874300.0
2022-09-08,108.33999633789062,108.66999816894533,108.0500030517578,108.12999725341795,94.45631408691406,16871100.0
2022-09-09,108.5500030517578,108.98999786376952,108.3499984741211,108.37999725341795,94.67469787597656,11911700.0
2022-09-12,108.8000030517578,109.0199966430664,107.91999816894533,108.13999938964844,94.4650421142578,11084600.0
2022-09-13,107.05999755859376,107.5199966430664,106.91000366210938,107.36000061035156,93.7836685180664,19563400.0
2022-09-14,107.33000183105467,108.05999755859376,107.3000030517578,107.87000274658205,94.22919464111328,19360500.0
2022-09-15,107.62000274658205,107.76000213623048,107.1999969482422,107.3499984741211,93.77494049072266,12947800.0
2022-09-16,106.75,108.16000366210938,106.7300033569336,107.0999984741211,93.55654907226562,13980900.0
2022-09-19,106.62000274658205,107.38999938964844,106.52999877929688,107.27999877929688,93.71381378173828,13679600.0
2022-09-20,106.33999633789062,106.6500015258789,106.05999755859376,106.20999908447266,92.77911376953124,30310500.0
2022-09-21,106.62999725341795,106.9000015258789,105.5999984741211,106.61000061035156,93.12852478027344,23883200.0
2022-09-22,105.62000274658205,105.62999725341795,104.80999755859376,105.11000061035156,91.81822204589844,20982600.0
2022-09-23,104.87999725341795,105.06999969482422,104.33000183105467,104.80999755859376,91.5561294555664,18671200.0
2022-09-26,104.38999938964844,104.58999633789062,102.94000244140624,102.98999786376952,89.96630859375,27606500.0
2022-09-27,103.05999755859376,103.2699966430664,101.4000015258789,101.44000244140624,88.61231994628906,34683500.0
2022-09-28,102.48999786376952,103.56999969482422,102.2699966430664,103.4800033569336,90.39431762695312,39921300.0
2022-09-29,102.5199966430664,102.77999877929688,101.73999786376952,102.70999908447266,89.72172546386719,30873000.0
2022-09-30,103.05999755859376,103.56999969482422,102.44000244140624,102.4499969482422,89.49459075927734,24058300.0
2022-10-03,103.61000061035156,104.83999633789062,103.38999938964844,104.0,91.15019989013672,27200900.0
2022-10-04,104.80999755859376,105.12000274658205,104.36000061035156,104.4800033569336,91.57089233398438,21918800.0
2022-10-05,103.66999816894533,103.88999938964844,102.9499969482422,103.69000244140624,90.87847137451172,24999500.0
2022-10-06,103.68000030517578,103.94000244140624,103.1999969482422,103.4499969482422,90.66813659667967,22017200.0
2022-10-07,102.83999633789062,102.91000366210938,102.37000274658205,102.41999816894533,89.76538848876953,20895500.0
2022-10-10,102.38999938964844,102.4499969482422,101.08999633789062,101.5,88.9590835571289,6179400.0
2022-10-11,101.7699966430664,102.16999816894533,101.04000091552734,101.29000091552734,88.7750244140625,30332900.0
2022-10-12,101.16999816894533,101.4800033569336,100.83000183105467,101.16999816894533,88.66985321044922,18941200.0
2022-10-13,99.1999969482422,101.63999938964844,99.18000030517578,101.3499984741211,88.82760620117188,20727700.0
2022-10-14,101.98999786376952,101.98999786376952,100.2699966430664,100.37999725341795,87.97744750976562,20681900.0
2022-10-17,101.26000213623048,101.66999816894533,100.79000091552734,100.86000061035156,88.39814758300781,16585700.0
2022-10-18,101.47000122070312,101.61000061035156,100.51000213623048,101.45999908447266,88.92402648925781,23532600.0
2022-10-19,100.54000091552734,100.83999633789062,99.94000244140624,100.06999969482422,87.70575714111328,16461800.0
2022-10-20,99.81999969482422,100.37000274658205,99.0999984741211,99.1999969482422,86.9432373046875,21437300.0
2022-10-21,98.7300033569336,99.63999938964844,98.41000366210938,99.4800033569336,87.18865966796875,18871700.0
2022-10-24,99.37999725341795,99.9800033569336,98.83000183105467,99.43000030517578,87.14482879638672,16517100.0
2022-10-25,100.29000091552734,101.19000244140624,100.29000091552734,100.76000213623048,88.31050109863281,23143100.0
2022-10-26,101.01000213623048,101.72000122070312,100.91000366210938,101.22000122070312,88.71365356445312,22201400.0
2022-10-27,101.56999969482422,102.08999633789062,101.1999969482422,101.69000244140624,89.12559509277344,21002900.0
2022-10-28,101.29000091552734,102.0500030517578,101.23999786376952,101.9000015258789,89.30964660644531,19532300.0
2022-10-31,101.54000091552734,101.68000030517578,100.97000122070312,101.3499984741211,88.82760620117188,21884100.0
2022-11-01,102.0999984741211,102.19000244140624,101.19000244140624,101.7699966430664,89.46670532226562,26415300.0
2022-11-02,101.91000366210938,102.91999816894533,101.0199966430664,101.27999877929688,89.03594207763672,23174200.0
2022-11-03,100.33000183105467,101.18000030517578,100.01000213623048,100.91999816894533,88.71947479248047,52723900.0
2022-11-04,101.20999908447266,101.5500030517578,100.66000366210938,101.12000274658205,88.89527893066406,16698200.0
2022-11-07,101.16999816894533,101.2300033569336,100.54000091552734,100.75,88.57003784179688,13428300.0
2022-11-08,101.0,101.48999786376952,100.8499984741211,101.16999816894533,88.93927001953125,19206000.0
2022-11-09,100.86000061035156,101.41999816894533,100.6500015258789,100.91000366210938,88.71067810058594,12204000.0
2022-11-10,103.0999984741211,104.38999938964844,103.06999969482422,104.29000091552734,91.68207550048828,28447600.0
2022-11-11,104.12000274658205,104.73999786376952,103.9800033569336,104.56999969482422,91.92821502685548,8578600.0
2022-11-14,104.20999908447266,104.4499969482422,104.01000213623048,104.04000091552734,91.4622802734375,22576600.0
2022-11-15,105.12000274658205,105.52999877929688,104.81999969482422,105.48999786376952,92.73697662353516,25504400.0
2022-11-16,105.8000030517578,106.5999984741211,105.58000183105467,106.38999938964844,93.52819061279295,24648800.0
2022-11-17,105.5199966430664,105.91000366210938,105.22000122070312,105.81999969482422,93.02709197998048,24106600.0
2022-11-18,106.12999725341795,106.29000091552734,105.61000061035156,105.80999755859376,93.01829528808594,14214100.0
2022-11-21,106.1999969482422,106.36000061035156,105.63999938964844,105.6500015258789,92.8776626586914,9664100.0
2022-11-22,106.19000244140624,106.7300033569336,106.05999755859376,106.58999633789062,93.70401000976562,15050400.0
2022-11-23,106.95999908447266,107.6999969482422,106.91999816894533,107.66000366210938,94.64466094970705,12511500.0
2022-11-25,107.72000122070312,107.79000091552734,107.5,107.7699966430664,94.7413330078125,4413900.0
2022-11-28,107.8499984741211,107.87999725341795,106.88999938964844,106.98999786376952,94.05563354492188,18815800.0
2022-11-29,106.51000213623048,106.80999755859376,106.23999786376952,106.45999908447266,93.58972930908205,23040000.0
2022-11-30,106.4000015258789,107.77999877929688,105.98999786376952,107.76000213623048,94.73257446289062,20930100.0
2022-12-01,107.91999816894533,108.80999755859376,107.61000061035156,108.76000213623048,95.91788482666016,30830200.0
2022-12-02,108.0,109.41999816894533,107.79000091552734,109.41999816894533,96.49991607666016,16908900.0
2022-12-05,108.70999908447266,108.70999908447266,108.0199966430664,108.48999786376952,95.6797332763672,19612000.0
2022-12-06,108.87000274658205,108.9800033569336,108.52999877929688,108.81999969482422,95.97079467773438,18220800.0
2022-12-07,109.38999938964844,110.08000183105467,109.27999877929688,110.02999877929688,97.03791046142578,22116700.0
2022-12-08,109.73999786376952,110.02999877929688,109.41000366210938,109.68000030517578,96.72925567626952,18285600.0
2022-12-09,109.3000030517578,109.4000015258789,108.81999969482422,108.86000061035156,96.0060577392578,15568800.0
2022-12-12,109.62000274658205,109.73999786376952,108.6500015258789,108.72000122070312,95.88259887695312,13988400.0
2022-12-13,110.76000213623048,110.88999938964844,109.4800033569336,109.66999816894533,96.72042846679688,19976000.0
2022-12-14,109.66000366210938,109.93000030517578,108.7699966430664,109.7699966430664,96.80859375,19894900.0
2022-12-15,109.52999877929688,109.72000122070312,109.16000366210938,109.52999877929688,96.88998413085938,16931200.0
2022-12-16,108.4800033569336,109.1999969482422,108.4800033569336,109.05999755859376,96.47423553466795,16643900.0
2022-12-19,108.43000030517578,108.4499969482422,107.6999969482422,107.95999908447266,95.50120544433594,14746200.0
2022-12-20,106.93000030517578,107.0199966430664,106.5199966430664,106.69000244140624,94.37774658203124,18678000.0
2022-12-21,107.37000274658205,107.5199966430664,107.01000213623048,107.41999816894533,95.02349853515624,15087800.0
2022-12-22,107.37000274658205,107.54000091552734,107.13999938964844,107.38999938964844,94.9969482421875,13957300.0
2022-12-23,106.95999908447266,107.30999755859376,106.83000183105467,107.05999755859376,94.70504760742188,5992400.0
2022-12-27,106.31999969482422,106.54000091552734,105.63999938964844,105.68000030517578,93.48429107666016,10456200.0
2022-12-28,106.06999969482422,106.2300033569336,105.3499984741211,105.3499984741211,93.19239044189452,10050900.0
2022-12-29,105.7300033569336,106.13999938964844,105.66000366210938,106.0999984741211,93.85580444335938,14253300.0
2022-12-30,105.80999755859376,105.94000244140624,105.16999816894533,105.43000030517578,93.26312255859376,8528200.0
2023-01-03,106.9499969482422,106.98999786376952,105.8499984741211,106.16000366210938,93.9088897705078,15589800.0
2023-01-04,107.02999877929688,107.0999984741211,106.5199966430664,106.93000030517578,94.59004974365234,13951700.0
2023-01-05,106.08999633789062,106.95999908447266,106.08999633789062,106.8499984741211,94.51927947998048,9848100.0
2023-01-06,107.02999877929688,108.7699966430664,106.88999938964844,108.5999984741211,96.06732940673828,20695600.0
2023-01-09,108.44000244140624,109.29000091552734,108.33999633789062,109.02999877929688,96.44771575927734,20449600.0
2023-01-10,108.51000213623048,108.83000183105467,108.25,108.66000366210938,96.12039184570312,19225200.0
2023-01-11,109.31999969482422,109.63999938964844,109.16999816894533,109.58999633789062,96.94305419921876,19541700.0
2023-01-12,109.87999725341795,110.8499984741211,109.23999786376952,110.83000183105467,98.03997802734376,18372500.0
2023-01-13,110.4499969482422,110.88999938964844,110.30999755859376,110.47000122070312,97.72151947021484,21077700.0
2023-01-17,110.01000213623048,110.41000366210938,109.91999816894533,110.06999969482422,97.36769104003906,20745100.0
2023-01-18,111.68000030517578,111.9499969482422,110.87000274658205,111.36000061035156,98.50880432128906,27794600.0
2023-01-19,110.87000274658205,111.2300033569336,110.76000213623048,111.12999725341795,98.30536651611328,18085800.0
2023-01-20,110.58000183105467,110.68000030517578,110.12000274658205,110.5500030517578,97.79229736328124,15440000.0
2023-01-23,110.1500015258789,110.5199966430664,110.08000183105467,110.2300033569336,97.50920867919922,18814700.0
2023-01-24,110.29000091552734,110.94000244140624,109.91999816894533,110.80999755859376,98.02227783203124,12419700.0
2023-01-25,110.70999908447266,110.95999908447266,110.33000183105467,110.86000061035156,98.0665283203125,15450000.0
2023-01-26,110.93000030517578,111.08000183105467,110.37000274658205,110.81999969482422,98.03113555908205,13250300.0
2023-01-27,110.37000274658205,110.66000366210938,110.27999877929688,110.5,97.748046875,8924900.0
2023-01-30,110.16000366210938,110.62000274658205,110.01000213623048,110.08000183105467,97.37654876708984,20019800.0
2023-01-31,110.66999816894533,110.97000122070312,110.08000183105467,110.87000274658205,98.07535552978516,27212200.0
2023-02-01,110.87000274658205,111.9000015258789,110.27999877929688,111.6500015258789,99.07096099853516,29127300.0
2023-02-02,112.36000061035156,112.51000213623048,111.6999969482422,111.80999755859376,99.2129364013672,18958900.0
2023-02-03,110.6999969482422,110.9000015258789,110.29000091552734,110.54000091552734,98.08600616455078,16053900.0
2023-02-06,109.9800033569336,110.01000213623048,109.62000274658205,109.69000244140624,97.3317642211914,18455400.0
2023-02-07,109.5,110.12000274658205,109.19000244140624,109.33000183105467,97.0123291015625,25191300.0
2023-02-08,109.43000030517578,109.63999938964844,108.9499969482422,109.44000244140624,97.10995483398438,16484400.0
2023-02-09,109.95999908447266,109.97000122070312,108.45999908447266,108.5199966430664,96.29361724853516,21637500.0
2023-02-10,108.37999725341795,108.4499969482422,107.72000122070312,107.76000213623048,95.61920928955078,16092100.0
2023-02-13,107.86000061035156,108.16000366210938,107.7699966430664,108.16000366210938,95.97415161132812,32223500.0
2023-02-14,108.11000061035156,108.3499984741211,107.22000122070312,107.88999938964844,95.7345733642578,31922200.0
2023-02-15,107.72000122070312,107.79000091552734,107.20999908447266,107.4800033569336,95.37077331542967,24279600.0
2023-02-16,106.95999908447266,107.18000030517578,106.55999755859376,106.62000274658205,94.607666015625,27909900.0
2023-02-17,106.2699966430664,107.04000091552734,106.22000122070312,107.04000091552734,94.9803466796875,18528900.0
2023-02-21,106.18000030517578,106.25,105.4800033569336,105.5199966430664,93.63159942626952,21136000.0
2023-02-22,105.94000244140624,106.2699966430664,105.7699966430664,105.81999969482422,93.89778137207033,20971700.0
2023-02-23,106.12999725341795,106.69000244140624,106.0500030517578,106.6500015258789,94.63426971435548,21144600.0
2023-02-24,105.8499984741211,106.0500030517578,105.58000183105467,105.8499984741211,93.92440032958984,26721100.0
2023-02-27,106.12999725341795,106.29000091552734,105.8000030517578,105.87999725341795,93.95099639892578,19660700.0
2023-02-28,105.44000244140624,106.0,105.2699966430664,105.91999816894533,93.98653411865234,18239100.0
2023-03-01,105.26000213623048,105.36000061035156,104.76000213623048,104.88999938964844,93.40060424804688,27249600.0
2023-03-02,104.43000030517578,104.9800033569336,104.33000183105467,104.9800033569336,93.48075103759766,23715100.0
2023-03-03,105.61000061035156,106.2300033569336,105.44000244140624,106.16999816894533,94.54039001464844,27316900.0
2023-03-06,106.5,106.54000091552734,105.81999969482422,105.87999725341795,94.2821273803711,14688600.0
2023-03-07,106.08999633789062,106.1999969482422,105.33999633789062,105.58000183105467,94.0150375366211,22431700.0
2023-03-08,105.9000015258789,106.16999816894533,105.1500015258789,105.41000366210938,93.86363220214844,29396500.0
2023-03-09,105.48999786376952,105.83000183105467,105.16000366210938,105.30999755859376,93.77460479736328,24552400.0
2023-03-10,106.5,107.13999938964844,106.25,106.81999969482422,95.11919403076172,36906000.0
2023-03-13,107.41000366210938,108.26000213623048,106.4800033569336,106.91000366210938,95.1993408203125,47445400.0
2023-03-14,106.83999633789062,107.56999969482422,106.43000030517578,106.58999633789062,94.91438293457033,49782100.0
2023-03-15,107.3000030517578,108.0999984741211,106.98999786376952,107.61000061035156,95.8226547241211,50591500.0
2023-03-16,108.05999755859376,108.3000030517578,107.12999725341795,107.4499969482422,95.68017578125,37961900.0
2023-03-17,107.77999877929688,108.41999816894533,107.61000061035156,107.98999786376952,96.16102600097656,32011600.0
2023-03-20,108.08000183105467,108.27999877929688,107.55999755859376,107.66999816894533,95.87606811523438,24035100.0
2023-03-21,108.12000274658205,108.25,107.6999969482422,108.19000244140624,96.33912658691406,29109400.0
2023-03-22,108.11000061035156,109.58999633789062,107.80999755859376,108.81999969482422,96.9001235961914,31434700.0
2023-03-23,108.70999908447266,109.22000122070312,108.37999725341795,109.12999725341795,97.17616271972656,28703800.0
2023-03-24,109.43000030517578,109.69000244140624,109.18000030517578,109.47000122070312,97.47891235351562,26204100.0
2023-03-27,108.4800033569336,108.98999786376952,108.12999725341795,108.16000366210938,96.31240844726562,16527900.0
2023-03-28,108.04000091552734,108.20999908447266,107.73999786376952,107.9800033569336,96.1521224975586,14138000.0
2023-03-29,107.76000213623048,108.5199966430664,107.72000122070312,108.4800033569336,96.59735870361328,17506000.0
2023-03-30,108.4800033569336,108.8499984741211,108.45999908447266,108.62999725341795,96.73092651367188,18267200.0
2023-03-31,109.0999984741211,109.69000244140624,108.86000061035156,109.61000061035156,97.60356903076172,19187400.0
2023-04-03,109.16999816894533,110.0199966430664,109.0,109.93000030517578,98.193115234375,20093500.0
2023-04-04,109.41999816894533,110.1999969482422,109.29000091552734,110.06999969482422,98.31817626953124,20317700.0
2023-04-05,110.22000122070312,110.58000183105467,110.0500030517578,110.43000030517578,98.6397476196289,14674800.0
2023-04-06,110.48999786376952,110.5999984741211,110.2300033569336,110.33000183105467,98.55038452148438,14191300.0
2023-04-10,109.77999877929688,109.88999938964844,109.3499984741211,109.81999969482422,98.09486389160156,10825500.0
2023-04-11,109.83999633789062,109.9499969482422,109.5500030517578,109.79000091552734,98.0680694580078,14510100.0
2023-04-12,110.26000213623048,110.30999755859376,109.38999938964844,109.55999755859376,97.86260223388672,20049200.0
2023-04-13,109.9000015258789,110.0500030517578,109.5500030517578,109.75,98.0323257446289,18589100.0
2023-04-14,109.44000244140624,109.56999969482422,109.02999877929688,109.38999938964844,97.71076202392578,16218900.0
2023-04-17,109.05999755859376,109.16999816894533,108.58000183105467,108.6999969482422,97.09442138671876,11891400.0
2023-04-18,108.91000366210938,109.2300033569336,108.9000015258789,109.05999755859376,97.41600036621094,10522400.0
2023-04-19,108.77999877929688,108.8000030517578,108.45999908447266,108.5199966430664,96.93367004394533,14023700.0
2023-04-20,108.7699966430664,109.0999984741211,108.75,108.93000030517578,97.29986572265624,16076100.0
2023-04-21,109.3499984741211,109.4000015258789,108.6500015258789,109.0,97.3624038696289,18480700.0
2023-04-24,109.0999984741211,109.51000213623048,109.0999984741211,109.4800033569336,97.79116821289062,7974300.0
2023-04-25,109.9499969482422,110.2300033569336,109.91000366210938,109.95999908447266,98.2199249267578,17038800.0
2023-04-26,110.06999969482422,110.12999725341795,109.37999725341795,109.4800033569336,97.79116821289062,19635200.0
2023-04-27,109.3000030517578,109.38999938964844,109.02999877929688,109.08000183105467,97.4338607788086,14629500.0
2023-04-28,109.81999969482422,109.98999786376952,109.51000213623048,109.93000030517578,98.193115234375,18882100.0
2023-05-01,108.94000244140624,108.9800033569336,107.61000061035156,107.79000091552734,96.6085205078125,20789900.0
2023-05-02,108.18000030517578,109.11000061035156,108.05999755859376,109.08999633789062,97.77366638183594,21547100.0
2023-05-03,109.3000030517578,109.5500030517578,108.83999633789062,109.2699966430664,97.93498229980467,15750800.0
2023-05-04,108.66000366210938,109.26000213623048,108.5500030517578,108.97000122070312,97.66613006591795,17811700.0
2023-05-05,108.68000030517578,108.81999969482422,108.33999633789062,108.54000091552734,97.2807159423828,12130800.0
2023-05-08,107.94000244140624,108.02999877929688,107.62000274658205,107.76000213623048,96.58163452148438,16424800.0
2023-05-09,107.77999877929688,107.98999786376952,107.69000244140624,107.72000122070312,96.54576873779295,15860300.0
2023-05-10,108.41999816894533,108.58999633789062,108.25,108.56999969482422,97.3076171875,15815700.0
2023-05-11,109.23999786376952,109.25,108.86000061035156,108.98999786376952,97.68402099609376,12261800.0
2023-05-12,108.98999786376952,109.06999969482422,108.3000030517578,108.31999969482422,97.08352661132812,10797200.0
2023-05-15,107.7699966430664,107.8499984741211,107.5999984741211,107.73999786376952,96.56370544433594,20334800.0
2023-05-16,107.27999877929688,107.38999938964844,107.08999633789062,107.1999969482422,96.07971954345705,25934500.0
2023-05-17,107.4000015258789,107.4800033569336,107.08000183105467,107.19000244140624,96.0707550048828,25387100.0
2023-05-18,106.93000030517578,106.93000030517578,106.58999633789062,106.73999786376952,95.6674346923828,21383500.0
2023-05-19,106.7300033569336,106.9000015258789,106.5,106.61000061035156,95.5509262084961,22194600.0
2023-05-22,106.68000030517578,106.93000030517578,106.5,106.56999969482422,95.5150909423828,15526700.0
2023-05-23,106.4499969482422,106.88999938964844,106.29000091552734,106.79000091552734,95.71224212646484,15529300.0
2023-05-24,106.8499984741211,106.88999938964844,106.30999755859376,106.37000274658205,95.3358154296875,16688900.0
2023-05-25,106.48999786376952,106.55999755859376,105.9800033569336,106.0199966430664,95.02210235595705,18743200.0
2023-05-26,106.04000091552734,106.51000213623048,105.95999908447266,106.47000122070312,95.42543029785156,15848500.0
2023-05-30,106.94000244140624,107.2699966430664,106.87999725341795,107.2699966430664,96.1424789428711,21581400.0
2023-05-31,107.23999786376952,107.73999786376952,107.06999969482422,107.62000274658205,96.45616912841795,24052300.0
2023-06-01,107.61000061035156,107.86000061035156,107.44000244140624,107.5999984741211,96.7519760131836,26084500.0
2023-06-02,107.69000244140624,107.76000213623048,107.22000122070312,107.30999755859376,96.49119567871094,17086600.0
2023-06-05,106.97000122070312,107.48999786376952,106.8499984741211,107.08000183105467,96.2844009399414,14211100.0
2023-06-06,107.11000061035156,107.31999969482422,106.81999969482422,107.29000091552734,96.4732437133789,25228400.0
2023-06-07,107.20999908447266,107.31999969482422,106.2699966430664,106.33000183105467,95.61000061035156,26526700.0
2023-06-08,106.44000244140624,107.0999984741211,106.41000366210938,107.04000091552734,96.24842071533205,16579800.0
2023-06-09,106.80999755859376,106.91999816894533,106.58000183105467,106.76000213623048,95.9966812133789,12060000.0
2023-06-12,106.98999786376952,107.11000061035156,106.41999816894533,107.0999984741211,96.30239868164062,14229300.0
2023-06-13,107.2699966430664,107.38999938964844,106.4499969482422,106.62000274658205,95.87076568603516,19385200.0
2023-06-14,106.93000030517578,107.22000122070312,106.43000030517578,106.9499969482422,96.16751098632812,30280100.0
2023-06-15,107.51000213623048,107.9000015258789,107.2699966430664,107.87999725341795,97.00375366210938,23426200.0
2023-06-16,107.54000091552734,107.79000091552734,107.3000030517578,107.69000244140624,96.8329086303711,13184500.0
2023-06-20,107.8499984741211,108.1999969482422,107.8499984741211,108.08000183105467,97.18359375,22272700.0
2023-06-21,107.62999725341795,108.08999633789062,107.30999755859376,107.95999908447266,97.07569885253906,17521700.0
2023-06-22,107.55999755859376,107.8000030517578,107.22000122070312,107.4000015258789,96.5721435546875,16007900.0
2023-06-23,108.12000274658205,108.12000274658205,107.5,107.6999969482422,96.8419189453125,13102800.0
2023-06-26,107.9800033569336,108.0199966430664,107.76000213623048,107.81999969482422,96.9498062133789,14642200.0
2023-06-27,107.93000030517578,108.12999725341795,107.45999908447266,107.6999969482422,96.8419189453125,15749300.0
2023-06-28,107.8499984741211,108.19000244140624,107.62999725341795,108.16999816894533,97.2645034790039,17806000.0
2023-06-29,107.37000274658205,107.45999908447266,107.01000213623048,107.3499984741211,96.5271987915039,25554500.0
2023-06-30,107.62999725341795,108.20999908447266,107.44000244140624,108.13999938964844,97.23753356933594,20938600.0
2023-07-03,107.87000274658205,108.16000366210938,107.48999786376952,107.48999786376952,96.96510314941406,11810800.0
2023-07-05,107.30999755859376,107.37999725341795,106.58999633789062,106.72000122070312,96.2704849243164,21463300.0
2023-07-06,105.87999725341795,105.94000244140624,105.3499984741211,105.63999938964844,95.2962646484375,35240800.0
2023-07-07,105.66999816894533,105.98999786376952,105.5199966430664,105.54000091552734,95.20606231689452,17148000.0
2023-07-10,105.68000030517578,106.19000244140624,105.58000183105467,106.08999633789062,95.70220184326172,16360600.0
2023-07-11,106.33999633789062,106.66000366210938,106.20999908447266,106.58999633789062,96.15324401855467,21693900.0
2023-07-12,107.12000274658205,107.68000030517578,107.12000274658205,107.52999877929688,97.00119018554688,23217300.0
2023-07-13,107.98999786376952,108.33000183105467,107.87000274658205,108.29000091552734,97.686767578125,21637500.0
2023-07-14,108.12000274658205,108.23999786376952,107.41999816894533,107.4499969482422,96.92903900146484,23784000.0
2023-07-17,107.43000030517578,107.72000122070312,107.3499984741211,107.62999725341795,97.0914077758789,12260100.0
2023-07-18,108.06999969482422,108.18000030517578,107.86000061035156,107.9000015258789,97.3349838256836,17403600.0
2023-07-19,108.26000213623048,108.5199966430664,108.08000183105467,108.51000213623048,97.88523864746094,20871600.0
2023-07-20,108.06999969482422,108.0999984741211,107.48999786376952,107.77999877929688,97.22672271728516,37868000.0
2023-07-21,108.18000030517578,108.20999908447266,107.87999725341795,107.97000122070312,97.39810943603516,16517800.0
2023-07-24,108.16000366210938,108.3000030517578,107.80999755859376,107.83999633789062,97.28085327148438,17999400.0
2023-07-25,107.55999755859376,107.88999938964844,107.54000091552734,107.66999816894533,97.12749481201172,15029800.0
2023-07-26,108.05999755859376,108.26000213623048,107.69000244140624,108.16999816894533,97.57853698730467,17816800.0
2023-07-27,108.04000091552734,108.12999725341795,106.72000122070312,106.8499984741211,96.38777160644533,29142600.0
2023-07-28,107.33000183105467,107.5999984741211,107.13999938964844,107.5500030517578,97.01923370361328,18719300.0
2023-07-31,107.58000183105467,108.02999877929688,107.58000183105467,107.8499984741211,97.28985595703124,24906600.0
2023-08-01,106.8000030517578,106.97000122070312,106.31999969482422,106.41000366210938,96.32044219970705,22977700.0
2023-08-02,105.8000030517578,105.87999725341795,105.38999938964844,105.76000213623048,95.7320327758789,28516700.0
2023-08-03,104.91000366210938,104.9499969482422,104.55999755859376,104.80999755859376,94.87212371826172,27632700.0
2023-08-04,105.19000244140624,106.04000091552734,105.18000030517578,105.9000015258789,95.8587646484375,19998900.0
2023-08-07,105.80999755859376,105.86000061035156,105.5,105.63999938964844,95.62342834472656,10726300.0
2023-08-08,106.12999725341795,106.3000030517578,105.91999816894533,106.05999755859376,96.00359344482422,17616200.0
2023-08-09,106.1999969482422,106.30999755859376,106.05999755859376,106.16000366210938,96.09413146972656,11514100.0
2023-08-10,106.29000091552734,106.55999755859376,105.37999725341795,105.41000366210938,95.4152374267578,22056400.0
2023-08-11,105.04000091552734,105.41000366210938,104.9800033569336,105.0500030517578,95.08936309814452,12803100.0
2023-08-14,105.0199966430664,105.3000030517578,104.70999908447266,105.01000213623048,95.05316925048828,9829300.0
2023-08-15,104.7699966430664,104.9499969482422,104.45999908447266,104.45999908447266,94.55531311035156,17279900.0
2023-08-16,104.37000274658205,104.66000366210938,103.86000061035156,103.98999786376952,94.12986755371094,20773700.0
2023-08-17,103.86000061035156,103.9499969482422,103.4000015258789,103.70999908447266,93.8764190673828,29797400.0
2023-08-18,103.7300033569336,104.20999908447266,103.62000274658205,104.0999984741211,94.2294464111328,17884100.0
2023-08-21,103.63999938964844,103.70999908447266,103.26000213623048,103.4800033569336,93.66822814941406,19065100.0
2023-08-22,103.58000183105467,103.87000274658205,103.43000030517578,103.8000030517578,93.95789337158205,18361500.0
2023-08-23,104.4800033569336,105.27999877929688,104.4800033569336,105.26000213623048,95.27944946289062,22620400.0
2023-08-24,105.08000183105467,105.22000122070312,104.87999725341795,104.9000015258789,94.9535675048828,20129900.0
2023-08-25,104.86000061035156,105.29000091552734,104.51000213623048,104.95999908447266,95.00788879394533,18521400.0
2023-08-28,105.44000244140624,105.4499969482422,105.04000091552734,105.29000091552734,95.30661010742188,15271000.0
2023-08-29,105.2300033569336,106.16999816894533,105.1500015258789,106.12999725341795,96.06695556640624,21843300.0
2023-08-30,106.18000030517578,106.26000213623048,105.94000244140624,105.9800033569336,95.9311752319336,21533500.0
2023-08-31,106.16000366210938,106.4000015258789,106.06999969482422,106.16000366210938,96.09413146972656,20534800.0
2023-09-01,105.77999877929688,105.80999755859376,104.91000366210938,105.02999877929688,95.41006469726562,16514200.0
2023-09-05,104.70999908447266,104.75,104.25,104.27999877929688,94.72879028320312,16272800.0
2023-09-06,104.41999816894533,104.4499969482422,103.9499969482422,104.18000030517578,94.63795471191406,17733800.0
2023-09-07,104.30999755859376,104.6500015258789,104.20999908447266,104.63999938964844,95.0558090209961,17295600.0
2023-09-08,104.91000366210938,105.18000030517578,104.72000122070312,104.72000122070312,95.12847137451172,18608800.0
2023-09-11,104.58999633789062,104.63999938964844,104.38999938964844,104.5199966430664,94.94679260253906,13686300.0
2023-09-12,104.52999877929688,104.5500030517578,104.30999755859376,104.48999786376952,94.91954803466795,15839800.0
2023-09-13,104.37999725341795,104.81999969482422,104.31999969482422,104.72000122070312,95.12847137451172,19975200.0
2023-09-14,104.8000030517578,104.9000015258789,104.47000122070312,104.52999877929688,94.95587921142578,16821000.0
2023-09-15,104.43000030517578,104.4800033569336,104.1500015258789,104.37000274658205,94.81055450439452,21796400.0
2023-09-18,104.16999816894533,104.5999984741211,104.16999816894533,104.56999969482422,94.99221801757812,12182200.0
2023-09-19,104.31999969482422,104.43000030517578,104.18000030517578,104.22000122070312,94.67426300048828,14577800.0
2023-09-20,104.55999755859376,104.77999877929688,104.23999786376952,104.26000213623048,94.71063232421876,23735800.0
2023-09-21,103.41000366210938,103.43000030517578,103.12999725341795,103.20999908447266,93.75679779052734,30183800.0
2023-09-22,103.4499969482422,103.94000244140624,103.31999969482422,103.83999633789062,94.3291015625,21849000.0
2023-09-25,103.05999755859376,103.36000061035156,102.8000030517578,102.83000183105467,93.41160583496094,25968600.0
2023-09-26,103.0500030517578,103.12000274658205,102.4000015258789,102.54000091552734,93.14816284179688,39047500.0
2023-09-27,103.0199966430664,103.11000061035156,101.6999969482422,102.05999755859376,92.7121124267578,35741200.0
2023-09-28,101.62000274658205,102.26000213623048,101.3000030517578,102.23999786376952,92.8756332397461,34650100.0
2023-09-29,102.77999877929688,102.91999816894533,101.77999877929688,102.0199966430664,92.67578125,28143000.0
2023-10-02,101.12999725341795,101.3000030517578,100.5999984741211,100.69000244140624,91.82673645019533,18787800.0
2023-10-03,100.37000274658205,100.52999877929688,99.38999938964844,99.52999877929688,90.76882934570312,30830200.0
2023-10-04,100.08999633789062,100.4499969482422,99.66999816894533,100.4000015258789,91.56226348876952,25863600.0
2023-10-05,100.54000091552734,100.75,100.12000274658205,100.27999877929688,91.45281982421876,21155700.0
2023-10-06,99.31999969482422,100.1999969482422,99.16999816894533,99.9800033569336,91.1792449951172,21667900.0
2023-10-09,100.4800033569336,101.25,100.30999755859376,101.22000122070312,92.31008911132812,6398600.0
2023-10-10,100.76000213623048,101.66000366210938,100.56999969482422,101.26000213623048,92.34657287597656,23168100.0
2023-10-11,101.86000061035156,101.94000244140624,101.43000030517578,101.87999725341795,92.91197204589844,22655800.0
2023-10-12,101.7300033569336,101.83999633789062,100.5999984741211,100.81999969482422,91.9452896118164,27899900.0
2023-10-13,101.6500015258789,101.7300033569336,101.18000030517578,101.37999725341795,92.45599365234376,20716300.0
2023-10-16,100.81999969482422,100.9499969482422,100.62999725341795,100.68000030517578,91.81761169433594,25991800.0
2023-10-17,99.8000030517578,100.22000122070312,99.55999755859376,99.87999725341795,91.08802795410156,24273500.0
2023-10-18,99.51000213623048,99.56999969482422,98.9499969482422,99.08000183105467,90.35845184326172,32144400.0
2023-10-19,98.91999816894533,99.2300033569336,98.2699966430664,98.27999877929688,89.62887573242188,41211800.0
2023-10-20,98.36000061035156,98.76000213623048,98.36000061035156,98.66999816894533,89.98455047607422,27130800.0
2023-10-23,98.37999725341795,99.70999908447266,98.23999786376952,99.44000244140624,90.686767578125,21103000.0
2023-10-24,99.58999633789062,100.05999755859376,99.41999816894533,100.0,91.19747161865234,24517600.0
2023-10-25,99.44000244140624,99.5,98.86000061035156,99.08999633789062,90.3675537109375,20957000.0
2023-10-26,99.18000030517578,99.87000274658205,99.02999877929688,99.80999755859376,91.0241928100586,28046100.0
2023-10-27,99.69000244140624,99.81999969482422,99.30999755859376,99.61000061035156,90.84178924560548,21362800.0
2023-10-30,99.33000183105467,99.52999877929688,99.01000213623048,99.30999755859376,90.56822204589844,20961500.0
2023-10-31,99.44000244140624,99.9000015258789,99.13999938964844,99.16999816894533,90.4405288696289,28805700.0
2023-11-01,99.2699966430664,100.26000213623048,99.22000122070312,100.22000122070312,91.73482513427734,32111800.0
2023-11-02,101.1999969482422,101.48999786376952,101.02999877929688,101.41000366210938,92.8240737915039,31295500.0
2023-11-03,102.58000183105467,102.9000015258789,101.87999725341795,101.91000366210938,93.28173828125,38496200.0
2023-11-06,101.7300033569336,101.7300033569336,101.25,101.37000274658205,92.7874526977539,17827700.0
2023-11-07,101.75,102.4000015258789,101.68000030517578,102.18000030517578,93.52886199951172,25518200.0
2023-11-08,102.33999633789062,102.79000091552734,102.33000183105467,102.6999969482422,94.00482940673828,26997000.0
2023-11-09,102.55999755859376,102.55999755859376,101.4800033569336,101.66000366210938,93.05289459228516,23864100.0
2023-11-10,102.30999755859376,102.33999633789062,101.97000122070312,102.16999816894533,93.51972198486328,18498900.0
2023-11-13,101.83000183105467,102.25,101.6500015258789,102.18000030517578,93.52886199951172,21439200.0
2023-11-14,103.80999755859376,104.0500030517578,103.66000366210938,103.77999877929688,94.99340057373048,28387800.0
2023-11-15,103.41999816894533,103.4499969482422,102.97000122070312,103.23999786376952,94.49910736083984,23895000.0
2023-11-16,103.7699966430664,104.13999938964844,103.69000244140624,104.08999633789062,95.2771453857422,21223000.0
2023-11-17,104.4499969482422,104.58000183105467,104.1500015258789,104.38999938964844,95.55176544189452,25810200.0
2023-11-20,104.26000213623048,104.87999725341795,104.23999786376952,104.80999755859376,95.93619537353516,18529400.0
2023-11-21,104.83000183105467,104.97000122070312,104.5500030517578,104.83999633789062,95.96363830566406,20273200.0
2023-11-22,105.23999786376952,105.37999725341795,104.8499984741211,105.26000213623048,96.34810638427734,18588000.0
2023-11-24,104.86000061035156,105.0199966430664,104.6999969482422,104.72000122070312,95.85381317138672,6391400.0
2023-11-27,105.05999755859376,105.58999633789062,104.87999725341795,105.56999969482422,96.63185119628906,17919500.0
2023-11-28,105.38999938964844,106.02999877929688,105.29000091552734,105.98999786376952,97.01629638671876,21320800.0
2023-11-29,106.54000091552734,106.91000366210938,106.4000015258789,106.8499984741211,97.80347442626952,20661800.0
2023-11-30,106.61000061035156,106.63999938964844,106.08000183105467,106.29000091552734,97.2908935546875,41950900.0
2023-12-01,106.04000091552734,107.22000122070312,105.9000015258789,107.16999816894533,98.4623031616211,27733500.0
2023-12-04,106.80999755859376,106.9499969482422,106.4499969482422,106.68000030517578,98.01212310791016,28914300.0
2023-12-05,107.16000366210938,107.66999816894533,107.02999877929688,107.52999877929688,98.79304504394533,33315200.0
2023-12-06,107.8499984741211,108.19000244140624,107.72000122070312,107.93000030517578,99.16055297851562,22544300.0
2023-12-07,107.79000091552734,108.2300033569336,107.68000030517578,107.94000244140624,99.16973876953124,20253300.0
2023-12-08,107.33999633789062,107.62999725341795,107.18000030517578,107.36000061035156,98.63687133789062,21624200.0
2023-12-11,107.22000122070312,107.36000061035156,106.77999877929688,107.33000183105467,98.60929107666016,17714600.0
2023-12-12,107.31999969482422,107.9800033569336,107.13999938964844,107.94000244140624,99.16973876953124,22111100.0
2023-12-13,108.3499984741211,109.9499969482422,108.12999725341795,109.75,100.8326644897461,33623500.0
2023-12-14,110.23999786376952,110.87000274658205,110.12000274658205,110.5199966430664,101.90502166748048,28202300.0
2023-12-15,110.41999816894533,110.56999969482422,110.13999938964844,110.36000061035156,101.75749206542967,17904100.0
2023-12-18,110.04000091552734,110.16000366210938,109.83999633789062,109.9000015258789,101.33335876464844,19714500.0
2023-12-19,110.11000061035156,110.37000274658205,109.95999908447266,110.04000091552734,101.4624252319336,18086800.0
2023-12-20,110.25,110.41999816894533,109.91000366210938,110.33000183105467,101.72982025146484,23942000.0
2023-12-21,110.58999633789062,110.70999908447266,110.02999877929688,110.29000091552734,101.69293975830078,24168300.0
2023-12-22,110.44000244140624,110.5,109.94000244140624,110.0999984741211,101.51774597167967,11037100.0
2023-12-26,110.13999938964844,110.4000015258789,110.08999633789062,110.33000183105467,101.72982025146484,5816000.0
2023-12-27,110.88999938964844,111.4000015258789,110.72000122070312,111.36000061035156,102.67952728271484,13646400.0
2023-12-28,111.20999908447266,111.38999938964844,110.91999816894533,111.06999969482422,102.41212463378906,14288800.0
2023-12-29,110.6999969482422,111.01000213623048,110.55999755859376,110.66000366210938,102.03410339355467,17956700.0
2024-01-02,109.94000244140624,110.16999816894533,109.79000091552734,109.91000366210938,101.34256744384766,20622000.0
2024-01-03,109.0999984741211,109.7699966430664,108.91999816894533,109.66000366210938,101.11205291748048,35384900.0
2024-01-04,109.0,109.25,108.87000274658205,109.0500030517578,100.54959869384766,43111300.0
2024-01-05,108.72000122070312,109.56999969482422,108.58000183105467,108.66000366210938,100.1899871826172,24385500.0
2024-01-08,108.76000213623048,109.5500030517578,108.73999786376952,109.48999786376952,100.95531463623048,29182300.0
2024-01-09,109.31999969482422,109.79000091552734,109.2699966430664,109.68000030517578,101.1304931640625,55126300.0
2024-01-10,110.0500030517578,110.16000366210938,109.47000122070312,109.54000091552734,101.00139617919922,32323500.0
2024-01-11,109.7300033569336,110.33999633789062,109.38999938964844,110.1999969482422,101.60997009277344,50960900.0
2024-01-12,110.5500030517578,110.8499984741211,110.12999725341795,110.44000244140624,101.83124542236328,30479000.0
2024-01-16,109.8499984741211,109.98999786376952,109.0999984741211,109.31999969482422,100.79856872558594,27124600.0
2024-01-17,109.06999969482422,109.25,108.6999969482422,109.08999633789062,100.58646392822266,34414000.0
2024-01-18,109.26000213623048,109.33000183105467,108.76000213623048,108.87999725341795,100.39283752441406,28325100.0
2024-01-19,108.83999633789062,109.0199966430664,108.4499969482422,108.98999786376952,100.4942626953125,25621500.0
2024-01-22,109.48999786376952,109.56999969482422,109.16000366210938,109.29000091552734,100.77090454101562,17679900.0
2024-01-23,109.04000091552734,109.04000091552734,108.66999816894533,108.88999938964844,100.40206909179688,25439500.0
2024-01-24,109.38999938964844,109.4499969482422,108.58999633789062,108.68000030517578,100.20844268798828,26828300.0
2024-01-25,109.26000213623048,109.44000244140624,109.0500030517578,109.4000015258789,100.87229919433594,39484000.0
2024-01-26,109.44000244140624,109.4499969482422,109.05999755859376,109.08999633789062,100.58646392822266,26642300.0
2024-01-29,109.52999877929688,109.77999877929688,109.31999969482422,109.54000091552734,101.00139617919922,27060700.0
2024-01-30,109.81999969482422,109.91000366210938,109.33999633789062,109.88999938964844,101.3241195678711,30459200.0
2024-01-31,110.36000061035156,110.63999938964844,109.87000274658205,110.16999816894533,101.58229064941406,44733000.0
2024-02-01,110.51000213623048,110.91000366210938,110.0999984741211,110.62999725341795,102.36788177490234,42478500.0
2024-02-02,109.47000122070312,109.70999908447266,109.22000122070312,109.62000274658205,101.43331909179688,39604900.0
2024-02-05,108.8499984741211,108.86000061035156,108.31999969482422,108.56999969482422,100.46173858642578,39266800.0
2024-02-06,108.75,109.36000061035156,108.72000122070312,109.18000030517578,101.02617645263672,26095200.0
2024-02-07,108.91999816894533,109.30999755859376,108.76000213623048,108.86000061035156,100.73009490966795,23574200.0
2024-02-08,108.54000091552734,108.58000183105467,108.19000244140624,108.3000030517578,100.21189880371094,26063900.0
2024-02-09,108.0199966430664,108.23999786376952,108.0,108.16000366210938,100.08235168457033,19029200.0
2024-02-12,108.22000122070312,108.2699966430664,107.86000061035156,108.16999816894533,100.09161376953124,30378900.0
2024-02-13,107.1999969482422,107.38999938964844,106.87000274658205,106.9800033569336,98.990478515625,41494100.0
2024-02-14,107.0999984741211,107.5199966430664,107.08000183105467,107.4800033569336,99.45313262939452,41932200.0
2024-02-15,108.08000183105467,108.0999984741211,107.62000274658205,107.87000274658205,99.81402587890624,33255200.0
2024-02-16,107.36000061035156,107.58999633789062,107.23999786376952,107.4800033569336,99.45313262939452,26189800.0
2024-02-20,107.83999633789062,107.9499969482422,107.62000274658205,107.83999633789062,99.78624725341795,22386600.0
2024-02-21,107.91999816894533,107.91999816894533,107.41999816894533,107.56999969482422,99.5364227294922,23606200.0
2024-02-22,107.7300033569336,107.93000030517578,107.5999984741211,107.73999786376952,99.69371032714844,28705900.0
2024-02-23,107.79000091552734,108.22000122070312,107.7300033569336,108.05999755859376,99.9897918701172,29856300.0
2024-02-26,108.08999633789062,108.08999633789062,107.4800033569336,107.72000122070312,99.67523193359376,26696200.0
2024-02-27,107.6500015258789,107.83999633789062,107.51000213623048,107.56999969482422,99.5364227294922,33453800.0
2024-02-28,107.44000244140624,107.62999725341795,107.4000015258789,107.55999755859376,99.52713775634766,32713500.0
2024-02-29,107.72000122070312,108.1500015258789,107.5199966430664,107.66000366210938,99.61969757080078,45656400.0
2024-03-01,107.04000091552734,108.02999877929688,106.75,107.91999816894533,100.22615814208984,42971500.0
2024-03-04,107.62999725341795,107.87000274658205,107.5500030517578,107.72000122070312,100.0404052734375,31472000.0
2024-03-05,108.29000091552734,108.5999984741211,108.13999938964844,108.30999755859376,100.5883331298828,33394200.0
2024-03-06,108.5500030517578,108.95999908447266,108.5199966430664,108.5999984741211,100.85765838623048,33176900.0
2024-03-07,108.98999786376952,109.02999877929688,108.5999984741211,108.87000274658205,101.10840606689452,22875700.0
2024-03-08,109.08999633789062,109.3000030517578,108.91999816894533,109.0199966430664,101.24772644042967,29591100.0
2024-03-11,109.04000091552734,109.29000091552734,108.87000274658205,109.04000091552734,101.26628875732422,25360200.0
2024-03-12,108.87000274658205,108.95999908447266,108.58999633789062,108.69000244140624,100.9412612915039,30852100.0
2024-03-13,108.72000122070312,108.94000244140624,108.54000091552734,108.58000183105467,100.83910369873048,31089900.0
2024-03-14,108.25,108.25,107.6999969482422,107.77999877929688,100.09613037109376,48815400.0
2024-03-15,107.83000183105467,107.95999908447266,107.62999725341795,107.80999755859376,100.1240005493164,34525600.0
2024-03-18,107.87000274658205,107.91999816894533,107.61000061035156,107.62999725341795,99.95681762695312,18279900.0
2024-03-19,107.80999755859376,108.18000030517578,107.75,107.94000244140624,100.24472045898438,22721000.0
2024-03-20,107.9800033569336,108.33000183105467,107.52999877929688,108.13999938964844,100.43045806884766,41915400.0
2024-03-21,108.47000122070312,108.5500030517578,108.12999725341795,108.3000030517578,100.57906341552734,26546700.0
2024-03-22,108.88999938964844,108.91999816894533,108.62000274658205,108.66999816894533,100.92264556884766,20877600.0
2024-03-25,108.66000366210938,108.66000366210938,108.23999786376952,108.3000030517578,100.57906341552734,23291000.0
2024-03-26,108.48999786376952,108.48999786376952,108.12999725341795,108.2699966430664,100.55119323730467,27266700.0
2024-03-27,108.41999816894533,109.0199966430664,108.3499984741211,109.0199966430664,101.24772644042967,30600500.0
2024-03-28,108.88999938964844,109.19000244140624,108.8000030517578,108.91999816894533,101.15483856201172,23066200.0
2024-04-01,108.0199966430664,108.02999877929688,107.37999725341795,107.47000122070312,100.18626403808594,20817100.0
2024-04-02,106.93000030517578,107.36000061035156,106.68000030517578,107.30999755859376,100.03709411621094,32433900.0
2024-04-03,106.91999816894533,107.55999755859376,106.75,107.37999725341795,100.10237121582033,25198700.0
2024-04-04,107.77999877929688,107.77999877929688,107.29000091552734,107.5,100.2142333984375,31423800.0
2024-04-05,107.08000183105467,107.37999725341795,106.9800033569336,107.02999877929688,99.77608489990234,25134900.0
2024-04-08,106.93000030517578,107.22000122070312,106.86000061035156,107.0199966430664,99.76676177978516,37054400.0
2024-04-09,107.4499969482422,107.62999725341795,107.38999938964844,107.56999969482422,100.27948760986328,21967300.0
2024-04-10,106.73999786376952,106.73999786376952,105.87999725341795,106.04000091552734,98.85317993164062,45351600.0
2024-04-11,106.30999755859376,106.4000015258789,105.61000061035156,105.81999969482422,98.6480941772461,38047900.0
2024-04-12,106.29000091552734,106.33000183105467,106.0199966430664,106.05999755859376,98.871826171875,35119700.0
2024-04-15,105.48999786376952,105.48999786376952,104.75,104.88999938964844,97.7811279296875,27018500.0
2024-04-16,104.45999908447266,104.66000366210938,104.18000030517578,104.54000091552734,97.45484161376952,34191600.0
2024-04-17,105.04000091552734,105.27999877929688,104.80999755859376,105.11000061035156,97.98619842529295,26726300.0
2024-04-18,105.18000030517578,105.20999908447266,104.7300033569336,104.9000015258789,97.79043579101562,25997900.0
2024-04-19,105.2699966430664,105.29000091552734,104.91000366210938,105.01000213623048,97.89300537109376,20265600.0
2024-04-22,104.97000122070312,105.30999755859376,104.91999816894533,105.2699966430664,98.1353759765625,26642400.0
2024-04-23,105.16999816894533,105.87000274658205,105.0199966430664,105.4499969482422,98.30316162109376,26338800.0
2024-04-24,105.22000122070312,105.27999877929688,104.73999786376952,105.04000091552734,97.92096710205078,24538400.0
2024-04-25,104.3000030517578,104.77999877929688,104.13999938964844,104.7300033569336,97.6319580078125,29826400.0
2024-04-26,105.12999725341795,105.31999969482422,105.05999755859376,105.12999725341795,98.00486755371094,11784100.0
2024-04-29,105.43000030517578,105.66999816894533,105.3000030517578,105.56999969482422,98.41504669189452,18052100.0
2024-04-30,105.13999938964844,105.4000015258789,104.9000015258789,104.98999786376952,97.87434387207033,26008100.0
2024-05-01,104.87999725341795,105.5500030517578,104.6500015258789,105.01000213623048,98.28147888183594,30342900.0
2024-05-02,105.08999633789062,105.72000122070312,104.93000030517578,105.66000366210938,98.88983154296876,28044200.0
2024-05-03,106.43000030517578,106.79000091552734,106.0,106.4000015258789,99.5824203491211,24166800.0
2024-05-06,106.5199966430664,106.70999908447266,106.4499969482422,106.6999969482422,99.8631820678711,18519800.0
2024-05-07,107.0,107.16000366210938,106.6500015258789,106.75,99.90998840332033,28680400.0
2024-05-08,106.5,106.6500015258789,106.41000366210938,106.4800033569336,99.65727996826172,19916700.0
2024-05-09,106.4000015258789,106.7699966430664,106.29000091552734,106.6500015258789,99.81636810302734,25583500.0
2024-05-10,106.44000244140624,106.5199966430664,106.19000244140624,106.30999755859376,99.4981689453125,16291500.0
2024-05-13,106.55999755859376,106.6500015258789,106.31999969482422,106.3499984741211,99.53560638427734,20464200.0
2024-05-14,106.62999725341795,106.77999877929688,106.5,106.66000366210938,99.82575225830078,25440400.0
2024-05-15,107.5,107.77999877929688,107.25,107.61000061035156,100.7148666381836,33780900.0
2024-05-16,107.76000213623048,107.77999877929688,107.38999938964844,107.44000244140624,100.55577087402344,23586600.0
2024-05-17,107.25,107.4499969482422,107.16000366210938,107.19000244140624,100.32179260253906,21862800.0
2024-05-20,107.11000061035156,107.2300033569336,107.05999755859376,107.13999938964844,100.2750015258789,17885200.0
2024-05-21,107.44000244140624,107.4800033569336,107.26000213623048,107.31999969482422,100.44345092773438,17411900.0
2024-05-22,107.01000213623048,107.31999969482422,107.0,107.16000366210938,100.29371643066406,26735600.0
2024-05-23,107.3000030517578,107.33000183105467,106.56999969482422,106.69000244140624,99.85382080078124,24876100.0
2024-05-24,106.70999908447266,106.98999786376952,106.62000274658205,106.9800033569336,100.125244140625,11189500.0
2024-05-28,107.12999725341795,107.12999725341795,106.2699966430664,106.33999633789062,99.52626037597656,15989600.0
2024-05-29,105.95999908447266,105.97000122070312,105.5500030517578,105.7699966430664,98.99276733398438,30015700.0
2024-05-30,106.1999969482422,106.4499969482422,106.12999725341795,106.41999816894533,99.60112762451172,21036300.0
2024-05-31,106.83999633789062,107.0199966430664,106.66999816894533,106.88999938964844,100.04100036621094,19901400.0
2024-06-03,106.80999755859376,107.23999786376952,106.76000213623048,107.22000122070312,100.73152923583984,20154900.0
2024-06-04,107.5199966430664,107.8000030517578,107.3499984741211,107.63999938964844,101.12611389160156,24545200.0
2024-06-05,107.81999969482422,108.02999877929688,107.43000030517578,108.0,101.46432495117188,26584700.0
2024-06-06,107.83000183105467,108.02999877929688,107.79000091552734,107.93000030517578,101.39856719970705,22687100.0
2024-06-07,107.02999877929688,107.1999969482422,106.87000274658205,106.95999908447266,100.48726654052734,26228700.0
2024-06-10,106.75,106.83999633789062,106.6500015258789,106.73999786376952,100.28057861328124,19415700.0
2024-06-11,106.8000030517578,107.2699966430664,106.7300033569336,107.1999969482422,100.71273803710938,19042600.0
2024-06-12,108.27999877929688,108.55999755859376,107.81999969482422,107.86000061035156,101.3328094482422,27209400.0
2024-06-13,108.3499984741211,108.5500030517578,108.05999755859376,108.37000274658205,101.81195068359376,26782700.0
2024-06-14,108.43000030517578,108.58000183105467,108.25,108.45999908447266,101.89649963378906,28561900.0
2024-06-17,107.81999969482422,108.01000213623048,107.7300033569336,107.9499969482422,101.41734313964844,24678700.0
2024-06-18,108.18000030517578,108.5500030517578,108.13999938964844,108.4499969482422,101.8870849609375,25576600.0
2024-06-20,107.83999633789062,108.11000061035156,107.77999877929688,108.08999633789062,101.54888153076172,21206300.0
2024-06-21,108.19000244140624,108.3499984741211,107.86000061035156,108.12000274658205,101.57708740234376,21091200.0
2024-06-24,108.2300033569336,108.41999816894533,108.16999816894533,108.2300033569336,101.68043518066406,18597600.0
2024-06-25,108.1500015258789,108.29000091552734,108.0199966430664,108.19000244140624,101.64282989501952,16251600.0
2024-06-26,107.5,107.6999969482422,107.38999938964844,107.5999984741211,101.08854675292967,26381300.0
2024-06-27,107.93000030517578,107.9800033569336,107.77999877929688,107.80999755859376,101.28582763671876,19939400.0
2024-06-28,108.08000183105467,108.11000061035156,107.08999633789062,107.12000274658205,100.63758087158205,27395800.0
2024-07-01,106.33999633789062,106.6999969482422,106.0500030517578,106.11000061035156,100.03986358642578,22429100.0
2024-07-02,106.6500015258789,106.81999969482422,106.41000366210938,106.79000091552734,100.68096160888672,19845700.0
2024-07-03,107.1500015258789,107.58000183105467,107.04000091552734,107.58000183105467,101.4257583618164,14318900.0
2024-07-05,107.98999786376952,108.1999969482422,107.6999969482422,108.13999938964844,101.9537124633789,18800300.0
2024-07-08,108.22000122070312,108.30999755859376,107.9800033569336,108.12999725341795,101.94429779052734,18136600.0
2024-07-09,107.9499969482422,108.12000274658205,107.69000244140624,107.93000030517578,101.7557373046875,20384700.0
2024-07-10,108.05999755859376,108.20999908447266,107.9000015258789,108.19000244140624,102.0008544921875,17263200.0
2024-07-11,108.86000061035156,109.0199966430664,108.68000030517578,108.7699966430664,102.54766845703124,31411700.0
2024-07-12,108.83000183105467,109.16999816894533,108.7300033569336,109.16999816894533,102.9247817993164,20301300.0
2024-07-15,108.8000030517578,108.95999908447266,108.5500030517578,108.56999969482422,102.359130859375,18291500.0
2024-07-16,108.83000183105467,109.22000122070312,108.73999786376952,109.1999969482422,102.95308685302734,20090700.0
2024-07-17,108.9000015258789,109.3000030517578,108.83999633789062,109.25,103.00021362304688,21313500.0
2024-07-18,108.98999786376952,109.23999786376952,108.73999786376952,108.77999877929688,102.55712127685548,28091700.0
2024-07-19,108.56999969482422,108.58000183105467,108.30999755859376,108.37999725341795,102.17999267578124,16576600.0
2024-07-22,108.72000122070312,108.76000213623048,108.1999969482422,108.31999969482422,102.12342071533205,22556800.0
2024-07-23,108.45999908447266,108.56999969482422,108.23999786376952,108.23999786376952,102.04800415039062,24425700.0
2024-07-24,108.37000274658205,108.47000122070312,107.58000183105467,107.58000183105467,101.4257583618164,28026100.0
2024-07-25,107.79000091552734,108.27999877929688,107.7699966430664,108.01000213623048,101.8311538696289,29760400.0
2024-07-26,108.61000061035156,108.66000366210938,108.3499984741211,108.61000061035156,102.39683532714844,21119900.0
2024-07-29,108.93000030517578,108.97000122070312,108.62000274658205,108.83999633789062,102.6136703491211,24734600.0
2024-07-30,108.91999816894533,108.98999786376952,108.69000244140624,108.93000030517578,102.69852447509766,14952000.0
2024-07-31,109.38999938964844,109.58999633789062,109.08999633789062,109.55999755859376,103.29249572753906,29226900.0
2024-08-01,109.55999755859376,109.83999633789062,109.4499969482422,109.52999877929688,103.63500213623048,34564600.0
2024-08-02,110.11000061035156,110.69000244140624,110.11000061035156,110.5999984741211,104.64740753173828,46697900.0
2024-08-05,110.55999755859376,110.66000366210938,110.01000213623048,110.31999969482422,104.38248443603516,56991100.0
2024-08-06,110.1999969482422,110.23999786376952,109.58000183105467,109.5999984741211,103.70124816894533,47432500.0
2024-08-07,109.54000091552734,109.7699966430664,108.94000244140624,109.0999984741211,103.22814178466795,46819000.0
2024-08-08,109.04000091552734,109.22000122070312,108.83999633789062,109.1500015258789,103.27547454833984,23536800.0
2024-08-09,109.88999938964844,109.91999816894533,109.61000061035156,109.70999908447266,103.8053207397461,23199700.0
2024-08-12,109.66000366210938,110.05999755859376,109.5500030517578,109.94000244140624,104.02294921875,24281800.0
2024-08-13,110.45999908447266,110.70999908447266,110.3000030517578,110.70999908447266,104.75149536132812,31245000.0
2024-08-14,110.83999633789062,111.33999633789062,110.83000183105467,111.1999969482422,105.21511840820312,28985600.0
2024-08-15,110.51000213623048,111.01000213623048,110.44000244140624,110.86000061035156,104.89341735839844,29546000.0
2024-08-16,110.9800033569336,111.26000213623048,110.41999816894533,111.19000244140624,105.2056655883789,21411500.0
2024-08-19,111.16999816894533,111.56999969482422,111.1500015258789,111.4499969482422,105.45166778564452,16004100.0
2024-08-20,111.63999938964844,111.8000030517578,111.4499969482422,111.73999786376952,105.72605895996094,27114000.0
2024-08-21,111.83000183105467,112.27999877929688,111.66999816894533,111.98999786376952,105.9626007080078,23819100.0
2024-08-22,111.73999786376952,111.81999969482422,111.29000091552734,111.52999877929688,105.52735900878906,17926300.0
2024-08-23,111.8499984741211,112.3000030517578,111.70999908447266,112.16999816894533,106.1329345703125,22650200.0
2024-08-26,112.4000015258789,112.4000015258789,111.98999786376952,112.02999877929688,106.0004425048828,15312500.0
2024-08-27,111.58000183105467,111.98999786376952,111.54000091552734,111.94000244140624,105.91529846191406,15922700.0
2024-08-28,111.87000274658205,111.95999908447266,111.63999938964844,111.70999908447266,105.69767761230467,22104600.0
2024-08-29,111.48999786376952,111.63999938964844,111.33999633789062,111.5199966430664,105.51788330078124,20079400.0
2024-08-30,111.66000366210938,111.80999755859376,111.16999816894533,111.20999908447266,105.22457885742188,25275500.0
2024-09-03,111.29000091552734,111.5199966430664,110.97000122070312,111.13999938964844,105.54271697998048,27734500.0
2024-09-04,111.20999908447266,111.87000274658205,111.19000244140624,111.83000183105467,106.1979751586914,31915900.0
2024-09-05,112.16000366210938,112.41000366210938,111.73999786376952,112.37999725341795,106.72027587890624,35538500.0
2024-09-06,112.4000015258789,113.05999755859376,112.12999725341795,112.33000183105467,106.67279052734376,42004600.0
2024-09-09,112.30999755859376,112.69000244140624,112.18000030517578,112.58000183105467,106.91018676757812,35440300.0
2024-09-10,112.62999725341795,112.91000366210938,112.51000213623048,112.88999938964844,107.20459747314452,30489500.0
2024-09-11,112.66000366210938,113.11000061035156,112.56999969482422,112.94000244140624,107.25205993652344,36948000.0
2024-09-12,112.86000061035156,112.9499969482422,112.55999755859376,112.86000061035156,107.17610168457033,30255700.0
2024-09-13,113.22000122070312,113.37000274658205,113.0999984741211,113.20999908447266,107.50846862792967,25536600.0
2024-09-16,113.3499984741211,113.79000091552734,113.22000122070312,113.70999908447266,107.98328399658205,25722000.0
2024-09-17,113.9000015258789,113.91999816894533,113.54000091552734,113.72000122070312,107.9927978515625,31732800.0
2024-09-18,113.44000244140624,114.06999969482422,113.22000122070312,113.25,107.54644775390624,35015500.0
2024-09-19,113.3000030517578,113.55999755859376,113.13999938964844,113.3499984741211,107.64141082763672,31216900.0
2024-09-20,113.18000030517578,113.5,112.98999786376952,113.4499969482422,107.7363739013672,29958900.0
2024-09-23,113.0999984741211,113.5199966430664,112.95999908447266,113.29000091552734,107.58444213867188,22919400.0
2024-09-24,113.0,113.56999969482422,112.9000015258789,113.4800033569336,107.7648696899414,24719900.0
2024-09-25,113.16000366210938,113.1999969482422,112.77999877929688,112.80999755859376,107.12860870361328,32881300.0
2024-09-26,113.01000213623048,113.08999633789062,112.5199966430664,112.80999755859376,107.12860870361328,20877100.0
2024-09-27,113.12999725341795,113.3499984741211,113.0500030517578,113.26000213623048,107.5559539794922,25232000.0
2024-09-30,113.1999969482422,113.31999969482422,112.83000183105467,112.9800033569336,107.2900619506836,22728400.0
2024-10-01,113.0999984741211,113.29000091552734,112.87000274658205,113.11000061035156,107.8056869506836,36591300.0
2024-10-02,112.44000244140624,112.87999725341795,112.38999938964844,112.86000061035156,107.5674057006836,29446700.0
2024-10-03,112.58000183105467,112.62999725341795,112.12999725341795,112.12999725341795,106.87164306640624,24163200.0
2024-10-04,111.5500030517578,111.63999938964844,111.38999938964844,111.5199966430664,106.2902374267578,33618100.0
2024-10-07,111.12000274658205,111.33000183105467,110.87999725341795,110.9499969482422,105.7469711303711,27106300.0
2024-10-08,110.81999969482422,111.16999816894533,110.66999816894533,111.16999816894533,105.95665740966795,27316000.0
2024-10-09,110.93000030517578,111.06999969482422,110.75,110.9499969482422,105.7469711303711,29951900.0
2024-10-10,110.7300033569336,110.88999938964844,110.5,110.83000183105467,105.6325912475586,25932500.0
2024-10-11,110.66999816894533,111.0199966430664,110.56999969482422,110.80999755859376,105.61353302001952,20079000.0
2024-10-14,110.5,110.83999633789062,110.37000274658205,110.81999969482422,105.62308502197266,4335400.0
2024-10-15,111.0500030517578,111.47000122070312,111.0500030517578,111.36000061035156,106.13775634765624,28673200.0
2024-10-16,111.66999816894533,111.79000091552734,111.48999786376952,111.70999908447266,106.4713363647461,20474300.0
2024-10-17,111.27999877929688,111.31999969482422,110.83000183105467,110.87999725341795,105.68025970458984,31476700.0
2024-10-18,111.05999755859376,111.1500015258789,110.7300033569336,110.75,105.55635833740234,27372400.0
2024-10-21,110.20999908447266,110.27999877929688,109.58000183105467,109.62000274658205,104.47933959960938,28320400.0
2024-10-22,109.72000122070312,109.73999786376952,109.3499984741211,109.61000061035156,104.46980285644533,26001200.0
2024-10-23,109.23999786376952,109.45999908447266,109.08000183105467,109.23999786376952,104.11717224121094,25425800.0
2024-10-24,109.41000366210938,109.7699966430664,109.2699966430664,109.56999969482422,104.4316864013672,21021100.0
2024-10-25,109.87999725341795,109.94000244140624,109.25,109.30999755859376,104.18386840820312,16040900.0
2024-10-28,109.43000030517578,109.48999786376952,108.97000122070312,109.22000122070312,104.09810638427734,20935200.0
2024-10-29,108.73999786376952,109.37999725341795,108.66000366210938,109.3499984741211,104.22200012207033,24075800.0
2024-10-30,109.68000030517578,109.9499969482422,109.16000366210938,109.20999908447266,104.08856964111328,25259100.0
2024-10-31,109.02999877929688,109.31999969482422,108.72000122070312,108.98999786376952,103.87889099121094,29424400.0
2024-11-01,108.9000015258789,109.06999969482422,107.95999908447266,108.01000213623048,103.30976104736328,25142200.0
2024-11-04,108.9000015258789,109.08000183105467,108.5199966430664,108.80999755859376,104.07496643066406,24713500.0
2024-11-05,108.76000213623048,109.3499984741211,108.5,109.33000183105467,104.57234191894533,23732500.0
2024-11-06,108.06999969482422,108.6500015258789,107.91000366210938,108.19000244140624,103.48194885253906,38097900.0
2024-11-07,108.83000183105467,109.58999633789062,108.72000122070312,109.47000122070312,104.70624542236328,24596700.0
2024-11-08,109.70999908447266,110.08000183105467,109.58999633789062,109.8499984741211,105.06970977783205,21113600.0
2024-11-11,109.6500015258789,109.7300033569336,109.45999908447266,109.63999938964844,104.8688507080078,7971100.0
2024-11-12,109.16999816894533,109.4000015258789,108.55999755859376,108.6500015258789,103.92193603515624,36203300.0
2024-11-13,109.23999786376952,109.25,108.16999816894533,108.23999786376952,103.52976989746094,22942500.0
2024-11-14,108.52999877929688,108.72000122070312,108.0999984741211,108.20999908447266,103.5010757446289,26889100.0
2024-11-15,107.91000366210938,108.5199966430664,107.5999984741211,108.26000213623048,103.54888916015624,27276300.0
2024-11-18,108.12999725341795,108.63999938964844,108.04000091552734,108.45999908447266,103.7402114868164,19399100.0
2024-11-19,108.72000122070312,108.91000366210938,108.61000061035156,108.69000244140624,103.96019744873048,21473200.0
2024-11-20,108.30999755859376,108.5999984741211,108.2699966430664,108.43000030517578,103.71150207519533,24792000.0
2024-11-21,108.47000122070312,108.75,108.20999908447266,108.3000030517578,103.58715057373048,22507400.0
2024-11-22,108.4800033569336,108.58999633789062,108.22000122070312,108.4000015258789,103.68280792236328,13813000.0
2024-11-25,109.55999755859376,109.80999755859376,109.41999816894533,109.75,104.97406005859376,21678000.0
2024-11-26,109.48999786376952,109.5199966430664,109.11000061035156,109.47000122070312,104.70624542236328,25005000.0
2024-11-27,109.79000091552734,109.9800033569336,109.55999755859376,109.87000274658205,105.08882904052734,23584000.0
2024-11-29,110.33999633789062,110.56999969482422,110.29000091552734,110.5500030517578,105.7392578125,11838900.0
2024-12-02,110.3499984741211,110.43000030517578,109.80999755859376,110.33999633789062,105.9052963256836,33409400.0
2024-12-03,110.45999908447266,110.54000091552734,109.88999938964844,109.9499969482422,105.53096771240234,27394800.0
2024-12-04,109.75,110.58999633789062,109.6999969482422,110.4800033569336,106.03966522216795,22704100.0
2024-12-05,110.20999908447266,110.54000091552734,110.16999816894533,110.4499969482422,106.01085662841795,16792500.0
2024-12-06,110.91999816894533,110.93000030517578,110.44000244140624,110.6999969482422,106.25081634521484,16668800.0
2024-12-09,110.54000091552734,110.5999984741211,110.33000183105467,110.41999816894533,105.98207092285156,21149300.0
2024-12-10,110.16999816894533,110.4000015258789,110.11000061035156,110.25,105.81890869140624,19497500.0
2024-12-11,110.4499969482422,110.58999633789062,109.93000030517578,109.9499969482422,105.53096771240234,24516500.0
2024-12-12,109.69000244140624,109.72000122070312,109.25,109.33000183105467,104.93589782714844,24747600.0
2024-12-13,109.18000030517578,109.19000244140624,108.6500015258789,108.72000122070312,104.35040283203124,13195000.0
2024-12-16,109.02999877929688,109.05999755859376,108.6999969482422,108.86000061035156,104.48477172851562,18893000.0
2024-12-17,108.83999633789062,109.0199966430664,108.75,108.87000274658205,104.494384765625,29945700.0
2024-12-18,108.36000061035156,108.58999633789062,107.0500030517578,107.13999938964844,103.1988525390625,36753900.0
2024-12-19,106.86000061035156,107.0,106.33000183105467,106.55999755859376,102.6401824951172,40479900.0
2024-12-20,107.08999633789062,107.47000122070312,106.80999755859376,106.9800033569336,103.04474639892578,27608300.0
2024-12-23,107.01000213623048,107.08000183105467,106.5500030517578,106.66999816894533,102.7461395263672,13091800.0
2024-12-24,106.45999908447266,107.01000213623048,106.41999816894533,107.0,103.06400299072266,6215300.0
2024-12-26,106.5,107.13999938964844,106.5,107.0999984741211,103.16032409667967,12454800.0
2024-12-27,106.91000366210938,107.04000091552734,106.61000061035156,106.6500015258789,102.72687530517578,13908400.0
2024-12-30,107.02999877929688,107.18000030517578,106.97000122070312,107.11000061035156,103.16995239257812,9141400.0
2024-12-31,107.29000091552734,107.38999938964844,106.66999816894533,106.83999633789062,102.9098892211914,10768700.0
2025-01-02,107.12000274658205,107.30999755859376,106.62000274658205,106.8499984741211,102.91950988769533,19098100.0
2025-01-03,107.0,107.05999755859376,106.54000091552734,106.5999984741211,102.67872619628906,22610500.0
2025-01-06,106.5199966430664,106.58999633789062,106.2699966430664,106.33000183105467,102.41864776611328,24302200.0
2025-01-07,106.19000244140624,106.30999755859376,105.66999816894533,105.83999633789062,101.94668579101562,25115700.0
2025-01-08,105.70999908447266,106.11000061035156,105.62999725341795,106.01000213623048,102.11042022705078,30143800.0
2025-01-10,105.3499984741211,105.73999786376952,105.22000122070312,105.4000015258789,101.52285766601562,24613500.0
2025-01-13,105.3499984741211,105.37000274658205,105.02999877929688,105.0999984741211,101.23387908935548,18873300.0
2025-01-14,105.1999969482422,105.27999877929688,104.94000244140624,105.22000122070312,101.34947967529295,27585200.0
2025-01-15,106.41999816894533,106.63999938964844,106.22000122070312,106.4800033569336,102.56312561035156,32123600.0
2025-01-16,106.43000030517578,106.91000366210938,106.20999908447266,106.69000244140624,102.76541900634766,24583300.0
2025-01-17,106.9800033569336,107.01000213623048,106.70999908447266,106.77999877929688,102.8520965576172,18912000.0
2025-01-21,107.2300033569336,107.41999816894533,107.12000274658205,107.4000015258789,103.44929504394533,20670600.0
2025-01-22,107.4000015258789,107.51000213623048,107.0500030517578,107.05999755859376,103.12178802490234,18418900.0
2025-01-23,106.58999633789062,106.91999816894533,106.56999969482422,106.91000366210938,102.9773178100586,18118300.0
2025-01-24,106.87000274658205,107.23999786376952,106.76000213623048,107.12000274658205,103.17958068847656,13020200.0
2025-01-27,107.6500015258789,107.88999938964844,107.51000213623048,107.86000061035156,103.89238739013672,18954300.0
2025-01-28,107.58000183105467,107.7699966430664,107.4800033569336,107.70999908447266,103.74788665771484,22253100.0
2025-01-29,107.88999938964844,107.91999816894533,107.2300033569336,107.56999969482422,103.613037109375,24969100.0
2025-01-30,107.86000061035156,108.01000213623048,107.66000366210938,107.80999755859376,103.84420776367188,22709300.0
2025-01-31,107.9000015258789,108.0199966430664,107.23999786376952,107.45999908447266,103.50707244873048,28454600.0
2025-02-03,107.36000061035156,107.68000030517578,107.0199966430664,107.23999786376952,103.67046356201172,21155000.0
2025-02-04,106.9800033569336,107.56999969482422,106.94000244140624,107.4499969482422,103.87345886230467,25086200.0
2025-02-05,108.04000091552734,108.43000030517578,107.7699966430664,108.1999969482422,104.59850311279295,30119200.0
2025-02-06,108.12999725341795,108.29000091552734,107.88999938964844,108.0,104.40515899658205,22557700.0
2025-02-07,107.63999938964844,107.72000122070312,107.4000015258789,107.52999877929688,103.9508056640625,23911000.0
2025-02-10,107.62999725341795,107.8499984741211,107.4499969482422,107.55999755859376,103.97980499267578,15302300.0
2025-02-11,107.2300033569336,107.4000015258789,107.1999969482422,107.31999969482422,103.747802734375,19478800.0
2025-02-12,106.56999969482422,106.87000274658205,106.36000061035156,106.73999786376952,103.18709564208984,31480600.0
2025-02-13,107.31999969482422,107.76000213623048,107.27999877929688,107.56999969482422,103.98947143554688,20735100.0
2025-02-14,108.12999725341795,108.3499984741211,107.98999786376952,107.98999786376952,104.39549255371094,14409400.0
2025-02-18,107.8499984741211,107.95999908447266,107.47000122070312,107.5500030517578,103.97014617919922,17640000.0
2025-02-19,107.51000213623048,107.7699966430664,107.4000015258789,107.61000061035156,104.02813720703124,26007400.0
2025-02-20,107.77999877929688,107.9499969482422,107.70999908447266,107.87000274658205,104.2794952392578,23814800.0
2025-02-21,108.0199966430664,108.58000183105467,107.98999786376952,108.25,104.6468505859375,30130700.0
2025-02-24,108.30999755859376,108.68000030517578,108.18000030517578,108.52999877929688,104.9175033569336,23399500.0
2025-02-25,109.20999908447266,109.4000015258789,109.05999755859376,109.36000061035156,105.71989440917967,26835200.0
2025-02-26,109.4000015258789,109.63999938964844,109.19000244140624,109.58999633789062,105.9422378540039,22983100.0
2025-02-27,109.27999877929688,109.4499969482422,109.06999969482422,109.12999725341795,105.4975357055664,27258200.0
2025-02-28,109.51000213623048,109.66000366210938,109.1500015258789,109.61000061035156,105.9615707397461,29596100.0
2025-03-03,108.94000244140624,109.54000091552734,108.87000274658205,109.54000091552734,106.29635620117188,42545300.0
2025-03-04,109.36000061035156,109.5500030517578,109.0500030517578,109.18000030517578,105.94701385498048,46053300.0
2025-03-05,109.33000183105467,109.4499969482422,108.7300033569336,108.83000183105467,105.60738372802734,45483500.0
2025-03-06,108.69000244140624,108.83999633789062,108.29000091552734,108.48999786376952,105.27743530273438,40519900.0
2025-03-07,109.02999877929688,109.02999877929688,108.1999969482422,108.31999969482422,105.11247253417967,30747100.0
2025-03-10,108.81999969482422,109.05999755859376,108.5500030517578,108.69000244140624,105.47154235839844,34294800.0
2025-03-11,108.61000061035156,108.68000030517578,107.9499969482422,107.9800033569336,104.78255462646484,42262600.0
2025-03-12,108.02999877929688,108.05999755859376,107.62000274658205,107.66000366210938,104.47203826904295,35875600.0
2025-03-13,107.29000091552734,108.02999877929688,107.18000030517578,108.0,104.8019561767578,43907900.0
2025-03-14,108.0,108.20999908447266,107.87000274658205,107.9499969482422,104.75342559814452,31358100.0
2025-03-17,108.3499984741211,108.55999755859376,108.12000274658205,108.16999816894533,104.9669189453125,17561400.0
2025-03-18,108.13999938964844,108.66000366210938,108.0199966430664,108.43000030517578,105.21922302246094,27948100.0
2025-03-19,108.4499969482422,109.18000030517578,108.27999877929688,109.06999969482422,105.84027862548828,27469800.0
2025-03-20,109.63999938964844,109.6500015258789,108.9000015258789,108.91000366210938,105.68500518798828,26937300.0
2025-03-21,108.9800033569336,109.0999984741211,108.69000244140624,108.76000213623048,105.53945922851562,26447400.0
2025-03-24,108.63999938964844,108.63999938964844,108.20999908447266,108.29000091552734,105.0833740234375,25243300.0
2025-03-25,108.29000091552734,108.62000274658205,108.19000244140624,108.4000015258789,105.19011688232422,22744000.0
2025-03-26,108.22000122070312,108.22000122070312,107.91000366210938,107.95999908447266,104.7631378173828,17115600.0
2025-03-27,107.7699966430664,107.87000274658205,107.63999938964844,107.83000183105467,104.63699340820312,22028900.0
2025-03-28,108.3000030517578,108.52999877929688,108.1500015258789,108.4800033569336,105.26774597167967,27257000.0
2025-03-31,108.75,108.81999969482422,108.3000030517578,108.69000244140624,105.47154235839844,29834300.0
2025-04-01,108.52999877929688,108.9000015258789,108.4800033569336,108.66000366210938,105.84851837158205,22059200.0
2025-04-02,109.01000213623048,109.01000213623048,108.3499984741211,108.91000366210938,106.092041015625,24769000.0
2025-04-03,109.11000061035156,109.54000091552734,108.75,108.9000015258789,106.0822982788086,41675700.0
2025-04-04,109.12999725341795,109.47000122070312,108.5,108.77999877929688,105.96539306640624,60793800.0
2025-04-07,107.7699966430664,108.2699966430664,106.36000061035156,106.66000366210938,103.9002456665039,62583200.0
2025-04-08,106.83999633789062,106.91000366210938,104.97000122070312,105.30999755859376,102.58518981933594,56747700.0
2025-04-09,104.08999633789062,107.11000061035156,103.7699966430664,107.06999969482422,104.29963684082033,77380700.0
2025-04-10,105.95999908447266,106.3499984741211,105.05999755859376,105.25,102.52674102783205,55825000.0
2025-04-11,104.52999877929688,105.43000030517578,103.4499969482422,105.2300033569336,102.50727081298828,41686900.0
2025-04-14,105.98999786376952,106.08999633789062,105.4800033569336,105.87999725341795,103.14043426513672,28111900.0
2025-04-15,105.93000030517578,106.61000061035156,105.87999725341795,106.4499969482422,103.69568634033205,20502600.0
2025-04-16,106.5500030517578,106.91000366210938,106.27999877929688,106.9000015258789,104.13404846191406,24639800.0
2025-04-17,106.91000366210938,107.0,106.56999969482422,106.75,103.98793029785156,11483700.0
2025-04-21,106.20999908447266,106.37999725341795,105.51000213623048,105.5999984741211,102.86768341064452,23506700.0
2025-04-22,106.18000030517578,106.2300033569336,105.81999969482422,105.86000061035156,103.1209487915039,20939300.0
2025-04-23,107.5500030517578,107.66999816894533,106.30999755859376,106.33000183105467,103.57880401611328,31155900.0
2025-04-24,107.05999755859376,107.4800033569336,106.87000274658205,107.41999816894533,104.6405792236328,23838700.0
2025-04-25,107.83000183105467,108.04000091552734,107.6500015258789,107.98999786376952,105.1958465576172,14575300.0
2025-04-28,107.88999938964844,108.3499984741211,107.87999725341795,108.23999786376952,105.43937683105467,18297900.0
2025-04-29,108.05999755859376,108.5,108.0500030517578,108.48999786376952,105.68289947509766,19346200.0
2025-04-30,108.12999725341795,108.29000091552734,107.80999755859376,107.9800033569336,105.18610382080078,35129300.0
2025-05-01,107.76000213623048,107.76000213623048,107.08999633789062,107.16999816894533,104.81640625,28056300.0
2025-05-02,106.83999633789062,107.04000091552734,106.6999969482422,106.91000366210938,104.5621109008789,20302100.0
2025-05-05,106.63999938964844,106.80999755859376,106.3000030517578,106.76000213623048,104.4154052734375,20005800.0
2025-05-06,106.45999908447266,106.9800033569336,106.37000274658205,106.97000122070312,104.62079620361328,29906500.0
2025-05-07,107.19000244140624,107.3000030517578,107.0,107.19000244140624,104.83596801757812,19892000.0
2025-05-08,107.3499984741211,107.43000030517578,106.6500015258789,106.6500015258789,104.30782318115234,25149700.0
2025-05-09,106.93000030517578,107.02999877929688,106.58000183105467,106.61000061035156,104.26869201660156,18254700.0
2025-05-12,106.58999633789062,106.83000183105467,106.48999786376952,106.58999633789062,104.24913787841795,28270900.0
2025-05-13,106.69000244140624,106.81999969482422,106.47000122070312,106.68000030517578,104.33716583251952,32005700.0
2025-05-14,106.58000183105467,106.70999908447266,106.0999984741211,106.13999938964844,103.80902099609376,25340600.0
2025-05-15,106.38999938964844,106.95999908447266,106.31999969482422,106.9000015258789,104.55233764648438,30008300.0
2025-05-16,107.38999938964844,107.4000015258789,106.9499969482422,107.0999984741211,104.74794006347656,21888400.0
2025-05-19,106.16000366210938,107.16999816894533,106.05999755859376,107.11000061035156,104.75772094726562,33615600.0
2025-05-20,106.8000030517578,106.9800033569336,106.61000061035156,106.8499984741211,104.50342559814452,23036200.0
2025-05-21,106.36000061035156,106.54000091552734,105.56999969482422,105.66000366210938,103.33956909179688,35452800.0
2025-05-22,105.54000091552734,106.25,105.38999938964844,106.1999969482422,103.8676986694336,34010700.0
2025-05-23,106.41000366210938,106.56999969482422,106.08999633789062,106.27999877929688,103.9459457397461,21447200.0
2025-05-27,106.91999816894533,107.33000183105467,106.5199966430664,107.23999786376952,104.88487243652344,29208400.0
2025-05-28,107.02999877929688,107.0999984741211,106.66999816894533,106.9800033569336,104.63057708740234,29079800.0
2025-05-29,107.33000183105467,107.55999755859376,107.1999969482422,107.45999908447266,105.10002899169922,31012800.0
2025-05-30,107.4499969482422,107.7699966430664,107.3499984741211,107.7699966430664,105.40322875976562,29890800.0
2025-06-02,106.98999786376952,107.08000183105467,106.69000244140624,107.06999969482422,105.10480499267578,24225900.0
2025-06-03,107.23999786376952,107.41000366210938,106.98999786376952,107.12000274658205,105.15389251708984,24080000.0
2025-06-04,107.62999725341795,108.0500030517578,107.5199966430664,107.9000015258789,105.9195785522461,28006400.0
2025-06-05,107.94000244140624,107.98999786376952,107.51000213623048,107.56999969482422,105.59563446044922,29760700.0
2025-06-06,107.22000122070312,107.3499984741211,106.91000366210938,106.91999816894533,104.95755767822266,31093100.0
2025-06-09,106.98999786376952,107.37999725341795,106.94000244140624,107.23999786376952,105.27169036865234,18850000.0
2025-06-10,107.6500015258789,107.69000244140624,107.26000213623048,107.5,105.52692413330078,20359000.0
2025-06-11,107.68000030517578,107.97000122070312,107.55999755859376,107.83999633789062,105.86067199707033,20584700.0
2025-06-12,108.2300033569336,108.44000244140624,108.08000183105467,108.44000244140624,106.44966888427734,26497300.0
2025-06-13,108.12000274658205,108.19000244140624,107.5,107.79000091552734,105.81159210205078,34794500.0
2025-06-16,107.8000030517578,108.12000274658205,107.58000183105467,107.5999984741211,105.62508392333984,21286000.0
2025-06-17,107.87999725341795,108.04000091552734,107.6500015258789,107.97000122070312,105.98828887939452,27241300.0
2025-06-18,108.22000122070312,108.41999816894533,107.8499984741211,108.0500030517578,106.06681823730467,29762000.0
2025-06-20,107.86000061035156,108.30999755859376,107.72000122070312,108.13999938964844,106.15516662597656,20437500.0
2025-06-23,108.38999938964844,108.6999969482422,108.30999755859376,108.41000366210938,106.42021942138672,34072400.0
2025-06-24,108.27999877929688,109.0199966430664,108.2699966430664,108.91999816894533,106.92084503173828,38185300.0
2025-06-25,108.70999908447266,108.8499984741211,108.52999877929688,108.79000091552734,106.7932357788086,30675200.0
2025-06-26,108.91000366210938,109.1999969482422,108.69000244140624,109.19000244140624,107.18590545654295,31026000.0
2025-06-27,109.0,109.4000015258789,108.87999725341795,109.01000213623048,107.00920867919922,24704800.0
2025-06-30,109.37000274658205,109.72000122070312,109.23999786376952,109.61000061035156,107.59818267822266,40575000.0
2025-07-01,109.26000213623048,109.41000366210938,109.02999877929688,109.33999633789062,107.72823333740234,28691300.0
2025-07-02,108.9800033569336,109.31999969482422,108.9000015258789,109.31999969482422,107.7085418701172,24284500.0
2025-07-03,109.1500015258789,109.27999877929688,108.9800033569336,109.05999755859376,107.45236206054688,17340500.0
2025-07-07,108.86000061035156,108.86000061035156,108.29000091552734,108.41000366210938,106.81195068359376,18303300.0
2025-07-08,108.16000366210938,108.19000244140624,108.01000213623048,108.0999984741211,106.50651550292967,29374900.0
2025-07-09,108.3499984741211,108.73999786376952,108.25,108.72000122070312,107.11737823486328,33182900.0
2025-07-10,108.68000030517578,108.83999633789062,108.47000122070312,108.73999786376952,107.1370849609375,29758900.0
2025-07-11,108.26000213623048,108.29000091552734,108.0,108.08000183105467,106.48681640625,23776000.0
2025-07-14,108.0199966430664,108.19000244140624,107.86000061035156,108.0500030517578,106.45726013183594,18216500.0
2025-07-15,108.27999877929688,108.27999877929688,107.62000274658205,107.66000366210938,106.07300567626952,31329400.0
2025-07-16,107.91000366210938,108.0999984741211,107.33999633789062,107.83000183105467,106.2405014038086,41794100.0
2025-07-17,108.04000091552734,108.20999908447266,107.9499969482422,108.08999633789062,106.49666595458984,19396900.0
2025-07-18,108.38999938964844,108.43000030517578,108.16000366210938,108.29000091552734,106.6937255859375,17446200.0
2025-07-21,108.86000061035156,108.98999786376952,108.68000030517578,108.70999908447266,107.10752868652344,17147100.0
2025-07-22,108.76000213623048,109.02999877929688,108.72000122070312,108.97000122070312,107.36370086669922,19568700.0
2025-07-23,108.76000213623048,108.87999725341795,108.6500015258789,108.8000030517578,107.19620513916016,20810400.0
2025-07-24,108.44000244140624,108.86000061035156,108.41999816894533,108.63999938964844,107.0385513305664,23064800.0
2025-07-25,108.69000244140624,109.04000091552734,108.5999984741211,108.98999786376952,107.38339233398438,26008500.0
2025-07-28,108.86000061035156,108.94000244140624,108.7300033569336,108.7699966430664,107.16663360595705,21887900.0
2025-07-29,108.9499969482422,109.5,108.93000030517578,109.48999786376952,107.87602996826172,26131300.0
2025-07-30,109.08999633789062,109.4499969482422,108.9800033569336,109.08000183105467,107.47207641601562,23313300.0
2025-07-31,109.41000366210938,109.5,109.08999633789062,109.11000061035156,107.50163269042967,31745000.0
2025-08-01,109.31999969482422,109.6999969482422,109.12000274658205,109.62999725341795,108.4552993774414,46073800.0
2025-08-04,109.77999877929688,109.88999938964844,109.58000183105467,109.81999969482422,108.6432647705078,31779600.0
2025-08-05,109.62999725341795,109.93000030517578,109.61000061035156,109.9000015258789,108.722412109375,25922900.0
2025-08-06,109.6500015258789,109.91999816894533,109.2300033569336,109.87000274658205,108.6927261352539,31825300.0
2025-08-07,109.91000366210938,110.08000183105467,109.69000244140624,109.76000213623048,108.58390808105467,29018100.0
2025-08-08,109.63999938964844,109.63999938964844,109.38999938964844,109.41000366210938,108.23766326904295,16946300.0
2025-08-11,109.56999969482422,109.72000122070312,109.4499969482422,109.58000183105467,108.40583801269533,24444300.0
2025-08-12,109.38999938964844,109.6999969482422,109.2699966430664,109.68000030517578,108.50476837158205,26380500.0
2025-08-13,110.05999755859376,110.31999969482422,110.0500030517578,110.26000213623048,109.07855224609376,27701400.0
2025-08-14,110.0,110.05999755859376,109.75,109.87999725341795,108.7026138305664,18817700.0
2025-08-15,109.83999633789062,109.93000030517578,109.62999725341795,109.73999786376952,108.56411743164062,20932000.0
2025-08-18,109.81999969482422,109.83999633789062,109.44000244140624,109.54000091552734,108.36627197265624,19579900.0
2025-08-19,109.68000030517578,109.77999877929688,109.61000061035156,109.70999908447266,108.53443908691406,26744200.0
2025-08-20,109.66999816894533,109.87000274658205,109.58999633789062,109.76000213623048,108.58390808105467,25054700.0
2025-08-21,109.55999755859376,109.56999969482422,109.19000244140624,109.33999633789062,108.16840362548828,25157900.0
2025-08-22,109.6500015258789,110.30999755859376,109.55999755859376,110.1999969482422,109.0191879272461,34562900.0
2025-08-25,109.97000122070312,110.13999938964844,109.87999725341795,109.91000366210938,108.7322998046875,18983100.0
2025-08-26,109.88999938964844,110.01000213623048,109.66000366210938,109.98999786376952,108.81143951416016,23246400.0
2025-08-27,109.68000030517578,110.05999755859376,109.58999633789062,110.02999877929688,108.85101318359376,25171700.0
2025-08-28,110.08000183105467,110.30999755859376,110.0,110.1999969482422,109.0191879272461,26892700.0
2025-08-29,109.98999786376952,110.01000213623048,109.75,109.8000030517578,108.62348175048828,32201100.0
2025-09-02,108.87999725341795,109.08999633789062,108.80999755859376,109.0500030517578,108.2601318359375,31044800.0
2025-09-03,109.26000213623048,109.83000183105467,109.23999786376952,109.6999969482422,108.90541076660156,34520600.0
2025-09-04,110.08000183105467,110.45999908447266,109.97000122070312,110.4499969482422,109.64997863769533,43026600.0
2025-09-05,111.20999908447266,111.30999755859376,111.05999755859376,111.16999816894533,110.3647689819336,36249000.0
2025-09-08,111.51000213623048,111.62999725341795,111.41999816894533,111.55999755859376,110.75193786621094,28998000.0
2025-09-09,111.44000244140624,111.5500030517578,111.12000274658205,111.36000061035156,110.55339813232422,24412500.0
2025-09-10,111.58000183105467,111.98999786376952,111.5500030517578,111.69000244140624,110.8810043334961,30188100.0
2025-09-11,111.88999938964844,112.33000183105467,111.87000274658205,112.20999908447266,111.3972396850586,28405600.0
2025-09-12,111.97000122070312,112.04000091552734,111.70999908447266,112.01000213623048,111.19869232177734,26728500.0
2025-09-15,112.2300033569336,112.41999816894533,112.2300033569336,112.36000061035156,111.54615783691406,21863600.0
2025-09-16,112.29000091552734,112.4000015258789,112.16000366210938,112.26000213623048,111.4468765258789,28232600.0
2025-09-17,112.45999908447266,112.63999938964844,111.81999969482422,112.05999755859376,111.24832153320312,34969800.0
2025-09-18,111.72000122070312,111.87999725341795,111.5199966430664,111.83000183105467,111.0199966430664,37159300.0
2025-09-19,111.73999786376952,111.83999633789062,111.55999755859376,111.73999786376952,110.93063354492188,26845400.0
2025-09-22,111.63999938964844,111.6999969482422,111.43000030517578,111.48999786376952,110.68244934082033,25908600.0
2025-09-23,111.6500015258789,111.75,111.48999786376952,111.70999908447266,110.9008560180664,31575400.0
2025-09-24,111.48999786376952,111.5199966430664,111.16999816894533,111.26000213623048,110.4541244506836,34756700.0
2025-09-25,111.0,111.08000183105467,110.68000030517578,111.05999755859376,110.25556182861328,36991200.0
2025-09-26,111.1500015258789,111.38999938964844,110.98999786376952,111.20999908447266,110.40447998046876,31962100.0
2025-09-29,111.45999908447266,111.6999969482422,111.41999816894533,111.58000183105467,110.77180480957033,31961900.0
2025-09-30,111.6500015258789,111.86000061035156,111.37999725341795,111.47000122070312,110.66259765625,34939700.0
2025-10-01,111.44000244140624,111.51000213623048,111.2300033569336,111.51000213623048,111.10698699951172,30262700.0
2025-10-02,111.48999786376952,111.7300033569336,111.41000366210938,111.69000244140624,111.28633880615234,18259400.0
2025-10-03,111.69000244140624,111.7699966430664,111.4800033569336,111.5500030517578,111.1468505859375,19971200.0
2025-10-06,111.23999786376952,111.47000122070312,111.16000366210938,111.19000244140624,110.78814697265624,19553600.0
2025-10-07,111.33999633789062,111.48999786376952,111.16999816894533,111.4000015258789,110.99739074707033,29459500.0
2025-10-08,111.61000061035156,111.62000274658205,111.25,111.26000213623048,110.85789489746094,22462100.0
2025-10-09,111.16999816894533,111.20999908447266,110.9499969482422,111.04000091552734,110.63868713378906,29660700.0
2025-10-10,111.4800033569336,111.5500030517578,111.27999877929688,111.3499984741211,110.94756317138672,39146400.0
2025-10-13,111.4000015258789,111.8000030517578,111.33000183105467,111.7300033569336,111.3261947631836,11235900.0
2025-10-14,111.5199966430664,112.12999725341795,111.4800033569336,112.0999984741211,111.69485473632812,43975300.0
2025-10-15,112.26000213623048,112.5,111.91000366210938,112.0999984741211,111.69485473632812,45017200.0
2025-10-16,112.0500030517578,112.44000244140624,111.9800033569336,112.41999816894533,112.0136947631836,39858400.0
2025-10-17,112.29000091552734,112.31999969482422,112.11000061035156,112.1999969482422,111.79449462890624,35433500.0
2025-10-20,112.45999908447266,112.55999755859376,112.41999816894533,112.54000091552734,112.13327026367188,26361100.0
2025-10-21,112.81999969482422,112.88999938964844,112.5500030517578,112.55999755859376,112.15319061279295,27353800.0
2025-10-22,112.5500030517578,112.68000030517578,112.41000366210938,112.66999816894533,112.2627944946289,41003600.0
2025-10-23,112.5199966430664,112.69000244140624,112.45999908447266,112.52999877929688,112.12329864501952,27558500.0
2025-10-24,112.77999877929688,112.79000091552734,112.5500030517578,112.72000122070312,112.31261444091795,29474600.0
2025-10-27,112.70999908447266,112.93000030517578,112.5500030517578,112.91000366210938,112.5019302368164,23513400.0
2025-10-28,112.8499984741211,112.93000030517578,112.6999969482422,112.91999816894533,112.51189422607422,34236300.0
2025-10-29,112.86000061035156,112.88999938964844,112.19000244140624,112.27999877929688,111.87420654296876,36236000.0
2025-10-30,111.62000274658205,112.01000213623048,111.5199966430664,111.68000030517578,111.27637481689452,46045200.0
2025-10-31,111.77999877929688,111.77999877929688,111.19000244140624,111.2300033569336,110.8280029296875,57255300.0
2025-11-03,110.58999633789062,110.62000274658205,110.4000015258789,110.52999877929688,110.52999877929688,53372100.0
2025-11-04,110.45999908447266,110.95999908447266,110.4499969482422,110.68000030517578,110.68000030517578,62636700.0
2025-11-05,110.6500015258789,110.72000122070312,110.33000183105467,110.3499984741211,110.3499984741211,41211572.0
