Date,Open,High,Low,Close,Adj Close,Volume
2000-01-03,148.25,148.25,143.875,145.4375,91.88773345947266,8164300.0
2000-01-04,143.53125,144.0625,139.640625,139.75,88.29438018798828,8089800.0
2000-01-05,139.9375,141.53125,137.25,140.0,88.45233917236328,12177900.0
2000-01-06,139.625,141.5,137.75,137.75,87.03076934814453,6227200.0
2000-01-07,140.3125,145.75,140.0625,145.75,92.08523559570312,8066500.0
2000-01-10,146.25,146.90625,145.03125,146.25,92.40111541748048,5741700.0
2000-01-11,145.8125,146.09375,143.5,144.5,91.29544067382812,7503700.0
2000-01-12,144.59375,144.59375,142.875,143.0625,90.38721466064452,6907700.0
2000-01-13,144.46875,145.75,143.28125,145.0,91.61133575439452,5158300.0
2000-01-14,146.53125,147.46875,145.96875,146.96875,92.855224609375,7437300.0
2000-01-18,145.34375,146.625,145.1875,145.8125,92.12471771240234,6488500.0
2000-01-19,145.3125,147.0,145.0,147.0,92.87496185302734,6157900.0
2000-01-20,146.96875,146.96875,143.8125,144.75,91.45342254638672,5800100.0
2000-01-21,145.5,145.5,144.0625,144.4375,91.25596618652344,6244800.0
2000-01-24,145.65625,145.84375,139.40625,140.34375,88.66951751708984,7896900.0
2000-01-25,140.515625,141.9375,139.0,141.9375,89.67645263671875,9942500.0
2000-01-26,141.0,141.546875,140.09375,140.8125,88.9657211303711,5158100.0
2000-01-27,141.84375,142.21875,138.125,140.25,88.61028289794922,10922700.0
2000-01-28,139.4375,140.0625,135.53125,135.875,85.84617614746094,11916200.0
2000-01-31,135.8125,139.671875,135.0,139.5625,88.17594146728516,10768700.0
2000-02-01,139.75,141.6875,138.53125,140.9375,89.04467010498047,8419900.0
2000-02-02,141.28125,142.25,140.375,141.0625,89.12361907958984,6205900.0
2000-02-03,140.875,143.25,140.0,143.1875,90.46623229980467,7997500.0
2000-02-04,143.1875,144.0,142.125,142.59375,90.09110260009766,4925400.0
2000-02-07,142.5625,142.78125,141.4375,142.375,89.95286560058594,5845800.0
2000-02-08,143.96875,144.5625,143.625,144.3125,91.17701721191406,4936400.0
2000-02-09,144.46875,144.46875,141.265625,141.28125,89.2618637084961,8511500.0
2000-02-10,141.625,142.5625,140.875,141.5625,89.4395523071289,6690600.0
2000-02-11,141.84375,141.9375,138.03125,138.6875,87.62309265136719,9849800.0
2000-02-14,139.78125,139.78125,138.3125,139.5,88.13645935058594,8528800.0
2000-02-15,139.25,141.21875,137.796875,141.078125,89.13349914550781,11078300.0
2000-02-16,140.375,140.9375,138.796875,139.0,87.8205337524414,8845400.0
2000-02-17,140.4375,140.4375,138.21875,138.28125,87.3664321899414,7584200.0
2000-02-18,138.875,138.875,134.625,135.3125,85.49080657958984,9409200.0
2000-02-22,135.1875,136.34375,133.53125,134.96875,85.2735824584961,16415400.0
2000-02-23,135.625,137.46875,134.5,136.5625,86.28056335449219,12119000.0
2000-02-24,136.6875,137.03125,133.09375,133.8125,84.54304504394531,17375000.0
2000-02-25,135.1875,136.71875,133.125,133.328125,84.23699951171875,10559900.0
2000-02-28,133.375,136.6875,132.71875,136.125,86.00411987304688,13397800.0
2000-02-29,136.0625,137.4375,135.75,137.4375,86.8333511352539,8242500.0
2000-03-01,137.625,139.0,137.21875,138.4375,87.4651870727539,6868000.0
2000-03-02,138.6875,139.125,137.34375,138.53125,87.52437591552734,7600200.0
2000-03-03,140.4375,141.71875,139.71875,141.125,89.16310119628906,12770300.0
2000-03-06,140.8125,141.34375,138.75,139.75,88.29438018798828,11967100.0
2000-03-07,140.0,140.15625,135.21875,137.046875,86.58658599853516,20062000.0
2000-03-08,136.46875,137.84375,135.03125,136.875,86.47795867919922,11808500.0
2000-03-09,137.25,140.875,136.125,140.875,89.00518798828125,5500900.0
2000-03-10,140.1875,142.0,139.53125,140.125,88.5313491821289,7924600.0
2000-03-13,136.6875,140.46875,135.6875,138.59375,87.5638656616211,10540500.0
2000-03-14,139.28125,140.09375,136.15625,136.625,86.32003021240234,8263900.0
2000-03-15,136.875,140.4375,136.0625,139.8125,88.33387756347656,10300800.0
2000-03-16,141.625,146.84375,140.875,146.34375,92.46034240722656,25601400.0
2000-03-17,145.8125,148.0,145.4375,146.9375,93.07142639160156,10272900.0
2000-03-20,146.875,147.34375,144.78125,146.1875,92.59636688232422,12502300.0
2000-03-21,145.53125,149.75,144.5,149.1875,94.4966278076172,13612600.0
2000-03-22,149.5625,150.84375,148.6875,150.09375,95.0706024169922,8260000.0
2000-03-23,149.15625,153.46875,149.15625,152.65625,96.69369506835938,11654500.0
2000-03-24,152.875,155.75,151.71875,153.5625,97.26779174804688,11462900.0
2000-03-27,153.375,153.78125,151.8125,151.9375,96.23851776123048,8798600.0
2000-03-28,151.25,152.984375,150.59375,151.0625,95.68421936035156,6334400.0
2000-03-29,151.5625,152.484375,149.65625,151.21875,95.783203125,6747500.0
2000-03-30,150.15625,151.921875,147.125,148.6875,94.17989349365234,9491900.0
2000-03-31,149.625,152.3125,148.4375,150.375,95.24877166748048,9249100.0
2000-04-03,150.125,151.25,148.6875,151.25,95.802978515625,8508200.0
2000-04-04,151.75,153.0,141.390625,150.125,95.09040069580078,19585500.0
2000-04-05,147.875,150.8125,147.625,149.1875,94.4966278076172,8387200.0
2000-04-06,150.25,151.6875,149.0,150.484375,95.3179931640625,6378500.0
2000-04-07,151.5625,152.125,150.5,151.4375,95.9217300415039,6023600.0
2000-04-10,151.75,153.109375,150.3125,150.84375,95.54564666748048,9624200.0
2000-04-11,150.0,151.625,148.375,150.40625,95.2685317993164,9006400.0
2000-04-12,150.375,151.15625,146.15625,146.28125,92.65575408935548,10779200.0
2000-04-13,147.46875,148.15625,143.78125,144.25,91.36914825439452,12225800.0
2000-04-14,142.625,142.8125,133.5,136.0,86.14349365234375,29604000.0
2000-04-17,135.1875,140.75,134.6875,140.75,89.15220642089844,23918200.0
2000-04-18,140.5625,144.46875,139.78125,144.46875,91.50765991210938,11069200.0
2000-04-19,144.5,145.125,142.53125,143.125,90.6566162109375,6553700.0
2000-04-20,143.5625,143.9375,142.375,143.8125,91.09200286865234,8537600.0
2000-04-24,141.5,143.3125,140.5,142.25,90.10234832763672,12893100.0
2000-04-25,144.625,148.15625,144.4375,148.15625,93.84339141845705,14102000.0
2000-04-26,147.96875,148.75,146.0,146.484375,92.784423828125,7711100.0
2000-04-27,143.0,147.34375,143.0,146.0,92.47760009765624,15595300.0
2000-04-28,147.0,147.859375,145.0625,145.09375,91.9035415649414,8743400.0
2000-05-01,146.5625,148.484375,145.84375,147.0625,93.15061950683594,7328300.0
2000-05-02,145.5,147.125,144.125,144.125,91.28994750976562,9411900.0
2000-05-03,144.0,144.0,139.78125,140.75,89.15220642089844,12630700.0
2000-05-04,142.0,142.359375,140.75,141.8125,89.82518768310547,5963600.0
2000-05-05,141.0625,144.0,140.9375,143.53125,90.91388702392578,7862400.0
2000-05-08,142.75,143.375,141.84375,142.453125,90.23095703125,5064100.0
2000-05-09,143.0625,143.40625,140.265625,141.3125,89.50848388671875,5620300.0
2000-05-10,140.5,140.96875,137.75,138.125,87.48950958251953,10293900.0
2000-05-11,140.125,141.5,139.125,141.28125,89.4887466430664,7091100.0
2000-05-12,141.8125,143.46875,141.625,142.8125,90.45863342285156,5960800.0
2000-05-15,142.75,145.609375,142.0,145.28125,92.0223617553711,4441300.0
2000-05-16,146.5625,147.71875,145.3125,146.6875,92.91307067871094,8192200.0
2000-05-17,145.6875,146.1875,144.46875,145.15625,91.94315338134766,5907200.0
2000-05-18,145.625,146.3125,143.375,143.375,90.81490325927734,4325600.0
2000-05-19,142.5625,143.234375,140.40625,141.125,89.3897476196289,6518400.0
2000-05-22,141.25,141.46875,137.0,140.0625,88.71672821044922,10839400.0
2000-05-23,140.4375,140.8125,137.5625,138.0,87.41033935546875,7979200.0
2000-05-24,138.0,140.6875,136.5,140.25,88.8354721069336,11081500.0
2000-05-25,140.6875,141.8125,137.71875,137.84375,87.31135559082031,8278900.0
2000-05-26,138.8125,139.6875,137.328125,138.0,87.41033935546875,4814000.0
2000-05-30,140.0,142.9375,139.46875,142.5,90.26067352294922,5362700.0
2000-05-31,142.5625,144.0,142.09375,142.8125,90.45863342285156,6056500.0
2000-06-01,143.6875,145.4375,143.0,145.3125,92.04214477539062,8961600.0
2000-06-02,148.9375,149.09375,147.484375,147.84375,93.64541625976562,8962200.0
2000-06-05,147.46875,148.21875,146.875,147.125,93.19017791748048,6998100.0
2000-06-06,146.625,147.78125,145.90625,146.46875,92.77452850341795,4858900.0
2000-06-07,146.625,148.0,146.0,147.484375,93.41781616210938,4919500.0
2000-06-08,147.5,147.75,146.0625,146.90625,93.05162811279295,5723100.0
2000-06-09,147.5,147.96875,145.625,146.59375,92.8537368774414,3085300.0
2000-06-12,146.96875,146.96875,144.875,144.875,91.76504516601562,3678900.0
2000-06-13,144.8125,147.75,144.625,147.59375,93.4871063232422,6558700.0
2000-06-14,148.25,148.875,147.1875,147.84375,93.64541625976562,6420500.0
2000-06-15,148.125,148.75,146.84375,148.15625,93.84339141845705,5881200.0
2000-06-16,148.3125,148.3125,145.875,146.59375,93.07234191894533,5567900.0
2000-06-19,146.46875,149.15625,146.25,148.46875,94.26276397705078,5106900.0
2000-06-20,148.1875,148.875,147.0,147.9375,93.92547607421876,6480000.0
2000-06-21,146.9375,148.4375,146.890625,147.875,93.88573455810548,3115000.0
2000-06-22,147.5625,147.6875,145.0,145.625,92.45726776123048,7490500.0
2000-06-23,145.8125,146.125,143.875,144.375,91.66365051269533,4863300.0
2000-06-26,145.375,146.25,144.875,146.234375,92.8441162109375,5201300.0
2000-06-27,145.984375,146.71875,145.015625,145.15625,92.15962982177734,4159500.0
2000-06-28,145.625,146.984375,145.3125,145.5625,92.4176025390625,5347700.0
2000-06-29,144.75,145.75,143.515625,144.1875,91.5445327758789,6345700.0
2000-06-30,143.9375,145.59375,143.890625,145.28125,92.23902130126952,7420200.0
2000-07-03,145.4375,147.4375,145.1875,147.28125,93.5087890625,1436600.0
2000-07-05,146.375,146.65625,144.375,144.625,91.8223114013672,2748200.0
2000-07-06,144.9375,146.46875,144.21875,145.75,92.5366439819336,5963200.0
2000-07-07,146.6875,148.78125,146.25,148.09375,94.0246353149414,3034800.0
2000-07-10,147.875,148.90625,147.53125,147.84375,93.86591339111328,2816100.0
2000-07-11,147.46875,149.125,147.15625,148.15625,94.06434631347656,5431600.0
2000-07-12,149.28125,150.125,148.6875,149.125,94.67935180664062,5883000.0
2000-07-13,149.984375,150.375,149.1875,149.78125,95.0960693359375,5356000.0
2000-07-14,150.4375,151.25,149.671875,151.25,96.0285873413086,5341900.0
2000-07-17,150.984375,151.984375,150.6875,151.0,95.8697738647461,4208300.0
2000-07-18,150.625,150.625,149.34375,149.765625,95.08612060546876,4262100.0
2000-07-19,149.46875,149.90625,148.25,148.5625,94.32223510742188,8506800.0
2000-07-20,149.0,150.625,148.8125,150.625,95.63172912597656,4538900.0
2000-07-21,149.75,149.75,147.6875,147.6875,93.7667465209961,5656900.0
2000-07-24,148.125,148.859375,146.5625,146.84375,93.23101043701172,5628500.0
2000-07-25,147.75,147.84375,146.78125,147.3125,93.52864837646484,4757100.0
2000-07-26,146.96875,147.15625,145.640625,145.875,92.61592864990234,12062500.0
2000-07-27,145.9375,146.625,144.6875,145.375,92.29854583740234,7652600.0
2000-07-28,145.71875,145.90625,141.515625,142.09375,90.21527862548828,6229500.0
2000-07-31,142.9375,144.125,142.0625,143.0,90.7906265258789,5265500.0
2000-08-01,143.625,144.71875,143.125,143.875,91.34620666503906,3946600.0
2000-08-02,143.875,145.40625,143.625,144.59375,91.80249786376952,7439800.0
2000-08-03,142.875,145.8125,142.625,145.59375,92.43739318847656,4607100.0
2000-08-04,146.3125,146.71875,145.40625,146.375,92.93344116210938,3686600.0
2000-08-07,146.71875,148.4375,146.375,148.125,94.04452514648438,4159800.0
2000-08-08,147.5,148.8125,147.5,148.6875,94.40159606933594,3658700.0
2000-08-09,149.140625,149.21875,147.375,147.4375,93.60798645019533,5383800.0
2000-08-10,147.53125,147.859375,146.28125,146.71875,93.15169525146484,4193400.0
2000-08-11,146.625,148.0,145.5625,147.40625,93.58814239501952,5089400.0
2000-08-14,147.78125,149.5625,147.0625,149.28125,94.77859497070312,2966700.0
2000-08-15,149.34375,149.8125,148.5625,149.15625,94.69925689697266,5564600.0
2000-08-16,149.3125,149.9375,147.84375,148.625,94.36196899414062,5191600.0
2000-08-17,148.6875,150.4375,148.34375,150.1875,95.35401153564452,5652200.0
2000-08-18,150.375,150.375,149.21875,149.6875,95.03653717041016,4626400.0
2000-08-21,150.03125,150.71875,149.40625,150.5,95.55238342285156,2380600.0
2000-08-22,150.5625,151.3125,150.09375,150.25,95.39366912841795,3075300.0
2000-08-23,149.8125,151.28125,149.28125,150.84375,95.7706298828125,5483200.0
2000-08-24,151.15625,151.5,150.5,151.3125,96.06829833984376,4529000.0
2000-08-25,151.15625,151.625,150.9375,151.25,96.0285873413086,2822200.0
2000-08-28,151.25,152.90625,151.25,151.765625,96.3559341430664,5518700.0
2000-08-29,151.4375,151.875,150.90625,151.796875,96.37574768066406,3561900.0
2000-08-30,151.3125,151.5,150.34375,150.34375,95.45320892333984,3964800.0
2000-08-31,151.0625,153.09375,150.90625,152.34375,96.72298431396484,4863100.0
2000-09-01,153.25,153.59375,152.0,152.5,96.82218170166016,3191200.0
2000-09-05,151.875,152.203125,150.8125,151.28125,96.0483856201172,3470800.0
2000-09-06,151.1875,151.953125,149.53125,149.5625,94.9571533203125,4322200.0
2000-09-07,150.25,151.078125,149.828125,150.84375,95.7706298828125,4265500.0
2000-09-08,150.28125,150.5,149.328125,149.8125,95.1158676147461,3518200.0
2000-09-11,149.75,151.1875,148.6875,149.59375,94.97699737548828,3937500.0
2000-09-12,149.75,150.25,148.4375,148.5,94.2825927734375,4769100.0
2000-09-13,148.0,149.34375,147.65625,148.890625,94.53058624267578,7691600.0
2000-09-14,149.875,149.9375,148.15625,149.640625,95.0067901611328,3397100.0
2000-09-15,148.1875,148.25,146.0,146.0,92.9282684326172,4085700.0
2000-09-18,146.375,146.96875,144.203125,144.65625,92.07293701171876,5109300.0
2000-09-19,145.125,146.3125,144.703125,145.96875,92.90828704833984,6588200.0
2000-09-20,145.6875,146.03125,143.15625,144.890625,92.22209167480467,6508100.0
2000-09-21,144.46875,145.5625,142.625,142.6875,90.81980895996094,5972300.0
2000-09-22,142.625,145.3125,142.421875,145.28125,92.47076416015624,7791300.0
2000-09-25,145.9375,146.0625,143.71875,144.25,91.81437683105467,9726300.0
2000-09-26,144.375,145.0,142.40625,142.40625,90.64083862304688,5302400.0
2000-09-27,143.5625,143.96875,142.125,143.15625,91.1182098388672,7186200.0
2000-09-28,143.1875,146.328125,142.890625,145.0,92.29170989990234,7036400.0
2000-09-29,145.46875,145.96875,143.625,143.625,91.41649627685548,9333600.0
2000-10-02,144.28125,144.90625,143.140625,143.84375,91.55577850341795,5517800.0
2000-10-03,144.53125,145.75,142.28125,142.5,90.70046997070312,9347200.0
2000-10-04,142.875,144.25,141.75,143.6875,91.4563217163086,6148900.0
2000-10-05,143.40625,144.84375,143.3125,144.1875,91.77458953857422,4566900.0
2000-10-06,143.875,144.640625,139.75,141.0625,89.78553009033203,10014900.0
2000-10-09,141.3125,141.3125,139.375,140.0,89.10929107666016,4508000.0
2000-10-10,140.09375,141.25,137.6875,137.6875,87.63731384277344,6104700.0
2000-10-11,137.625,138.625,135.125,136.53125,86.90142059326172,10346000.0
2000-10-12,137.28125,137.59375,132.78125,133.125,84.73335266113281,12336900.0
2000-10-13,132.9375,137.65625,132.875,137.5625,87.55778503417969,11778800.0
2000-10-16,137.40625,138.234375,136.6875,138.1875,87.95558166503906,5659000.0
2000-10-17,138.4375,138.5625,134.40625,134.75,85.76770782470703,7831700.0
2000-10-18,132.625,136.125,130.15625,134.25,85.4493637084961,10897300.0
2000-10-19,136.84375,139.453125,136.4375,139.3125,88.67170715332031,8767300.0
2000-10-20,138.375,141.1875,138.375,139.90625,89.04954528808594,7373500.0
2000-10-23,139.9375,141.03125,138.9375,140.53125,89.4473648071289,5290000.0
2000-10-24,140.96875,141.9375,139.0,139.59375,88.85070037841797,5750700.0
2000-10-25,138.75,139.5625,136.125,136.3125,86.76219940185547,9137600.0
2000-10-26,137.125,137.65625,134.03125,136.6875,87.00081634521484,9345800.0
2000-10-27,137.875,139.28125,136.625,139.28125,88.65174102783203,9762900.0
2000-10-30,138.4375,141.09375,138.15625,140.53125,89.4473648071289,10154100.0
2000-10-31,141.015625,143.6875,140.0625,142.953125,90.9889144897461,7752400.0
2000-11-01,142.25,143.25,141.21875,142.46875,90.68063354492188,6753600.0
2000-11-02,143.15625,143.90625,142.515625,142.703125,90.82976531982422,11395100.0
2000-11-03,143.46875,143.75,142.375,142.78125,90.87947845458984,5187100.0
2000-11-06,143.15625,144.296875,143.03125,143.78125,91.51595306396484,4042500.0
2000-11-07,143.140625,144.0,142.5625,143.75,91.49613189697266,5231300.0
2000-11-08,144.0625,144.0625,140.5625,140.5625,89.46725463867188,6123300.0
2000-11-09,140.0,141.21875,137.25,140.03125,89.12915802001953,10635300.0
2000-11-10,139.0,139.46875,136.53125,136.625,86.96109008789062,8569500.0
2000-11-13,135.625,136.984375,133.015625,135.5625,86.28482055664062,17285300.0
2000-11-14,137.46875,139.625,137.0,139.125,88.55232238769531,7668900.0
2000-11-15,139.0625,140.109375,137.75,139.5625,88.83079528808594,8837700.0
2000-11-16,138.578125,139.875,137.3125,137.375,87.43846130371094,6684100.0
2000-11-17,137.3125,139.0,135.75,136.640625,86.9710464477539,6551100.0
2000-11-20,135.75,136.375,134.3125,134.6875,85.72789001464844,5458500.0
2000-11-21,134.875,136.1875,133.515625,135.375,86.16545867919922,7684300.0
2000-11-22,134.34375,134.875,132.125,132.140625,84.10678100585938,5736900.0
2000-11-24,133.625,134.96875,133.625,134.84375,85.82734680175781,3411600.0
2000-11-27,136.46875,136.6875,135.3125,136.03125,86.58319091796875,5992000.0
2000-11-28,135.125,136.59375,133.640625,133.6875,85.09140014648438,5336100.0
2000-11-29,134.375,135.90625,133.265625,133.4375,84.9322509765625,6914100.0
2000-11-30,132.5,133.5,129.75,132.28125,84.19629669189453,11201600.0
2000-12-01,133.1875,134.0625,131.0,132.21875,84.15652465820312,7587200.0
2000-12-04,131.875,133.875,131.5,133.34375,84.8725814819336,6996600.0
2000-12-05,134.875,138.25,134.40625,137.71875,87.6572265625,8883400.0
2000-12-06,137.78125,138.34375,135.03125,135.515625,86.25496673583984,12888000.0
2000-12-07,134.875,135.875,133.65625,133.65625,85.07150268554688,6529100.0
2000-12-08,137.0625,139.46875,133.875,133.96875,85.27039337158203,10276300.0
2000-12-11,137.375,139.5625,136.71875,138.625,88.23408508300781,6405600.0
2000-12-12,138.1875,138.8125,137.375,138.03125,87.85612487792969,5022900.0
2000-12-13,139.25,139.40625,136.03125,136.140625,86.65277862548828,6070500.0
2000-12-14,135.875,136.5,134.03125,134.40625,85.54881286621094,7678400.0
2000-12-15,133.125,133.125,130.5625,130.96875,83.61661529541016,9065300.0
2000-12-18,132.0625,133.46875,131.765625,132.71875,84.73387145996094,7235400.0
2000-12-19,132.46875,134.96875,130.015625,130.015625,83.00809478759766,9616600.0
2000-12-20,128.625,128.9375,126.09375,126.25,80.60393524169922,9994300.0
2000-12-21,126.0,128.859375,125.53125,127.125,81.16259002685547,14331500.0
2000-12-22,129.0,131.109375,128.84375,130.9375,83.59663391113281,10182900.0
2000-12-26,130.84375,132.34375,130.28125,132.34375,84.4945068359375,4665300.0
2000-12-27,131.75,133.734375,131.25,133.3125,85.11299133300781,4854100.0
2000-12-28,132.8125,133.875,132.59375,133.71875,85.372314453125,8358700.0
2000-12-29,134.0625,134.28125,131.1875,131.1875,83.75624084472656,8774600.0
2001-01-02,132.0,132.15625,127.5625,128.8125,82.23995208740234,8737500.0
2001-01-03,128.3125,136.0,127.65625,135.0,86.1903305053711,19431600.0
2001-01-04,134.9375,135.46875,133.0,133.546875,85.26258850097656,9219000.0
2001-01-05,133.46875,133.625,129.1875,129.1875,82.47935485839844,12911400.0
2001-01-08,129.875,130.1875,127.6875,130.1875,83.1178207397461,6625300.0
2001-01-09,131.046875,131.5,129.421875,129.84375,82.89834594726562,5702400.0
2001-01-10,129.0,132.125,128.8125,132.125,84.35476684570312,8746100.0
2001-01-11,131.09375,133.484375,131.09375,132.25,84.43460845947266,7245100.0
2001-01-12,132.6875,133.71875,131.28125,132.0,84.27499389648438,7244000.0
2001-01-16,132.0,133.1875,131.515625,132.84375,84.81369018554688,8542200.0
2001-01-17,134.84375,135.046875,132.640625,133.453125,85.20274353027344,7851400.0
2001-01-18,133.4375,135.703125,132.9375,134.78125,86.0506820678711,8107000.0
2001-01-19,136.1875,136.1875,133.875,134.015625,85.56183624267578,7782500.0
2001-01-22,134.25,135.78125,133.5625,134.90625,86.13050079345703,7050900.0
2001-01-23,134.46875,136.65625,134.15625,135.96875,86.8088607788086,8463100.0
2001-01-24,136.25,137.3125,135.84375,136.375,87.06822204589844,6199900.0
2001-01-25,136.25,137.25,135.65625,136.03125,86.84872436523438,10818300.0
2001-01-26,135.15625,136.125,134.453125,135.875,86.74897003173828,7136800.0
2001-01-29,135.5,136.89999389648438,135.3699951171875,136.60000610351562,87.21183776855469,6705900.0
2001-01-30,136.3000030517578,137.9199981689453,135.7899932861328,137.8000030517578,87.97795867919922,7069100.0
2001-01-31,137.39999389648438,138.6999969482422,136.60000610351562,137.02000427246094,87.47998809814453,9706900.0
2001-02-01,137.10000610351562,137.9499969482422,136.25,137.92999267578125,88.06098937988281,8239100.0
2001-02-02,137.39999389648438,137.99000549316406,134.75,134.8000030517578,86.0625991821289,8276600.0
2001-02-05,134.8000030517578,135.94000244140625,134.75,135.7899932861328,86.69468688964844,4352900.0
2001-02-06,135.3000030517578,136.6999969482422,135.22000122070312,135.38999938964844,86.4393539428711,7106700.0
2001-02-07,134.72000122070312,135.39999389648438,133.67999267578125,134.69000244140625,85.99237823486328,5748700.0
2001-02-08,134.8000030517578,135.39999389648438,133.10000610351562,133.1199951171875,84.99004364013672,5943300.0
2001-02-09,133.35000610351562,133.35000610351562,131.25999450683594,131.83999633789062,84.17281341552734,9913000.0
2001-02-12,131.6999969482422,133.5,131.6999969482422,133.35000610351562,85.1368637084961,5804400.0
2001-02-13,133.6999969482422,134.1699981689453,132.0,132.25999450683594,84.44097137451172,6587600.0
2001-02-14,132.64999389648438,132.64999389648438,130.66000366210938,132.05999755859375,84.31330871582031,8400100.0
2001-02-15,132.83999633789062,133.52000427246094,131.99000549316406,133.33999633789062,85.13053131103516,5929800.0
2001-02-16,131.0,131.2899932861328,129.3000030517578,130.39999389648438,83.2535171508789,6434900.0
2001-02-20,131.0399932861328,131.13999938964844,128.10000610351562,128.38999938964844,81.97016143798828,5760000.0
2001-02-21,127.9000015258789,128.83999633789062,125.5,125.62000274658205,80.20169830322266,10910800.0
2001-02-22,126.3499984741211,126.54000091552734,123.0199966430664,125.80999755859376,80.32299041748047,21281600.0
2001-02-23,125.08000183105467,125.54000091552734,121.8000030517578,124.95999908447266,79.78034973144531,20173000.0
2001-02-26,125.8000030517578,127.62000274658205,124.5,127.62000274658205,81.47859954833984,11503700.0
2001-02-27,126.8000030517578,127.83999633789062,125.51000213623048,126.44000244140624,80.72521209716797,11415000.0
2001-02-28,126.75,126.83999633789062,123.2699966430664,123.9499969482422,79.1355209350586,14825800.0
2001-03-01,124.0500030517578,124.5999984741211,121.75,124.5999984741211,79.55047607421875,14672000.0
2001-03-02,122.5,125.6500015258789,122.3000030517578,123.61000061035156,78.91844177246094,12564300.0
2001-03-05,124.1500015258789,124.77999877929688,123.80999755859376,124.73999786376952,79.6398696899414,5293200.0
2001-03-06,126.3499984741211,127.75,125.48999786376952,126.08000183105467,80.49539184570312,6917000.0
2001-03-07,126.9000015258789,127.04000091552734,125.76000213623048,126.9800033569336,81.07000732421875,6371700.0
2001-03-08,126.5999984741211,127.23999786376952,126.13999938964844,127.12000274658205,81.15936279296875,6055000.0
2001-03-09,126.0999984741211,126.0999984741211,123.11000061035156,123.36000061035156,78.75882720947266,10020300.0
2001-03-12,122.33999633789062,122.5,117.75,118.08000183105467,75.3878173828125,13972900.0
2001-03-13,119.4000015258789,120.44000244140624,117.52999877929688,120.0199966430664,76.62640380859375,12888000.0
2001-03-14,117.0500030517578,119.29000091552734,115.75,117.6500015258789,75.11326599121094,19883400.0
2001-03-15,118.4499969482422,118.86000061035156,117.36000061035156,117.68000030517578,75.1324462890625,10370300.0
2001-03-16,117.12999725341795,117.4000015258789,114.80999755859376,115.01000213623048,73.6254653930664,58514600.0
2001-03-19,115.76000213623048,117.69000244140624,114.81999969482422,117.3499984741211,75.12349700927734,10067800.0
2001-03-20,117.9000015258789,118.45999908447266,114.11000061035156,114.1999969482422,73.10697937011719,15083900.0
2001-03-21,114.18000030517578,115.26000213623048,111.9000015258789,112.26000213623048,71.86505126953125,19004600.0
2001-03-22,112.0199966430664,112.5999984741211,108.04000091552734,111.12000274658205,71.13524627685547,28624800.0
2001-03-23,113.25,114.66000366210938,111.5,114.4800033569336,73.28619384765625,12861700.0
2001-03-26,115.6999969482422,116.2699966430664,114.7699966430664,115.94000244140624,74.22085571289062,9943800.0
2001-03-27,115.62000274658205,118.6500015258789,115.27999877929688,118.30999755859376,75.73804473876953,12880700.0
2001-03-28,116.9000015258789,116.9499969482422,114.9000015258789,115.04000091552734,73.64466857910156,10953300.0
2001-03-29,114.6999969482422,116.5,112.13999938964844,115.4800033569336,73.92638397216797,12060300.0
2001-03-30,115.5500030517578,116.69000244140624,114.5,116.69000244140624,74.70098114013672,9183600.0
2001-04-02,116.3000030517578,117.37999725341795,113.8000030517578,114.1999969482422,73.10697937011719,10561000.0
2001-04-03,113.9800033569336,114.1500015258789,110.05999755859376,110.38999938964844,70.66793060302734,12836000.0
2001-04-04,110.56999969482422,112.0999984741211,109.3000030517578,110.8499984741211,70.9623794555664,14884300.0
2001-04-05,113.3000030517578,115.48999786376952,112.5,115.0500030517578,73.6511001586914,21522800.0
2001-04-06,113.98999786376952,114.4000015258789,112.05999755859376,113.3000030517578,72.53080749511719,14937800.0
2001-04-09,114.0,114.98999786376952,112.77999877929688,114.55999755859376,73.33740997314453,9034300.0
2001-04-10,115.4499969482422,117.75,115.16999816894533,116.6500015258789,74.67535400390625,17873600.0
2001-04-11,118.77999877929688,118.98999786376952,116.13999938964844,116.7300033569336,74.72653198242188,12722300.0
2001-04-12,116.3000030517578,118.94000244140624,115.95999908447266,118.8499984741211,76.08367156982422,9233200.0
2001-04-16,118.29000091552734,118.88999938964844,116.91000366210938,117.5999984741211,75.28348541259766,7350000.0
2001-04-17,117.30999755859376,119.66000366210938,117.0199966430664,119.26000213623048,76.34619140625,10924700.0
2001-04-18,121.05999755859376,126.0,120.69000244140624,124.0,79.38056945800781,32481600.0
2001-04-19,124.25,125.83999633789062,123.58000183105467,125.6500015258789,80.43684387207031,13809900.0
2001-04-20,124.9000015258789,125.4000015258789,123.66000366210938,124.5,79.7006607055664,7626700.0
2001-04-23,123.6500015258789,123.88999938964844,121.91000366210938,122.23999786376952,78.25389099121094,8451800.0
2001-04-24,122.5199966430664,123.6500015258789,121.0999984741211,121.58000183105467,77.83137512207031,10044700.0
2001-04-25,121.41999816894533,123.66999816894533,120.9499969482422,123.16999816894533,78.8492202758789,8249000.0
2001-04-26,123.7300033569336,125.22000122070312,123.5,123.72000122070312,79.20132446289062,10590400.0
2001-04-27,124.91999816894533,125.83999633789062,124.1999969482422,125.77999877929688,80.52008056640625,7938700.0
2001-04-30,126.4499969482422,127.2699966430664,124.66999816894533,126.66000366210938,81.08341217041016,10766900.0
2001-05-01,125.06999969482422,127.1500015258789,124.5999984741211,127.0500030517578,81.33308410644531,10578000.0
2001-05-02,127.41000366210938,127.69000244140624,126.0,126.81999969482422,81.18582153320312,9572900.0
2001-05-03,126.12999725341795,126.1500015258789,124.22000122070312,125.20999908447266,80.1551742553711,9926200.0
2001-05-04,123.6500015258789,127.3499984741211,123.44000244140624,127.33999633789062,81.51873016357422,12145300.0
2001-05-07,126.86000061035156,127.37999725341795,126.2300033569336,126.23999786376952,80.81456756591797,7185200.0
2001-05-08,126.86000061035156,127.0999984741211,125.55999755859376,126.18000030517578,80.77613830566406,6952600.0
2001-05-09,125.25,126.5500030517578,125.05999755859376,125.6500015258789,80.43684387207031,9507400.0
2001-05-10,127.26000213623048,127.5,125.7699966430664,126.0199966430664,80.6737289428711,6872400.0
2001-05-11,126.0,126.48999786376952,124.4000015258789,125.1500015258789,80.11678314208984,7734400.0
2001-05-14,124.9000015258789,125.44000244140624,124.45999908447266,125.4000015258789,80.27680206298828,7914000.0
2001-05-15,125.5500030517578,126.5,124.8499984741211,125.9800033569336,80.64811706542969,9782200.0
2001-05-16,124.83999633789062,129.1999969482422,124.62000274658205,128.9499969482422,82.54939270019531,14909000.0
2001-05-17,129.0,130.0800018310547,128.55999755859375,129.14999389648438,82.67745208740234,11824600.0
2001-05-18,129.08999633789062,129.74000549316406,128.10000610351562,129.74000549316406,83.05510711669922,6683100.0
2001-05-21,129.83999633789062,131.83999633789062,129.14999389648438,131.64999389648438,84.27783966064453,11531500.0
2001-05-22,131.8300018310547,132.08999633789062,131.07000732421875,131.47999572753906,84.16900634765625,8342700.0
2001-05-23,131.0500030517578,131.0500030517578,129.25,129.25,82.74144744873047,12330800.0
2001-05-24,129.47000122070312,130.0,128.5500030517578,129.6300048828125,82.98472595214844,7902800.0
2001-05-25,129.64999389648438,129.6999969482422,127.9000015258789,128.10000610351562,82.00526428222656,7425000.0
2001-05-29,128.22000122070312,128.35000610351562,126.9000015258789,127.08000183105467,81.352294921875,9003900.0
2001-05-30,126.58999633789062,127.08999633789062,125.0,125.3000030517578,80.2127456665039,10041800.0
2001-05-31,125.43000030517578,126.76000213623048,125.26000213623048,125.9499969482422,80.62889099121094,9874200.0
2001-06-01,126.1999969482422,127.0999984741211,125.12000274658205,126.7300033569336,81.12823486328125,8848300.0
2001-06-04,126.8000030517578,127.43000030517578,126.08000183105467,127.33999633789062,81.51873016357422,5623500.0
2001-06-05,127.48999786376952,129.22999572753906,127.2699966430664,128.8000030517578,82.45339965820312,9115400.0
2001-06-06,128.8300018310547,128.8300018310547,127.36000061035156,127.7300033569336,81.76842498779297,12064900.0
2001-06-07,127.0500030517578,128.35000610351562,127.0,128.19000244140625,82.06287384033203,7355300.0
2001-06-08,127.6999969482422,127.87000274658205,126.13999938964844,127.0,81.30109405517578,8170600.0
2001-06-11,126.70999908447266,126.98999786376952,125.41000366210938,126.0999984741211,80.72492980957031,7012200.0
2001-06-12,124.86000061035156,126.73999786376952,124.04000091552734,125.87999725341795,80.58412170410156,9364400.0
2001-06-13,126.16999816894533,126.58000183105467,124.6500015258789,124.8000030517578,79.89271545410156,7629400.0
2001-06-14,124.18000030517578,124.3000030517578,121.75,122.0,78.10025787353516,12603000.0
2001-06-15,120.91000366210938,122.4000015258789,120.4000015258789,121.8499984741211,78.2260513305664,16821100.0
2001-06-18,121.6500015258789,122.44000244140624,120.91000366210938,121.26000213623048,77.8472900390625,11368300.0
2001-06-19,122.37999725341795,122.88999938964844,120.88999938964844,121.79000091552734,78.18757629394531,7732300.0
2001-06-20,121.19000244140624,122.86000061035156,121.0999984741211,122.43000030517578,78.59842681884766,8787200.0
2001-06-21,122.22000122070312,124.30999755859376,122.1500015258789,123.81999969482422,79.49077606201172,12259100.0
2001-06-22,123.48999786376952,123.58999633789062,122.16000366210938,122.8499984741211,78.8680419921875,12212000.0
2001-06-25,123.27999877929688,123.44000244140624,121.5,121.72000122070312,78.1426010131836,8406800.0
2001-06-26,120.9000015258789,122.38999938964844,120.56999969482422,121.5500030517578,78.03350067138672,8005800.0
2001-06-27,121.5999984741211,122.23999786376952,120.91000366210938,121.4800033569336,77.98854064941406,10105100.0
2001-06-28,122.0,123.94000244140624,121.93000030517578,122.1500015258789,78.41868591308594,10269300.0
2001-06-29,122.8000030517578,124.01000213623048,122.26000213623048,122.5999984741211,78.70760345458984,9824200.0
2001-07-02,122.8000030517578,124.31999969482422,122.62000274658205,124.12999725341795,79.68978118896484,8522200.0
2001-07-03,123.9800033569336,124.0999984741211,123.0500030517578,124.0999984741211,79.6705551147461,3303100.0
2001-07-05,123.06999969482422,123.6500015258789,121.66000366210938,121.68000030517578,78.11693572998047,5517900.0
2001-07-06,121.30999755859376,121.48999786376952,119.0500030517578,119.0500030517578,76.42851257324219,11665900.0
2001-07-09,119.48999786376952,120.54000091552734,119.1999969482422,119.6999969482422,76.84579467773438,8339300.0
2001-07-10,120.29000091552734,120.63999938964844,118.20999908447266,118.26000213623048,75.92135620117188,8630700.0
2001-07-11,118.0999984741211,118.88999938964844,117.08999633789062,118.37999725341795,75.99835968017578,15328600.0
2001-07-12,119.5,121.47000122070312,119.30999755859376,121.19000244140624,77.80235290527344,12002800.0
2001-07-13,120.83999633789062,122.31999969482422,120.62000274658205,122.23999786376952,78.47645568847656,10433800.0
2001-07-16,121.7699966430664,122.27999877929688,120.29000091552734,120.70999908447266,77.49421691894531,6915300.0
2001-07-17,120.1999969482422,121.9499969482422,119.83000183105467,121.83999633789062,78.2196273803711,7469800.0
2001-07-18,120.55999755859376,121.63999938964844,120.05999755859376,121.01000213623048,77.68680572509766,7709300.0
2001-07-19,122.18000030517578,122.9800033569336,120.76000213623048,122.06999969482422,78.3673095703125,10082900.0
2001-07-20,121.1500015258789,121.94000244140624,120.91999816894533,121.33999633789062,77.898681640625,6705800.0
2001-07-23,121.8000030517578,121.87999725341795,118.9499969482422,118.9499969482422,76.36431884765625,8065200.0
2001-07-24,119.0,119.1999969482422,116.75,117.8000030517578,75.62605285644531,12269000.0
2001-07-25,117.91999816894533,119.4800033569336,117.45999908447266,119.0999984741211,76.46057891845703,12088500.0
2001-07-26,119.05999755859376,120.8499984741211,118.55999755859376,120.3499984741211,77.26311492919922,12898200.0
2001-07-27,120.83000183105467,121.3499984741211,119.91000366210938,120.80999755859376,77.55842590332031,8478800.0
2001-07-30,121.19000244140624,121.3499984741211,120.3000030517578,120.8499984741211,77.58406066894531,8547700.0
2001-07-31,121.0,122.68000030517578,120.8000030517578,121.3499984741211,77.90511322021484,11918100.0
2001-08-01,121.97000122070312,122.6999969482422,121.5500030517578,122.11000061035156,78.39297485351562,11940800.0
2001-08-02,123.2300033569336,123.25,121.88999938964844,122.61000061035156,78.7139892578125,11070100.0
2001-08-03,122.36000061035156,122.36000061035156,120.9000015258789,121.94000244140624,78.28384399414062,10816300.0
2001-08-06,121.3499984741211,121.51000213623048,120.0999984741211,120.3000030517578,77.23101043701172,8550100.0
2001-08-07,120.2699966430664,121.1999969482422,119.91000366210938,120.7699966430664,77.5327377319336,8865100.0
2001-08-08,120.12000274658205,121.16000366210938,118.43000030517578,118.52999877929688,76.09467315673828,15183800.0
2001-08-09,118.6999969482422,118.97000122070312,117.86000061035156,118.87999725341795,76.31936645507812,14118500.0
2001-08-10,118.8000030517578,119.83999633789062,117.33999633789062,119.29000091552734,76.58259582519531,11173300.0
2001-08-13,119.5999984741211,119.8499984741211,118.80999755859376,119.31999969482422,76.60186004638672,7431600.0
2001-08-14,120.13999938964844,120.3499984741211,118.8000030517578,119.2699966430664,76.56975555419922,13178100.0
2001-08-15,119.2300033569336,119.61000061035156,118.08000183105467,118.23999786376952,75.90850067138672,8520600.0
2001-08-16,117.8000030517578,118.75,117.0,118.6500015258789,76.17172241210938,10734700.0
2001-08-17,117.6500015258789,117.87000274658205,116.01000213623048,116.75,74.95191192626953,11604600.0
2001-08-20,116.8000030517578,117.9000015258789,116.5500030517578,117.83000183105467,75.64529418945312,10417400.0
2001-08-21,117.8000030517578,118.54000091552734,115.8000030517578,115.81999969482422,74.35490417480469,14480800.0
2001-08-22,116.75,117.43000030517578,115.77999877929688,117.0199966430664,75.12528991699219,11752300.0
2001-08-23,116.95999908447266,117.5199966430664,116.48999786376952,116.5999984741211,74.85562896728516,8744100.0
2001-08-24,117.20999908447266,119.12999725341795,116.73999786376952,119.0199966430664,76.40924072265625,11687700.0
2001-08-27,118.97000122070312,119.1999969482422,118.26000213623048,118.30999755859376,75.95344543457031,7425100.0
2001-08-28,118.27999877929688,118.48999786376952,116.58000183105467,116.58000183105467,74.84280395507812,12046600.0
2001-08-29,117.12999725341795,117.18000030517578,115.16999816894533,115.54000091552734,74.17517852783203,16180000.0
2001-08-30,114.8499984741211,115.73999786376952,112.04000091552734,113.31999969482422,72.74993896484375,17692600.0
2001-08-31,113.4000015258789,114.7699966430664,113.12999725341795,114.1500015258789,73.28275299072266,15985400.0
2001-09-04,113.8499984741211,116.16999816894533,113.37000274658205,113.41999816894533,72.81411743164062,24473400.0
2001-09-05,113.6999969482422,114.19000244140624,111.9499969482422,113.6999969482422,72.9938735961914,21477100.0
2001-09-06,112.6500015258789,113.3000030517578,110.7699966430664,110.7699966430664,71.1128921508789,21653000.0
2001-09-07,110.0199966430664,111.25,108.62999725341795,108.72000122070312,69.79681396484375,33133900.0
2001-09-10,107.6999969482422,110.3499984741211,107.6999969482422,110.0500030517578,70.65061950683594,23408700.0
2001-09-17,101.0,106.4000015258789,100.0,104.3000030517578,66.9592056274414,32388700.0
2001-09-18,104.33000183105467,105.3000030517578,103.36000061035156,104.0500030517578,66.79872131347656,22029200.0
2001-09-19,104.0999984741211,104.5,98.55999755859376,101.9499969482422,65.4505386352539,42771800.0
2001-09-20,100.4000015258789,101.80999755859376,98.55999755859376,98.70999908447266,63.3704833984375,36210900.0
2001-09-21,94.27999877929688,98.98999786376952,93.8000030517578,97.27999877929688,62.68681335449219,49782100.0
2001-09-24,99.72000122070312,101.16000366210938,99.05999755859376,100.6999969482422,64.890625,25549600.0
2001-09-25,100.75,102.0,99.9000015258789,101.75,65.56721496582031,25466200.0
2001-09-26,102.3499984741211,102.4000015258789,100.43000030517578,101.38999938964844,65.33525085449219,18587500.0
2001-09-27,101.25,102.29000091552734,100.0,102.2699966430664,65.90235137939453,20536800.0
2001-09-28,102.9800033569336,109.62000274658205,102.5,104.44000244140624,67.3006820678711,21687200.0
2001-10-01,103.9000015258789,104.31999969482422,102.83000183105467,104.2699966430664,67.19112396240234,20457400.0
2001-10-02,104.0,105.58000183105467,103.6500015258789,105.58000183105467,68.03527069091797,19833100.0
2001-10-03,104.5999984741211,107.87999725341795,104.3499984741211,107.3499984741211,69.17585754394531,32045800.0
2001-10-04,108.29000091552734,108.97000122070312,106.75,107.44000244140624,69.23389434814453,32674100.0
2001-10-05,107.25,107.62000274658205,105.5199966430664,107.2300033569336,69.0985336303711,29796100.0
2001-10-08,106.2699966430664,107.3000030517578,105.87000274658205,106.52999877929688,68.6474609375,12970300.0
2001-10-09,106.61000061035156,106.75,105.5999984741211,105.95999908447266,68.28015899658203,15976300.0
2001-10-10,105.8000030517578,108.5500030517578,105.5199966430664,108.31999969482422,69.80091094970703,19987400.0
2001-10-11,108.9499969482422,110.3000030517578,108.9499969482422,110.0,70.88350677490234,23006300.0
2001-10-12,109.1500015258789,109.88999938964844,107.3000030517578,109.5,70.56131744384766,31360500.0
2001-10-15,108.62999725341795,109.4499969482422,108.05999755859376,109.3000030517578,70.43245697021484,16873000.0
2001-10-16,109.8000030517578,110.61000061035156,108.9499969482422,109.98999786376952,70.87705993652344,15877100.0
2001-10-17,111.06999969482422,111.1500015258789,107.6500015258789,107.6500015258789,69.36919403076172,28542300.0
2001-10-18,107.81999969482422,108.16000366210938,106.75,107.41999816894533,69.220947265625,16510000.0
2001-10-19,107.0,107.91000366210938,106.01000213623048,107.3499984741211,69.17585754394531,21912500.0
2001-10-22,107.3000030517578,109.56999969482422,107.20999908447266,109.47000122070312,70.54196166992188,17540600.0
2001-10-23,109.95999908447266,110.27999877929688,108.37999725341795,108.91000366210938,70.18110656738281,22062500.0
2001-10-24,108.9800033569336,109.4499969482422,108.22000122070312,108.62000274658205,69.99425506591797,16065200.0
2001-10-25,107.4499969482422,110.5999984741211,106.73999786376952,110.56999969482422,71.25082397460938,27467900.0
2001-10-26,109.9499969482422,111.79000091552734,109.66999816894533,110.31999969482422,71.08971405029297,18623300.0
2001-10-29,110.16000366210938,110.5500030517578,107.4499969482422,107.4499969482422,69.24034118652344,18727500.0
2001-10-30,107.3499984741211,107.6999969482422,105.55999755859376,106.16000366210938,68.40902709960938,26178600.0
2001-10-31,106.9000015258789,107.86000061035156,105.8000030517578,105.8000030517578,68.17705535888672,28124200.0
2001-11-01,106.5999984741211,109.01000213623048,105.6999969482422,108.51000213623048,69.92337036132812,29806800.0
2001-11-02,108.44000244140624,109.37999725341795,107.87000274658205,109.25,70.40020751953125,17575900.0
2001-11-05,110.12000274658205,111.08999633789062,109.9499969482422,110.68000030517578,71.32169342041016,15929500.0
2001-11-06,110.3499984741211,112.4800033569336,109.8499984741211,112.4000015258789,72.43006896972656,23245800.0
2001-11-07,111.7699966430664,113.12000274658205,111.63999938964844,112.25,72.33340454101562,19716000.0
2001-11-08,112.87000274658205,114.08000183105467,111.9000015258789,112.5999984741211,72.55896759033203,22563500.0
2001-11-09,112.25,112.95999908447266,111.44000244140624,112.72000122070312,72.63626861572266,15895800.0
2001-11-12,111.0,112.6500015258789,110.0,112.02999877929688,72.1916275024414,26068800.0
2001-11-13,113.44000244140624,114.5500030517578,113.18000030517578,114.5500030517578,73.8155517578125,15296200.0
2001-11-14,115.16999816894533,115.4000015258789,113.70999908447266,114.66000366210938,73.88639831542969,17571300.0
2001-11-15,114.37000274658205,115.18000030517578,113.93000030517578,114.87000274658205,74.02171325683594,19470200.0
2001-11-16,115.08000183105467,115.0999984741211,113.4000015258789,114.36000061035156,73.69308471679688,18134900.0
2001-11-19,114.91999816894533,115.8499984741211,114.4499969482422,115.7699966430664,74.60169219970703,13625400.0
2001-11-20,115.37000274658205,115.8000030517578,114.63999938964844,114.8000030517578,73.97660064697266,16209700.0
2001-11-21,114.5,114.66999816894533,113.51000213623048,114.04000091552734,73.48686981201172,11470200.0
2001-11-23,114.04000091552734,115.75,114.0,115.68000030517578,74.54368591308594,6717100.0
2001-11-26,115.75,116.33999633789062,115.06999969482422,115.93000030517578,74.70477294921875,13726000.0
2001-11-27,115.62000274658205,116.9000015258789,114.08999633789062,115.43000030517578,74.382568359375,19261400.0
2001-11-28,114.73999786376952,115.16999816894533,113.25,113.33999633789062,73.03577423095703,20195500.0
2001-11-29,113.66000366210938,114.91999816894533,113.0,114.87000274658205,74.02171325683594,16354700.0
2001-11-30,114.4000015258789,114.91000366210938,114.0199966430664,114.0500030517578,73.49332427978516,13680300.0
2001-12-03,113.6500015258789,114.08000183105467,113.01000213623048,113.37000274658205,73.05511474609375,15220400.0
2001-12-04,113.91999816894533,115.3000030517578,113.3499984741211,115.29000091552734,74.2923583984375,17239900.0
2001-12-05,115.61000061035156,118.0,115.55999755859376,117.4000015258789,75.65204620361328,25204000.0
2001-12-06,117.33999633789062,117.94000244140624,116.93000030517578,117.33999633789062,75.61338806152344,17972900.0
2001-12-07,116.9000015258789,117.08999633789062,115.6999969482422,116.55999755859376,75.11072540283203,18857800.0
2001-12-10,115.8499984741211,116.38999938964844,114.3499984741211,114.37999725341795,73.70594024658203,13862700.0
2001-12-11,114.9000015258789,115.72000122070312,113.9000015258789,114.1500015258789,73.55772399902344,20833300.0
2001-12-12,114.5500030517578,114.77999877929688,113.11000061035156,114.27999877929688,73.64154052734375,16171500.0
2001-12-13,113.4499969482422,113.6999969482422,112.04000091552734,112.05999755859376,72.2109375,19026700.0
2001-12-14,112.33000183105467,113.48999786376952,112.0,113.12999725341795,72.90045166015625,16721900.0
2001-12-17,112.98999786376952,114.36000061035156,112.9000015258789,114.3000030517578,73.65440368652344,13925900.0
2001-12-18,114.62999725341795,115.1500015258789,114.33999633789062,114.9800033569336,74.09257507324219,13663700.0
2001-12-19,114.08999633789062,115.91999816894533,114.0,115.79000091552734,74.61456298828125,20143400.0
2001-12-20,115.5,115.8000030517578,114.5500030517578,114.6500015258789,73.87992095947266,14867900.0
2001-12-21,115.02999877929688,115.06999969482422,114.1999969482422,114.9499969482422,74.3280258178711,14037700.0
2001-12-24,114.83000183105467,115.04000091552734,114.61000061035156,114.7300033569336,74.18578338623047,5728800.0
2001-12-26,114.6500015258789,116.20999908447266,114.6500015258789,115.36000061035156,74.59319305419922,10304800.0
2001-12-27,115.3000030517578,116.08000183105467,115.25,116.05999755859376,75.04579162597656,9407300.0
2001-12-28,116.29000091552734,116.75,115.91999816894533,116.0,75.00701904296875,10593800.0
2001-12-31,116.1500015258789,116.38999938964844,114.2300033569336,114.3000030517578,73.90773010253906,14619500.0
2002-01-02,115.11000061035156,115.75,113.80999755859376,115.52999877929688,74.70309448242188,18651900.0
2002-01-03,115.6500015258789,116.9499969482422,115.54000091552734,116.83999633789062,75.5501480102539,15743000.0
2002-01-04,117.16999816894533,117.9800033569336,116.5500030517578,117.62000274658205,76.05451202392578,20140700.0
2002-01-07,117.6999969482422,117.98999786376952,116.55999755859376,116.79000091552734,75.51780700683594,13106500.0
2002-01-08,116.79000091552734,117.05999755859376,115.97000122070312,116.5199966430664,75.34321594238281,12683700.0
2002-01-09,116.68000030517578,117.77999877929688,115.33999633789062,115.56999969482422,74.72895812988281,16610300.0
2002-01-10,115.69000244140624,116.3499984741211,115.3000030517578,116.08000183105467,75.05874633789062,12823400.0
2002-01-11,116.20999908447266,116.27999877929688,114.6999969482422,114.94000244140624,74.32158660888672,13708400.0
2002-01-14,114.6500015258789,114.83999633789062,113.95999908447266,114.22000122070312,73.85600280761719,12301100.0
2002-01-15,114.5500030517578,115.38999938964844,113.9000015258789,115.1500015258789,74.4573745727539,20219900.0
2002-01-16,114.3000030517578,114.4000015258789,112.69000244140624,112.81999969482422,72.95073699951172,17067000.0
2002-01-17,113.76000213623048,114.23999786376952,113.4000015258789,113.66999816894533,73.50039672851562,17283400.0
2002-01-18,113.0,113.8499984741211,112.66999816894533,113.1500015258789,73.16411590576172,17028000.0
2002-01-22,113.75,113.93000030517578,112.0199966430664,112.37000274658205,72.65980529785156,11689300.0
2002-01-23,112.62999725341795,113.5500030517578,112.0199966430664,113.2300033569336,73.21589660644531,12438900.0
2002-01-24,113.63999938964844,114.25,113.31999969482422,113.58000183105467,73.44220733642578,12142800.0
2002-01-25,113.12000274658205,114.18000030517578,113.04000091552734,113.5500030517578,73.42279052734375,12810700.0
2002-01-28,113.9000015258789,114.19000244140624,112.91999816894533,113.86000061035156,73.62325286865234,10589200.0
2002-01-29,113.8499984741211,114.12999725341795,110.0500030517578,110.27999877929688,71.30839538574219,27720800.0
2002-01-30,110.38999938964844,113.38999938964844,108.4000015258789,111.87000274658205,72.33647918701172,34711800.0
2002-01-31,112.1500015258789,113.3000030517578,111.62000274658205,113.18000030517578,73.18352508544922,19909200.0
2002-02-01,113.08999633789062,113.3000030517578,112.16999816894533,112.6500015258789,72.84082794189453,15838500.0
2002-02-04,112.2300033569336,112.2300033569336,109.44000244140624,109.8499984741211,71.03034973144531,24243400.0
2002-02-05,109.4000015258789,110.48999786376952,108.52999877929688,109.16999816894533,70.59063720703125,33614000.0
2002-02-06,109.6500015258789,109.73999786376952,108.05999755859376,108.6999969482422,70.2867202758789,29486000.0
2002-02-07,108.72000122070312,109.86000061035156,108.0,108.0199966430664,69.8470458984375,23445400.0
2002-02-08,108.62999725341795,110.75,108.3000030517578,110.08999633789062,71.18550872802734,19277800.0
2002-02-11,110.0500030517578,111.63999938964844,109.81999969482422,111.44000244140624,72.0584487915039,18792400.0
2002-02-12,110.95999908447266,111.70999908447266,110.02999877929688,111.08999633789062,71.83212280273438,13942500.0
2002-02-13,111.4800033569336,112.54000091552734,111.3499984741211,112.2699966430664,72.5951156616211,16781100.0
2002-02-14,112.51000213623048,112.97000122070312,111.58999633789062,112.05999755859376,72.45932006835938,20453800.0
2002-02-15,112.1500015258789,112.23999786376952,110.70999908447266,110.88999938964844,71.70278930664062,18366800.0
2002-02-19,110.1500015258789,110.29000091552734,108.61000061035156,108.76000213623048,70.32552337646484,15988100.0
2002-02-20,109.0500030517578,110.58999633789062,107.81999969482422,110.58999633789062,71.5088119506836,29242800.0
2002-02-21,109.93000030517578,110.62999725341795,108.26000213623048,108.3000030517578,70.02809143066406,26288600.0
2002-02-22,108.3499984741211,109.94000244140624,107.87000274658205,109.63999938964844,70.89454650878906,26572900.0
2002-02-25,109.73999786376952,111.80999755859376,109.6999969482422,111.4499969482422,72.06489562988281,17458700.0
2002-02-26,111.5999984741211,112.04000091552734,110.56999969482422,111.22000122070312,71.91618347167969,22346500.0
2002-02-27,111.95999908447266,112.86000061035156,110.6500015258789,111.6500015258789,72.19425964355469,28597900.0
2002-02-28,111.83000183105467,112.75,111.02999877929688,111.1500015258789,71.87092590332031,23755400.0
2002-03-01,111.72000122070312,113.8499984741211,111.51000213623048,113.73999786376952,73.54568481445312,26273600.0
2002-03-04,113.9000015258789,115.98999786376952,113.6500015258789,115.75,74.8453369140625,27184600.0
2002-03-05,115.33000183105467,116.4000015258789,114.97000122070312,115.37999725341795,74.60610961914062,22718900.0
2002-03-06,115.0999984741211,117.1500015258789,115.06999969482422,116.75,75.491943359375,20143200.0
2002-03-07,117.36000061035156,117.5,115.56999969482422,116.5,75.330322265625,19330800.0
2002-03-08,117.37999725341795,117.9000015258789,116.4800033569336,116.98999786376952,75.64713287353516,19930100.0
2002-03-11,116.88999938964844,117.9000015258789,116.43000030517578,117.23999786376952,75.80877685546875,15621800.0
2002-03-12,116.0999984741211,117.25,115.94000244140624,117.16999816894533,75.76351928710938,17153600.0
2002-03-13,116.62999725341795,116.75,115.63999938964844,116.04000091552734,75.0328369140625,17175300.0
2002-03-14,116.04000091552734,116.43000030517578,115.62999725341795,115.87999725341795,74.92938232421875,11168100.0
2002-03-15,115.97000122070312,116.9499969482422,115.9000015258789,116.6500015258789,75.64334869384766,21220100.0
2002-03-18,117.0999984741211,117.55999755859376,116.0999984741211,116.66999816894533,75.65634155273438,17548900.0
2002-03-19,117.3000030517578,117.73999786376952,116.81999969482422,117.4499969482422,76.1621322631836,17912000.0
2002-03-20,116.5,116.58000183105467,115.19000244140624,115.23999786376952,74.7290267944336,17114500.0
2002-03-21,115.3000030517578,115.9000015258789,114.12000274658205,115.29000091552734,74.76144409179688,25846800.0
2002-03-22,115.5,115.94000244140624,114.6999969482422,115.04000091552734,74.59932708740234,15235400.0
2002-03-25,115.08999633789062,115.36000061035156,113.3000030517578,113.61000061035156,73.67204284667969,17499600.0
2002-03-26,113.5199966430664,115.0199966430664,113.47000122070312,114.2699966430664,74.10002899169922,19947600.0
2002-03-27,114.02999877929688,115.01000213623048,113.76000213623048,114.56999969482422,74.29454040527344,19020300.0
2002-03-28,114.97000122070312,115.7699966430664,114.5,114.5199966430664,74.26209259033203,17532900.0
2002-04-01,114.2300033569336,115.0999984741211,113.5,114.56999969482422,74.29454040527344,17711000.0
2002-04-02,113.9800033569336,114.9499969482422,113.7699966430664,113.94000244140624,73.88603210449219,15669500.0
2002-04-03,114.01000213623048,114.20999908447266,112.16000366210938,113.13999938964844,73.36724090576172,25658500.0
2002-04-04,112.5999984741211,113.4000015258789,112.2300033569336,112.66999816894533,73.0625,23549000.0
2002-04-05,113.19000244140624,113.62999725341795,112.18000030517578,112.69000244140624,73.075439453125,19404900.0
2002-04-08,111.31999969482422,113.02999877929688,111.2300033569336,112.93000030517578,73.2310562133789,16470100.0
2002-04-09,113.18000030517578,113.18000030517578,111.93000030517578,112.13999938964844,72.71876525878906,15122700.0
2002-04-10,112.0999984741211,113.54000091552734,112.08999633789062,113.41000366210938,73.54232025146484,17199300.0
2002-04-11,112.88999938964844,113.0500030517578,110.5,110.58999633789062,71.7136459350586,25453700.0
2002-04-12,111.0199966430664,111.6500015258789,110.04000091552734,111.41999816894533,72.25188446044922,14950600.0
2002-04-15,111.62000274658205,111.86000061035156,110.1999969482422,110.56999969482422,71.7007064819336,17394900.0
2002-04-16,111.6999969482422,113.31999969482422,111.66999816894533,113.1999969482422,73.40614318847656,15040900.0
2002-04-17,113.38999938964844,113.66999816894533,112.5999984741211,112.95999908447266,73.25053405761719,12920100.0
2002-04-18,112.9000015258789,113.45999908447266,111.1500015258789,112.47000122070312,72.93276977539062,25204800.0
2002-04-19,113.1999969482422,113.23999786376952,112.55999755859376,112.87999725341795,73.1986312866211,10499200.0
2002-04-22,112.37999725341795,112.43000030517578,110.83999633789062,111.0,71.9795150756836,13922900.0
2002-04-23,111.08999633789062,111.4800033569336,110.16999816894533,110.5199966430664,71.66825103759766,16967000.0
2002-04-24,110.55999755859376,111.80999755859376,109.4000015258789,109.41000366210938,70.94847106933594,18902700.0
2002-04-25,109.20999908447266,109.73999786376952,108.72000122070312,109.47000122070312,70.98735809326172,25451500.0
2002-04-26,109.79000091552734,110.01000213623048,107.29000091552734,107.38999938964844,69.63858795166016,19769800.0
2002-04-29,107.93000030517578,108.26000213623048,106.62999725341795,106.86000061035156,69.2948989868164,17724400.0
2002-04-30,107.0199966430664,108.63999938964844,106.63999938964844,107.86000061035156,69.94337463378906,19473500.0
2002-05-01,107.97000122070312,109.25,106.8000030517578,109.18000030517578,70.79932403564453,24575600.0
2002-05-02,109.0999984741211,109.91000366210938,107.77999877929688,108.76000213623048,70.5269775390625,15666800.0
2002-05-03,108.5999984741211,108.76000213623048,107.1999969482422,107.58000183105467,69.76182556152344,18185500.0
2002-05-06,107.63999938964844,107.98999786376952,105.30999755859376,105.47000122070312,68.3935317993164,23630400.0
2002-05-07,106.0999984741211,106.31999969482422,104.9000015258789,105.0999984741211,68.15360260009766,21910000.0
2002-05-08,107.0500030517578,109.36000061035156,106.79000091552734,109.01000213623048,70.68911743164062,27917400.0
2002-05-09,108.6500015258789,109.0999984741211,107.58000183105467,107.75,69.87200164794922,18085600.0
2002-05-10,107.97000122070312,108.0500030517578,105.5999984741211,105.72000122070312,68.55563354492188,18958900.0
2002-05-13,106.22000122070312,107.9499969482422,105.79000091552734,107.87000274658205,69.94982147216797,14677700.0
2002-05-14,109.62000274658205,110.37000274658205,109.0,110.22000122070312,71.47377014160156,34201200.0
2002-05-15,109.5,110.91000366210938,109.29000091552734,109.79000091552734,71.19491577148438,29535300.0
2002-05-16,109.6999969482422,110.4800033569336,109.33000183105467,110.36000061035156,71.56453704833984,28092000.0
2002-05-17,110.66000366210938,111.25,110.0999984741211,110.9000015258789,71.91466522216797,27823700.0
2002-05-20,110.63999938964844,110.69000244140624,109.48999786376952,109.6999969482422,71.13655090332031,13833800.0
2002-05-21,110.11000061035156,110.4800033569336,108.31999969482422,108.6999969482422,70.48804473876953,16877200.0
2002-05-22,108.22000122070312,109.12000274658205,108.0,108.94000244140624,70.6436996459961,15844200.0
2002-05-23,109.26000213623048,110.36000061035156,108.4800033569336,110.0999984741211,71.39590454101562,13879800.0
2002-05-24,109.9800033569336,110.1999969482422,108.61000061035156,108.69000244140624,70.4815902709961,11877000.0
2002-05-28,109.0500030517578,109.12999725341795,107.4499969482422,108.0999984741211,70.09895324707031,24236900.0
2002-05-29,107.62000274658205,108.0199966430664,107.12999725341795,107.3000030517578,69.58023071289062,14773300.0
2002-05-30,106.5500030517578,107.51000213623048,105.9000015258789,107.0,69.38568878173828,18217900.0
2002-05-31,107.4000015258789,108.55999755859376,106.8499984741211,107.22000122070312,69.52831268310547,19826300.0
2002-06-03,107.08999633789062,107.5999984741211,104.12999725341795,104.37000274658205,67.68024444580078,26056300.0
2002-06-04,104.1500015258789,105.1999969482422,103.5500030517578,104.62999725341795,67.84878540039062,25856200.0
2002-06-05,104.9499969482422,105.66999816894533,104.3499984741211,105.61000061035156,68.48432159423828,19695900.0
2002-06-06,105.54000091552734,105.5999984741211,103.1500015258789,103.45999908447266,67.09013366699219,22998500.0
2002-06-07,101.77999877929688,103.91999816894533,101.72000122070312,103.33999633789062,67.0123062133789,24011600.0
2002-06-10,103.23999786376952,104.45999908447266,103.0199966430664,103.73999786376952,67.27165985107422,18759900.0
2002-06-11,104.12999725341795,104.54000091552734,101.7300033569336,101.95999908447266,66.11739349365234,19990700.0
2002-06-12,101.70999908447266,102.80999755859376,100.77999877929688,102.58000183105467,66.51947784423828,31266000.0
2002-06-13,102.12999725341795,103.0,101.33999633789062,101.5500030517578,65.85151672363281,21043900.0
2002-06-14,100.30999755859376,101.55999755859376,98.5,101.4000015258789,65.7542724609375,39267500.0
2002-06-17,101.91999816894533,104.33999633789062,101.8499984741211,104.12000274658205,67.51809692382812,17647200.0
2002-06-18,103.73999786376952,105.02999877929688,103.62999725341795,104.97000122070312,68.06925964355469,21628500.0
2002-06-19,103.5,104.43000030517578,102.23999786376952,102.5199966430664,66.48050689697266,21540700.0
2002-06-20,102.26000213623048,103.0500030517578,100.95999908447266,101.20999908447266,65.63107299804688,25691000.0
2002-06-21,100.47000122070312,100.93000030517578,98.68000030517578,99.27999877929688,64.6048583984375,31190700.0
2002-06-24,98.61000061035156,100.69000244140624,97.25,99.8000030517578,64.94324493408203,37169700.0
2002-06-25,100.3000030517578,100.88999938964844,97.54000091552734,97.55999755859376,63.485572814941406,33355000.0
2002-06-26,95.1999969482422,98.1500015258789,95.19000244140624,97.72000122070312,63.58972930908203,37913600.0
2002-06-27,98.5,99.48999786376952,96.56999969482422,99.43000030517578,64.70244598388672,31616400.0
2002-06-28,99.23999786376952,100.5,98.87999725341795,98.95999908447266,64.3966293334961,28184200.0
2002-07-01,99.18000030517578,99.8000030517578,96.88999938964844,97.02999877929688,63.140716552734375,20270200.0
2002-07-02,96.86000061035156,97.1999969482422,94.7699966430664,94.97000122070312,61.80020523071289,34213900.0
2002-07-03,94.62000274658205,95.83999633789062,93.72000122070312,95.51000213623048,62.151588439941406,30565800.0
2002-07-05,96.77999877929688,99.52999877929688,96.66000366210938,99.30999755859376,64.62439727783203,19013500.0
2002-07-08,98.9800033569336,99.6999969482422,97.55999755859376,98.06999969482422,63.81748962402344,19118600.0
2002-07-09,97.7300033569336,98.33999633789062,95.01000213623048,95.5999984741211,62.21017837524414,28620400.0
2002-07-10,96.0,96.06999969482422,92.04000091552734,92.12000274658205,59.945613861083984,50522500.0
2002-07-11,91.76000213623048,93.3499984741211,90.31999969482422,92.87000274658205,60.43365859985352,59476500.0
2002-07-12,93.33000183105467,93.88999938964844,91.5199966430664,91.8499984741211,59.76992034912109,39018600.0
2002-07-15,91.63999938964844,92.4000015258789,87.88999938964844,92.33999633789062,60.08876037597656,77317200.0
2002-07-16,91.12000274658205,92.37999725341795,89.87000274658203,90.55999755859376,58.930450439453125,53282400.0
2002-07-17,92.45999908447266,93.3000030517578,89.75,90.73999786376952,59.047584533691406,48880600.0
2002-07-18,90.6999969482422,91.0999984741211,87.75,87.80000305175781,57.13443756103516,32656700.0
2002-07-19,86.76000213623047,87.55000305175781,84.30000305175781,84.70999908447266,55.12367630004883,77572600.0
2002-07-22,84.0999984741211,85.91000366210938,81.44999694824219,82.19999694824219,53.49031448364258,78134000.0
2002-07-23,82.55000305175781,83.23999786376953,79.75,79.94999694824219,52.02616882324219,74484100.0
2002-07-24,78.12999725341797,85.12000274658203,77.68000030517578,84.72000122070312,55.13020324707031,107022800.0
2002-07-25,84.2699966430664,85.8499984741211,81.5999984741211,84.0,54.66167831420898,87176600.0
2002-07-26,84.6500015258789,85.93000030517578,83.80000305175781,85.5999984741211,55.70279312133789,41206800.0
2002-07-29,87.5,90.33999633789062,87.30000305175781,89.7699966430664,58.4163703918457,53492900.0
2002-07-30,89.31999969482422,91.4000015258789,88.72000122070312,90.94000244140624,59.17776107788086,47532200.0
2002-07-31,90.48999786376952,91.5500030517578,89.25,91.16000366210938,59.32094192504883,44669900.0
2002-08-01,90.87999725341795,91.3499984741211,88.33000183105469,88.77999877929688,57.77215576171875,66571900.0
2002-08-02,88.5,88.91000366210938,85.62000274658203,86.79000091552734,56.47720718383789,51772900.0
2002-08-05,86.48999786376953,86.93000030517578,83.55000305175781,83.7699966430664,54.5119743347168,47191300.0
2002-08-06,85.2300033569336,87.9000015258789,85.11000061035156,86.58999633789062,56.34705352783203,64730000.0
2002-08-07,87.87000274658203,88.5,85.7699966430664,88.0999984741211,57.329620361328125,43289400.0
2002-08-08,88.41999816894531,91.0999984741211,87.80000305175781,90.9499969482422,59.18425750732422,48339800.0
2002-08-09,90.0999984741211,91.94000244140624,89.3499984741211,91.29000091552734,59.40551376342773,41879200.0
2002-08-12,89.98999786376953,91.2699966430664,89.55000305175781,90.62000274658205,58.96949005126953,25841700.0
2002-08-13,90.1500015258789,91.66000366210938,88.6500015258789,88.97000122070312,57.89578628540039,49690500.0
2002-08-14,89.0199966430664,92.62999725341795,88.0199966430664,92.22000122070312,60.01069259643555,57423600.0
2002-08-15,92.83999633789062,93.98999786376952,92.1999969482422,93.5,60.84363555908203,45551500.0
2002-08-16,92.81999969482422,94.08000183105467,92.0,93.22000122070312,60.66141128540039,36517300.0
2002-08-19,93.45999908447266,95.75,93.0999984741211,95.4000015258789,62.08000183105469,33669900.0
2002-08-20,94.81999969482422,95.4000015258789,93.62000274658205,94.38999938964844,61.42276763916016,30508300.0
2002-08-21,95.05999755859376,95.77999877929688,93.56999969482422,95.75,62.30777359008789,39628900.0
2002-08-22,95.48999786376952,97.1500015258789,95.06999969482422,96.68000030517578,62.91297149658203,38399800.0
2002-08-23,96.01000213623048,96.1500015258789,94.1500015258789,94.5999984741211,61.55940246582031,33716400.0
2002-08-26,94.91000366210938,95.63999938964844,93.5,95.26000213623048,61.98895263671875,33830100.0
2002-08-27,95.6999969482422,96.25,93.5,94.16000366210938,61.27311706542969,35335700.0
2002-08-28,93.27999877929688,93.48999786376952,91.8000030517578,92.0999984741211,59.932559967041016,38970600.0
2002-08-29,91.2699966430664,93.0500030517578,90.80999755859376,92.13999938964844,59.9586067199707,42965700.0
2002-08-30,91.68000030517578,93.38999938964844,91.4000015258789,91.77999877929688,59.7243766784668,30366700.0
2002-09-03,90.7300033569336,91.0,88.1500015258789,88.27999877929688,57.446754455566406,76586400.0
2002-09-04,88.61000061035156,90.25,88.05999755859375,89.54000091552734,58.2667121887207,51099500.0
2002-09-05,88.48999786376953,89.43000030517578,87.5,88.77999877929688,57.77215576171875,67250900.0
2002-09-06,89.75,90.56999969482422,89.33999633789062,90.0,58.56606674194336,38622200.0
2002-09-09,89.0999984741211,91.3499984741211,88.80000305175781,90.66000366210938,58.99554061889648,33998400.0
2002-09-10,91.13999938964844,91.77999877929688,90.55999755859376,91.6999969482422,59.67231750488281,41416600.0
2002-09-11,92.47000122070312,93.33000183105467,91.0999984741211,91.12999725341795,59.3014030456543,27711200.0
2002-09-12,90.75,90.83999633789062,88.98999786376953,89.44999694824219,58.20814514160156,43601700.0
2002-09-13,88.69000244140625,89.9000015258789,88.25,89.66999816894531,58.3513069152832,41131000.0
2002-09-16,89.30999755859375,89.88999938964844,88.45999908447266,89.88999938964844,58.49444580078125,28167600.0
2002-09-17,90.88999938964844,91.19000244140624,87.75,87.83000183105469,57.15398406982422,47609700.0
2002-09-18,87.01000213623047,88.5,86.27999877929688,86.94999694824219,56.58130645751953,54719400.0
2002-09-19,85.98999786376953,86.80000305175781,84.69999694824219,84.69999694824219,55.117164611816406,48510500.0
2002-09-20,84.91999816894531,85.19999694824219,84.05000305175781,84.3499984741211,55.13548278808594,46325600.0
2002-09-23,83.6500015258789,84.05999755859375,82.69000244140625,83.66000366210938,54.68444061279297,46893800.0
2002-09-24,82.44000244140625,83.6500015258789,81.8499984741211,82.30999755859375,53.8019905090332,69507000.0
2002-09-25,83.37000274658203,84.7699966430664,82.04000091552734,84.3499984741211,55.13548278808594,59294400.0
2002-09-26,85.0199966430664,85.97000122070312,84.44999694824219,85.7300033569336,56.03750991821289,53638000.0
2002-09-27,85.0,85.62999725341797,82.75,82.75,54.08961486816406,64648300.0
2002-09-30,82.0,82.80000305175781,80.9000015258789,81.79000091552734,53.462100982666016,73096400.0
2002-10-01,82.43000030517578,85.7699966430664,81.47000122070312,85.72000122070312,56.03097915649414,67198100.0
2002-10-02,84.69000244140625,85.52999877929688,82.5999984741211,83.1500015258789,54.351104736328125,56749100.0
2002-10-03,83.13999938964844,84.5999984741211,81.94999694824219,82.30999755859375,53.8019905090332,55547000.0
2002-10-04,82.80000305175781,82.91999816894531,79.58000183105469,80.80000305175781,52.81501007080078,68483700.0
2002-10-07,80.05999755859375,81.19999694824219,78.55000305175781,79.12999725341797,51.72339630126953,53188000.0
2002-10-08,79.80999755859375,81.30999755859375,78.19999694824219,80.37000274658203,52.53394317626953,79531000.0
2002-10-09,79.08999633789062,79.69999694824219,77.77999877929688,78.0999984741211,51.05015182495117,79956400.0
2002-10-10,77.94000244140625,81.06999969482422,77.06999969482422,80.62999725341797,52.70387268066406,76749000.0
2002-10-11,82.0999984741211,84.7300033569336,81.81999969482422,84.16000366210938,55.01128005981445,82308300.0
2002-10-14,83.19999694824219,84.8499984741211,83.04000091552734,84.62999725341797,55.31851959228516,40631900.0
2002-10-15,86.98999786376953,88.72000122070312,86.8499984741211,88.69999694824219,57.97883224487305,82320300.0
2002-10-16,87.41000366210938,87.80000305175781,85.91999816894531,86.55000305175781,56.573486328125,62977800.0
2002-10-17,88.87000274658203,89.30000305175781,87.8499984741211,88.2699966430664,57.69776916503906,68534100.0
2002-10-18,87.6500015258789,89.11000061035156,86.93000030517578,88.63999938964844,57.93961715698242,47448700.0
2002-10-21,88.12000274658203,90.5,87.56999969482422,90.16999816894533,58.939697265625,45859100.0
2002-10-22,89.05000305175781,90.01000213623047,88.5199966430664,89.5199966430664,58.51485443115234,40966800.0
2002-10-23,88.7699966430664,90.2699966430664,87.68000030517578,90.1999969482422,58.95932388305664,54905800.0
2002-10-24,90.75,90.9000015258789,88.0999984741211,88.36000061035156,57.75661849975586,54987400.0
2002-10-25,88.20999908447266,90.38999938964844,87.94000244140625,90.1999969482422,58.95932388305664,43672100.0
2002-10-28,91.1500015258789,91.29000091552734,88.8499984741211,89.61000061035156,58.57368087768555,39416100.0
2002-10-29,89.08000183105469,89.48999786376953,87.0,88.56999969482422,57.89384460449219,59508200.0
2002-10-30,88.68000030517578,89.95999908447266,88.2300033569336,89.43000030517578,58.45600891113281,41688600.0
2002-10-31,89.66000366210938,90.3000030517578,88.19000244140625,88.5199966430664,57.86120223999024,41620600.0
2002-11-01,88.3499984741211,90.81999969482422,88.05000305175781,90.2699966430664,59.00509262084961,51878900.0
2002-11-04,91.8000030517578,92.94000244140624,90.9000015258789,91.12999725341795,59.56724166870117,49080600.0
2002-11-05,90.83999633789062,92.06999969482422,90.83999633789062,91.8499984741211,60.03786087036133,37270800.0
2002-11-06,92.4800033569336,93.06999969482422,90.79000091552734,93.04000091552734,60.815673828125,65013100.0
2002-11-07,92.0199966430664,92.22000122070312,90.22000122070312,90.76000213623048,59.32535934448242,51572000.0
2002-11-08,90.52999877929688,91.56999969482422,89.5199966430664,89.6500015258789,58.5998420715332,37905400.0
2002-11-11,89.51000213623047,89.55999755859375,87.80000305175781,88.26000213623047,57.69124603271485,33505100.0
2002-11-12,88.66000366210938,89.93000030517578,88.37000274658203,88.95999908447266,58.1487922668457,37724500.0
2002-11-13,88.31999969482422,89.73999786376953,87.44999694824219,89.05000305175781,58.207637786865234,63891500.0
2002-11-14,90.06999969482422,91.0,89.75,90.7300033569336,59.3057861328125,31896800.0
2002-11-15,90.0,91.5500030517578,89.94999694824219,91.4000015258789,59.74370193481445,39152100.0
2002-11-18,92.1500015258789,92.1500015258789,90.3499984741211,90.4800033569336,59.14238739013672,28934800.0
2002-11-19,90.0199966430664,91.0999984741211,89.76000213623047,90.36000061035156,59.06390380859375,32806600.0
2002-11-20,89.9800033569336,92.41999816894533,89.94999694824219,92.37000274658205,60.37778091430664,36688400.0
2002-11-21,92.5999984741211,94.19000244140624,92.43000030517578,94.08999633789062,61.50201797485352,55128200.0
2002-11-22,93.4800033569336,94.2699966430664,93.2699966430664,93.41999816894533,61.0640754699707,32513800.0
2002-11-25,93.43000030517578,94.26000213623048,92.7699966430664,93.4800033569336,61.103309631347656,33846400.0
2002-11-26,93.06999969482422,93.4499969482422,91.62000274658205,91.6999969482422,59.93979263305664,42284700.0
2002-11-27,92.5199966430664,94.6500015258789,92.43000030517578,94.27999877929688,61.6262321472168,37764000.0
2002-11-29,94.8000030517578,94.9499969482422,93.7699966430664,93.9800033569336,61.43014526367188,19385700.0
2002-12-02,95.47000122070312,96.0500030517578,93.22000122070312,94.12999725341795,61.52815628051758,49911900.0
2002-12-03,93.25,93.4000015258789,92.3499984741211,92.87000274658205,60.7045783996582,34407700.0
2002-12-04,91.7699966430664,93.13999938964844,91.43000030517578,92.4499969482422,60.4300422668457,64040800.0
2002-12-05,92.7300033569336,92.8000030517578,91.0999984741211,91.43000030517578,59.76334381103516,36724900.0
2002-12-06,90.12000274658205,92.16999816894533,89.9800033569336,92.02999877929688,60.15553283691406,49824100.0
2002-12-09,91.06999969482422,91.45999908447266,89.4800033569336,89.5,58.50173568725586,36789600.0
2002-12-10,90.0199966430664,91.0999984741211,89.76000213623047,90.6999969482422,59.286163330078125,33319900.0
2002-12-11,90.41999816894533,91.62000274658205,90.16000366210938,90.77999877929688,59.33843994140625,39201000.0
2002-12-12,91.1999969482422,91.48999786376952,90.1999969482422,90.7699966430664,59.33190155029297,34465600.0
2002-12-13,89.91000366210938,90.4800033569336,89.2699966430664,89.33999633789062,58.39717483520508,36862200.0
2002-12-16,89.81999969482422,91.79000091552734,89.66000366210938,91.6500015258789,59.9071159362793,37098400.0
2002-12-17,91.37000274658205,91.73999786376952,90.73999786376952,90.8499984741211,59.38421630859375,32353900.0
2002-12-18,90.31999969482422,90.4000015258789,89.33000183105469,89.80000305175781,58.69786071777344,35612600.0
2002-12-19,89.3499984741211,90.6999969482422,88.5999984741211,89.16000366210938,58.27952575683594,39264200.0
2002-12-20,89.19999694824219,90.0199966430664,89.0999984741211,89.98999786376953,59.11113739013672,31176900.0
2002-12-23,89.58999633789062,90.47000122070312,89.30999755859375,90.0199966430664,59.130821228027344,22599300.0
2002-12-24,89.58999633789062,89.86000061035156,89.25,89.3499984741211,58.69073867797852,10937000.0
2002-12-26,89.69999694824219,90.61000061035156,88.83999633789062,89.38999938964844,58.71699142456055,17485600.0
2002-12-27,88.95999908447266,89.29000091552734,87.37999725341797,87.37999725341797,57.396705627441406,22205700.0
2002-12-30,87.79000091552734,88.47000122070312,87.22000122070312,88.11000061035156,57.876224517822266,29968000.0
2002-12-31,87.98999786376953,88.43000030517578,87.11000061035156,88.2300033569336,57.95505905151367,34036600.0
2003-01-02,88.8499984741211,91.3000030517578,88.54000091552734,91.06999969482422,59.82051849365234,44516300.0
2003-01-03,90.91000366210938,91.37999725341795,90.5,91.3499984741211,60.00446701049805,32222600.0
2003-01-06,91.23999786376952,93.48999786376952,91.16999816894533,92.95999908447266,61.06204605102539,40984500.0
2003-01-07,92.9000015258789,93.37000274658205,92.1999969482422,92.7300033569336,60.910911560058594,38640400.0
2003-01-08,92.1999969482422,92.4000015258789,91.0500030517578,91.38999938964844,60.03071975708008,38702200.0
2003-01-09,91.81999969482422,93.18000030517578,91.41000366210938,92.80999755859376,60.96348571777344,34804900.0
2003-01-10,91.9499969482422,93.63999938964844,91.8000030517578,93.05999755859376,61.12766647338867,37768900.0
2003-01-13,93.54000091552734,93.86000061035156,92.44000244140624,93.02999877929688,61.10796356201172,31649900.0
2003-01-14,92.69000244140624,93.83000183105467,92.41000366210938,93.33000183105467,61.30504608154297,30733000.0
2003-01-15,93.54000091552734,93.56999969482422,91.91000366210938,92.4000015258789,60.69415664672852,33511800.0
2003-01-16,92.5,92.93000030517578,91.4499969482422,92.0199966430664,60.44451904296875,44812100.0
2003-01-17,90.98999786376952,92.3000030517578,90.1500015258789,90.66000366210938,59.55120468139648,35618300.0
2003-01-21,90.87000274658205,90.91999816894533,88.94999694824219,89.25,58.62503433227539,36826200.0
2003-01-22,88.7699966430664,89.80000305175781,88.0,88.16999816894531,57.915645599365234,42286500.0
2003-01-23,88.75,89.37999725341797,87.94999694824219,88.70999908447266,58.27031707763672,55919800.0
2003-01-24,88.58999633789062,88.68000030517578,86.16999816894531,86.37999725341797,56.73981857299805,68633900.0
2003-01-27,85.7300033569336,86.80000305175781,84.5,85.19999694824219,55.96474456787109,57884400.0
2003-01-28,85.62999725341797,86.4000015258789,85.12999725341797,85.83000183105469,56.37857437133789,46929100.0
2003-01-29,85.41999816894531,87.18000030517578,84.7699966430664,86.4800033569336,56.8055305480957,53712200.0
2003-01-30,86.79000091552734,86.87999725341797,84.4000015258789,84.43000030517578,55.45896530151367,49845900.0
2003-01-31,84.1500015258789,86.20999908447266,84.1500015258789,86.05999755859375,56.52962875366211,55317000.0
2003-02-03,86.13999938964844,86.80999755859375,85.91999816894531,86.2300033569336,56.64131546020508,39696000.0
2003-02-04,85.30999755859375,85.75,84.30000305175781,85.37999725341797,56.08298110961914,43633400.0
2003-02-05,85.75,86.54000091552734,84.4800033569336,84.8499984741211,55.73483657836914,55270600.0
2003-02-06,84.37000274658203,84.88999938964844,83.6500015258789,84.44999694824219,55.47206497192383,53638000.0
2003-02-07,84.91000366210938,84.98999786376953,82.97000122070312,83.41999816894531,54.79551696777344,43165000.0
2003-02-10,83.45999908447266,84.12999725341797,82.6500015258789,84.01000213623047,55.183067321777344,45455900.0
2003-02-11,84.37000274658203,84.87999725341797,82.83000183105469,83.43000030517578,54.80209732055664,46861000.0
2003-02-12,83.16000366210938,83.62000274658203,82.08999633789062,82.0999984741211,53.92845916748047,35873600.0
2003-02-13,82.1500015258789,82.66000366210938,81.0,82.3499984741211,54.09265899658203,57934100.0
2003-02-14,82.37000274658203,84.19999694824219,81.81999969482422,84.1500015258789,55.2750244140625,59580900.0
2003-02-18,84.52999877929688,85.80000305175781,84.38999938964844,85.62999725341797,56.247188568115234,39492700.0
2003-02-19,85.31999969482422,85.47000122070312,84.27999877929688,85.18000030517578,55.95161819458008,31432000.0
2003-02-20,85.20999908447266,85.41999816894531,84.05000305175781,84.33000183105469,55.39326095581055,29280100.0
2003-02-21,84.37999725341797,85.73999786376953,83.45999908447266,85.18000030517578,55.95161819458008,60955800.0
2003-02-24,84.93000030517578,85.0,83.58999633789062,83.80000305175781,55.04515075683594,30628600.0
2003-02-25,82.94999694824219,84.48999786376953,82.22000122070312,84.47000122070312,55.4852180480957,56770600.0
2003-02-26,84.0199966430664,84.52999877929688,83.08000183105469,83.23999786376953,54.67730712890625,37787200.0
2003-02-27,83.69999694824219,84.75,83.16000366210938,84.33999633789062,55.39983367919922,51126000.0
2003-02-28,84.47000122070312,85.2300033569336,84.16000366210938,84.9000015258789,55.767704010009766,43666800.0
2003-03-03,85.26000213623047,85.77999877929688,83.72000122070312,84.08999633789062,55.23564910888672,42923100.0
2003-03-04,83.94999694824219,84.01000213623047,82.6500015258789,82.75,54.35541915893555,31440500.0
2003-03-05,82.61000061035156,83.54000091552734,82.36000061035156,83.44999694824219,54.81525421142578,43974700.0
2003-03-06,82.87000274658203,83.5199966430664,82.47000122070312,82.75,54.35541915893555,41217700.0
2003-03-07,81.61000061035156,83.98999786376953,81.43000030517578,83.31999969482422,54.72986602783203,63538000.0
2003-03-10,82.5999984741211,82.86000061035156,81.0999984741211,81.31999969482422,53.41609573364258,41014100.0
2003-03-11,81.4800033569336,82.0,80.4800033569336,80.5199966430664,52.89062881469727,48102700.0
2003-03-12,80.37999725341797,81.0999984741211,79.37999725341797,81.05999755859375,53.24531936645508,62459800.0
2003-03-13,82.18000030517578,83.91000366210938,81.52999877929688,83.86000061035156,55.08452987670898,72117800.0
2003-03-14,84.19999694824219,84.7699966430664,83.3499984741211,84.12999725341797,55.26187896728516,63951800.0
2003-03-17,83.45999908447266,86.94999694824219,83.22000122070312,86.77999877929688,57.00258255004883,88217500.0
2003-03-18,87.1500015258789,87.3499984741211,86.27999877929688,87.29000091552734,57.33760452270508,50792300.0
2003-03-19,87.27999877929688,88.16000366210938,86.68000030517578,87.95999908447266,57.77767181396485,49630800.0
2003-03-20,87.33000183105469,88.58999633789062,86.3499984741211,88.1500015258789,57.90249252319336,67321600.0
2003-03-21,88.80000305175781,89.87999725341797,87.93000030517578,89.66999816894531,59.13840866088867,71165300.0
2003-03-24,88.0199966430664,88.13999938964844,86.3499984741211,86.69000244140625,57.173072814941406,65398900.0
2003-03-25,86.73999786376953,88.26000213623047,86.44000244140625,87.5199966430664,57.72044372558594,61040100.0
2003-03-26,87.55999755859375,87.8499984741211,86.80000305175781,87.08000183105469,57.43029022216797,45740800.0
2003-03-27,86.4000015258789,87.66000366210938,85.98999786376953,87.1500015258789,57.47641372680664,53120200.0
2003-03-28,86.47000122070312,87.27999877929688,86.25,86.70999908447266,57.18624496459961,32583000.0
2003-03-31,85.3499984741211,86.58999633789062,84.4000015258789,84.73999786376953,55.887020111083984,61119500.0
2003-04-01,85.25,86.38999938964844,84.91000366210938,86.04000091552734,56.744388580322266,53574000.0
2003-04-02,87.54000091552734,88.7699966430664,87.5,88.12000274658203,58.11618423461914,50431200.0
2003-04-03,88.87000274658203,88.98999786376953,87.6500015258789,87.69999694824219,57.83916473388672,48755500.0
2003-04-04,88.43000030517578,88.58999633789062,87.62000274658203,88.22000122070312,58.18209838867188,36250100.0
2003-04-07,90.33999633789062,90.8499984741211,87.97000122070312,88.05000305175781,58.07001876831055,69776200.0
2003-04-08,88.30000305175781,88.6500015258789,87.70999908447266,88.19000244140625,58.16231536865234,39712700.0
2003-04-09,88.36000061035156,89.0999984741211,86.7699966430664,87.02999877929688,57.39729690551758,55647300.0
2003-04-10,87.08999633789062,87.62999725341797,85.70999908447266,87.51000213623047,57.713863372802734,41812400.0
2003-04-11,88.16000366210938,88.69999694824219,86.86000061035156,87.1500015258789,57.47641372680664,47730100.0
2003-04-14,87.47000122070312,89.0,87.0,88.94999694824219,58.66355514526367,36711700.0
2003-04-15,88.83999633789062,89.77999877929688,88.41999816894531,89.77999877929688,59.21097946166992,49709800.0
2003-04-16,89.91000366210938,90.05999755859375,88.02999877929688,88.25,58.20187377929688,51788000.0
2003-04-17,88.30000305175781,89.72000122070312,88.19000244140625,89.55999755859375,59.06584930419922,37403100.0
2003-04-21,89.86000061035156,90.16000366210938,89.05999755859375,89.6500015258789,59.125247955322266,32052700.0
2003-04-22,89.0999984741211,91.55999755859376,88.88999938964844,91.33999633789062,60.23980712890625,59763600.0
2003-04-23,91.62000274658205,92.3499984741211,91.23999786376952,92.18000030517578,60.79377746582031,44227100.0
2003-04-24,91.52999877929688,92.08000183105467,90.95999908447266,91.36000061035156,60.25298309326172,49692400.0
2003-04-25,91.3000030517578,91.47000122070312,90.0199966430664,90.2300033569336,59.50771713256836,43917200.0
2003-04-28,90.44000244140624,92.19000244140624,90.3000030517578,91.79000091552734,60.53656768798828,46432900.0
2003-04-29,92.13999938964844,92.8000030517578,91.4000015258789,92.11000061035156,60.74765396118164,52017100.0
2003-04-30,91.91000366210938,92.56999969482422,91.41000366210938,91.91000366210938,60.6157341003418,48709100.0
2003-05-01,91.91999816894533,92.7300033569336,90.5,91.9000015258789,60.609130859375,50240400.0
2003-05-02,91.55999755859376,93.47000122070312,91.48999786376952,93.20999908447266,61.47307586669922,50201500.0
2003-05-05,93.47000122070312,93.77999877929688,92.5,93.02999877929688,61.35436630249024,35437800.0
2003-05-06,93.04000091552734,94.37999725341795,93.0,93.91000366210938,61.93473434448242,44401000.0
2003-05-07,93.41999816894533,94.13999938964844,92.97000122070312,93.38999938964844,61.59180068969727,41413100.0
2003-05-08,92.5199966430664,93.33000183105467,92.27999877929688,92.4499969482422,60.97183990478516,40570700.0
2003-05-09,92.83000183105467,93.8000030517578,92.61000061035156,93.7300033569336,61.816036224365234,33608100.0
2003-05-12,93.5,95.12000274658205,93.27999877929688,94.87999725341795,62.574462890625,35662300.0
2003-05-13,94.52999877929688,95.18000030517578,94.26000213623048,94.70999908447266,62.46237564086914,39253600.0
2003-05-14,95.08999633789062,95.23999786376952,93.91000366210938,94.51000213623048,62.33047866821289,32195100.0
2003-05-15,94.88999938964844,95.33000183105467,94.25,95.11000061035156,62.726165771484375,43879200.0
2003-05-16,94.88999938964844,95.4499969482422,94.26000213623048,94.87000274658205,62.56789016723633,38905000.0
2003-05-19,94.1500015258789,94.41999816894533,92.33000183105467,92.6500015258789,61.103759765625,41606000.0
2003-05-20,92.81999969482422,93.02999877929688,91.58999633789062,92.45999908447266,60.97845458984375,55404600.0
2003-05-21,92.11000061035156,92.87999725341795,91.91000366210938,92.6500015258789,61.103759765625,49333800.0
2003-05-22,92.9499969482422,94.0500030517578,92.68000030517578,93.56999969482422,61.71050262451172,38421800.0
2003-05-23,93.52999877929688,93.9800033569336,93.13999938964844,93.76000213623048,61.83579635620117,26155900.0
2003-05-27,93.3000030517578,95.83999633789062,93.06999969482422,95.4000015258789,62.917423248291016,43719200.0
2003-05-28,95.8499984741211,96.47000122070312,95.43000030517578,95.66999816894533,63.09548568725586,37727100.0
2003-05-29,95.87999725341795,96.81999969482422,95.08000183105467,95.41999816894533,62.930625915527344,50844200.0
2003-05-30,95.9000015258789,97.08999633789062,95.55999755859376,96.9499969482422,63.93965530395508,52529500.0
2003-06-02,97.52999877929688,98.4499969482422,96.66999816894533,97.3499984741211,64.20348358154297,50305500.0
2003-06-03,97.1500015258789,97.83999633789062,96.8499984741211,97.75,64.46724700927734,38254500.0
2003-06-04,97.66000366210938,99.3499984741211,97.56999969482422,99.16000366210938,65.39717102050781,49360700.0
2003-06-05,98.58000183105467,99.6500015258789,98.2699966430664,99.6500015258789,65.7203598022461,46262400.0
2003-06-06,100.4000015258789,101.4000015258789,99.12999725341795,99.26000213623048,65.46315002441406,60356800.0
2003-06-09,98.7699966430664,99.0999984741211,97.7699966430664,98.25,64.79701232910156,37808500.0
2003-06-10,98.45999908447266,99.26000213623048,98.19000244140624,99.25,65.45654296875,29965900.0
2003-06-11,99.16000366210938,100.38999938964844,98.70999908447266,100.3000030517578,66.14900970458984,37610200.0
2003-06-12,100.75,100.9000015258789,99.62000274658205,100.61000061035156,66.35348510742188,36442000.0
2003-06-13,100.61000061035156,100.75,98.9499969482422,99.55999755859376,65.66098022460938,48628300.0
2003-06-16,99.95999908447266,101.6999969482422,99.8000030517578,101.66000366210938,67.04595947265625,36326300.0
2003-06-17,102.06999969482422,102.18000030517578,101.2300033569336,101.66000366210938,67.04595947265625,36801800.0
2003-06-18,101.29000091552734,102.13999938964844,101.0,101.56999969482422,66.9865951538086,35521000.0
2003-06-19,101.63999938964844,101.7300033569336,99.83999633789062,100.0199966430664,65.96436309814453,43551700.0
2003-06-20,100.38999938964844,100.5,99.41999816894533,99.44000244140624,65.8187255859375,41545000.0
2003-06-23,99.4499969482422,99.66000366210938,97.91999816894533,98.41999816894533,65.14363098144531,34237500.0
2003-06-24,98.22000122070312,99.08999633789062,98.0199966430664,98.5199966430664,65.20979309082031,36213600.0
2003-06-25,98.52999877929688,99.44000244140624,97.52999877929688,97.52999877929688,64.55450439453125,47743400.0
2003-06-26,97.77999877929688,98.9800033569336,96.95999908447266,98.8000030517578,65.39514923095703,33477300.0
2003-06-27,98.75,99.19000244140624,97.58000183105467,97.66000366210938,64.64057159423828,54208800.0
2003-06-30,98.22000122070312,98.66999816894533,97.47000122070312,97.62999725341795,64.62074279785156,33349000.0
2003-07-01,97.25,98.8499984741211,96.43000030517578,98.52999877929688,65.2164077758789,51322800.0
2003-07-02,98.7699966430664,99.79000091552734,98.56999969482422,99.7699966430664,66.03716278076172,34662100.0
2003-07-03,99.06999969482422,99.8499984741211,97.9000015258789,98.73999786376952,65.35541534423828,30792800.0
2003-07-07,99.6500015258789,100.9000015258789,99.6500015258789,100.6999969482422,66.65275573730469,31391100.0
2003-07-08,100.5,101.29000091552734,100.16999816894533,101.1500015258789,66.95056915283203,30952500.0
2003-07-09,100.91999816894533,101.4000015258789,100.02999877929688,100.58000183105467,66.57332611083984,36528500.0
2003-07-10,99.83999633789062,100.04000091552734,98.62999725341795,99.3000030517578,65.72604370117188,49777700.0
2003-07-11,99.38999938964844,100.4499969482422,99.38999938964844,100.23999786376952,66.3482437133789,39976300.0
2003-07-14,101.1999969482422,101.9000015258789,100.4499969482422,100.7300033569336,66.672607421875,42114900.0
2003-07-15,101.37999725341795,101.45999908447266,99.9499969482422,100.51000213623048,66.52693176269531,42573600.0
2003-07-16,100.80999755859376,100.87000274658205,99.2300033569336,99.91999816894533,66.13645935058594,39894200.0
2003-07-17,99.1500015258789,99.87999725341795,98.16000366210938,98.5,65.19654846191406,52253500.0
2003-07-18,99.0199966430664,99.8000030517578,98.45999908447266,99.51000213623048,65.86507415771484,35698100.0
2003-07-21,99.4499969482422,99.48999786376952,97.8499984741211,98.27999877929688,65.05097961425781,34786000.0
2003-07-22,98.69000244140624,99.41000366210938,97.91999816894533,99.16999816894533,65.64002990722656,49968300.0
2003-07-23,99.20999908447266,99.4499969482422,98.27999877929688,99.23999786376952,65.68631744384766,37275400.0
2003-07-24,99.98999786376952,100.33999633789062,98.37000274658205,98.48999786376952,65.1899185180664,40896200.0
2003-07-25,98.66000366210938,100.29000091552734,98.04000091552734,100.2300033569336,66.34162902832031,43241100.0
2003-07-28,100.37000274658205,100.9800033569336,99.66999816894533,99.86000061035156,66.09674072265625,34382800.0
2003-07-29,100.13999938964844,100.26000213623048,98.68000030517578,99.4000015258789,65.79228210449219,53472100.0
2003-07-30,99.5999984741211,99.75,98.93000030517578,99.16000366210938,65.6333999633789,28363300.0
2003-07-31,99.9800033569336,100.91000366210938,99.16999816894533,99.38999938964844,65.78565216064453,54937200.0
2003-08-01,99.19000244140624,99.52999877929688,98.23999786376952,98.51000213623048,65.20317077636719,49321000.0
2003-08-04,98.30999755859376,99.0,97.0,98.51000213623048,65.20317077636719,55214100.0
2003-08-05,98.41000366210938,98.76000213623048,96.33999633789062,96.41999816894533,63.8198356628418,61415600.0
2003-08-06,96.69000244140624,98.05999755859376,96.41999816894533,96.9800033569336,64.19049835205078,50096900.0
2003-08-07,97.16999816894533,98.06999969482422,96.76000213623048,98.0,64.86561584472656,43427400.0
2003-08-08,98.31999969482422,98.5500030517578,97.76000213623048,98.27999877929688,65.05097961425781,27357300.0
2003-08-11,98.26000213623048,99.04000091552734,97.83999633789062,98.6500015258789,65.29583740234375,34631400.0
2003-08-12,98.70999908447266,99.58999633789062,98.41999816894533,99.5500030517578,65.89154815673828,43285600.0
2003-08-13,99.81999969482422,99.8499984741211,98.52999877929688,99.04000091552734,65.55398559570312,36152000.0
2003-08-14,99.0999984741211,99.75,98.4499969482422,99.30999755859376,65.73270416259766,35525100.0
2003-08-15,99.36000061035156,99.79000091552734,99.12000274658205,99.62000274658205,65.93787384033203,12567000.0
2003-08-18,99.93000030517578,100.5999984741211,99.73999786376952,100.4800033569336,66.50712585449219,22873800.0
2003-08-19,100.69000244140624,100.94000244140624,100.0,100.86000061035156,66.75865173339844,37437700.0
2003-08-20,100.29000091552734,100.88999938964844,100.16000366210938,100.4499969482422,66.48727416992188,21295300.0
2003-08-21,101.0500030517578,101.5199966430664,100.4000015258789,100.7699966430664,66.69905853271484,46494200.0
2003-08-22,101.75,101.81999969482422,99.7300033569336,99.7699966430664,66.03716278076172,52040300.0
2003-08-25,99.70999908447266,100.83000183105467,99.27999877929688,99.93000030517578,66.14307403564453,23473000.0
2003-08-26,99.5,100.38999938964844,98.83000183105467,100.11000061035156,66.26219940185547,45065800.0
2003-08-27,100.0500030517578,100.36000061035156,99.56999969482422,100.13999938964844,66.28206634521484,18919500.0
2003-08-28,100.4000015258789,101.0,99.66000366210938,100.76000213623048,66.69243621826172,27402400.0
2003-08-29,100.61000061035156,101.4800033569336,100.4800033569336,101.44000244140624,67.14256286621094,28706600.0
2003-09-02,101.63999938964844,102.87999725341795,101.0500030517578,102.8000030517578,68.04270935058594,49419100.0
2003-09-03,103.02999877929688,103.6999969482422,102.77999877929688,103.36000061035156,68.41336059570312,44912400.0
2003-09-04,103.0999984741211,103.5500030517578,102.76000213623048,103.41000366210938,68.44644927978516,28381000.0
2003-09-05,102.94000244140624,103.5500030517578,102.4000015258789,102.83000183105467,68.06255340576172,31637300.0
2003-09-08,103.04000091552734,103.87999725341795,102.93000030517578,103.68000030517578,68.62516021728516,32632800.0
2003-09-09,103.37000274658205,103.45999908447266,102.68000030517578,103.0,68.17510223388672,35053200.0
2003-09-10,102.52999877929688,102.8000030517578,101.5500030517578,101.95999908447266,67.48673248291016,45904900.0
2003-09-11,102.0999984741211,102.76000213623048,101.83999633789062,102.26000213623048,67.6852798461914,38396300.0
2003-09-12,101.91000366210938,102.63999938964844,101.3499984741211,102.4499969482422,67.81106567382812,42524800.0
2003-09-15,102.5199966430664,102.62999725341795,101.9499969482422,102.08999633789062,67.57271575927734,21312800.0
2003-09-16,102.2300033569336,103.63999938964844,102.16999816894533,103.58000183105467,68.55897521972656,37892600.0
2003-09-17,103.4800033569336,103.79000091552734,103.0500030517578,103.37999725341795,68.42658996582031,31885800.0
2003-09-18,103.4000015258789,104.6999969482422,103.16999816894533,104.5999984741211,69.23410034179688,30243600.0
2003-09-19,104.2699966430664,104.5999984741211,103.4000015258789,103.66999816894533,68.8819808959961,34331600.0
2003-09-22,102.8499984741211,102.95999908447266,102.02999877929688,102.5500030517578,68.13782501220703,36677400.0
2003-09-23,102.58999633789062,103.29000091552734,102.36000061035156,102.94000244140624,68.39691925048828,32489200.0
2003-09-24,103.12000274658205,103.22000122070312,101.06999969482422,101.11000061035156,67.18101501464844,41694700.0
2003-09-25,101.41000366210938,101.87999725341795,100.1999969482422,100.27999877929688,66.62953186035156,52673100.0
2003-09-26,100.44000244140624,100.66000366210938,99.8499984741211,99.9499969482422,66.41027069091797,42914700.0
2003-09-29,100.3000030517578,100.98999786376952,99.79000091552734,100.93000030517578,67.06140899658203,36771600.0
2003-09-30,100.4800033569336,100.76000213623048,99.25,99.9499969482422,66.41027069091797,70764500.0
2003-10-01,100.23999786376952,102.18000030517578,100.1999969482422,102.08000183105467,67.8255386352539,65797600.0
2003-10-02,101.93000030517578,102.55999755859376,101.62999725341795,102.4499969482422,68.07136535644531,44591500.0
2003-10-03,103.66999816894533,104.27999877929688,103.08000183105467,103.38999938964844,68.6959457397461,48806900.0
2003-10-06,103.4800033569336,103.98999786376952,103.1999969482422,103.86000061035156,69.0082015991211,20226500.0
2003-10-07,103.26000213623048,104.30999755859376,102.91000366210938,104.26000213623048,69.27398681640625,42602900.0
2003-10-08,104.33000183105467,104.38999938964844,103.41000366210938,104.0,69.10123443603516,30920800.0
2003-10-09,104.87999725341795,105.22000122070312,103.83000183105467,104.27999877929688,69.28727722167969,40066500.0
2003-10-10,104.2699966430664,104.5999984741211,103.91000366210938,104.56999969482422,69.47994232177734,22682800.0
2003-10-13,104.70999908447266,105.29000091552734,104.51000213623048,104.9000015258789,69.69922637939453,23825600.0
2003-10-14,104.8000030517578,105.43000030517578,104.36000061035156,105.2699966430664,69.94508361816406,38484400.0
2003-10-15,105.86000061035156,105.88999938964844,104.63999938964844,104.98999786376952,69.759033203125,39021700.0
2003-10-16,104.68000030517578,105.7300033569336,104.6500015258789,105.41000366210938,70.0380859375,32772200.0
2003-10-17,105.47000122070312,105.62999725341795,103.9800033569336,104.26000213623048,69.27398681640625,32790300.0
2003-10-20,104.4499969482422,105.04000091552734,103.94000244140624,105.04000091552734,69.79222869873047,27657000.0
2003-10-21,104.81999969482422,105.27999877929688,104.31999969482422,104.86000061035156,69.6726303100586,26729100.0
2003-10-22,104.02999877929688,104.19000244140624,103.19000244140624,103.54000091552734,68.79558563232422,33914500.0
2003-10-23,102.88999938964844,103.9499969482422,102.83999633789062,103.3499984741211,68.66934204101562,45830500.0
2003-10-24,102.83000183105467,103.58000183105467,102.18000030517578,103.58000183105467,68.82213592529297,51723600.0
2003-10-27,103.73999786376952,104.18000030517578,103.2699966430664,103.62999725341795,68.85536193847656,32460200.0
2003-10-28,103.9800033569336,105.1500015258789,103.81999969482422,105.04000091552734,69.79222869873047,34956200.0
2003-10-29,104.7699966430664,105.43000030517578,103.87000274658205,105.18000030517578,69.88522338867188,30955400.0
2003-10-30,105.79000091552734,105.97000122070312,104.8000030517578,105.4000015258789,70.03144836425781,39123100.0
2003-10-31,105.4000015258789,105.73999786376952,105.22000122070312,105.3000030517578,69.96499633789062,25761600.0
2003-11-03,105.75,106.61000061035156,105.70999908447266,105.98999786376952,70.42342376708984,37589300.0
2003-11-04,105.98999786376952,106.2699966430664,105.58000183105467,105.76000213623048,70.27066802978516,31421600.0
2003-11-05,105.48999786376952,105.97000122070312,104.9000015258789,105.83999633789062,70.32380676269531,33558800.0
2003-11-06,105.5999984741211,106.44000244140624,105.0999984741211,106.4000015258789,70.69587707519531,28392300.0
2003-11-07,106.63999938964844,106.72000122070312,105.56999969482422,105.61000061035156,70.17098236083984,31723200.0
2003-11-10,105.73999786376952,105.83999633789062,105.01000213623048,105.18000030517578,69.88522338867188,25530800.0
2003-11-11,105.08999633789062,105.33000183105467,104.8000030517578,105.1500015258789,69.86531066894531,26558600.0
2003-11-12,105.2300033569336,106.47000122070312,105.16000366210938,106.33000183105467,70.64936828613281,28000000.0
2003-11-13,106.01000213623048,106.54000091552734,105.77999877929688,106.36000061035156,70.66929626464844,29714800.0
2003-11-14,106.4000015258789,106.9499969482422,105.29000091552734,105.45999908447266,70.07129669189453,49158500.0
2003-11-17,104.91000366210938,105.13999938964844,104.04000091552734,104.93000030517578,69.71913146972656,44382100.0
2003-11-18,105.23999786376952,105.4499969482422,103.6999969482422,103.83999633789062,68.9948959350586,41155000.0
2003-11-19,104.02999877929688,105.01000213623048,103.91999816894533,104.72000122070312,69.57963562011719,29827000.0
2003-11-20,104.0,105.23999786376952,103.75,103.77999877929688,68.95503234863281,53578700.0
2003-11-21,104.23999786376952,104.33000183105467,103.62000274658205,104.20999908447266,69.24076843261719,30016000.0
2003-11-24,104.69000244140624,105.77999877929688,104.68000030517578,105.58999633789062,70.15769958496094,28906400.0
2003-11-25,105.7300033569336,106.41999816894533,105.4499969482422,105.98999786376952,70.42342376708984,37580000.0
2003-11-26,106.41999816894533,106.4499969482422,105.38999938964844,106.37000274658205,70.67594909667969,33053600.0
2003-11-28,106.27999877929688,106.66000366210938,106.1999969482422,106.4499969482422,70.72909545898438,10507500.0
2003-12-01,106.8499984741211,107.68000030517578,106.8000030517578,107.5999984741211,71.49317932128906,38699000.0
2003-12-02,107.37999725341795,107.7699966430664,107.06999969482422,107.33000183105467,71.31377410888672,35352000.0
2003-12-03,107.6500015258789,108.08000183105467,107.06999969482422,107.16000366210938,71.20083618164062,39078600.0
2003-12-04,107.16999816894533,107.72000122070312,106.94000244140624,107.5999984741211,71.49317932128906,36089500.0
2003-12-05,107.12000274658205,107.8000030517578,106.62000274658205,106.8499984741211,70.99486541748047,28824400.0
2003-12-08,106.73999786376952,107.63999938964844,106.68000030517578,107.56999969482422,71.4732437133789,32482900.0
2003-12-09,107.9000015258789,107.93000030517578,106.54000091552734,106.73999786376952,70.92176818847656,43596100.0
2003-12-10,106.7699966430664,106.9800033569336,105.95999908447266,106.7300033569336,70.91515350341797,36915400.0
2003-12-11,106.68000030517578,108.0999984741211,106.66999816894533,107.93000030517578,71.71243286132812,45304000.0
2003-12-12,107.97000122070312,108.1999969482422,107.38999938964844,108.13999938964844,71.85196685791016,34142200.0
2003-12-15,109.16999816894533,109.2300033569336,107.4800033569336,107.5999984741211,71.49317932128906,38693400.0
2003-12-16,107.68000030517578,108.5,107.5199966430664,108.16000366210938,71.86527252197266,32894200.0
2003-12-17,108.05999755859376,108.5,107.8000030517578,108.5,72.0912094116211,23198800.0
2003-12-18,108.5500030517578,109.7300033569336,108.38999938964844,109.72000122070312,72.90180969238281,29353100.0
2003-12-19,109.3000030517578,109.37000274658205,108.58000183105467,108.9000015258789,72.69886016845703,41465100.0
2003-12-22,108.79000091552734,109.66000366210938,108.77999877929688,109.66000366210938,73.20619201660156,27611300.0
2003-12-23,109.4800033569336,109.9499969482422,109.37999725341795,109.7300033569336,73.2529525756836,24741200.0
2003-12-24,109.5199966430664,109.87999725341795,109.43000030517578,109.62000274658205,73.17948913574219,8055800.0
2003-12-26,109.70999908447266,110.08000183105467,109.62999725341795,109.6999969482422,73.23291778564453,8308400.0
2003-12-29,110.0999984741211,111.2699966430664,109.77999877929688,111.16000366210938,74.20755004882812,22483700.0
2003-12-30,111.08999633789062,111.2699966430664,110.8499984741211,111.18000030517578,74.22093200683594,19559500.0
2003-12-31,111.22000122070312,111.5199966430664,110.83999633789062,111.27999877929688,74.28768157958984,31501800.0
2004-01-02,111.73999786376952,112.19000244140624,110.7300033569336,111.2300033569336,74.2542953491211,38072300.0
2004-01-05,111.69000244140624,112.5199966430664,111.58999633789062,112.44000244140624,75.06208038330078,27959800.0
2004-01-06,112.16000366210938,112.7300033569336,112.0,112.5500030517578,75.1355209350586,20472800.0
2004-01-07,112.38999938964844,113.05999755859376,111.88999938964844,112.93000030517578,75.38919067382812,30170400.0
2004-01-08,113.25,113.41000366210938,112.7699966430664,113.37999725341795,75.68959045410156,36438400.0
2004-01-09,112.83000183105467,113.5,112.2699966430664,112.38999938964844,75.02871704101562,54084300.0
2004-01-12,112.5500030517578,113.25,112.36000061035156,113.22000122070312,75.582763671875,31564100.0
2004-01-13,113.08999633789062,113.2300033569336,111.76000213623048,112.55999755859376,75.14217376708984,54239700.0
2004-01-14,112.76000213623048,113.66000366210938,112.66999816894533,113.5,75.76970672607422,30112800.0
2004-01-15,113.56999969482422,114.05999755859376,112.58000183105467,113.77999877929688,75.95659637451172,38408700.0
2004-01-16,114.04000091552734,114.30999755859376,113.62999725341795,114.2300033569336,76.25701141357422,31922700.0
2004-01-20,114.52999877929688,114.6500015258789,113.81999969482422,114.1999969482422,76.23700714111328,29863000.0
2004-01-21,114.12999725341795,115.3000030517578,113.72000122070312,115.0999984741211,76.83782196044922,30725000.0
2004-01-22,115.13999938964844,115.37999725341795,114.58000183105467,114.8000030517578,76.6375503540039,29888500.0
2004-01-23,115.0,115.37000274658205,113.9499969482422,114.43000030517578,76.39053344726562,44245300.0
2004-01-26,114.38999938964844,115.93000030517578,114.37999725341795,115.87000274658205,77.35186767578125,30460600.0
2004-01-27,115.75,116.5,114.6500015258789,114.68000030517578,76.55745697021484,35322800.0
2004-01-28,114.9800033569336,115.27999877929688,112.94000244140624,113.37000274658205,75.68290710449219,52621300.0
2004-01-29,113.55999755859376,113.8499984741211,112.55999755859376,113.4800033569336,75.75636291503906,60117100.0
2004-01-30,113.5199966430664,113.72000122070312,113.08999633789062,113.4800033569336,75.75636291503906,30984400.0
2004-02-02,113.6999969482422,114.68000030517578,113.12000274658205,113.97000122070312,76.08345794677734,38832400.0
2004-02-03,113.73999786376952,114.13999938964844,113.44000244140624,113.77999877929688,75.95659637451172,25093500.0
2004-02-04,113.19000244140624,113.7300033569336,112.79000091552734,112.8499984741211,75.33578491210938,39332600.0
2004-02-05,113.16999816894533,113.54000091552734,112.77999877929688,113.18000030517578,75.55606079101562,37226800.0
2004-02-06,113.41999816894533,114.6999969482422,113.1999969482422,114.4499969482422,76.40388488769531,37216000.0
2004-02-09,114.66999816894533,114.87000274658205,114.29000091552734,114.4800033569336,76.4239273071289,24851300.0
2004-02-10,114.27999877929688,115.13999938964844,114.26000213623048,114.8499984741211,76.67095947265625,27908100.0
2004-02-11,114.8499984741211,116.38999938964844,114.16999816894533,116.06999969482422,77.4853744506836,42965700.0
2004-02-12,115.97000122070312,116.2699966430664,115.58000183105467,115.6500015258789,77.20497131347656,27814700.0
2004-02-13,115.81999969482422,116.1999969482422,114.75,115.12999725341795,76.85782623291016,44739900.0
2004-02-17,115.8499984741211,116.43000030517578,115.7699966430664,116.16999816894533,77.5521240234375,23984300.0
2004-02-18,116.1999969482422,116.5999984741211,115.3499984741211,115.66000366210938,77.21167755126953,28618000.0
2004-02-19,116.33000183105467,116.38999938964844,115.05999755859376,115.2300033569336,76.92459869384766,51146200.0
2004-02-20,115.4800033569336,115.55999755859376,114.31999969482422,114.87999725341795,76.69096374511719,46728800.0
2004-02-23,115.22000122070312,115.26000213623048,114.16999816894533,114.58999633789062,76.49736785888672,36357000.0
2004-02-24,114.2699966430664,114.98999786376952,113.02999877929688,114.38999938964844,76.36381530761719,43953000.0
2004-02-25,114.45999908447266,115.05999755859376,114.31999969482422,114.87000274658205,76.68427276611328,31213600.0
2004-02-26,114.61000061035156,115.29000091552734,114.33999633789062,114.94000244140624,76.73104858398438,29683000.0
2004-02-27,115.19000244140624,115.73999786376952,114.62999725341795,115.0199966430664,76.78441619873047,39312000.0
2004-03-01,115.43000030517578,116.33999633789062,115.25,116.16000366210938,77.54545593261719,33130800.0
2004-03-02,115.94000244140624,116.97000122070312,115.2300033569336,115.4800033569336,77.09147644042969,38556400.0
2004-03-03,115.25,115.87000274658205,114.91999816894533,115.69000244140624,77.2316665649414,31346200.0
2004-03-04,115.72000122070312,116.0999984741211,115.5199966430664,115.98999786376952,77.43193817138672,21060000.0
2004-03-05,115.41999816894533,116.9499969482422,115.27999877929688,116.37999725341795,77.69229888916016,55905600.0
2004-03-08,116.33999633789062,116.62000274658205,114.91000366210938,114.95999908447266,76.74439239501953,39281600.0
2004-03-09,115.0999984741211,115.20999908447266,114.23999786376952,114.5,76.43728637695312,39746100.0
2004-03-10,114.72000122070312,114.7699966430664,112.55999755859376,112.58000183105467,75.15552520751953,67671800.0
2004-03-11,112.4000015258789,113.2699966430664,111.0999984741211,111.12000274658205,74.18084716796875,89134800.0
2004-03-12,111.7300033569336,112.70999908447266,111.58000183105467,112.58000183105467,75.15552520751953,54012200.0
2004-03-15,112.2699966430664,112.3499984741211,110.9000015258789,111.1999969482422,74.23426055908203,57677200.0
2004-03-16,111.77999877929688,112.05999755859376,110.83999633789062,111.79000091552734,74.62812805175781,59832600.0
2004-03-17,112.18000030517578,113.26000213623048,112.0999984741211,113.04000091552734,75.46261596679688,41607300.0
2004-03-18,112.6999969482422,113.2699966430664,111.93000030517578,113.06999969482422,75.48265075683594,60014300.0
2004-03-19,112.41000366210938,112.56999969482422,111.04000091552734,111.05999755859376,74.40071105957031,48636200.0
2004-03-22,110.54000091552734,110.56999969482422,109.0999984741211,109.6500015258789,73.45616912841797,62752100.0
2004-03-23,110.25,110.4000015258789,109.36000061035156,109.45999908447266,73.32884979248047,54080200.0
2004-03-24,109.58000183105467,110.13999938964844,108.8499984741211,109.5500030517578,73.38916778564453,51584300.0
2004-03-25,110.08000183105467,111.3000030517578,109.79000091552734,111.0,74.36053466796875,49873600.0
2004-03-26,110.95999908447266,111.79000091552734,110.8000030517578,111.02999877929688,74.38062286376953,37409500.0
2004-03-29,111.62999725341795,112.73999786376952,111.58000183105467,112.58999633789062,75.42568969726562,44113600.0
2004-03-30,112.3000030517578,113.06999969482422,112.22000122070312,112.97000122070312,75.68028259277344,39059900.0
2004-03-31,112.98999786376952,113.4000015258789,112.37999725341795,113.0999984741211,75.76734161376953,48517600.0
2004-04-01,113.06999969482422,113.87000274658205,113.0500030517578,113.77999877929688,76.22289276123047,45103800.0
2004-04-02,114.80999755859376,114.83999633789062,113.9000015258789,114.63999938964844,76.79902648925781,50987700.0
2004-04-05,114.45999908447266,115.37999725341795,114.44000244140624,115.2699966430664,77.2210922241211,30251800.0
2004-04-06,114.83000183105467,115.18000030517578,114.62000274658205,114.9000015258789,76.97318267822266,28420900.0
2004-04-07,114.9499969482422,114.9800033569336,114.11000061035156,114.62999725341795,76.79232025146484,45890500.0
2004-04-08,115.41000366210938,115.41000366210938,113.73999786376952,114.37000274658205,76.61814880371094,46929700.0
2004-04-12,114.58000183105467,115.08000183105467,114.56999969482422,114.81999969482422,76.9195785522461,23085200.0
2004-04-13,115.26000213623048,115.3000030517578,113.0199966430664,113.20999908447266,75.84105682373047,56210300.0
2004-04-14,112.61000061035156,113.63999938964844,112.5500030517578,113.38999938964844,75.96161651611328,62322300.0
2004-04-15,113.4499969482422,113.77999877929688,112.36000061035156,112.95999908447266,75.67355346679688,61602500.0
2004-04-16,113.37999725341795,114.0500030517578,112.9800033569336,113.83000183105467,76.25640106201172,47059200.0
2004-04-19,113.5500030517578,113.98999786376952,113.2699966430664,113.83000183105467,76.25640106201172,28277600.0
2004-04-20,114.08000183105467,114.31999969482422,111.77999877929688,111.91999816894533,74.97682189941406,53299400.0
2004-04-21,112.1999969482422,112.9499969482422,111.87000274658205,112.66999816894533,75.47932434082031,50177300.0
2004-04-22,112.4800033569336,114.66999816894533,112.44000244140624,114.25,76.5377426147461,62071500.0
2004-04-23,114.41999816894533,114.56999969482422,113.79000091552734,114.36000061035156,76.61141204833984,29395700.0
2004-04-26,114.5,114.94000244140624,113.5999984741211,114.1999969482422,76.50428009033203,35515200.0
2004-04-27,114.2300033569336,115.12000274658205,113.95999908447266,114.3000030517578,76.57125091552734,43485500.0
2004-04-28,113.88999938964844,114.01000213623048,112.5,112.81999969482422,75.57976531982422,50165800.0
2004-04-29,112.72000122070312,113.31999969482422,111.16000366210938,111.83000183105467,74.91657257080078,69687600.0
2004-04-30,112.16999816894533,112.37999725341795,110.9000015258789,110.95999908447266,74.3337173461914,48681400.0
2004-05-03,111.37000274658205,112.29000091552734,111.3499984741211,112.1500015258789,75.13094329833984,33758000.0
2004-05-04,112.25,113.26000213623048,111.66000366210938,112.05999755859376,75.07064819335938,51185100.0
2004-05-05,112.41000366210938,112.95999908447266,112.16000366210938,112.77999877929688,75.552978515625,34405000.0
2004-05-06,112.0199966430664,112.58999633789062,111.0,111.80999755859376,74.90312957763672,54997000.0
2004-05-07,111.22000122070312,112.2300033569336,109.95999908447266,109.95999908447266,73.66381072998047,60950000.0
2004-05-10,109.44000244140624,109.75,108.36000061035156,108.83000183105467,72.90679931640625,75279400.0
2004-05-11,109.45999908447266,110.0500030517578,109.33000183105467,109.75,73.52311706542969,48300600.0
2004-05-12,109.56999969482422,110.54000091552734,108.05999755859376,110.4499969482422,73.99209594726562,90830500.0
2004-05-13,109.76000213623048,110.80999755859376,109.62999725341795,109.98999786376952,73.68392944335938,57393700.0
2004-05-14,109.9499969482422,110.73999786376952,109.2699966430664,110.04000091552734,73.71744537353516,54123100.0
2004-05-17,108.88999938964844,109.5,108.41000366210938,109.0999984741211,73.08767700195312,55020400.0
2004-05-18,109.48999786376952,109.94000244140624,109.33000183105467,109.6500015258789,73.45616912841797,30193100.0
2004-05-19,110.5,111.18000030517578,109.1500015258789,109.2699966430664,73.2015609741211,54804100.0
2004-05-20,109.4499969482422,109.87000274658205,109.04000091552734,109.62000274658205,73.43601989746094,38082900.0
2004-05-21,109.97000122070312,110.5500030517578,109.47000122070312,109.80999755859376,73.5633773803711,47480400.0
2004-05-24,110.52999877929688,110.76000213623048,109.68000030517578,110.2699966430664,73.8714828491211,40961500.0
2004-05-25,109.9000015258789,111.9800033569336,109.5999984741211,111.8499984741211,74.92993927001953,48668000.0
2004-05-26,111.66000366210938,112.29000091552734,111.51000213623048,112.23999786376952,75.19122314453125,35977000.0
2004-05-27,112.54000091552734,113.02999877929688,112.05999755859376,112.87000274658205,75.61328887939453,45306900.0
2004-05-28,112.7300033569336,112.87999725341795,112.36000061035156,112.86000061035156,75.60660552978516,23367200.0
2004-06-01,112.45999908447266,112.86000061035156,111.87000274658205,112.70999908447266,75.50607299804688,41044700.0
2004-06-02,113.02999877929688,113.4800033569336,112.45999908447266,113.12999725341795,75.78743743896484,39774200.0
2004-06-03,112.80999755859376,113.19000244140624,112.06999969482422,112.08999633789062,75.09072875976562,38688300.0
2004-06-04,112.9800033569336,113.58000183105467,112.70999908447266,112.9800033569336,75.68695831298828,32739500.0
2004-06-07,113.43000030517578,114.80999755859376,113.41999816894533,114.6999969482422,76.83922576904297,31643800.0
2004-06-08,114.37000274658205,114.91999816894533,114.16999816894533,114.86000061035156,76.9464111328125,32846500.0
2004-06-09,114.51000213623048,114.6999969482422,113.72000122070312,113.79000091552734,76.22956848144531,36737600.0
2004-06-10,114.04000091552734,114.3499984741211,113.93000030517578,114.3499984741211,76.60472106933594,21711000.0
2004-06-14,113.81999969482422,113.8499984741211,112.87000274658205,113.22000122070312,75.84774017333984,34633000.0
2004-06-15,113.9000015258789,114.4499969482422,113.51000213623048,114.0199966430664,76.38365936279297,37445000.0
2004-06-16,114.0,114.1999969482422,113.6999969482422,114.0,76.3702621459961,26633400.0
2004-06-17,113.8499984741211,114.06999969482422,113.33000183105467,113.83000183105467,76.25640106201172,28402400.0
2004-06-18,113.2699966430664,114.22000122070312,113.18000030517578,113.62999725341795,76.4002456665039,31799800.0
2004-06-21,113.75,114.13999938964844,113.12999725341795,113.1999969482422,76.11117553710938,25284000.0
2004-06-22,113.12999725341795,113.87999725341795,112.66999816894533,113.7699966430664,76.49441528320312,37334000.0
2004-06-23,113.61000061035156,114.83999633789062,113.41999816894533,114.75,77.15333557128906,35580000.0
2004-06-24,114.55999755859376,114.93000030517578,114.26000213623048,114.38999938964844,76.91126251220703,35272100.0
2004-06-25,114.41000366210938,114.94000244140624,113.68000030517578,113.83999633789062,76.54146575927734,32837900.0
2004-06-28,114.5199966430664,114.61000061035156,113.41000366210938,113.4499969482422,76.27925872802734,40824500.0
2004-06-29,113.52999877929688,114.16999816894533,113.41999816894533,113.91999816894533,76.59528350830078,28418100.0
2004-06-30,114.06999969482422,114.79000091552734,113.6500015258789,114.52999877929688,77.00541687011719,52230600.0
2004-07-01,114.25,114.4000015258789,112.58000183105467,112.94000244140624,75.93635559082031,57734700.0
2004-07-02,113.16000366210938,113.29000091552734,112.5999984741211,112.87999725341795,75.89599609375,34615100.0
2004-07-06,112.37000274658205,112.4499969482422,111.62999725341795,111.88999938964844,75.2303695678711,38698200.0
2004-07-07,111.80999755859376,112.56999969482422,111.75,112.22000122070312,75.45222473144531,29839800.0
2004-07-08,111.80999755859376,112.31999969482422,111.1999969482422,111.44000244140624,74.92778778076172,45291100.0
2004-07-09,111.72000122070312,111.94000244140624,111.37999725341795,111.7300033569336,75.12278747558594,27412900.0
2004-07-12,111.5199966430664,112.04000091552734,111.0,111.77999877929688,75.15641021728516,35691300.0
2004-07-13,111.91999816894533,112.0199966430664,111.5999984741211,111.86000061035156,75.21019744873047,26752000.0
2004-07-14,111.26000213623048,112.38999938964844,111.12000274658205,111.5199966430664,74.98161315917969,54089400.0
2004-07-15,111.73999786376952,111.91000366210938,110.6999969482422,110.8000030517578,74.49751281738281,38403500.0
2004-07-16,111.56999969482422,111.66999816894533,110.44000244140624,110.70999908447266,74.43699645996094,40871200.0
2004-07-19,110.75,110.95999908447266,109.98999786376952,110.23999786376952,74.12096405029297,39592800.0
2004-07-20,110.52999877929688,111.9000015258789,110.25,111.63999938964844,75.06226348876953,46679800.0
2004-07-21,111.81999969482422,112.05999755859376,109.4499969482422,109.58000183105467,73.67724609375,56241100.0
2004-07-22,109.36000061035156,110.38999938964844,108.7699966430664,109.87999725341795,73.87892150878906,72477100.0
2004-07-23,109.62000274658205,109.70999908447266,108.69000244140624,108.95999908447266,73.26033782958984,49610500.0
2004-07-26,109.19000244140624,109.43000030517578,108.20999908447266,108.75,73.119140625,49679100.0
2004-07-27,109.0500030517578,110.11000061035156,108.97000122070312,109.7699966430664,73.80499267578125,51295100.0
2004-07-28,109.5500030517578,110.37000274658205,108.58999633789062,110.0999984741211,74.02684020996094,65862300.0
2004-07-29,110.54000091552734,110.87000274658205,110.0,110.56999969482422,74.3428726196289,52200500.0
2004-07-30,110.31999969482422,110.9000015258789,110.0999984741211,110.83999633789062,74.5243911743164,41581700.0
2004-08-02,110.19000244140624,111.36000061035156,110.0500030517578,111.06999969482422,74.67906951904297,38263100.0
2004-08-03,110.93000030517578,111.05999755859376,110.16000366210938,110.20999908447266,74.10081481933594,40948800.0
2004-08-04,109.88999938964844,110.75,109.63999938964844,110.1999969482422,74.09410095214844,40763200.0
2004-08-05,110.29000091552734,110.37999725341795,108.2699966430664,108.4000015258789,72.88384246826172,50772000.0
2004-08-06,107.62999725341795,107.95999908447266,106.62000274658205,106.8499984741211,71.8416519165039,74729000.0
2004-08-09,107.0199966430664,107.4800033569336,106.87000274658205,107.0,71.94253540039062,37476300.0
2004-08-10,107.30999755859376,108.41000366210938,107.26000213623048,108.37999725341795,72.87040710449219,55870600.0
2004-08-11,107.68000030517578,108.33000183105467,107.0999984741211,108.16000366210938,72.72250366210938,52933200.0
2004-08-12,107.68000030517578,107.9499969482422,106.62999725341795,106.9800033569336,71.92906951904297,50015900.0
2004-08-13,107.0999984741211,107.3499984741211,106.58999633789062,107.19000244140624,72.07026672363281,41634700.0
2004-08-16,107.13999938964844,108.63999938964844,107.0999984741211,108.3000030517578,72.81658172607422,45731900.0
2004-08-17,108.75,109.27999877929688,108.52999877929688,108.91000366210938,73.22674560546875,40701600.0
2004-08-18,108.5199966430664,110.16999816894533,108.48999786376952,110.02999877929688,73.97982025146484,43165400.0
2004-08-19,109.80999755859376,110.0199966430664,109.18000030517578,109.70999908447266,73.76459503173828,39881600.0
2004-08-20,109.61000061035156,110.62999725341795,109.51000213623048,110.4800033569336,74.2823486328125,44870900.0
2004-08-23,110.5500030517578,110.7699966430664,110.0500030517578,110.1999969482422,74.09410095214844,33745100.0
2004-08-24,110.63999938964844,110.7300033569336,109.8499984741211,110.3499984741211,74.19495391845703,30453100.0
2004-08-25,110.33000183105467,111.2699966430664,109.9000015258789,111.0999984741211,74.69918823242188,38551400.0
2004-08-26,110.95999908447266,111.30999755859376,110.8499984741211,111.0999984741211,74.69918823242188,26629500.0
2004-08-27,111.1999969482422,111.62999725341795,111.0500030517578,111.4499969482422,74.93453979492188,24902900.0
2004-08-30,111.22000122070312,111.33999633789062,110.4499969482422,110.52999877929688,74.31596374511719,26726500.0
2004-08-31,110.66000366210938,111.16000366210938,110.0999984741211,111.11000061035156,74.70594024658203,44125300.0
2004-09-01,110.9499969482422,111.63999938964844,110.4800033569336,111.31999969482422,74.84715270996094,52778300.0
2004-09-02,111.23999786376952,112.6999969482422,111.23999786376952,112.58000183105467,75.69429016113281,42736600.0
2004-09-03,112.33000183105467,112.81999969482422,112.01000213623048,112.12000274658205,75.38501739501953,30480500.0
2004-09-07,112.54000091552734,113.12999725341795,112.31999969482422,112.86000061035156,75.88255310058594,37338800.0
2004-09-08,112.62000274658205,113.05999755859376,112.30999755859376,112.58000183105467,75.69429016113281,32963100.0
2004-09-09,112.56999969482422,112.87999725341795,112.02999877929688,112.4800033569336,75.6270980834961,34314800.0
2004-09-10,112.5199966430664,113.2699966430664,112.08000183105467,113.05999755859376,76.01705932617188,27900600.0
2004-09-13,113.30999755859376,113.73999786376952,113.01000213623048,113.43000030517578,76.26580810546875,44398100.0
2004-09-14,113.3000030517578,113.69000244140624,113.19000244140624,113.66000366210938,76.42044067382812,28048900.0
2004-09-15,113.3000030517578,113.36000061035156,112.68000030517578,112.8000030517578,75.84223175048828,38295000.0
2004-09-16,112.8499984741211,113.37000274658205,112.8000030517578,113.13999938964844,76.07083129882812,23911700.0
2004-09-17,112.9499969482422,113.36000061035156,112.69000244140624,113.1500015258789,76.39423370361328,33683000.0
2004-09-20,112.66999816894533,112.98999786376952,112.27999877929688,112.47000122070312,75.93514251708984,37149400.0
2004-09-21,112.75,113.47000122070312,112.54000091552734,112.95999908447266,76.26595306396484,40920800.0
2004-09-22,112.5,112.5199966430664,111.47000122070312,111.5500030517578,75.31397247314453,49042100.0
2004-09-23,111.5999984741211,111.6999969482422,110.9499969482422,110.9499969482422,74.90888977050781,44068700.0
2004-09-24,111.16999816894533,111.7300033569336,111.12999725341795,111.45999908447266,75.25320434570312,34981100.0
2004-09-27,111.0999984741211,111.1999969482422,110.58000183105467,110.75,74.77383422851562,39355100.0
2004-09-28,110.91000366210938,111.51000213623048,110.41000366210938,111.27999877929688,75.1316909790039,41662900.0
2004-09-29,111.20999908447266,111.8499984741211,111.0,111.83999633789062,75.50978088378906,33325700.0
2004-09-30,111.5500030517578,111.9800033569336,111.26000213623048,111.76000213623048,75.4557876586914,43536700.0
2004-10-01,112.26000213623048,113.6500015258789,112.20999908447266,113.6500015258789,76.73182678222656,62824300.0
2004-10-04,114.0999984741211,114.44000244140624,113.8000030517578,113.83999633789062,76.86009979248047,33082400.0
2004-10-05,113.8499984741211,114.16000366210938,113.54000091552734,113.9000015258789,76.90058135986328,36910600.0
2004-10-06,113.7699966430664,114.68000030517578,113.68000030517578,114.68000030517578,77.42720031738281,42297800.0
2004-10-07,114.37999725341795,114.4000015258789,113.36000061035156,113.4499969482422,76.5968017578125,39388800.0
2004-10-08,113.1500015258789,113.7699966430664,112.3499984741211,112.51000213623048,75.96211242675781,51872600.0
2004-10-11,112.77999877929688,113.0199966430664,112.63999938964844,112.97000122070312,76.27269744873047,20229100.0
2004-10-12,112.1999969482422,112.83000183105467,111.94000244140624,112.52999877929688,75.97563171386719,41754700.0
2004-10-13,113.0,113.06999969482422,111.31999969482422,111.54000091552734,75.30721282958984,54212600.0
2004-10-14,111.68000030517578,111.93000030517578,110.58000183105467,110.63999938964844,74.69957733154297,64082200.0
2004-10-15,111.0199966430664,111.73999786376952,110.56999969482422,111.26000213623048,75.11814880371094,63482200.0
2004-10-18,110.88999938964844,111.9000015258789,110.6999969482422,111.68000030517578,75.4017562866211,43535100.0
2004-10-19,112.0199966430664,112.2300033569336,110.58999633789062,110.73999786376952,74.76703643798828,55851900.0
2004-10-20,110.37999725341795,110.81999969482422,109.75,110.5199966430664,74.61858367919922,57118500.0
2004-10-21,110.79000091552734,111.31999969482422,110.20999908447266,111.23999786376952,75.10466003417969,53218300.0
2004-10-22,111.19000244140624,111.25,109.86000061035156,109.98999786376952,74.26073455810547,48752400.0
2004-10-25,109.75,110.12000274658205,109.3499984741211,109.86000061035156,74.17294311523438,43990900.0
2004-10-26,110.12999725341795,111.5999984741211,109.87999725341795,111.54000091552734,75.30721282958984,54337400.0
2004-10-27,111.37999725341795,113.0999984741211,111.12000274658205,112.87999725341795,76.21192169189453,73896000.0
2004-10-28,112.77999877929688,113.55999755859376,112.48999786376952,113.22000122070312,76.44147491455078,54413300.0
2004-10-29,113.12000274658205,113.63999938964844,112.9000015258789,113.1999969482422,76.42799377441406,48820200.0
2004-11-01,113.55999755859376,113.83999633789062,113.1999969482422,113.51000213623048,76.63728332519531,36720900.0
2004-11-02,113.66999816894533,114.56999969482422,113.22000122070312,113.5500030517578,76.6642837524414,56210000.0
2004-11-03,115.02999877929688,115.36000061035156,114.23999786376952,114.9800033569336,77.6297836303711,76960200.0
2004-11-04,114.77999877929688,116.66999816894533,114.68000030517578,116.5500030517578,78.68974304199219,55350300.0
2004-11-05,117.0500030517578,117.63999938964844,116.48999786376952,117.27999877929688,79.18262481689453,63287200.0
2004-11-08,116.9800033569336,117.2300033569336,116.72000122070312,117.11000061035156,79.0678482055664,33863800.0
2004-11-09,117.08000183105467,117.5,116.76000213623048,116.87999725341795,78.91255187988281,44658100.0
2004-11-10,117.05999755859376,117.5500030517578,116.76000213623048,116.97000122070312,78.97335052490234,45265400.0
2004-11-11,117.18000030517578,118.12000274658205,117.0999984741211,117.86000061035156,79.5741958618164,37863200.0
2004-11-12,117.97000122070312,119.0,117.68000030517578,118.79000091552734,80.20211029052734,55583700.0
2004-11-15,118.5,118.7699966430664,118.2300033569336,118.7300033569336,80.39918518066406,35297900.0
2004-11-16,118.36000061035156,118.41000366210938,117.7300033569336,117.87999725341795,79.82357025146484,40028700.0
2004-11-17,118.37000274658205,119.13999938964844,118.06999969482422,118.58000183105467,80.2975845336914,54494000.0
2004-11-18,118.52999877929688,118.8000030517578,118.2300033569336,118.73999786376952,80.40593719482422,31854300.0
2004-11-19,118.6999969482422,118.72000122070312,117.13999938964844,117.41999816894533,79.5120849609375,54276500.0
2004-11-22,117.16999816894533,118.12000274658205,117.02999877929688,117.9800033569336,79.89129638671875,37560200.0
2004-11-23,117.93000030517578,118.26000213623048,117.37000274658205,118.16000366210938,80.01319885253906,41968800.0
2004-11-24,118.2699966430664,118.58999633789062,118.0500030517578,118.44000244140624,80.20281219482422,29724800.0
2004-11-26,118.51000213623048,118.9800033569336,118.3000030517578,118.3499984741211,80.141845703125,15487700.0
2004-11-29,118.79000091552734,119.01000213623048,117.4800033569336,117.80999755859376,79.77615356445312,61460800.0
2004-11-30,118.0,118.23999786376952,117.63999938964844,117.88999938964844,79.8303451538086,53685200.0
2004-12-01,118.16000366210938,119.5,118.0999984741211,119.2300033569336,80.73772430419922,49898300.0
2004-12-02,119.0999984741211,119.87000274658205,119.01000213623048,119.33000183105467,80.80546569824219,60163500.0
2004-12-03,119.30999755859376,120.13999938964844,119.08999633789062,119.25,80.75128936767578,49067900.0
2004-12-06,119.20999908447266,119.63999938964844,118.83999633789062,119.20999908447266,80.72421264648438,33030500.0
2004-12-07,119.48999786376952,119.62000274658205,118.04000091552734,118.0999984741211,79.97256469726562,52047200.0
2004-12-08,118.20999908447266,118.81999969482422,118.01000213623048,118.79000091552734,80.43978881835938,43895100.0
2004-12-09,118.13999938964844,119.45999908447266,117.7300033569336,119.20999908447266,80.72421264648438,60922800.0
2004-12-10,118.91999816894533,119.55999755859376,118.8499984741211,119.33000183105467,80.80546569824219,47828600.0
2004-12-13,119.76000213623048,120.4000015258789,119.3499984741211,120.37000274658205,81.5097427368164,38541000.0
2004-12-14,120.18000030517578,120.95999908447266,120.18000030517578,120.79000091552734,81.7940902709961,41500700.0
2004-12-15,120.6999969482422,121.11000061035156,120.30999755859376,120.87999725341795,81.85507202148438,46699200.0
2004-12-16,120.72000122070312,121.23999786376952,120.04000091552734,120.80999755859376,81.8076400756836,51641800.0
2004-12-17,119.45999908447266,119.97000122070312,119.16000366210938,119.44000244140624,81.26202392578125,70761900.0
2004-12-20,119.75,120.29000091552734,119.16999816894533,119.47000122070312,81.28241729736328,47187400.0
2004-12-21,119.5999984741211,120.4800033569336,119.45999908447266,120.38999938964844,81.90833282470703,33094200.0
2004-12-22,120.37999725341795,121.08000183105467,120.3000030517578,120.68000030517578,82.10568237304688,31500700.0
2004-12-23,120.87000274658205,121.27999877929688,120.66000366210938,120.7699966430664,82.16690826416016,25646100.0
2004-12-27,121.1999969482422,121.36000061035156,120.38999938964844,120.5199966430664,81.99679565429688,29944100.0
2004-12-28,120.63999938964844,121.33000183105467,120.5999984741211,121.18000030517578,82.44583129882812,23422900.0
2004-12-29,121.08000183105467,121.4000015258789,120.9499969482422,121.36000061035156,82.56832885742188,22650600.0
2004-12-30,121.4000015258789,121.56999969482422,121.04000091552734,121.12999725341795,82.41181945800781,21076900.0
2004-12-31,121.3000030517578,121.66000366210938,120.8000030517578,120.87000274658205,82.23491668701172,28648800.0
2005-01-03,121.55999755859376,121.76000213623048,119.9000015258789,120.3000030517578,81.84710693359375,55748000.0
2005-01-04,120.45999908447266,120.54000091552734,118.44000244140624,118.83000183105467,80.84697723388672,69167600.0
2005-01-05,118.73999786376952,119.25,118.0,118.01000213623048,80.28914642333984,65667300.0
2005-01-06,118.44000244140624,119.1500015258789,118.26000213623048,118.61000061035156,80.69731903076172,47814700.0
2005-01-07,118.97000122070312,119.2300033569336,118.12999725341795,118.44000244140624,80.5816879272461,55847700.0
2005-01-10,118.33999633789062,119.45999908447266,118.33999633789062,119.0,80.9626693725586,56563300.0
2005-01-11,118.63999938964844,118.73999786376952,117.98999786376952,118.18000030517578,80.40473175048828,63099700.0
2005-01-12,118.4000015258789,118.83999633789062,117.5199966430664,118.56999969482422,80.67008972167969,72720500.0
2005-01-13,118.63999938964844,118.7300033569336,117.5,117.62000274658205,80.02376556396484,55537500.0
2005-01-14,117.97000122070312,118.52999877929688,117.76000213623048,118.23999786376952,80.44558715820312,42032500.0
2005-01-18,118.0500030517578,119.62000274658205,117.9499969482422,119.47000122070312,81.28241729736328,57391700.0
2005-01-19,119.43000030517578,119.5199966430664,118.20999908447266,118.22000122070312,80.4319839477539,54378900.0
2005-01-20,117.88999938964844,118.1999969482422,117.29000091552734,117.5,79.94212341308594,72049300.0
2005-01-21,117.79000091552734,118.0,116.6500015258789,116.77999877929688,79.45225524902344,63160400.0
2005-01-24,117.08999633789062,117.33999633789062,116.37000274658205,116.5500030517578,79.29576110839844,58441900.0
2005-01-25,116.91000366210938,117.47000122070312,116.72000122070312,116.87999725341795,79.52027893066406,68245000.0
2005-01-26,117.31999969482422,117.5999984741211,117.04000091552734,117.2300033569336,79.75840759277344,57195100.0
2005-01-27,117.19000244140624,117.75,116.9800033569336,117.43000030517578,79.89451599121094,55878800.0
2005-01-28,117.48999786376952,117.5500030517578,116.61000061035156,117.43000030517578,79.89451599121094,60738900.0
2005-01-31,117.9499969482422,118.25,117.70999908447266,118.16000366210938,80.39115142822266,52532700.0
2005-02-01,118.25,119.08000183105467,118.0999984741211,118.91000366210938,80.90141296386719,49841200.0
2005-02-02,119.05999755859376,119.58999633789062,118.9000015258789,119.2699966430664,81.14637756347656,52468900.0
2005-02-03,119.05999755859376,119.16000366210938,118.56999969482422,118.95999908447266,80.93544006347656,48837100.0
2005-02-04,119.0,120.43000030517578,118.9800033569336,120.2300033569336,81.79950714111328,50024600.0
2005-02-07,120.25,120.5199966430664,119.95999908447266,120.06999969482422,81.69068145751953,45412000.0
2005-02-08,120.16999816894533,120.6500015258789,120.06999969482422,120.20999908447266,81.78588104248047,39263500.0
2005-02-09,120.41999816894533,120.48999786376952,119.25,119.30999755859376,81.17353820800781,55279400.0
2005-02-10,119.66000366210938,120.0199966430664,119.26000213623048,119.73999786376952,81.4660873413086,45858600.0
2005-02-11,119.6999969482422,121.04000091552734,119.45999908447266,120.7699966430664,82.16690826416016,53133000.0
2005-02-14,120.69000244140624,120.86000061035156,120.4800033569336,120.68000030517578,82.10568237304688,32432100.0
2005-02-15,120.8000030517578,121.43000030517578,120.68000030517578,121.12999725341795,82.41181945800781,43852700.0
2005-02-16,120.93000030517578,121.45999908447266,120.66999816894533,121.20999908447266,82.46626281738281,55523000.0
2005-02-17,121.2300033569336,121.33000183105467,120.22000122070312,120.2300033569336,81.79950714111328,58124000.0
2005-02-18,120.23999786376952,120.4800033569336,119.9000015258789,120.38999938964844,81.90833282470703,47723300.0
2005-02-22,119.9000015258789,120.47000122070312,118.58000183105467,118.5999984741211,80.69053649902344,80697600.0
2005-02-23,118.93000030517578,119.56999969482422,118.62000274658205,119.4499969482422,81.26882934570312,68292600.0
2005-02-24,119.23999786376952,120.31999969482422,118.9800033569336,120.23999786376952,81.8062973022461,68563600.0
2005-02-25,120.2699966430664,121.66999816894533,120.18000030517578,121.43000030517578,82.61592864990234,60899900.0
2005-02-28,121.1500015258789,121.3000030517578,120.04000091552734,120.62999725341795,82.07164001464844,69381300.0
2005-03-01,120.81999969482422,121.5199966430664,120.77999877929688,121.2300033569336,82.4798583984375,47294400.0
2005-03-02,120.76000213623048,121.93000030517578,120.6500015258789,121.16999816894533,82.43902587890625,64226500.0
2005-03-03,121.66000366210938,121.9000015258789,120.6999969482422,121.22000122070312,82.47306060791016,61230800.0
2005-03-04,122.0500030517578,122.83000183105467,121.79000091552734,122.7300033569336,83.5003662109375,56168500.0
2005-03-07,122.66000366210938,123.25,122.4000015258789,122.79000091552734,83.54120635986328,43442400.0
2005-03-08,122.66999816894533,123.0,122.11000061035156,122.33000183105467,83.22825622558594,44362000.0
2005-03-09,121.97000122070312,122.29000091552734,120.95999908447266,120.97000122070312,82.3029556274414,73263600.0
2005-03-10,121.1999969482422,121.5,120.4000015258789,121.23999786376952,82.48662567138672,65149000.0
2005-03-11,121.30999755859376,121.72000122070312,120.16000366210938,120.38999938964844,81.90833282470703,57976500.0
2005-03-14,120.61000061035156,121.16000366210938,120.27999877929688,121.13999938964844,82.41864013671875,36336400.0
2005-03-15,121.41999816894533,121.45999908447266,120.08000183105467,120.13999938964844,81.73825073242188,62438500.0
2005-03-16,119.6999969482422,120.16000366210938,118.9000015258789,119.12000274658205,81.04431915283203,74874200.0
2005-03-17,119.30999755859376,119.73999786376952,118.9800033569336,119.36000061035156,81.20753479003906,62584200.0
2005-03-18,119.11000061035156,119.52999877929688,118.1500015258789,118.54000091552734,80.96649169921875,60232000.0
2005-03-21,118.70999908447266,118.77999877929688,117.76000213623048,118.0999984741211,80.6659164428711,61244300.0
2005-03-22,118.37000274658205,118.93000030517578,116.9000015258789,116.9000015258789,79.8463363647461,92472400.0
2005-03-23,116.9499969482422,117.72000122070312,116.75,117.0,79.91460418701172,70817300.0
2005-03-24,117.45999908447266,117.98999786376952,117.05999755859376,117.13999938964844,80.01024627685547,51932500.0
2005-03-28,117.41999816894533,117.94000244140624,117.30999755859376,117.30999755859376,80.12635803222656,46765500.0
2005-03-29,117.13999938964844,117.9000015258789,116.25,116.52999877929688,79.59358978271484,71160300.0
2005-03-30,116.77999877929688,118.1999969482422,116.7699966430664,118.18000030517578,80.72061920166016,62002100.0
2005-03-31,118.19000244140624,118.45999908447266,117.87000274658205,117.95999908447266,80.57032012939453,64575400.0
2005-04-01,118.62999725341795,118.98999786376952,116.91000366210938,117.43000030517578,80.20833587646484,95255300.0
2005-04-04,117.36000061035156,117.86000061035156,116.73999786376952,117.62999725341795,80.34491729736328,71581200.0
2005-04-05,117.77999877929688,118.37999725341795,117.66999816894533,118.19000244140624,80.7274398803711,46853900.0
2005-04-06,118.4499969482422,118.9499969482422,118.18000030517578,118.5999984741211,81.00745391845703,53268200.0
2005-04-07,118.41000366210938,119.26000213623048,118.31999969482422,119.23999786376952,81.444580078125,46734600.0
2005-04-08,119.16999816894533,119.20999908447266,118.0,118.0,80.59765625,63772900.0
2005-04-11,118.29000091552734,118.41999816894533,117.83000183105467,118.08999633789062,80.65909576416016,44945000.0
2005-04-12,117.88999938964844,119.05999755859376,117.06999969482422,118.6999969482422,81.07577514648438,86144800.0
2005-04-13,118.55999755859376,118.8000030517578,117.12999725341795,117.3000030517578,80.11951446533203,65949000.0
2005-04-14,117.4000015258789,117.5,115.7699966430664,115.7699966430664,79.0744857788086,96119800.0
2005-04-15,115.73999786376952,116.1999969482422,114.0999984741211,114.1500015258789,77.96800994873047,128677300.0
2005-04-18,114.12000274658205,114.95999908447266,113.95999908447266,114.5,78.20704650878906,100035200.0
2005-04-19,115.0999984741211,115.52999877929688,114.83000183105467,115.41000366210938,78.82857513427734,64930100.0
2005-04-20,115.37999725341795,115.62999725341795,113.5500030517578,113.8000030517578,77.72888946533203,107735900.0
2005-04-21,114.79000091552734,116.20999908447266,114.37999725341795,116.01000213623048,79.2384033203125,86952200.0
2005-04-22,115.73999786376952,116.5,114.2699966430664,115.56999969482422,78.93788146972656,88845800.0
2005-04-25,115.86000061035156,116.5,115.72000122070312,116.33000183105467,79.45695495605469,52284100.0
2005-04-26,115.95999908447266,116.7699966430664,115.1500015258789,115.1999969482422,78.6851577758789,72626000.0
2005-04-27,114.86000061035156,116.06999969482422,114.44000244140624,115.6500015258789,78.99250793457031,84131900.0
2005-04-28,115.2699966430664,115.68000030517578,114.1999969482422,114.1999969482422,78.00210571289062,72481500.0
2005-04-29,115.06999969482422,115.87000274658205,113.97000122070312,115.75,79.06082153320312,103993800.0
2005-05-02,116.06999969482422,116.41000366210938,115.5199966430664,116.4000015258789,79.50479888916016,56026400.0
2005-05-03,116.06999969482422,116.8499984741211,115.69000244140624,116.5999984741211,79.64137268066406,86000300.0
2005-05-04,116.6500015258789,117.75,116.27999877929688,117.5,80.25614929199219,81055700.0
2005-05-05,117.66999816894533,118.0,116.73999786376952,117.45999908447266,80.22880554199219,96906700.0
2005-05-06,117.93000030517578,117.98999786376952,117.05999755859376,117.08999633789062,79.97607421875,67415400.0
2005-05-09,117.20999908447266,118.08000183105467,117.0500030517578,117.81999969482422,80.47468566894531,43750500.0
2005-05-10,117.36000061035156,117.5,116.38999938964844,116.5999984741211,79.64137268066406,74613500.0
2005-05-11,116.93000030517578,117.4000015258789,115.8499984741211,117.23999786376952,80.07853698730469,91647400.0
2005-05-12,117.31999969482422,117.58999633789062,115.9499969482422,115.9499969482422,79.19740295410156,95086800.0
2005-05-13,116.3000030517578,116.62000274658205,114.8000030517578,115.72000122070312,79.04032135009766,85267000.0
2005-05-16,115.6999969482422,116.83999633789062,115.66000366210938,116.8000030517578,79.77799224853516,49207000.0
2005-05-17,116.41000366210938,117.6999969482422,116.16000366210938,117.58000183105467,80.3107681274414,61071800.0
2005-05-18,118.08999633789062,119.08000183105467,118.01000213623048,118.79000091552734,81.13722229003906,77944900.0
2005-05-19,119.0199966430664,119.41000366210938,118.6999969482422,119.29000091552734,81.4787826538086,61768100.0
2005-05-20,119.33999633789062,119.38999938964844,118.73999786376952,119.12000274658205,81.36265563964844,46345500.0
2005-05-23,119.20999908447266,120.04000091552734,119.19000244140624,119.77999877929688,81.81342315673828,51047900.0
2005-05-24,119.44000244140624,119.83000183105467,119.1999969482422,119.5,81.6221694946289,50654100.0
2005-05-25,119.3499984741211,119.87000274658205,118.83000183105467,119.41000366210938,81.56073760986328,47608800.0
2005-05-26,119.79000091552734,120.20999908447266,119.62000274658205,120.0500030517578,81.99784851074219,43256200.0
2005-05-27,120.05999755859376,120.25,119.8000030517578,120.25,82.13445281982422,24596100.0
2005-05-31,120.08000183105467,120.16999816894533,119.4000015258789,119.4800033569336,81.60853576660156,43377200.0
2005-06-01,119.5199966430664,120.91999816894533,119.4499969482422,120.5,82.30522918701172,69611000.0
2005-06-02,120.2300033569336,120.83999633789062,120.0999984741211,120.76000213623048,82.48278045654297,39704500.0
2005-06-03,120.5500030517578,120.88999938964844,119.7300033569336,120.1500015258789,82.06613159179688,60999400.0
2005-06-06,119.9499969482422,120.1999969482422,119.5500030517578,120.04000091552734,81.99103546142578,36046400.0
2005-06-07,120.38999938964844,121.25,120.01000213623048,120.12999725341795,82.05250549316406,66501300.0
2005-06-08,120.43000030517578,120.58999633789062,119.66999816894533,119.91000366210938,81.90225219726562,46881200.0
2005-06-09,119.73999786376952,120.58000183105467,119.44000244140624,120.4800033569336,82.29156494140625,56653300.0
2005-06-10,120.55999755859376,120.6500015258789,119.5999984741211,120.1999969482422,82.10031127929688,36465300.0
2005-06-13,119.94000244140624,121.08000183105467,119.80999755859376,120.58000183105467,82.35985565185547,49383200.0
2005-06-14,120.4499969482422,121.1999969482422,120.37999725341795,120.86000061035156,82.55110168457031,33857100.0
2005-06-15,121.16000366210938,121.23999786376952,120.2300033569336,121.08999633789062,82.70818328857422,53195600.0
2005-06-16,121.05999755859376,121.63999938964844,120.91999816894533,121.4000015258789,82.91993713378906,46564500.0
2005-06-17,121.54000091552734,121.9000015258789,121.22000122070312,121.36000061035156,83.22718048095703,51529400.0
2005-06-20,121.08000183105467,121.83999633789062,120.94000244140624,121.4000015258789,83.25460815429688,41019400.0
2005-06-21,121.5,121.6500015258789,121.02999877929688,121.47000122070312,83.30262756347656,39879800.0
2005-06-22,121.68000030517578,121.94000244140624,121.06999969482422,121.56999969482422,83.37120819091797,46310100.0
2005-06-23,121.31999969482422,121.5999984741211,119.83000183105467,119.86000061035156,82.198486328125,62185600.0
2005-06-24,119.87999725341795,120.01000213623048,118.83999633789062,118.9800033569336,81.59501647949219,58572500.0
2005-06-27,118.97000122070312,119.41000366210938,118.75,119.1500015258789,81.71157836914062,48183800.0
2005-06-28,119.4000015258789,120.23999786376952,119.37000274658205,120.1500015258789,82.39735412597656,41174200.0
2005-06-29,120.37000274658205,120.4000015258789,119.76000213623048,119.83000183105467,82.17788696289062,42316500.0
2005-06-30,120.22000122070312,120.31999969482422,118.9499969482422,119.18000030517578,81.73217010498047,62288800.0
2005-07-01,119.4499969482422,119.8000030517578,119.20999908447266,119.52999877929688,81.97217559814453,49737500.0
2005-07-05,119.25,120.6500015258789,119.19000244140624,120.48999786376952,82.63056182861328,51549000.0
2005-07-06,120.38999938964844,120.6500015258789,119.41000366210938,119.4800033569336,81.93791961669922,52363600.0
2005-07-07,118.29000091552734,119.9499969482422,118.26000213623048,119.9499969482422,82.26023864746094,103268800.0
2005-07-08,119.97000122070312,121.31999969482422,119.72000122070312,121.31999969482422,83.19972229003906,64491200.0
2005-07-11,121.33000183105467,122.0999984741211,121.30999755859376,121.94000244140624,83.62492370605469,49688300.0
2005-07-12,121.98999786376952,122.62999725341795,121.63999938964844,122.26000213623048,83.84439849853516,51871100.0
2005-07-13,122.2699966430664,122.5199966430664,121.98999786376952,122.43000030517578,83.96098327636719,41182300.0
2005-07-14,122.9800033569336,123.44000244140624,122.48999786376952,122.91000366210938,84.2901382446289,63638800.0
2005-07-15,122.79000091552734,123.04000091552734,122.36000061035156,122.83999633789062,84.24215698242188,56075900.0
2005-07-18,122.5,122.62999725341795,122.0500030517578,122.3499984741211,83.9061279296875,56598400.0
2005-07-19,122.70999908447266,123.11000061035156,122.41000366210938,123.0199966430664,84.3656005859375,59165700.0
2005-07-20,122.58999633789062,123.7300033569336,122.3000030517578,123.44000244140624,84.6535873413086,69477000.0
2005-07-21,123.5500030517578,123.61000061035156,122.47000122070312,122.72000122070312,84.15985870361328,101110900.0
2005-07-22,122.87999725341795,123.55999755859376,122.62999725341795,123.54000091552734,84.72218322753906,52607100.0
2005-07-25,123.41000366210938,123.9499969482422,122.8499984741211,123.19000244140624,84.48217010498047,57301600.0
2005-07-26,123.2300033569336,123.52999877929688,122.9499969482422,123.33999633789062,84.58502197265625,42758800.0
2005-07-27,123.5,123.88999938964844,123.0500030517578,123.79000091552734,84.89363861083984,43181600.0
2005-07-28,123.95999908447266,124.63999938964844,123.63999938964844,124.56999969482422,85.42853546142578,47880700.0
2005-07-29,124.41000366210938,124.62999725341795,123.5,123.73999786376952,84.85935974121094,62358100.0
2005-08-01,123.83000183105467,124.04000091552734,123.4499969482422,123.6500015258789,84.79765319824219,40418200.0
2005-08-02,123.87000274658205,124.5999984741211,123.73999786376952,124.38999938964844,85.3050765991211,45147400.0
2005-08-03,124.25,124.73999786376952,124.12000274658205,124.72000122070312,85.53144836425781,36837200.0
2005-08-04,124.2300033569336,124.30999755859376,123.56999969482422,123.72000122070312,84.84563446044922,50855600.0
2005-08-05,123.4499969482422,123.9800033569336,122.66999816894533,122.87999725341795,84.26957702636719,53595500.0
2005-08-08,123.1500015258789,123.41000366210938,122.37999725341795,122.6500015258789,84.11186218261719,47616000.0
2005-08-09,123.05999755859376,123.58999633789062,122.87000274658205,123.38999938964844,84.61933898925781,47170000.0
2005-08-10,123.81999969482422,124.5,122.81999969482422,123.33000183105467,84.57817077636719,72863700.0
2005-08-11,123.2699966430664,124.02999877929688,123.01000213623048,123.81999969482422,84.91423797607422,58570200.0
2005-08-12,123.56999969482422,123.69000244140624,122.75,123.05999755859376,84.39299011230469,54776900.0
2005-08-15,123.22000122070312,123.87000274658205,122.83000183105467,123.81999969482422,84.91423797607422,36208500.0
2005-08-16,123.44000244140624,123.5199966430664,122.08999633789062,122.20999908447266,83.81008911132812,71942100.0
2005-08-17,122.19000244140624,122.87000274658205,122.02999877929688,122.1999969482422,83.8032455444336,62275100.0
2005-08-18,122.0500030517578,122.55999755859376,121.83999633789062,122.19000244140624,83.79638671875,53388600.0
2005-08-19,122.62999725341795,122.81999969482422,122.1999969482422,122.47000122070312,83.98838806152344,39842100.0
2005-08-22,122.58000183105467,123.2300033569336,121.87999725341795,122.47000122070312,83.98838806152344,69912000.0
2005-08-23,122.5,122.61000061035156,121.1500015258789,122.23999786376952,83.83069610595703,55168600.0
2005-08-24,121.94000244140624,122.7300033569336,121.08999633789062,121.1500015258789,83.08316040039062,79104600.0
2005-08-25,121.3499984741211,121.66999816894533,121.20999908447266,121.58999633789062,83.38490295410156,35631100.0
2005-08-26,121.4800033569336,121.48999786376952,120.68000030517578,120.76000213623048,82.81571197509766,61956800.0
2005-08-29,120.41000366210938,121.77999877929688,120.37999725341795,121.69000244140624,83.45348358154297,56179200.0
2005-08-30,121.25,121.3000030517578,120.38999938964844,121.0500030517578,83.01461029052734,74160200.0
2005-08-31,121.19000244140624,122.66000366210938,120.73999786376952,122.58000183105467,84.06382751464844,102945200.0
2005-09-01,122.5199966430664,123.1500015258789,121.13999938964844,122.48999786376952,84.0020980834961,74578700.0
2005-09-02,122.8499984741211,122.87999725341795,122.04000091552734,122.2699966430664,83.85122680664062,47653400.0
2005-09-06,122.66000366210938,123.8000030517578,122.6500015258789,123.6999969482422,84.83190155029297,57251300.0
2005-09-07,123.62999725341795,124.12999725341795,123.45999908447266,123.91000366210938,84.97595977783203,41749700.0
2005-09-08,123.66000366210938,124.0,123.30999755859376,123.5,84.69475555419922,39068700.0
2005-09-09,123.83000183105467,124.73999786376952,123.8000030517578,124.5999984741211,85.44914245605469,43093900.0
2005-09-12,124.4499969482422,124.66999816894533,124.2699966430664,124.3499984741211,85.2776870727539,33017600.0
2005-09-13,124.12999725341795,124.41999816894533,123.5199966430664,123.66000366210938,84.80449676513672,58427500.0
2005-09-14,123.73999786376952,123.91999816894533,123.0199966430664,123.20999908447266,84.49586486816406,57694600.0
2005-09-15,123.58999633789062,123.6500015258789,122.9000015258789,123.1500015258789,84.45475769042969,73156900.0
2005-09-16,123.3000030517578,123.73999786376952,122.87000274658205,123.5,85.05530548095703,75424100.0
2005-09-19,123.47000122070312,123.5500030517578,122.63999938964844,123.08999633789062,84.77293395996094,53355300.0
2005-09-20,123.1999969482422,123.61000061035156,121.87000274658205,122.0500030517578,84.05668640136719,84480300.0
2005-09-21,121.79000091552734,121.87000274658205,120.77999877929688,120.91000366210938,83.27156066894531,94469100.0
2005-09-22,120.9499969482422,121.66000366210938,120.44000244140624,121.33999633789062,83.56768798828125,84597200.0
2005-09-23,121.23999786376952,121.88999938964844,120.9000015258789,121.44000244140624,83.63656616210938,59368100.0
2005-09-26,122.0199966430664,122.23999786376952,121.08000183105467,121.58000183105467,83.73297882080078,70415400.0
2005-09-27,121.5199966430664,121.98999786376952,121.0199966430664,121.5500030517578,83.7123031616211,66150800.0
2005-09-28,121.93000030517578,122.12000274658205,121.1999969482422,121.66999816894533,83.79496765136719,58620500.0
2005-09-29,121.5500030517578,122.86000061035156,121.08000183105467,122.66000366210938,84.47675323486328,66607700.0
2005-09-30,122.62000274658205,123.04000091552734,121.73999786376952,123.04000091552734,84.73848724365234,47824200.0
2005-10-03,122.95999908447266,123.33999633789062,122.4499969482422,122.5999984741211,84.43548583984375,50994800.0
2005-10-04,122.79000091552734,123.02999877929688,121.16000366210938,121.22000122070312,83.48500061035156,60776300.0
2005-10-05,121.25,121.30999755859376,119.56999969482422,119.62999725341795,82.38998413085938,106052100.0
2005-10-06,119.77999877929688,120.26000213623048,118.16999816894533,119.1999969482422,82.09386444091797,140941800.0
2005-10-07,119.6999969482422,120.0500030517578,119.12999725341795,119.61000061035156,82.376220703125,75661400.0
2005-10-10,119.68000030517578,119.70999908447266,118.3000030517578,118.5999984741211,81.68058776855469,52677000.0
2005-10-11,118.98999786376952,119.38999938964844,118.31999969482422,118.43000030517578,81.5635757446289,75629800.0
2005-10-12,118.38999938964844,119.12999725341795,117.41000366210938,117.5,80.92308044433594,100510400.0
2005-10-13,117.45999908447266,118.08000183105467,116.87999725341795,117.43000030517578,80.87486267089844,99052900.0
2005-10-14,118.12000274658205,118.80999755859376,117.55999755859376,118.66999816894533,81.72879791259766,88651000.0
2005-10-17,118.8000030517578,119.2699966430664,118.4499969482422,119.11000061035156,82.0318603515625,68109300.0
2005-10-18,118.94000244140624,118.95999908447266,117.8000030517578,117.81999969482422,81.1434326171875,74996900.0
2005-10-19,117.5,119.8000030517578,117.12000274658205,119.77999877929688,82.49329376220703,116563800.0
2005-10-20,119.48999786376952,119.80999755859376,117.3000030517578,117.66999816894533,81.04014587402344,131966700.0
2005-10-21,118.29000091552734,118.77999877929688,117.51000213623048,118.12999725341795,81.35696411132812,96579500.0
2005-10-24,118.44000244140624,120.08999633789062,118.41000366210938,119.95999908447266,82.61725616455078,71308400.0
2005-10-25,119.72000122070312,120.23999786376952,118.94000244140624,119.72000122070312,82.45199584960938,76594500.0
2005-10-26,119.51000213623048,120.54000091552734,119.19000244140624,119.37000274658205,82.21092987060547,80855800.0
2005-10-27,119.1999969482422,119.37000274658205,117.93000030517578,118.0999984741211,81.33624267578125,66623100.0
2005-10-28,118.43000030517578,119.9499969482422,118.0999984741211,119.8000030517578,82.50707244873047,72322000.0
2005-10-31,120.29000091552734,121.3000030517578,120.12999725341795,120.12999725341795,82.7343521118164,77698900.0
2005-11-01,120.58000183105467,120.9000015258789,120.22000122070312,120.48999786376952,82.98225402832031,66365100.0
2005-11-02,120.16999816894533,121.75,120.12999725341795,121.75,83.85003662109375,74012300.0
2005-11-03,122.1500015258789,122.66000366210938,121.75,122.2699966430664,84.20816040039062,84897600.0
2005-11-04,122.4000015258789,122.45999908447266,121.5500030517578,122.11000061035156,84.09799194335938,59156000.0
2005-11-07,122.37000274658205,122.62000274658205,121.8499984741211,122.2300033569336,84.18063354492188,46765400.0
2005-11-08,121.93000030517578,122.41999816894533,121.79000091552734,122.2300033569336,84.18063354492188,42152800.0
2005-11-09,122.08000183105467,122.9499969482422,121.86000061035156,122.38999938964844,84.29081726074219,57666800.0
2005-11-10,122.33999633789062,123.5199966430664,121.75,123.33999633789062,84.94511413574219,79048100.0
2005-11-11,123.3499984741211,123.83999633789062,122.43000030517578,123.76000213623048,85.23433685302734,34867000.0
2005-11-14,123.79000091552734,124.0199966430664,123.37999725341795,123.69000244140624,85.18614196777344,45092200.0
2005-11-15,123.5500030517578,124.08999633789062,122.86000061035156,123.23999786376952,84.87623596191406,69592500.0
2005-11-16,123.37000274658205,123.5500030517578,122.9800033569336,123.48999786376952,85.04843139648438,51133000.0
2005-11-17,123.68000030517578,124.6500015258789,123.13999938964844,124.63999938964844,85.84041595458984,55717500.0
2005-11-18,125.05999755859376,125.27999877929688,124.33000183105467,125.12999725341795,86.17788696289062,72437200.0
2005-11-21,125.1500015258789,125.91000366210938,124.9800033569336,125.76000213623048,86.61177825927734,50021200.0
2005-11-22,125.55999755859376,126.5199966430664,125.41999816894533,126.3000030517578,86.98367309570312,66438800.0
2005-11-23,126.25,127.41000366210938,126.20999908447266,127.02999877929688,87.48645782470703,50854700.0
2005-11-25,126.9800033569336,127.22000122070312,126.80999755859376,127.12999725341795,87.55529022216797,15270000.0
2005-11-28,127.25,127.2699966430664,126.04000091552734,126.2300033569336,86.93550109863281,54498500.0
2005-11-29,126.6500015258789,126.9800033569336,126.08999633789062,126.08999633789062,86.83903503417969,51738900.0
2005-11-30,126.16000366210938,126.5199966430664,125.29000091552734,125.41000366210938,86.3707046508789,56007200.0
2005-12-01,126.0199966430664,127.02999877929688,125.9800033569336,126.69000244140624,87.25228881835938,65468200.0
2005-12-02,126.7699966430664,127.08000183105467,126.5,126.8499984741211,87.36246490478516,46699400.0
2005-12-05,126.6999969482422,126.7300033569336,126.18000030517578,126.58000183105467,87.17650604248047,59273400.0
2005-12-06,127.0500030517578,127.73999786376952,126.62999725341795,126.81999969482422,87.34178924560547,57935200.0
2005-12-07,126.7699966430664,126.87000274658205,125.68000030517578,126.08000183105467,86.8321533203125,66816500.0
2005-12-08,126.22000122070312,126.81999969482422,125.4800033569336,126.0,86.77706909179688,62608600.0
2005-12-09,126.16000366210938,126.77999877929688,125.81999969482422,126.33000183105467,87.00434875488281,50744500.0
2005-12-12,126.70999908447266,126.86000061035156,125.95999908447266,126.4499969482422,87.08697509765625,48389900.0
2005-12-13,126.41999816894533,127.6999969482422,126.29000091552734,127.30999755859376,87.67926788330078,88630900.0
2005-12-14,127.19000244140624,128.08999633789062,127.13999938964844,127.80999755859376,88.02361297607422,64375000.0
2005-12-15,127.83999633789062,128.0,127.18000030517578,127.44000244140624,87.76878356933594,55900300.0
2005-12-16,127.27999877929688,127.36000061035156,126.36000061035156,126.36000061035156,87.48633575439453,46238300.0
2005-12-19,126.7300033569336,126.87000274658205,125.69000244140624,125.70999908447266,87.03626251220703,48733000.0
2005-12-20,125.86000061035156,126.58999633789062,125.4800033569336,125.83000183105467,87.11939239501953,46603200.0
2005-12-21,126.22000122070312,126.76000213623048,125.8000030517578,126.02999877929688,87.25779724121094,51806900.0
2005-12-22,126.30999755859376,126.69000244140624,126.08000183105467,126.69000244140624,87.71480560302734,32247900.0
2005-12-23,126.77999877929688,126.86000061035156,126.41999816894533,126.76000213623048,87.76325225830078,27977300.0
2005-12-27,126.95999908447266,127.0500030517578,125.37999725341795,125.47000122070312,86.87010955810547,44499500.0
2005-12-28,125.73999786376952,125.98999786376952,125.5,125.75,87.0639877319336,30764300.0
2005-12-29,125.72000122070312,125.95999908447266,125.05999755859376,125.19000244140624,86.67626953125,32788900.0
2005-12-30,124.8000030517578,125.05999755859376,124.36000061035156,124.51000213623048,86.20545196533203,44645600.0
2006-01-03,125.19000244140624,127.0,124.38999938964844,126.6999969482422,87.72169494628906,73256700.0
2006-01-04,126.86000061035156,127.48999786376952,126.6999969482422,127.3000030517578,88.13712310791016,51899600.0
2006-01-05,127.1500015258789,127.58999633789062,126.87999725341795,127.37999725341795,88.19249725341797,47307500.0
2006-01-06,128.02000427246094,128.5800018310547,127.36000061035156,128.44000244140625,88.9263916015625,62885900.0
2006-01-09,128.4199981689453,129.05999755859375,128.3800048828125,128.77000427246094,89.15491485595703,43527400.0
2006-01-10,128.38999938964844,128.97999572753906,128.25999450683594,128.89999389648438,89.244873046875,44960800.0
2006-01-11,129.02000427246094,129.44000244140625,128.72999572753906,129.30999755859375,89.52876281738281,49598900.0
2006-01-12,129.0800018310547,129.27999877929688,128.44000244140625,128.8000030517578,89.17567443847656,40509200.0
2006-01-13,128.57000732421875,128.89999389648438,128.1999969482422,128.67999267578125,89.09256744384766,44856700.0
2006-01-17,128.1999969482422,128.4199981689453,127.80999755859376,128.3300018310547,88.85023498535156,52066600.0
2006-01-18,127.58000183105467,128.89999389648438,127.16000366210938,127.81999969482422,88.49715423583984,75067600.0
2006-01-19,128.1300048828125,128.77000427246094,127.80999755859376,128.30999755859375,88.83638000488281,81530400.0
2006-01-20,128.27999877929688,128.30999755859375,125.97000122070312,125.97000122070312,87.21629333496094,114957800.0
2006-01-23,126.20999908447266,126.81999969482422,126.12999725341795,126.41999816894533,87.5278549194336,67017400.0
2006-01-24,126.62999725341795,127.1500015258789,126.41999816894533,126.5500030517578,87.61786651611328,53008800.0
2006-01-25,127.04000091552734,127.18000030517578,125.83999633789062,126.66000366210938,87.69403076171875,87747700.0
2006-01-26,127.25,127.66999816894533,126.76000213623048,127.36000061035156,88.17868041992188,71294000.0
2006-01-27,127.66000366210938,128.66000366210938,127.4499969482422,128.5399932861328,88.9956283569336,65771200.0
2006-01-30,128.44000244140625,128.80999755859375,128.35000610351562,128.44000244140625,88.9263916015625,33709600.0
2006-01-31,128.32000732421875,128.5399932861328,127.48999786376952,127.5,88.27559661865234,72937000.0
2006-02-01,127.81999969482422,128.42999267578125,127.72000122070312,128.38999938964844,88.89181518554688,63561000.0
2006-02-02,128.10000610351562,128.13999938964844,126.8000030517578,126.9000015258789,87.86013793945312,83626900.0
2006-02-03,126.58000183105467,128.38999938964844,126.13999938964844,126.2699966430664,87.42400360107422,86040400.0
2006-02-06,126.44000244140624,126.8000030517578,126.16999816894533,126.5999984741211,87.65250396728516,45511900.0
2006-02-07,126.37999725341795,126.66000366210938,125.4000015258789,125.4800033569336,86.87703704833984,71208100.0
2006-02-08,125.8499984741211,128.10000610351562,125.5999984741211,126.62000274658205,87.66633605957031,59422200.0
2006-02-09,126.91999816894533,127.5999984741211,126.37000274658205,126.41000366210938,87.52093505859375,62023300.0
2006-02-10,126.43000030517578,127.12999725341795,125.4499969482422,126.63999938964844,87.68018341064453,64508700.0
2006-02-13,126.5999984741211,126.79000091552734,125.9499969482422,126.41000366210938,87.52093505859375,52308700.0
2006-02-14,126.45999908447266,128.02999877929688,126.20999908447266,127.75,88.44872283935547,90964400.0
2006-02-15,127.68000030517578,128.32000732421875,127.23999786376952,128.1999969482422,88.76025390625,85471300.0
2006-02-16,128.33999633789062,129.2100067138672,128.17999267578125,129.16000366210938,89.42491912841797,61017900.0
2006-02-17,129.0500030517578,129.16000366210938,128.5800018310547,128.80999755859375,89.18257904052734,40342600.0
2006-02-21,129.11000061035156,129.39999389648438,128.2899932861328,128.49000549316406,88.9610366821289,46456300.0
2006-02-22,128.77000427246094,129.64999389648438,128.64999389648438,129.27000427246094,89.50106811523438,42326700.0
2006-02-23,129.27000427246094,129.63999938964844,128.27999877929688,129.0800018310547,89.36953735351562,43423200.0
2006-02-24,129.11000061035156,129.47999572753906,128.75999450683594,129.41000366210938,89.59799194335938,36777400.0
2006-02-27,129.39999389648438,130.0399932861328,129.27999877929688,129.4600067138672,89.63264465332031,35858600.0
2006-02-28,129.1999969482422,129.91000366210938,128.1300048828125,128.22999572753906,88.7810287475586,74394800.0
2006-03-01,128.60000610351562,129.49000549316406,128.5,129.3699951171875,89.5703353881836,48641600.0
2006-03-02,128.89999389648438,129.4199981689453,128.61000061035156,129.36000061035156,89.56338500976562,60642300.0
2006-03-03,128.6699981689453,130.07000732421875,128.64999389648438,128.75999450683594,89.14798736572266,73402500.0
2006-03-06,129.13999938964844,129.17999267578125,127.8499984741211,128.1699981689453,88.73948669433594,57478400.0
2006-03-07,127.86000061035156,128.05999755859375,127.4000015258789,127.97000122070312,88.60100555419922,61780800.0
2006-03-08,127.6999969482422,128.44000244140625,127.18000030517578,128.24000549316406,88.7879409790039,66692400.0
2006-03-09,128.27999877929688,128.67999267578125,127.37999725341795,127.37999725341795,88.19249725341797,56313600.0
2006-03-10,127.70999908447266,128.83999633789062,127.44000244140624,128.58999633789062,89.03023529052734,60490800.0
2006-03-13,128.83999633789062,129.16000366210938,128.52999877929688,128.8300018310547,89.19644927978516,45479100.0
2006-03-14,128.7100067138672,130.22999572753906,128.61000061035156,130.17999267578125,90.13111114501952,69877300.0
2006-03-15,130.14999389648438,130.86000061035156,129.85000610351562,130.75999450683594,90.5326919555664,53398900.0
2006-03-16,131.00999450683594,131.47000122070312,130.83999633789062,131.02999877929688,90.71961212158205,65526400.0
2006-03-17,130.67999267578125,130.89999389648438,130.3800048828125,130.6199951171875,90.79540252685548,47286800.0
2006-03-20,130.63999938964844,130.89999389648438,130.2100067138672,130.41000366210938,90.64945220947266,45538500.0
2006-03-21,130.3699951171875,130.99000549316406,129.4499969482422,129.58999633789062,90.07941436767578,87102700.0
2006-03-22,129.50999450683594,130.50999450683594,129.4499969482422,130.3800048828125,90.62854766845705,51605700.0
2006-03-23,130.25999450683594,130.38999938964844,129.66000366210938,130.11000061035156,90.44091033935548,46704200.0
2006-03-24,129.99000549316406,130.57000732421875,129.74000549316406,130.2100067138672,90.51039123535156,43209200.0
2006-03-27,130.02999877929688,130.27999877929688,129.74000549316406,130.02000427246094,90.37831115722656,32523000.0
2006-03-28,129.92999267578125,130.52999877929688,129.0500030517578,129.22000122070312,89.82221984863281,82079900.0
2006-03-29,129.41000366210938,130.5,129.2899932861328,130.02999877929688,90.3852996826172,61505700.0
2006-03-30,130.11000061035156,130.97999572753906,129.5500030517578,129.8000030517578,90.22535705566406,70571700.0
2006-03-31,130.02000427246094,130.24000549316406,129.3699951171875,129.8300018310547,90.24625396728516,62925600.0
2006-04-03,130.07000732421875,130.8699951171875,129.49000549316406,129.72999572753906,90.17669677734376,61624700.0
2006-04-04,129.72999572753906,130.72999572753906,129.36000061035156,130.55999755859375,90.75366973876952,54809300.0
2006-04-05,130.61000061035156,131.27999877929688,130.3800048828125,131.00999450683594,91.0665054321289,50607200.0
2006-04-06,130.85000610351562,131.2100067138672,130.19000244140625,130.8699951171875,90.96915435791016,57906200.0
2006-04-07,131.05999755859375,131.39999389648438,129.35000610351562,129.5399932861328,90.0446548461914,80180900.0
2006-04-10,129.74000549316406,130.0800018310547,129.25999450683594,129.74000549316406,90.1836929321289,41496500.0
2006-04-11,129.85000610351562,130.05999755859375,128.25,128.63999938964844,89.4190902709961,72799400.0
2006-04-12,128.77000427246094,129.1300048828125,128.61000061035156,128.8800048828125,89.58587646484375,43033700.0
2006-04-13,128.58999633789062,129.25,128.30999755859375,128.7100067138672,89.4677505493164,51051800.0
2006-04-17,128.8300018310547,129.30999755859375,128.02000427246094,128.66000366210938,89.43299102783203,64167700.0
2006-04-18,128.92999267578125,130.94000244140625,128.92999267578125,130.6999969482422,90.85099029541016,92531800.0
2006-04-19,130.75,131.07000732421875,130.24000549316406,130.9499969482422,91.0247573852539,87269000.0
2006-04-20,131.0,131.86000061035156,130.60000610351562,131.1300048828125,91.14993286132812,86005500.0
2006-04-21,131.69000244140625,131.7899932861328,130.6199951171875,131.14999389648438,91.163818359375,72342600.0
2006-04-24,130.88999938964844,131.07000732421875,130.3800048828125,130.91000366210938,90.99697875976562,52546400.0
2006-04-25,131.0399932861328,131.1199951171875,129.9199981689453,130.3699951171875,90.6216049194336,84359800.0
2006-04-26,130.5,131.13999938964844,130.3000030517578,130.39999389648438,90.64247131347656,67262400.0
2006-04-27,129.89999389648438,131.6300048828125,129.58999633789062,131.02999877929688,91.0803680419922,124478600.0
2006-04-28,130.7899932861328,131.75,130.7100067138672,131.47000122070312,91.38626861572266,55854400.0
2006-05-01,131.47000122070312,131.8000030517578,130.32000732421875,130.39999389648438,90.64247131347656,64990300.0
2006-05-02,131.00999450683594,131.4600067138672,130.74000549316406,131.3800048828125,91.32367706298828,49063500.0
2006-05-03,131.14999389648438,131.32000732421875,130.4499969482422,130.88999938964844,90.98306274414062,60821300.0
2006-05-04,131.0800018310547,131.6199951171875,130.97000122070312,131.36000061035156,91.30976104736328,42921400.0
2006-05-05,132.0500030517578,132.8000030517578,131.85000610351562,132.52000427246094,92.1161117553711,62588200.0
2006-05-08,132.50999450683594,132.77000427246094,132.36000061035156,132.36000061035156,92.00489807128906,30016700.0
2006-05-09,132.4199981689453,132.77000427246094,132.30999755859375,132.6199951171875,92.18560028076172,29864000.0
2006-05-10,132.41000366210938,132.75,131.88999938964844,132.5500030517578,92.13694763183594,64378200.0
2006-05-11,132.50999450683594,132.5500030517578,130.52000427246094,130.9499969482422,91.0247573852539,80626900.0
2006-05-12,130.36000061035156,130.72000122070312,129.19000244140625,129.24000549316406,89.83616638183594,91726500.0
2006-05-15,128.7899932861328,129.74000549316406,128.61000061035156,129.5,90.01686096191406,84029300.0
2006-05-16,129.75999450683594,130.0,129.00999450683594,129.30999755859375,89.88479614257812,62137600.0
2006-05-17,128.6699981689453,129.10000610351562,126.7699966430664,126.8499984741211,88.17481994628906,144789500.0
2006-05-18,127.3499984741211,127.75,126.11000061035156,126.20999908447266,87.72994995117188,87906300.0
2006-05-19,126.87000274658205,127.48999786376952,125.8000030517578,127.0999984741211,88.34860229492188,124309400.0
2006-05-22,126.27999877929688,127.16999816894533,125.5,126.12999725341795,87.67434692382812,110852800.0
2006-05-23,127.18000030517578,127.62999725341795,125.16999816894533,125.16999816894533,87.00702667236328,92006500.0
2006-05-24,125.68000030517578,126.88999938964844,124.76000213623048,126.16999816894533,87.70214080810547,168405000.0
2006-05-25,126.91999816894533,127.7300033569336,126.43000030517578,127.7300033569336,88.78650665283203,78977900.0
2006-05-26,128.00999450683594,128.3800048828125,127.51000213623048,128.3800048828125,89.23832702636719,62989700.0
2006-05-30,127.97000122070312,128.0,126.0500030517578,126.0999984741211,87.65348052978516,72419900.0
2006-05-31,126.62000274658205,127.51000213623048,126.1999969482422,127.51000213623048,88.63359069824219,86926200.0
2006-06-01,127.37999725341795,128.94000244140625,127.2699966430664,128.72999572753906,89.48162841796875,73721700.0
2006-06-02,129.25,129.42999267578125,128.32000732421875,129.0,89.66929626464844,91702600.0
2006-06-05,128.85000610351562,128.86000061035156,126.7699966430664,127.12000274658205,88.36250305175781,86105100.0
2006-06-06,127.20999908447266,127.37999725341795,125.76000213623048,126.80999755859376,88.1469955444336,130498600.0
2006-06-07,126.91000366210938,127.6500015258789,125.79000091552734,125.86000061035156,87.48666381835938,108599400.0
2006-06-08,125.58000183105467,126.5,123.87000274658205,125.75,87.41021728515625,204957200.0
2006-06-09,126.36000061035156,126.95999908447266,125.29000091552734,125.3499984741211,87.13215637207031,94972200.0
2006-06-12,125.87999725341795,125.93000030517578,123.81999969482422,123.98999786376952,86.18681335449219,95815900.0
2006-06-13,123.73999786376952,124.83999633789062,122.5500030517578,122.5500030517578,85.18585205078125,185688800.0
2006-06-14,122.83999633789062,123.62999725341795,122.33999633789062,123.5,85.8462142944336,163566400.0
2006-06-15,123.9499969482422,126.36000061035156,123.86000061035156,126.12000274658205,87.66738891601562,134057000.0
2006-06-16,125.29000091552734,125.55999755859376,124.45999908447266,124.6500015258789,87.02853393554688,94253500.0
2006-06-19,125.4000015258789,125.4800033569336,123.5500030517578,123.66999816894533,86.34432220458984,95804400.0
2006-06-20,124.01000213623048,124.80999755859376,123.72000122070312,124.08999633789062,86.63753509521484,65494700.0
2006-06-21,124.0,125.6999969482422,123.95999908447266,125.01000213623048,87.27987670898438,75008200.0
2006-06-22,124.9499969482422,125.05999755859376,124.04000091552734,124.45999908447266,86.89590454101562,74566100.0
2006-06-23,124.33000183105467,125.3000030517578,124.02999877929688,124.44000244140624,86.88195037841797,54107000.0
2006-06-26,124.54000091552734,125.05999755859376,124.25,124.98999786376952,87.26590728759766,37899600.0
2006-06-27,125.01000213623048,125.29000091552734,123.7699966430664,123.91000366210938,86.51187133789062,69780200.0
2006-06-28,124.19000244140624,124.7699966430664,123.6500015258789,124.75,87.09838104248047,62368100.0
2006-06-29,125.1999969482422,127.3499984741211,125.16999816894533,127.2699966430664,88.85780334472656,110634800.0
2006-06-30,127.54000091552734,127.66000366210938,126.95999908447266,127.27999877929688,88.86479949951172,54227800.0
2006-07-03,127.43000030517578,128.00999450683594,127.30999755859376,127.8000030517578,89.22782897949219,23914000.0
2006-07-05,127.29000091552734,127.4499969482422,126.5199966430664,127.06999969482422,88.71815490722656,69653400.0
2006-07-06,127.1999969482422,127.8499984741211,127.08000183105467,127.44000244140624,88.97649383544922,50100300.0
2006-07-07,127.19000244140624,127.55999755859376,126.29000091552734,126.61000061035156,88.39695739746094,81626500.0
2006-07-10,126.94000244140624,127.43000030517578,126.41000366210938,126.8499984741211,88.56456756591797,60964100.0
2006-07-11,126.61000061035156,127.41000366210938,125.94000244140624,127.41000366210938,88.95552825927734,73640800.0
2006-07-12,127.1500015258789,127.4000015258789,125.72000122070312,126.0500030517578,88.0060043334961,82561300.0
2006-07-13,125.4499969482422,125.68000030517578,124.0,124.0,86.57470703125,102405700.0
2006-07-14,124.12999725341795,124.26000213623048,122.83000183105467,123.5199966430664,86.23961639404297,103242500.0
2006-07-17,123.5199966430664,124.0999984741211,123.1500015258789,123.33999633789062,86.11393737792969,81159000.0
2006-07-18,123.70999908447266,124.0500030517578,122.38999938964844,123.97000122070312,86.55377960205078,122771000.0
2006-07-19,124.18000030517578,126.26000213623048,123.72000122070312,125.69000244140624,87.75465393066406,133565300.0
2006-07-20,126.12000274658205,126.3000030517578,124.66000366210938,124.83000183105467,87.15422821044922,112259800.0
2006-07-21,125.1500015258789,125.19000244140624,123.81999969482422,123.9499969482422,86.53981018066406,101560000.0
2006-07-24,124.44000244140624,126.31999969482422,124.44000244140624,126.20999908447266,88.11768341064453,92884000.0
2006-07-25,125.9800033569336,127.3000030517578,125.72000122070312,126.66000366210938,88.43189239501953,95480700.0
2006-07-26,126.58999633789062,127.4499969482422,126.18000030517578,126.83000183105467,88.55058288574219,84525800.0
2006-07-27,127.37999725341795,127.69000244140624,126.1999969482422,126.70999908447266,88.46681213378906,87257100.0
2006-07-28,127.04000091552734,128.13999938964844,126.86000061035156,127.9800033569336,89.35350036621094,82137000.0
2006-07-31,127.66000366210938,127.95999908447266,127.4499969482422,127.8499984741211,89.26273345947266,49593100.0
2006-08-01,127.33999633789062,127.37999725341795,126.5999984741211,127.22000122070312,88.82286071777344,65225600.0
2006-08-02,127.58000183105467,128.4600067138672,127.5500030517578,128.0800018310547,89.42330932617188,64770900.0
2006-08-03,127.33999633789062,128.5500030517578,127.1500015258789,128.4199981689453,89.66069030761719,63693800.0
2006-08-04,129.0800018310547,129.42999267578125,127.4800033569336,128.1999969482422,89.507080078125,96294200.0
2006-08-07,127.9000015258789,128.0800018310547,127.4000015258789,127.9000015258789,89.29764556884766,45377300.0
2006-08-08,128.08999633789062,128.4600067138672,126.9499969482422,127.41000366210938,88.95552825927734,90901300.0
2006-08-09,128.17999267578125,128.60000610351562,126.61000061035156,126.9800033569336,88.65531921386719,78910600.0
2006-08-10,126.58000183105467,127.5,126.27999877929688,127.37000274658205,88.92761993408203,69322300.0
2006-08-11,127.16999816894533,127.1999969482422,126.38999938964844,127.01000213623048,88.67628479003906,47482200.0
2006-08-14,127.62999725341795,128.16000366210938,126.91999816894533,127.11000061035156,88.74604034423828,57839000.0
2006-08-15,128.25,128.8699951171875,127.9000015258789,128.6300048828125,89.80731964111328,68143000.0
2006-08-16,129.32000732421875,129.88999938964844,129.0399932861328,129.6999969482422,90.55441284179688,71737600.0
2006-08-17,129.5800018310547,130.3699951171875,129.49000549316406,130.02999877929688,90.7847671508789,70992800.0
2006-08-18,130.19000244140625,130.69000244140625,129.58999633789062,130.69000244140625,91.2455825805664,58288400.0
2006-08-21,130.17999267578125,130.27999877929688,129.8000030517578,130.1300048828125,90.85459899902344,42133600.0
2006-08-22,129.99000549316406,130.52000427246094,129.67999267578125,130.1199951171875,90.8476104736328,60839900.0
2006-08-23,130.17999267578125,130.44000244140625,129.19000244140625,129.75999450683594,90.59629821777344,66592100.0
2006-08-24,129.99000549316406,130.10000610351562,129.39999389648438,129.64999389648438,90.51946258544922,57983000.0
2006-08-25,129.63999938964844,130.25,129.5500030517578,129.80999755859375,90.6311492919922,41756000.0
2006-08-28,129.64999389648438,130.82000732421875,129.63999938964844,130.42999267578125,91.06404113769533,52681500.0
2006-08-29,130.49000549316406,130.8300018310547,129.80999755859375,130.5800018310547,91.16876983642578,61817800.0
2006-08-30,130.8699951171875,131.0399932861328,130.5500030517578,130.66000366210938,91.2246551513672,50052200.0
2006-08-31,130.85000610351562,130.99000549316406,130.5800018310547,130.63999938964844,91.2106475830078,37510300.0
2006-09-01,131.13999938964844,131.5800018310547,130.83999633789062,131.4199981689453,91.7552490234375,48794500.0
2006-09-05,131.50999450683594,131.85000610351562,131.1999969482422,131.6699981689453,91.9297866821289,52348300.0
2006-09-06,131.11000061035156,131.16000366210938,130.3300018310547,130.50999450683594,91.11990356445312,53795600.0
2006-09-07,130.05999755859375,130.57000732421875,129.35000610351562,129.91000366210938,90.70098114013672,86269400.0
2006-09-08,130.0800018310547,130.4600067138672,129.8300018310547,130.27999877929688,90.95931243896484,45096300.0
2006-09-11,129.86000061035156,130.69000244140625,129.47999572753906,130.41000366210938,91.05010986328124,68496600.0
2006-09-12,130.55999755859375,131.83999633789062,130.3699951171875,131.69000244140625,91.94374084472656,69875600.0
2006-09-13,131.63999938964844,132.4499969482422,131.52000427246094,132.22000122070312,92.31378173828124,62898400.0
2006-09-14,131.9600067138672,132.24000549316406,131.75,132.22999572753906,92.32077026367188,57805400.0
2006-09-15,132.30999755859375,132.38999938964844,131.67999267578125,131.9600067138672,92.53748321533205,76703100.0
2006-09-18,131.7899932861328,132.38999938964844,131.64999389648438,132.13999938964844,92.66368103027344,64154100.0
2006-09-19,132.1199951171875,132.1300048828125,131.07000732421875,131.80999755859375,92.4323272705078,92089100.0
2006-09-20,132.25,132.77000427246094,132.05999755859375,132.50999450683594,92.92316436767578,75204100.0
2006-09-21,132.61000061035156,132.75,131.4199981689453,131.8699951171875,92.47437286376952,88932500.0
2006-09-22,131.6699981689453,131.67999267578125,131.0,131.47000122070312,92.19385528564452,65966800.0
2006-09-25,131.72999572753906,132.85000610351562,131.0500030517578,132.47999572753906,92.902099609375,92299100.0
2006-09-26,132.5,133.60000610351562,132.39999389648438,133.5800018310547,93.67347717285156,73962700.0
2006-09-27,133.49000549316406,133.97000122070312,133.27000427246094,133.74000549316406,93.7856903076172,82432200.0
2006-09-28,133.74000549316406,133.99000549316406,133.27999877929688,133.69000244140625,93.7506332397461,58597500.0
2006-09-29,133.8000030517578,133.94000244140625,133.47999572753906,133.5800018310547,93.67347717285156,47966600.0
2006-10-02,133.5399932861328,133.8300018310547,132.9499969482422,133.0800018310547,93.32286834716795,51687400.0
2006-10-03,132.88999938964844,133.8699951171875,132.64999389648438,133.36000061035156,93.51919555664062,73108100.0
2006-10-04,133.22999572753906,135.0,133.0800018310547,134.9199981689453,94.6131820678711,80890500.0
2006-10-05,134.9199981689453,135.41000366210938,134.75,135.17999267578125,94.79550170898438,60505900.0
2006-10-06,134.9499969482422,135.10000610351562,134.39999389648438,135.00999450683594,94.67630004882812,64983600.0
2006-10-09,134.85000610351562,135.3000030517578,134.63999938964844,135.08999633789062,94.73241424560548,41176800.0
2006-10-10,135.10000610351562,135.4499969482422,134.83999633789062,135.27000427246094,94.85860443115234,56403700.0
2006-10-11,134.83999633789062,135.42999267578125,134.3000030517578,135.11000061035156,94.74642181396484,104071800.0
2006-10-12,135.4499969482422,136.38999938964844,135.39999389648438,136.27999877929688,95.56686401367188,59158600.0
2006-10-13,136.16000366210938,136.7100067138672,136.0399932861328,136.6300048828125,95.81234741210938,53944000.0
2006-10-16,136.52000427246094,137.0500030517578,136.4199981689453,136.83999633789062,95.95960235595705,42273000.0
2006-10-17,136.47000122070312,136.6999969482422,135.6699981689453,136.41000366210938,95.65805053710938,90500600.0
2006-10-18,137.0399932861328,137.3699951171875,136.10000610351562,136.58999633789062,95.78428649902344,86848600.0
2006-10-19,136.38999938964844,136.8800048828125,136.22999572753906,136.80999755859375,95.93852996826172,64063200.0
2006-10-20,136.83999633789062,136.9499969482422,136.3300018310547,136.83999633789062,95.95960235595705,48094500.0
2006-10-23,136.55999755859375,137.8000030517578,136.38999938964844,137.47000122070312,96.40137481689452,66219900.0
2006-10-24,137.27999877929688,137.92999267578125,137.22000122070312,137.8800048828125,96.68889617919922,53234900.0
2006-10-25,137.74000549316406,138.41000366210938,137.50999450683594,138.35000610351562,97.0185089111328,78105400.0
2006-10-26,138.66000366210938,139.0,137.97999572753906,138.77999877929688,97.32001495361328,66843700.0
2006-10-27,138.61000061035156,138.75,137.6300048828125,137.91000366210938,96.70993041992188,80238000.0
2006-10-30,137.66000366210938,138.1999969482422,137.39999389648438,137.80999755859375,96.63978576660156,49717800.0
2006-10-31,138.07000732421875,138.25999450683594,137.25,137.7899932861328,96.62579345703124,71274100.0
2006-11-01,138.22000122070312,138.30999755859375,136.72000122070312,136.86000061035156,95.97361755371094,83005600.0
2006-11-02,136.50999450683594,137.00999450683594,136.36000061035156,136.77999877929688,95.91753387451172,60693100.0
2006-11-03,137.27000427246094,137.38999938964844,135.6199951171875,136.5399932861328,95.74922943115234,71346400.0
2006-11-06,136.9600067138672,138.27999877929688,136.9499969482422,138.0800018310547,96.8291244506836,63303300.0
2006-11-07,138.1999969482422,138.97999572753906,138.0,138.61000061035156,97.20079040527344,63318900.0
2006-11-08,138.0,139.0500030517578,136.86000061035156,138.91000366210938,97.41118621826172,87517800.0
2006-11-09,139.00999450683594,139.13999938964844,137.89999389648438,138.17999267578125,96.89927673339844,95916300.0
2006-11-10,138.13999938964844,138.33999633789062,137.72000122070312,138.24000549316406,96.9413070678711,48991500.0
2006-11-13,138.17999267578125,139.0399932861328,138.07000732421875,138.5800018310547,97.17976379394533,59398200.0
2006-11-14,138.97000122070312,139.74000549316406,138.1199951171875,139.6199951171875,97.90902709960938,96704000.0
2006-11-15,139.57000732421875,140.4499969482422,139.52999877929688,140.02000427246094,98.18959045410156,76509600.0
2006-11-16,140.44000244140625,140.67999267578125,139.49000549316406,140.3800048828125,98.44204711914062,76728800.0
2006-11-17,139.92999267578125,140.42999267578125,139.72999572753906,140.4199981689453,98.4700927734375,56353800.0
2006-11-20,140.3000030517578,140.74000549316406,139.94000244140625,140.5,98.52615356445312,69174200.0
2006-11-21,140.49000549316406,140.6699981689453,140.2899932861328,140.63999938964844,98.6243667602539,51367900.0
2006-11-22,140.75,141.16000366210938,140.5,140.9199981689453,98.82070922851562,45505300.0
2006-11-24,140.24000549316406,140.83999633789062,140.1999969482422,140.35000610351562,98.42103576660156,30998000.0
2006-11-27,140.27999877929688,140.35000610351562,138.3800048828125,138.4199981689453,97.0675811767578,84545100.0
2006-11-28,138.24000549316406,139.16000366210938,138.11000061035156,139.02000427246094,97.4883041381836,106652900.0
2006-11-29,139.47000122070312,140.52999877929688,139.0800018310547,140.47000122070312,98.50513458251952,90034900.0
2006-11-30,140.44000244140625,141.0500030517578,139.75999450683594,140.52999877929688,98.54719543457033,83994300.0
2006-12-01,140.52999877929688,140.66000366210938,138.97000122070312,140.22000122070312,98.32979583740234,126080000.0
2006-12-04,140.25,141.5500030517578,140.22999572753906,141.2899932861328,99.0802001953125,87813200.0
2006-12-05,141.55999755859375,141.9600067138672,141.25999450683594,141.89999389648438,99.50790405273438,73374400.0
2006-12-06,141.8699951171875,142.07000732421875,141.5,141.77999877929688,99.4237823486328,53253200.0
2006-12-07,142.02999877929688,142.3000030517578,141.11000061035156,141.16000366210938,98.989013671875,62857400.0
2006-12-08,141.1300048828125,141.89999389648438,140.77999877929688,141.4199981689453,99.17130279541016,79625500.0
2006-12-11,141.4199981689453,142.08999633789062,141.33999633789062,141.8300018310547,99.45887756347656,39779400.0
2006-12-12,141.69000244140625,141.8699951171875,140.88999938964844,141.72000122070312,99.38169860839844,77451600.0
2006-12-13,142.22999572753906,142.33999633789062,141.55999755859375,141.8699951171875,99.48690032958984,55520200.0
2006-12-14,141.86000061035156,143.24000549316406,141.83999633789062,143.1199951171875,100.36341857910156,64755200.0
2006-12-15,142.63999938964844,142.88999938964844,142.24000549316406,142.33999633789062,100.37262725830078,70857400.0
2006-12-18,142.5399932861328,142.8800048828125,141.75,141.9499969482422,100.09764099121094,48954600.0
2006-12-19,141.5500030517578,142.55999755859375,141.19000244140625,142.22000122070312,100.28797149658205,65023600.0
2006-12-20,142.27999877929688,142.66000366210938,142.00999450683594,142.13999938964844,100.2315444946289,41469600.0
2006-12-21,142.27000427246094,142.42999267578125,141.32000732421875,141.6199951171875,99.86492156982422,48698400.0
2006-12-22,141.63999938964844,141.64999389648438,140.6699981689453,140.75,99.25144958496094,62069100.0
2006-12-26,140.80999755859375,141.61000061035156,140.77999877929688,141.5800018310547,99.83667755126952,32696900.0
2006-12-27,141.8699951171875,142.60000610351562,141.8300018310547,142.50999450683594,100.49250030517578,39727100.0
2006-12-28,142.41000366210938,142.6999969482422,141.99000549316406,142.2100067138672,100.28095245361328,37288800.0
2006-12-29,142.05999755859375,142.5399932861328,141.42999267578125,141.6199951171875,99.86492156982422,45461200.0
2007-01-03,142.25,142.86000061035156,140.57000732421875,141.3699951171875,99.68860626220705,94807600.0
2007-01-04,141.22999572753906,142.0500030517578,140.61000061035156,141.6699981689453,99.90018463134766,69620600.0
2007-01-05,141.3300018310547,141.39999389648438,140.3800048828125,140.5399932861328,99.10334014892578,76645300.0
2007-01-08,140.82000732421875,141.41000366210938,140.25,141.19000244140625,99.56168365478516,71655000.0
2007-01-09,141.30999755859375,141.60000610351562,140.39999389648438,141.07000732421875,99.4770965576172,75680100.0
2007-01-10,140.5800018310547,141.57000732421875,140.3000030517578,141.5399932861328,99.80848693847656,72428000.0
2007-01-11,141.5800018310547,142.6199951171875,141.5,142.16000366210938,100.24571990966795,54476800.0
2007-01-12,142.14999389648438,143.24000549316406,142.11000061035156,143.24000549316406,101.00728607177734,55370600.0
2007-01-16,143.07000732421875,143.44000244140625,142.72999572753906,142.9600067138672,100.8098602294922,44871300.0
2007-01-17,142.85000610351562,143.4600067138672,142.72999572753906,143.02000427246094,100.85210418701172,50241400.0
2007-01-18,143.1699981689453,143.25999450683594,142.30999755859375,142.5399932861328,100.51367950439452,68177300.0
2007-01-19,142.5399932861328,143.10000610351562,142.4600067138672,142.82000732421875,100.71110534667967,56973000.0
2007-01-22,143.07000732421875,143.10000610351562,141.92999267578125,142.3800048828125,100.40081787109376,60253600.0
2007-01-23,142.25999450683594,143.0800018310547,142.05999755859375,142.8000030517578,100.69701385498048,54064400.0
2007-01-24,142.97000122070312,143.97999572753906,142.91000366210938,143.9499969482422,101.50796508789062,55834700.0
2007-01-25,143.86000061035156,143.9199981689453,142.00999450683594,142.25999450683594,100.3161849975586,73583800.0
2007-01-26,142.57000732421875,142.64999389648438,141.5800018310547,142.1300048828125,100.22454071044922,67255600.0
2007-01-29,142.19000244140625,142.8000030517578,141.74000549316406,142.0500030517578,100.16814422607422,66114600.0
2007-01-30,142.35000610351562,142.86000061035156,142.05999755859375,142.7899932861328,100.68992614746094,70407600.0
2007-01-31,142.6300048828125,144.1300048828125,142.39999389648438,143.75,101.3669204711914,91868600.0
2007-02-01,144.14999389648438,144.66000366210938,143.91000366210938,144.61000061035156,101.9733657836914,69312400.0
2007-02-02,144.72999572753906,144.9499969482422,144.3800048828125,144.80999755859375,102.11438751220705,49607000.0
2007-02-05,144.6999969482422,144.94000244140625,144.33999633789062,144.85000610351562,102.14259338378906,45705300.0
2007-02-06,144.97000122070312,145.02999877929688,144.3300018310547,144.88999938964844,102.17080688476562,57081300.0
2007-02-07,145.1199951171875,145.36000061035156,144.57000732421875,145.2100067138672,102.3964385986328,55669700.0
2007-02-08,144.77999877929688,145.1199951171875,144.27000427246094,145.02000427246094,102.26245880126952,70641000.0
2007-02-09,145.05999755859375,145.3300018310547,143.38999938964844,143.94000244140625,101.50093841552734,79084400.0
2007-02-12,143.94000244140625,144.0399932861328,143.19000244140625,143.4499969482422,101.15534210205078,65657000.0
2007-02-13,143.77000427246094,144.89999389648438,143.75999450683594,144.66000366210938,102.00862121582033,64081800.0
2007-02-14,144.8000030517578,145.89999389648438,144.77999877929688,145.61000061035156,102.67852783203124,66039400.0
2007-02-15,145.6699981689453,145.9499969482422,145.42999267578125,145.8000030517578,102.81248474121094,38715200.0
2007-02-16,145.44000244140625,145.75999450683594,145.22999572753906,145.72999572753906,102.76311492919922,39841800.0
2007-02-20,145.55999755859375,146.1999969482422,145.0,146.0399932861328,102.98170471191406,56911800.0
2007-02-21,145.61000061035156,146.07000732421875,145.35000610351562,145.97999572753906,102.93936920166016,63971600.0
2007-02-22,146.0500030517578,146.4199981689453,145.1699981689453,145.8699951171875,102.8618621826172,79067400.0
2007-02-23,145.74000549316406,145.7899932861328,145.02999877929688,145.3000030517578,102.45990753173828,71966200.0
2007-02-26,145.8300018310547,145.9499969482422,144.75,145.1699981689453,102.36822509765624,69192800.0
2007-02-27,143.8800048828125,144.1999969482422,139.0,139.5,98.3699722290039,274466500.0
2007-02-28,140.38999938964844,141.97999572753906,139.8000030517578,140.92999267578125,99.37835693359376,177536300.0
2007-03-01,139.33999633789062,141.25,138.0500030517578,140.50999450683594,99.0821533203125,212828600.0
2007-03-02,140.0500030517578,140.66000366210938,138.66000366210938,138.6699981689453,97.78467559814452,162574000.0
2007-03-05,137.92999267578125,139.5800018310547,137.3300018310547,137.35000610351562,96.85383605957033,143750400.0
2007-03-06,138.77999877929688,140.1199951171875,137.72000122070312,139.6999969482422,98.5110321044922,143333300.0
2007-03-07,139.58999633789062,140.4600067138672,139.39999389648438,139.55999755859375,98.41230010986328,115144900.0
2007-03-08,140.5399932861328,141.16000366210938,140.07000732421875,140.74000549316406,99.24437713623048,117891600.0
2007-03-09,141.30999755859375,141.4199981689453,140.0800018310547,140.77999877929688,99.27256774902344,107765100.0
2007-03-12,140.4199981689453,141.33999633789062,140.16000366210938,140.99000549316406,99.42068481445312,80366900.0
2007-03-13,140.17999267578125,140.77000427246094,138.0399932861328,138.25,97.48851776123048,190605200.0
2007-03-14,138.42999267578125,139.36000061035156,136.75,139.27999877929688,98.21485137939452,231853800.0
2007-03-15,138.97000122070312,139.99000549316406,138.8000030517578,139.47000122070312,98.34881591796876,132435900.0
2007-03-16,139.30999755859375,139.6300048828125,138.1199951171875,138.52999877929688,98.07341003417967,121531600.0
2007-03-19,139.25999450683594,140.3300018310547,139.14999389648438,140.1999969482422,99.25572967529295,96161200.0
2007-03-20,140.0800018310547,141.0500030517578,139.9600067138672,140.97000122070312,99.80081939697266,82147400.0
2007-03-21,141.10000610351562,143.64999389648438,140.82000732421875,143.2899932861328,101.44329833984376,152368700.0
2007-03-22,143.47999572753906,143.67999267578125,142.7899932861328,143.17999267578125,101.36538696289062,118942200.0
2007-03-23,143.27999877929688,143.80999755859375,143.14999389648438,143.38999938964844,101.51407623291016,74416800.0
2007-03-26,143.5,143.64999389648438,142.08999633789062,143.1999969482422,101.37956237792967,113787500.0
2007-03-27,143.1199951171875,143.16000366210938,142.38999938964844,142.86000061035156,101.13887786865234,99864600.0
2007-03-28,142.13999938964844,142.47000122070312,141.25999450683594,141.82000732421875,100.40260314941406,152907900.0
2007-03-29,142.5399932861328,142.61000061035156,141.19000244140625,141.97000122070312,100.50880432128906,139432700.0
2007-03-30,142.24000549316406,142.83999633789062,140.55999755859375,142.0,100.5300750732422,128194100.0
2007-04-02,142.16000366210938,142.4600067138672,141.47999572753906,142.16000366210938,100.64332580566406,79416400.0
2007-04-03,142.97000122070312,143.97999572753906,142.91000366210938,143.69000244140625,101.72648620605467,82417800.0
2007-04-04,143.69000244140625,143.9499969482422,143.16000366210938,143.85000610351562,101.83975982666016,63995200.0
2007-04-05,143.6699981689453,144.44000244140625,143.61000061035156,144.24000549316406,102.1158676147461,46822800.0
2007-04-09,144.64999389648438,144.8000030517578,144.14999389648438,144.44000244140625,102.2574462890625,50967400.0
2007-04-10,144.3300018310547,144.85000610351562,144.27000427246094,144.61000061035156,102.37777709960938,56620000.0
2007-04-11,144.82000732421875,144.86000061035156,143.5399932861328,144.02000427246094,101.96012115478516,106365700.0
2007-04-12,143.74000549316406,144.9199981689453,143.33999633789062,144.66000366210938,102.41322326660156,115534400.0
2007-04-13,144.89999389648438,145.32000732421875,144.36000061035156,145.32000732421875,102.8804702758789,84287000.0
2007-04-16,145.8300018310547,146.86000061035156,145.82000732421875,146.6999969482422,103.85741424560548,83064600.0
2007-04-17,146.97000122070312,147.39999389648438,146.64999389648438,147.08999633789062,104.1335678100586,108424100.0
2007-04-18,146.60000610351562,147.6999969482422,146.57000732421875,147.27000427246094,104.26097106933594,88345300.0
2007-04-19,146.5500030517578,147.39999389648438,146.36000061035156,147.22999572753906,104.2326431274414,102947700.0
2007-04-20,148.22000122070312,148.6199951171875,147.0399932861328,148.6199951171875,105.2167510986328,124114100.0
2007-04-23,148.3699951171875,148.72999572753906,147.97000122070312,148.05999755859375,104.82023620605467,77270800.0
2007-04-24,148.22999572753906,148.39999389648438,147.32000732421875,148.1199951171875,104.8627471923828,114471000.0
2007-04-25,148.72999572753906,149.66000366210938,148.02000427246094,149.47999572753906,105.82559204101562,108418800.0
2007-04-26,149.49000549316406,149.8000030517578,149.10000610351562,149.64999389648438,105.9459228515625,88741600.0
2007-04-27,149.08999633789062,149.74000549316406,148.83999633789062,149.52999877929688,105.8609619140625,108191100.0
2007-04-30,149.63999938964844,149.74000549316406,148.2100067138672,148.2899932861328,104.98307037353516,100874100.0
2007-05-01,148.4199981689453,149.47000122070312,147.6699981689453,148.6699981689453,105.25210571289062,134342700.0
2007-05-02,148.89999389648438,149.9499969482422,148.75,149.5399932861328,105.86801147460938,87129800.0
2007-05-03,149.97000122070312,150.39999389648438,149.72999572753906,150.35000610351562,106.44148254394533,86569700.0
2007-05-04,150.75,151.1199951171875,150.22000122070312,150.9199981689453,106.8450164794922,96409000.0
2007-05-07,150.8800048828125,151.1999969482422,150.80999755859375,150.9499969482422,106.8662338256836,63461400.0
2007-05-08,150.5800018310547,150.9199981689453,150.1300048828125,150.75,106.72466278076172,80584000.0
2007-05-09,150.63999938964844,152.82000732421875,150.3699951171875,151.16000366210938,107.01496124267578,102070100.0
2007-05-10,150.72999572753906,151.02000427246094,149.27000427246094,149.5800018310547,105.8963394165039,153617800.0
2007-05-11,149.75,150.92999267578125,149.72000122070312,150.86000061035156,106.80254364013672,113408900.0
2007-05-14,150.86000061035156,151.3000030517578,149.7899932861328,150.52999877929688,106.56893920898438,108027500.0
2007-05-15,150.6999969482422,151.66000366210938,150.19000244140625,150.57000732421875,106.5972137451172,180673300.0
2007-05-16,150.8000030517578,151.6300048828125,150.3800048828125,151.60000610351562,107.32643127441406,114166500.0
2007-05-17,151.3800048828125,151.9600067138672,151.11000061035156,151.3000030517578,107.11405181884766,101132800.0
2007-05-18,152.00999450683594,152.6199951171875,151.80999755859375,152.6199951171875,108.04855346679688,99182000.0
2007-05-21,152.5800018310547,153.22999572753906,152.5,152.5399932861328,107.9918975830078,174664600.0
2007-05-22,152.6999969482422,153.16000366210938,152.3800048828125,152.4199981689453,107.9070053100586,82148800.0
2007-05-23,152.9499969482422,153.5,152.36000061035156,152.44000244140625,107.92111206054688,133786600.0
2007-05-24,152.52999877929688,153.2100067138672,150.74000549316406,151.05999755859375,106.9441146850586,187593000.0
2007-05-25,151.5,152.02000427246094,151.17999267578125,151.69000244140625,107.3901596069336,83309200.0
2007-05-29,151.94000244140625,152.5,151.4499969482422,152.24000549316406,107.77950286865234,82020000.0
2007-05-30,151.4600067138672,153.5399932861328,151.33999633789062,153.47999572753906,108.65739440917967,129013600.0
2007-05-31,153.6699981689453,153.88999938964844,153.1199951171875,153.32000732421875,108.54411315917967,114866700.0
2007-06-01,153.8800048828125,154.39999389648438,153.50999450683594,154.0800018310547,109.08216094970705,107771700.0
2007-06-04,153.5399932861328,154.38999938964844,153.47999572753906,154.10000610351562,109.09637451171876,78008800.0
2007-06-05,153.74000549316406,153.89999389648438,152.86000061035156,153.49000549316406,108.6644515991211,126917900.0
2007-06-06,152.86000061035156,152.9499969482422,151.75,151.83999633789062,107.4963607788086,164096800.0
2007-06-07,151.55999755859375,152.5,149.05999755859375,149.10000610351562,105.55653381347656,232414600.0
2007-06-08,149.5800018310547,151.19000244140625,149.08999633789062,151.0399932861328,106.92994689941406,175886000.0
2007-06-11,150.92999267578125,151.9499969482422,150.6999969482422,151.3000030517578,107.11405181884766,102015600.0
2007-06-12,150.6699981689453,151.5399932861328,149.5500030517578,149.64999389648438,105.9459228515625,233898000.0
2007-06-13,150.5,152.07000732421875,149.72000122070312,151.88999938964844,107.5317153930664,193208200.0
2007-06-14,152.05999755859375,153.1199951171875,152.02999877929688,152.86000061035156,108.21843719482422,146396500.0
2007-06-15,153.13999938964844,153.66000366210938,152.92999267578125,153.07000732421875,108.83415985107422,154030800.0
2007-06-18,153.3800048828125,153.38999938964844,152.66000366210938,152.88999938964844,108.70621490478516,88537500.0
2007-06-19,152.5500030517578,153.3800048828125,152.36000061035156,153.27000427246094,108.97638702392578,110851700.0
2007-06-20,153.5800018310547,153.5800018310547,150.9600067138672,151.13999938964844,107.46192169189452,177119700.0
2007-06-21,151.0800018310547,152.11000061035156,150.25,151.97999572753906,108.05919647216795,205262000.0
2007-06-22,151.52000427246094,151.77000427246094,149.85000610351562,150.5500030517578,107.04246520996094,204964700.0
2007-06-25,150.24000549316406,151.25,149.02000427246094,149.8300018310547,106.5305404663086,232014400.0
2007-06-26,150.2100067138672,150.4600067138672,148.27999877929688,148.2899932861328,105.43553161621094,198445700.0
2007-06-27,148.1300048828125,150.57000732421875,148.05999755859375,150.39999389648438,106.93576049804688,213638000.0
2007-06-28,150.3800048828125,151.41000366210938,149.6699981689453,150.3800048828125,106.92157745361328,157705000.0
2007-06-29,150.89999389648438,151.64999389648438,149.14999389648438,150.42999267578125,106.95714569091795,199701800.0
2007-07-02,150.8699951171875,151.9199981689453,150.77000427246094,151.7899932861328,107.9241180419922,103357000.0
2007-07-03,152.17999267578125,152.5,151.99000549316406,152.33999633789062,108.3151397705078,54048400.0
2007-07-05,152.39999389648438,152.55999755859375,151.6300048828125,152.17999267578125,108.20137786865234,89279000.0
2007-07-06,152.3800048828125,153.1699981689453,151.92999267578125,152.97999572753906,108.77018737792967,81109000.0
2007-07-09,153.16000366210938,153.36000061035156,152.6199951171875,153.10000610351562,108.85547637939452,72348100.0
2007-07-10,152.2899932861328,152.61000061035156,150.77000427246094,150.9199981689453,107.30553436279295,180362600.0
2007-07-11,150.75,152.0500030517578,150.52000427246094,151.99000549316406,108.06625366210938,175607600.0
2007-07-12,152.3699951171875,154.75,152.33999633789062,154.38999938964844,109.772705078125,133882500.0
2007-07-13,154.57000732421875,155.4600067138672,154.38999938964844,154.85000610351562,110.09976959228516,111794300.0
2007-07-16,154.99000549316406,155.52999877929688,154.5800018310547,154.8300018310547,110.08558654785156,98378700.0
2007-07-17,154.92999267578125,155.47999572753906,154.67999267578125,154.75,110.02867126464844,126201300.0
2007-07-18,154.22999572753906,154.8000030517578,153.3000030517578,154.47000122070312,109.82958221435548,237887400.0
2007-07-19,155.1999969482422,155.52999877929688,154.75,155.07000732421875,110.2562255859375,145212700.0
2007-07-20,154.88999938964844,154.99000549316406,152.8300018310547,153.5,109.13987731933594,245502500.0
2007-07-23,154.17999267578125,154.72000122070312,153.3000030517578,153.97000122070312,109.47411346435548,121183900.0
2007-07-24,153.1199951171875,154.27999877929688,150.75999450683594,151.3000030517578,107.57571411132812,256732400.0
2007-07-25,152.02000427246094,152.38999938964844,150.25,151.61000061035156,107.79615783691406,265214500.0
2007-07-26,150.19000244140625,150.8000030517578,146.38999938964844,148.02000427246094,105.24356079101562,467592500.0
2007-07-27,148.2100067138672,148.8699951171875,145.0500030517578,145.11000061035156,103.1745376586914,422987600.0
2007-07-30,145.92999267578125,147.80999755859375,145.2899932861328,147.3800048828125,104.78857421875,283017500.0
2007-07-31,148.3300018310547,149.4600067138672,145.0399932861328,145.72000122070312,103.60826873779295,316976700.0
2007-08-01,145.17999267578125,147.00999450683594,143.9499969482422,146.42999267578125,104.11302947998048,467670000.0
2007-08-02,146.75999450683594,147.75999450683594,145.25999450683594,147.60000610351562,104.94493865966795,294758400.0
2007-08-03,147.27999877929688,147.5800018310547,143.1999969482422,143.8000030517578,102.24312591552734,359398200.0
2007-08-06,144.2100067138672,146.8300018310547,142.52999877929688,146.2100067138672,103.95665740966795,324980000.0
2007-08-07,145.94000244140625,149.0,145.22999572753906,147.77000427246094,105.06582641601562,232568700.0
2007-08-08,148.41000366210938,150.58999633789062,147.33999633789062,149.8300018310547,106.5305404663086,274930600.0
2007-08-09,147.42999267578125,148.9499969482422,145.2899932861328,145.38999938964844,103.3736801147461,357622100.0
2007-08-10,144.38999938964844,146.5,143.1199951171875,144.7100067138672,102.89013671875,411018400.0
2007-08-13,146.5,146.88999938964844,145.02000427246094,145.22999572753906,103.2598648071289,181917200.0
2007-08-14,145.6999969482422,146.05999755859375,142.72000122070312,143.00999450683594,101.68143463134766,264134500.0
2007-08-15,142.72000122070312,144.4600067138672,140.6199951171875,141.0399932861328,100.28073120117188,323834000.0
2007-08-16,139.7899932861328,142.94000244140625,137.0,142.10000610351562,101.03443908691406,546743700.0
2007-08-17,145.5,145.80999755859375,141.38999938964844,144.7100067138672,102.89013671875,388218100.0
2007-08-20,145.1699981689453,145.47000122070312,143.2899932861328,144.63999938964844,102.8404312133789,187320400.0
2007-08-21,144.60000610351562,145.97000122070312,144.13999938964844,144.92999267578125,103.04657745361328,157066400.0
2007-08-22,146.00999450683594,146.8000030517578,145.3300018310547,146.64999389648438,104.2695083618164,173156700.0
2007-08-23,147.33999633789062,147.64999389648438,145.61000061035156,146.52000427246094,104.17708587646484,203915300.0
2007-08-24,146.47999572753906,148.3300018310547,146.27999877929688,148.3300018310547,105.46400451660156,128901900.0
2007-08-27,147.85000610351562,148.3300018310547,146.72999572753906,146.9499969482422,104.48278045654295,113024300.0
2007-08-28,146.16000366210938,146.25,143.4600067138672,143.72000122070312,102.186279296875,219790700.0
2007-08-29,144.3699951171875,146.74000549316406,143.9600067138672,146.5399932861328,104.19127655029295,207654200.0
2007-08-30,145.4499969482422,147.19000244140625,145.30999755859375,146.14999389648438,103.91405487060548,191817300.0
2007-08-31,147.64999389648438,148.5,146.8300018310547,147.58999633789062,104.93785095214844,185477500.0
2007-09-04,147.4499969482422,149.97999572753906,147.39999389648438,149.0800018310547,105.99729919433594,120062000.0
2007-09-05,148.1999969482422,148.36000061035156,147.0,147.7899932861328,105.08006286621094,166261800.0
2007-09-06,147.9499969482422,148.61000061035156,147.1199951171875,148.1300048828125,105.32181549072266,127878400.0
2007-09-07,146.47999572753906,146.88999938964844,145.25999450683594,146.07000732421875,103.85711669921876,235447600.0
2007-09-10,146.52000427246094,146.72000122070312,144.3300018310547,145.7899932861328,103.6580581665039,192305900.0
2007-09-11,146.24000549316406,147.6999969482422,146.1300048828125,147.49000549316406,104.86676025390624,162081900.0
2007-09-12,147.2899932861328,148.44000244140625,146.97999572753906,147.8699951171875,105.136962890625,149554600.0
2007-09-13,148.5500030517578,149.4499969482422,148.1999969482422,148.91000366210938,105.87639617919922,154079000.0
2007-09-14,147.9600067138672,149.08999633789062,147.74000549316406,148.89999389648438,105.86929321289062,121911000.0
2007-09-17,148.30999755859375,148.64999389648438,147.6300048828125,148.10000610351562,105.30050659179688,109870800.0
2007-09-18,148.8300018310547,152.5,148.1300048828125,152.4600067138672,108.40047454833984,263759500.0
2007-09-19,153.41000366210938,154.38999938964844,152.7100067138672,153.36000061035156,109.04036712646484,193779900.0
2007-09-20,153.33999633789062,153.42999267578125,152.11000061035156,152.27999877929688,108.2724838256836,175186800.0
2007-09-21,152.7100067138672,153.1199951171875,151.74000549316406,151.97000122070312,108.56465911865234,141457500.0
2007-09-24,152.4199981689453,152.82000732421875,151.36000061035156,151.69000244140625,108.36466217041016,139450200.0
2007-09-25,150.80999755859375,151.66000366210938,150.47000122070312,151.38999938964844,108.15031433105467,142289900.0
2007-09-26,152.25,152.77000427246094,151.38999938964844,152.19000244140625,108.7218246459961,135547000.0
2007-09-27,152.91000366210938,153.10000610351562,152.19000244140625,153.08999633789062,109.3647918701172,102713300.0
2007-09-28,152.85000610351562,153.19000244140625,151.97999572753906,152.5800018310547,109.00047302246094,133372100.0
2007-10-01,152.60000610351562,154.75,152.5,154.3000030517578,110.22924041748048,148162300.0
2007-10-02,154.61000061035156,154.64999389648438,153.80999755859375,154.08999633789062,110.0792007446289,112978800.0
2007-10-03,153.80999755859375,154.41000366210938,153.00999450683594,153.77999877929688,109.85775756835938,119055900.0
2007-10-04,154.11000061035156,154.25999450683594,153.58999633789062,154.02000427246094,110.0291748046875,76864400.0
2007-10-05,155.02999877929688,156.10000610351562,154.6300048828125,155.85000610351562,111.33648681640624,134579700.0
2007-10-08,155.38999938964844,155.49000549316406,154.77000427246094,155.02000427246094,110.7435531616211,71280400.0
2007-10-09,155.60000610351562,156.5,155.02999877929688,156.47999572753906,111.78655242919922,94054300.0
2007-10-10,156.0399932861328,156.44000244140625,155.41000366210938,156.22000122070312,111.6008529663086,101711100.0
2007-10-11,156.92999267578125,157.52000427246094,154.5399932861328,155.47000122070312,111.06499481201172,233529100.0
2007-10-12,155.4600067138672,156.35000610351562,155.27000427246094,156.3300018310547,111.67937469482422,124546700.0
2007-10-15,156.27000427246094,156.36000061035156,153.94000244140625,155.00999450683594,110.73636627197266,161151900.0
2007-10-16,154.41000366210938,154.52000427246094,153.47000122070312,153.77999877929688,109.85775756835938,166525700.0
2007-10-17,154.97999572753906,155.08999633789062,152.47000122070312,154.25,110.19345092773438,216687300.0
2007-10-18,153.4499969482422,154.19000244140625,153.0800018310547,153.69000244140625,109.79339599609376,148367500.0
2007-10-19,153.08999633789062,156.47999572753906,149.66000366210938,149.6699981689453,106.92162322998048,297169900.0
2007-10-22,148.86000061035156,150.75999450683594,148.66000366210938,150.5399932861328,107.54310607910156,261989800.0
2007-10-23,151.4600067138672,151.9499969482422,150.25,151.75999450683594,108.41462707519533,180085100.0
2007-10-24,151.2100067138672,151.74000549316406,148.83999633789062,151.47999572753906,108.21459197998048,326694200.0
2007-10-25,151.64999389648438,152.2899932861328,149.8800048828125,151.83999633789062,108.4718246459961,237374500.0
2007-10-26,153.05999755859375,153.6199951171875,151.89999389648438,153.6199951171875,109.7434310913086,176484000.0
2007-10-29,153.92999267578125,154.44000244140625,153.5500030517578,154.1300048828125,110.1077651977539,106841000.0
2007-10-30,153.4499969482422,153.75,152.8699951171875,153.05999755859375,109.34333801269533,132981600.0
2007-10-31,153.97999572753906,155.27000427246094,152.83999633789062,154.64999389648438,110.47918701171876,220954400.0
2007-11-01,153.2899932861328,153.41000366210938,150.58999633789062,151.02999877929688,107.89315032958984,333040800.0
2007-11-02,151.52999877929688,152.0,149.2100067138672,151.1999969482422,108.0146026611328,331228200.0
2007-11-05,149.63999938964844,151.16000366210938,148.97000122070312,150.0500030517578,107.19309997558594,226841000.0
2007-11-06,150.86000061035156,152.11000061035156,149.89999389648438,152.07000732421875,108.63611602783205,177800500.0
2007-11-07,150.44000244140625,151.1300048828125,147.5500030517578,147.91000366210938,105.664306640625,306639700.0
2007-11-08,147.99000549316406,148.39999389648438,145.07000732421875,147.16000366210938,105.1284637451172,374509900.0
2007-11-09,145.69000244140625,147.5399932861328,144.88999938964844,145.13999938964844,103.68546295166016,277745100.0
2007-11-12,145.2100067138672,146.61000061035156,143.6999969482422,143.6999969482422,102.6567153930664,243087800.0
2007-11-13,145.3699951171875,148.30999755859375,145.22000122070312,148.0800018310547,105.7857437133789,191117400.0
2007-11-14,149.22000122070312,149.39999389648438,146.77999877929688,147.6699981689453,105.4928741455078,230558800.0
2007-11-15,146.57000732421875,147.49000549316406,144.52000427246094,145.5399932861328,103.97119140625,263111100.0
2007-11-16,146.30999755859375,146.47000122070312,144.57000732421875,145.7899932861328,104.14981842041016,308770600.0
2007-11-19,145.27999877929688,145.36000061035156,143.19000244140625,143.75999450683594,102.6996612548828,267746000.0
2007-11-20,144.02000427246094,145.52999877929688,142.11000061035156,144.63999938964844,103.32830810546876,414767500.0
2007-11-21,143.0800018310547,143.91000366210938,141.6699981689453,141.67999267578125,101.2136459350586,259012400.0
2007-11-23,143.07000732421875,144.33999633789062,142.6999969482422,144.1300048828125,102.96394348144533,77688400.0
2007-11-26,144.42999267578125,144.8800048828125,140.66000366210938,140.9499969482422,100.6921844482422,214232000.0
2007-11-27,141.74000549316406,143.22999572753906,140.9499969482422,142.57000732421875,101.84945678710938,293897900.0
2007-11-28,144.19000244140625,147.47000122070312,144.13999938964844,147.1300048828125,105.10704803466795,258596900.0
2007-11-29,146.6199951171875,147.72000122070312,146.10000610351562,147.17999267578125,105.14276885986328,199409900.0
2007-11-30,149.0399932861328,149.8699951171875,147.3300018310547,148.66000366210938,106.2000732421875,222908000.0
2007-12-03,148.19000244140625,148.4499969482422,147.2899932861328,147.67999267578125,105.50000762939452,146430400.0
2007-12-04,146.66000366210938,147.5399932861328,146.30999755859375,146.36000061035156,104.55703735351562,136533900.0
2007-12-05,147.92999267578125,149.1999969482422,147.8300018310547,148.80999755859375,106.30718994140624,171130000.0
2007-12-06,148.6300048828125,151.2100067138672,148.57000732421875,150.94000244140625,107.8288116455078,154457400.0
2007-12-07,151.4199981689453,151.5,150.5500030517578,150.91000366210938,107.8074188232422,148980100.0
2007-12-10,151.27999877929688,152.25,150.86000061035156,152.0800018310547,108.64327239990234,123914300.0
2007-12-11,152.13999938964844,152.88999938964844,147.8300018310547,147.91000366210938,105.664306640625,250346400.0
2007-12-12,151.05999755859375,151.77000427246094,147.1999969482422,149.3699951171875,106.70723724365234,322435600.0
2007-12-13,148.32000732421875,149.38999938964844,147.3000030517578,149.05999755859375,106.48583984375,237551300.0
2007-12-14,147.92999267578125,149.10000610351562,147.10000610351562,147.1699981689453,105.13563537597656,159152900.0
2007-12-17,146.61000061035156,146.8699951171875,144.86000061035156,145.07000732421875,103.63545989990234,177269400.0
2007-12-18,146.10000610351562,146.47999572753906,143.9600067138672,145.8800048828125,104.21408081054688,245569300.0
2007-12-19,145.94000244140625,146.88999938964844,144.94000244140625,145.8800048828125,104.21408081054688,198917200.0
2007-12-20,146.83999633789062,146.86000061035156,145.17999267578125,146.8000030517578,104.8713607788086,214813800.0
2007-12-21,147.3699951171875,148.4199981689453,147.08999633789062,148.1300048828125,106.38308715820312,146084400.0
2007-12-24,148.82000732421875,149.47999572753906,148.47999572753906,149.22999572753906,107.17304229736328,45601400.0
2007-12-26,148.64999389648438,149.67999267578125,148.5,149.5500030517578,107.40284729003906,67093100.0
2007-12-27,149.02000427246094,149.02999877929688,147.32000732421875,147.6699981689453,106.05274200439452,122981700.0
2007-12-28,148.5399932861328,148.61000061035156,146.89999389648438,147.3000030517578,105.78700256347656,116398100.0
2007-12-31,147.10000610351562,147.61000061035156,146.05999755859375,146.2100067138672,105.0041732788086,108126800.0
2008-01-02,146.52999877929688,146.99000549316406,143.8800048828125,144.92999267578125,104.08490753173828,204935600.0
2008-01-03,144.91000366210938,145.49000549316406,144.07000732421875,144.86000061035156,104.03463745117188,125133300.0
2008-01-04,143.33999633789062,143.44000244140625,140.91000366210938,141.30999755859375,101.485107421875,232330900.0
2008-01-07,141.80999755859375,142.22999572753906,140.10000610351562,141.19000244140625,101.39892578125,234991000.0
2008-01-08,142.0800018310547,142.89999389648438,138.44000244140625,138.91000366210938,99.7615203857422,326365700.0
2008-01-09,139.08999633789062,140.7899932861328,137.6999969482422,140.3699951171875,100.81004333496094,301824900.0
2008-01-10,139.67999267578125,142.8000030517578,139.3699951171875,141.2899932861328,101.47078704833984,335701200.0
2008-01-11,140.77999877929688,141.89999389648438,139.0,140.14999389648438,100.65204620361328,267076600.0
2008-01-14,141.16000366210938,141.86000061035156,140.39999389648438,141.27999877929688,101.46360778808594,170365500.0
2008-01-15,139.7899932861328,141.49000549316406,137.89999389648438,138.1699981689453,99.23005676269533,239940100.0
2008-01-16,137.36000061035156,139.1199951171875,136.27999877929688,136.97999572753906,98.37543487548828,378802600.0
2008-01-17,137.80999755859375,137.8800048828125,132.92999267578125,133.42999267578125,95.82592010498048,397892600.0
2008-01-18,134.74000549316406,135.02000427246094,131.10000610351562,132.05999755859375,94.8420181274414,348561500.0
2008-01-22,127.20999908447266,132.42999267578125,126.0,130.72000122070312,93.87969970703124,435923700.0
2008-01-23,127.08999633789062,134.19000244140625,126.83999633789062,133.86000061035156,96.13473510742188,511913000.0
2008-01-24,134.47999572753906,135.4600067138672,133.30999755859375,134.99000549316406,96.94627380371094,259949300.0
2008-01-25,136.50999450683594,136.75999450683594,132.60000610351562,133.0399932861328,95.54579162597656,269603900.0
2008-01-28,133.25999450683594,135.52000427246094,132.05999755859375,135.24000549316406,97.12581634521484,217934600.0
2008-01-29,136.10000610351562,136.4499969482422,134.8800048828125,135.91000366210938,97.6069793701172,168968300.0
2008-01-30,135.5800018310547,138.5399932861328,134.60000610351562,134.91000366210938,96.88882446289062,334939200.0
2008-01-31,133.39999389648438,138.5399932861328,133.1999969482422,137.3699951171875,98.655517578125,343680800.0
2008-02-01,137.94000244140625,139.61000061035156,137.52000427246094,139.5800018310547,100.24267578125,206843600.0
2008-02-04,139.2100067138672,139.3000030517578,137.63999938964844,137.82000732421875,98.97869110107422,124694300.0
2008-02-05,135.94000244140625,136.25,133.6699981689453,134.1300048828125,96.3286361694336,286882500.0
2008-02-06,134.5800018310547,135.25,132.41000366210938,133.0500030517578,95.5530014038086,250792900.0
2008-02-07,131.8000030517578,134.7899932861328,131.72999572753906,133.92999267578125,96.18499755859376,297368100.0
2008-02-08,133.08999633789062,134.22000122070312,132.10000610351562,133.07000732421875,95.56737518310548,221643500.0
2008-02-11,133.10000610351562,134.22999572753906,132.0399932861328,133.75,96.0557632446289,188576300.0
2008-02-12,134.91000366210938,136.30999755859375,133.97999572753906,134.99000549316406,96.94627380371094,256654400.0
2008-02-13,136.00999450683594,137.05999755859375,135.13999938964844,136.3699951171875,97.9373550415039,181967800.0
2008-02-14,136.9499969482422,137.0,134.7899932861328,135.1699981689453,97.0755615234375,215207200.0
2008-02-15,134.5,135.22000122070312,133.91000366210938,135.13999938964844,97.0539779663086,154110300.0
2008-02-19,136.72000122070312,136.88999938964844,134.61000061035156,135.52000427246094,97.32689666748048,145190000.0
2008-02-20,133.99000549316406,136.5500030517578,133.75999450683594,135.9199981689453,97.61418151855467,220085700.0
2008-02-21,136.66000366210938,137.00999450683594,134.07000732421875,134.7899932861328,96.80262756347656,201051200.0
2008-02-22,134.97000122070312,135.85000610351562,132.86000061035156,135.6199951171875,97.39874267578124,205491000.0
2008-02-25,135.5399932861328,137.64999389648438,134.77999877929688,137.3300018310547,98.62682342529295,190107000.0
2008-02-26,136.75,138.9499969482422,136.5,138.36000061035156,99.36650848388672,212420700.0
2008-02-27,137.55999755859375,139.13999938964844,137.41000366210938,138.22000122070312,99.26599884033205,168395800.0
2008-02-28,137.24000549316406,137.9600067138672,136.5500030517578,136.8699951171875,98.29644775390624,170831100.0
2008-02-29,135.60000610351562,135.67999267578125,132.77999877929688,133.82000732421875,96.1060028076172,252715200.0
2008-03-03,133.13999938964844,133.80999755859375,132.24000549316406,133.5,95.87620544433594,189483500.0
2008-03-04,132.22999572753906,133.39999389648438,130.99000549316406,132.99000549316406,95.50995635986328,282513100.0
2008-03-05,133.4199981689453,134.77000427246094,132.33999633789062,133.8300018310547,96.1131591796875,270681400.0
2008-03-06,132.97999572753906,133.22000122070312,130.5500030517578,131.05999755859375,94.12384033203124,247911700.0
2008-03-07,129.77000427246094,131.74000549316406,128.5800018310547,129.7100067138672,93.1543197631836,326434600.0
2008-03-10,129.83999633789062,129.92999267578125,127.58999633789062,128.0,91.92623901367188,235683600.0
2008-03-11,130.72000122070312,132.72000122070312,128.9499969482422,132.60000610351562,95.22985076904295,341440600.0
2008-03-12,132.74000549316406,133.77000427246094,131.16000366210938,131.36000061035156,94.33931732177734,229161100.0
2008-03-13,129.61000061035156,132.63999938964844,128.60000610351562,131.64999389648438,94.54755401611328,351504200.0
2008-03-14,132.77000427246094,132.80999755859375,127.77999877929688,129.61000061035156,93.0824966430664,484687800.0
2008-03-17,126.56999969482422,129.25999450683594,126.06999969482422,128.3000030517578,92.14168548583984,405311100.0
2008-03-18,130.6199951171875,133.69000244140625,129.97999572753906,133.6300048828125,95.96955108642578,334416600.0
2008-03-19,134.13999938964844,134.64999389648438,130.0399932861328,130.32000732421875,93.5924072265625,345971600.0
2008-03-20,130.0500030517578,132.91000366210938,129.25999450683594,132.0800018310547,95.32598114013672,245320700.0
2008-03-24,133.30999755859375,135.80999755859375,133.24000549316406,134.72000122070312,97.23133850097656,208977300.0
2008-03-25,134.86000061035156,135.5500030517578,133.77000427246094,134.85000610351562,97.3251724243164,192947200.0
2008-03-26,134.4600067138672,135.08999633789062,133.11000061035156,133.1999969482422,96.13433074951172,196934300.0
2008-03-27,134.1999969482422,134.44000244140625,132.36000061035156,132.77999877929688,95.83121490478516,225153200.0
2008-03-28,132.99000549316406,133.36000061035156,131.05999755859375,131.50999450683594,94.91462707519533,180896100.0
2008-03-31,131.2899932861328,132.72999572753906,131.08999633789062,131.97000122070312,95.24658203125,166692100.0
2008-04-01,133.61000061035156,136.83999633789062,133.50999450683594,136.61000061035156,98.59544372558594,254547300.0
2008-04-02,137.0500030517578,137.6699981689453,135.97999572753906,136.6999969482422,98.66041564941406,210910800.0
2008-04-03,135.9600067138672,137.44000244140625,135.7100067138672,137.0399932861328,98.90577697753906,175884800.0
2008-04-04,137.1199951171875,137.9600067138672,136.1199951171875,136.88999938964844,98.7975082397461,204446800.0
2008-04-07,137.8699951171875,138.57000732421875,136.74000549316406,136.9600067138672,98.84806060791016,154245500.0
2008-04-08,136.19000244140625,136.9199981689453,135.9499969482422,136.82000732421875,98.74698638916016,148937300.0
2008-04-09,136.61000061035156,136.8000030517578,134.88999938964844,135.8300018310547,98.0324935913086,195610600.0
2008-04-10,135.4199981689453,136.6699981689453,134.89999389648438,136.02000427246094,98.16958618164062,192967800.0
2008-04-11,134.49000549316406,135.1199951171875,133.00999450683594,133.3800048828125,96.26422882080078,222973300.0
2008-04-14,133.19000244140625,133.5399932861328,132.5500030517578,132.92999267578125,95.93946838378906,160522000.0
2008-04-15,133.5800018310547,133.69000244140625,132.3300018310547,133.24000549316406,96.16316223144533,172389200.0
2008-04-16,134.5399932861328,136.91000366210938,134.52000427246094,136.85000610351562,98.7686538696289,189268900.0
2008-04-17,136.02000427246094,137.25,135.66000366210938,137.0500030517578,98.9129867553711,179665700.0
2008-04-18,138.94000244140625,139.55999755859375,138.25999450683594,138.47999572753906,99.94507598876952,218530600.0
2008-04-21,138.22999572753906,138.97999572753906,137.85000610351562,138.5500030517578,99.99557495117188,118587400.0
2008-04-22,138.19000244140625,138.30999755859375,136.89999389648438,137.94000244140625,99.55531311035156,162166000.0
2008-04-23,138.08999633789062,138.77999877929688,137.1199951171875,137.72000122070312,99.39656829833984,193309000.0
2008-04-24,138.0800018310547,139.74000549316406,137.0399932861328,138.32000732421875,99.82955932617188,229381300.0
2008-04-25,139.39999389648438,139.88999938964844,137.91000366210938,139.60000610351562,100.75342559814452,190788100.0
2008-04-28,139.8800048828125,140.25,139.3800048828125,139.6300048828125,100.7750473022461,105610200.0
2008-04-29,139.38999938964844,139.72999572753906,138.61000061035156,139.0800018310547,100.37809753417967,125514100.0
2008-04-30,139.2899932861328,140.58999633789062,138.25999450683594,138.25999450683594,99.78626251220705,208395900.0
2008-05-01,138.3800048828125,141.1199951171875,138.27000427246094,141.1199951171875,101.85043334960938,187279500.0
2008-05-02,142.33999633789062,142.3699951171875,140.55999755859375,141.50999450683594,102.1318817138672,181585500.0
2008-05-05,141.0500030517578,141.61000061035156,140.41000366210938,140.8300018310547,101.64111328125,118504500.0
2008-05-06,140.02000427246094,142.1999969482422,139.69000244140625,142.0500030517578,102.52166748046876,179339800.0
2008-05-07,141.88999938964844,142.0399932861328,139.1300048828125,139.52000427246094,100.69566345214844,199267300.0
2008-05-08,139.74000549316406,140.32000732421875,138.97999572753906,139.16000366210938,100.43580627441406,178321200.0
2008-05-09,138.60000610351562,139.38999938964844,138.4499969482422,138.89999389648438,100.24817657470705,152588200.0
2008-05-12,139.25,140.55999755859375,138.72999572753906,140.4600067138672,101.37408447265624,147865900.0
2008-05-13,140.8000030517578,140.88999938964844,139.72999572753906,140.47999572753906,101.38849639892578,159132200.0
2008-05-14,141.07000732421875,142.1999969482422,140.4600067138672,140.77000427246094,101.59786224365234,181910800.0
2008-05-15,141.0399932861328,142.6300048828125,140.8300018310547,142.52999877929688,102.8680419921875,166927000.0
2008-05-16,142.86000061035156,142.8699951171875,141.61000061035156,142.66000366210938,102.96188354492188,204236800.0
2008-05-19,142.80999755859375,144.3000030517578,142.3000030517578,143.0500030517578,103.24340057373048,165664400.0
2008-05-20,142.27000427246094,142.33999633789062,141.0,141.88999938964844,102.40617370605467,178552100.0
2008-05-21,141.80999755859375,142.1199951171875,139.0,139.49000549316406,100.67401123046876,252724800.0
2008-05-22,139.42999267578125,140.1699981689453,139.0,139.50999450683594,100.68841552734376,170820400.0
2008-05-23,139.0500030517578,139.66000366210938,137.52000427246094,137.63999938964844,99.33881378173828,181376400.0
2008-05-27,137.8000030517578,139.0,137.52999877929688,138.66000366210938,100.07495880126952,168322900.0
2008-05-28,139.1699981689453,140.0,138.0,139.3000030517578,100.53689575195312,181288100.0
2008-05-29,139.1300048828125,140.92999267578125,139.0800018310547,140.0,101.0420913696289,173927200.0
2008-05-30,140.47000122070312,140.74000549316406,139.94000244140625,140.35000610351562,101.29473114013672,117362000.0
2008-06-02,139.8300018310547,139.86000061035156,138.0,138.89999389648438,100.24817657470705,181069900.0
2008-06-03,139.3000030517578,139.6199951171875,137.22999572753906,138.08999633789062,99.6635513305664,271965700.0
2008-06-04,137.6999969482422,139.16000366210938,137.4600067138672,138.02000427246094,99.61306762695312,246637700.0
2008-06-05,138.5800018310547,140.88999938964844,138.32000732421875,140.77999877929688,101.6050796508789,237867100.0
2008-06-06,139.5500030517578,139.8000030517578,136.22000122070312,136.2899932861328,98.36448669433594,384276300.0
2008-06-09,136.86000061035156,137.5,135.41000366210938,136.6199951171875,98.60265350341795,228263900.0
2008-06-10,135.6699981689453,137.10000610351562,135.35000610351562,135.94000244140625,98.11187744140624,260234900.0
2008-06-11,135.97000122070312,136.25999450683594,133.92999267578125,133.94000244140625,96.66842651367188,283890100.0
2008-06-12,134.60000610351562,135.8699951171875,133.52000427246094,134.4499969482422,97.0364990234375,252791800.0
2008-06-13,135.1699981689453,136.52000427246094,134.4199981689453,136.14999389648438,98.26341247558594,244726900.0
2008-06-16,135.5500030517578,136.92999267578125,135.4600067138672,136.22999572753906,98.32115936279295,185832500.0
2008-06-17,137.07000732421875,137.1199951171875,135.3699951171875,135.57000732421875,97.8448257446289,191707700.0
2008-06-18,134.69000244140625,135.52000427246094,133.7100067138672,134.25,96.89215850830078,265893000.0
2008-06-19,134.14999389648438,135.24000549316406,133.5,134.4199981689453,97.01483917236328,304204900.0
2008-06-20,132.83999633789062,133.08999633789062,131.22000122070312,131.5800018310547,95.44015502929688,289275700.0
2008-06-23,132.08999633789062,132.22999572753906,131.32000732421875,131.4499969482422,95.3458480834961,165096400.0
2008-06-24,131.0500030517578,132.44000244140625,130.19000244140625,131.19000244140625,95.1572265625,267300600.0
2008-06-25,131.72000122070312,133.39999389648438,131.24000549316406,131.80999755859375,95.60694885253906,287853900.0
2008-06-26,130.57000732421875,131.4199981689453,128.0800018310547,128.22999572753906,93.01024627685548,297775000.0
2008-06-27,128.27999877929688,128.86000061035156,127.04000091552734,127.52999877929688,92.50251007080078,303423400.0
2008-06-30,127.88999938964844,128.91000366210938,127.3000030517578,127.9800033569336,92.8289031982422,258842600.0
2008-07-01,126.5199966430664,128.47000122070312,125.93000030517578,128.3800048828125,93.11905670166016,388622000.0
2008-07-02,128.7899932861328,129.16000366210938,125.9499969482422,126.18000030517578,91.5233154296875,288064600.0
2008-07-03,127.11000061035156,127.11000061035156,124.98999786376952,126.30999755859376,91.61761474609376,239352500.0
2008-07-07,126.79000091552734,127.33999633789062,123.91999816894533,125.0199966430664,90.6819305419922,372427300.0
2008-07-08,124.98999786376952,127.38999938964844,124.1999969482422,127.23999786376952,92.29215240478516,375973700.0
2008-07-09,127.5,127.73999786376952,124.38999938964844,124.79000091552734,90.51506042480467,336729400.0
2008-07-10,124.43000030517578,125.79000091552734,123.58000183105467,125.3000030517578,90.88501739501952,436475700.0
2008-07-11,123.97000122070312,125.9000015258789,122.48999786376952,123.83999633789062,89.82599639892578,481124600.0
2008-07-14,125.26000213623048,125.5,122.4000015258789,122.72000122070312,89.01362609863281,322720800.0
2008-07-15,121.8000030517578,123.48999786376952,120.0199966430664,120.98999786376952,87.75878143310547,502502500.0
2008-07-16,121.4499969482422,124.56999969482422,121.0999984741211,123.95999908447266,89.9130630493164,371642900.0
2008-07-17,125.13999938964844,126.26000213623048,124.08999633789062,125.1999969482422,90.81246948242188,375490600.0
2008-07-18,126.16999816894533,126.41999816894533,125.1500015258789,125.9800033569336,91.37823486328124,267030100.0
2008-07-21,126.51000213623048,126.8000030517578,125.19000244140624,126.0500030517578,91.42898559570312,222863000.0
2008-07-22,125.1500015258789,127.8000030517578,124.8499984741211,127.4800033569336,92.46621704101562,296904200.0
2008-07-23,127.88999938964844,129.14999389648438,127.5500030517578,128.1699981689453,92.96670532226562,311698400.0
2008-07-24,128.33999633789062,128.41000366210938,125.16000366210938,125.51000213623048,91.03734588623048,248634500.0
2008-07-25,125.88999938964844,126.48999786376952,125.16999816894533,125.4800033569336,91.01554107666016,219131000.0
2008-07-28,125.51000213623048,126.05999755859376,123.41999816894533,123.63999938964844,89.68094635009766,205201300.0
2008-07-29,123.9800033569336,126.37999725341795,123.63999938964844,126.27999877929688,91.59580993652344,261505600.0
2008-07-30,127.11000061035156,128.60000610351562,126.27999877929688,128.52999877929688,93.2278823852539,354710000.0
2008-07-31,127.4000015258789,128.57000732421875,126.62999725341795,126.83000183105467,91.99475860595705,277402100.0
2008-08-01,127.12000274658205,127.27999877929688,125.45999908447266,126.16000366210938,91.50878143310548,248690900.0
2008-08-04,126.04000091552734,126.13999938964844,124.76000213623048,124.98999786376952,90.6601333618164,188239600.0
2008-08-05,126.0199966430664,128.55999755859375,124.97000122070312,128.36000061035156,93.10454559326172,251577600.0
2008-08-06,128.02000427246094,129.3000030517578,127.4800033569336,128.92999267578125,93.51797485351562,209555400.0
2008-08-07,127.95999908447266,128.44000244140625,126.54000091552734,127.01000213623048,92.1253433227539,246312500.0
2008-08-08,126.58000183105467,129.92999267578125,126.37999725341795,129.3699951171875,93.8371124267578,260811700.0
2008-08-11,129.47000122070312,131.50999450683594,129.22999572753906,130.7100067138672,94.8091049194336,249425800.0
2008-08-12,130.27999877929688,130.6999969482422,128.72999572753906,129.35000610351562,93.8226089477539,213200800.0
2008-08-13,128.7899932861328,129.64999389648438,127.66999816894533,128.57000732421875,93.25688934326172,256393200.0
2008-08-14,127.83999633789062,130.27999877929688,127.75,129.5399932861328,93.96043395996094,239555300.0
2008-08-15,129.92999267578125,130.5,129.3000030517578,130.1699981689453,94.4173812866211,181000800.0
2008-08-18,130.42999267578125,130.47999572753906,127.66000366210938,128.38999938964844,93.12627410888672,172275100.0
2008-08-19,127.41999816894533,127.69000244140624,126.52999877929688,126.98999786376952,92.11082458496094,194673700.0
2008-08-20,127.38999938964844,127.9499969482422,126.33999633789062,127.58000183105467,92.53878784179688,225498200.0
2008-08-21,126.75,128.44000244140625,126.5999984741211,127.8000030517578,92.6983413696289,180609800.0
2008-08-22,128.6699981689453,129.64999389648438,127.8000030517578,129.64999389648438,94.04022216796876,167715300.0
2008-08-25,128.8000030517578,129.64999389648438,126.75,127.0199966430664,92.13257598876952,171936900.0
2008-08-26,127.0199966430664,127.87000274658205,126.58000183105467,127.38999938964844,92.40094757080078,159117200.0
2008-08-27,127.5500030517578,128.8300018310547,127.3000030517578,128.6300048828125,93.30036926269533,171032800.0
2008-08-28,129.27999877929688,130.33999633789062,129.11000061035156,130.19000244140625,94.43189239501952,167537100.0
2008-08-29,129.72999572753906,130.13999938964844,128.50999450683594,128.7899932861328,93.41644287109376,189195800.0
2008-09-02,130.02999877929688,130.7100067138672,127.5199966430664,127.98999786376952,92.8361587524414,252364900.0
2008-09-03,127.87999725341795,128.5,126.93000030517578,127.87999725341795,92.75637817382812,251947000.0
2008-09-04,126.97000122070312,127.2300033569336,123.95999908447266,124.02999877929688,89.96383666992188,340042500.0
2008-09-05,123.29000091552734,124.9499969482422,122.0,124.41999816894533,90.24671173095705,289503400.0
2008-09-08,128.0399932861328,128.24000549316406,124.41999816894533,126.98999786376952,92.11082458496094,364075300.0
2008-09-09,127.0999984741211,127.36000061035156,122.8000030517578,123.22000122070312,89.37629699707031,377326800.0
2008-09-10,123.88999938964844,124.9000015258789,122.5500030517578,123.72000122070312,89.73894500732422,298916600.0
2008-09-11,122.12000274658205,125.73999786376952,121.5999984741211,125.51000213623048,91.03734588623048,375369400.0
2008-09-12,124.29000091552734,126.20999908447266,123.83000183105467,126.08999633789062,91.4580307006836,297851200.0
2008-09-15,121.62999725341795,125.6500015258789,119.88999938964844,120.08999633789062,87.10598754882812,483607000.0
2008-09-16,117.1999969482422,122.31999969482422,117.0,122.0999984741211,88.56390380859375,581744300.0
2008-09-17,119.63999938964844,121.8499984741211,116.0,116.61000061035156,84.581787109375,624095600.0
2008-09-18,118.0500030517578,121.79000091552734,113.8000030517578,120.06999969482422,87.09148406982422,776114700.0
2008-09-19,126.6999969482422,128.0,123.33000183105467,124.12000274658205,90.55020141601562,501087800.0
2008-09-22,124.4499969482422,124.75,120.36000061035156,121.30999755859376,88.50019836425781,249966500.0
2008-09-23,120.8499984741211,122.0199966430664,118.27999877929688,118.5500030517578,86.4867172241211,327470400.0
2008-09-24,119.3499984741211,120.0,117.79000091552734,118.93000030517578,86.763916015625,311818400.0
2008-09-25,119.4000015258789,121.91000366210938,118.44000244140624,120.79000091552734,88.120849609375,328253000.0
2008-09-26,118.83000183105467,121.5,118.51000213623048,120.8499984741211,88.16461944580078,285917400.0
2008-09-29,119.13999938964844,119.33999633789062,110.97000122070312,111.37999725341795,81.25589752197266,459562300.0
2008-09-30,113.51000213623048,116.8000030517578,110.52999877929688,115.98999786376952,84.61907196044922,328154400.0
2008-10-01,115.2699966430664,116.69000244140624,113.9499969482422,116.05999755859376,84.67012786865234,332783000.0
2008-10-02,114.9499969482422,115.11000061035156,111.05999755859376,111.8499984741211,81.59878540039062,365337800.0
2008-10-03,112.86000061035156,115.4499969482422,109.68000030517578,110.33999633789062,80.49718475341797,461798000.0
2008-10-06,107.1500015258789,107.62000274658205,100.63999938964844,104.72000122070312,76.39720153808594,610637500.0
2008-10-07,106.83999633789062,107.33000183105467,99.6500015258789,100.02999877929688,72.97567749023438,540012100.0
2008-10-08,97.5199966430664,102.18000030517578,96.80999755859376,97.51000213623048,71.13722229003906,725414800.0
2008-10-09,99.66000366210938,100.62000274658205,90.25,90.6999969482422,66.16905975341797,534485200.0
2008-10-10,86.76000213623047,93.94000244140624,83.58000183105469,88.5,64.56407165527344,871026300.0
2008-10-13,93.87000274658205,101.3499984741211,89.94999694824219,101.3499984741211,73.93862915039062,455584000.0
2008-10-14,104.6999969482422,105.52999877929688,97.11000061035156,99.8499984741211,72.84432220458984,546268300.0
2008-10-15,97.45999908447266,97.8000030517578,89.70999908447266,90.0199966430664,65.67295837402344,484627500.0
2008-10-16,91.29000091552734,94.7699966430664,86.54000091552734,93.7699966430664,68.40872955322266,708811200.0
2008-10-17,91.98999786376952,98.58999633789062,91.6500015258789,93.20999908447266,68.00019836425781,476649000.0
2008-10-20,95.3499984741211,99.0999984741211,94.08999633789062,98.80999755859376,72.08561706542969,321294200.0
2008-10-21,96.97000122070312,98.63999938964844,95.22000122070312,95.86000061035156,69.93347930908203,356502000.0
2008-10-22,93.1999969482422,95.86000061035156,87.52999877929688,90.63999938964844,66.12530517578125,516168000.0
2008-10-23,90.29000091552734,92.4499969482422,85.80999755859375,91.69000244140624,66.89130401611328,634666400.0
2008-10-24,84.05999755859375,89.91999816894531,84.0,87.04000091552734,63.49892044067383,545812600.0
2008-10-27,85.97000122070312,89.51000213623047,83.69999694824219,83.94999694824219,61.24468231201172,397288600.0
2008-10-28,87.33999633789062,94.23999786376952,84.52999877929688,93.76000213623048,68.40145111083984,639939500.0
2008-10-29,93.7699966430664,97.16999816894533,92.0999984741211,93.08000183105467,67.90534210205078,531270100.0
2008-10-30,95.77999877929688,96.54000091552734,92.9000015258789,96.3000030517578,70.25444030761719,414582100.0
2008-10-31,95.08000183105467,98.56999969482422,94.4800033569336,96.83000183105467,70.64114379882812,411394000.0
2008-11-03,96.77999877929688,97.69000244140624,95.9499969482422,97.11000061035156,70.84541320800781,205419400.0
2008-11-04,99.05999755859376,100.86000061035156,96.70999908447266,100.41000366210938,73.25286865234375,346793400.0
2008-11-05,99.1999969482422,100.70999908447266,95.0,96.19000244140624,70.17422485351562,387844100.0
2008-11-06,94.45999908447266,95.44000244140624,90.05999755859375,90.86000061035156,66.28578186035156,477721900.0
2008-11-07,91.6500015258789,94.0,90.5,93.86000061035156,68.4743881225586,380391000.0
2008-11-10,95.20999908447266,95.52999877929688,90.91999816894533,92.62999725341795,67.57708740234375,301773000.0
2008-11-11,90.76000213623048,92.13999938964844,88.6500015258789,89.7699966430664,65.49061584472656,418498200.0
2008-11-12,88.2300033569336,88.94999694824219,85.12000274658203,85.81999969482422,62.60890579223633,454330600.0
2008-11-13,86.12999725341797,91.7300033569336,82.08999633789062,91.16999816894533,66.51193237304688,753141900.0
2008-11-14,89.41000366210938,92.05999755859376,86.5199966430664,86.62000274658203,63.19253921508789,540352300.0
2008-11-17,86.37999725341797,88.55999755859375,85.16000366210938,85.47000122070312,62.35359573364258,415254900.0
2008-11-18,85.1500015258789,87.22000122070312,82.91000366210938,87.08000183105469,63.52815246582031,523811800.0
2008-11-19,85.91000366210938,86.87000274658203,80.91999816894531,81.5,59.457332611083984,558327600.0
2008-11-20,80.12999725341797,82.51000213623047,75.05000305175781,75.44999694824219,55.04362487792969,814180400.0
2008-11-21,77.45999908447266,80.9000015258789,74.33999633789062,79.5199966430664,58.01284790039063,718536500.0
2008-11-24,81.91999816894531,86.98999786376953,80.36000061035156,85.02999877929688,62.03256607055664,523305300.0
2008-11-25,87.30000305175781,87.51000213623047,83.81999969482422,85.66000366210938,62.49217987060547,454112400.0
2008-11-26,84.30000305175781,89.19000244140625,84.23999786376953,88.97000122070312,64.90697479248047,370134200.0
2008-11-28,88.62999725341797,90.12999725341795,88.4800033569336,90.08999633789062,65.72404479980469,118308100.0
2008-12-01,87.51000213623047,87.55000305175781,81.86000061035156,82.11000061035156,59.90234375,369927100.0
2008-12-02,83.47000122070312,85.48999786376953,82.04000091552734,85.2699966430664,62.20768356323242,469508400.0
2008-12-03,83.4000015258789,87.83000183105469,83.13999938964844,87.31999969482422,63.703224182128906,519863500.0
2008-12-04,86.05999755859375,88.05000305175781,83.73999786376953,85.30000305175781,62.22954559326172,444173800.0
2008-12-05,83.6500015258789,88.41999816894531,82.23999786376953,87.93000030517578,64.14824676513672,471905300.0
2008-12-08,90.33999633789062,92.37999725341795,88.08000183105469,91.0,66.38793182373047,412859300.0
2008-12-09,90.37000274658205,92.12999725341795,88.9800033569336,89.5,65.29359436035156,370790000.0
2008-12-10,90.31999969482422,91.36000061035156,89.0,90.11000061035156,65.73861694335938,396187400.0
2008-12-11,89.54000091552734,91.0,87.37000274658203,87.94000244140625,64.155517578125,365061000.0
2008-12-12,85.55000305175781,89.06999969482422,85.19999694824219,88.98999786376953,64.92154693603516,415060400.0
2008-12-15,89.0199966430664,89.1500015258789,86.29000091552734,87.75,64.01695251464844,256694200.0
2008-12-16,91.87999725341795,92.0199966430664,88.18000030517578,91.87999725341795,67.02992248535156,377699500.0
2008-12-17,90.83999633789062,92.43000030517578,90.05999755859375,90.98999786376952,66.380615234375,281819800.0
2008-12-18,91.4000015258789,91.66999816894533,88.20999908447266,89.29000091552734,65.14045715332031,374673300.0
2008-12-19,89.0999984741211,90.62000274658205,88.08999633789062,88.19000244140625,64.86022186279297,301451300.0
2008-12-22,88.58000183105469,88.66999816894531,85.48999786376953,87.05999755859375,64.02913665771484,243759500.0
2008-12-23,87.52999877929688,87.93000030517578,85.80000305175781,86.16000366210938,63.36722183227539,221625200.0
2008-12-24,86.44999694824219,86.87000274658203,86.0,86.66000366210938,63.734981536865234,62061600.0
2008-12-26,87.23999786376953,87.30000305175781,86.5,87.16000366210938,64.10266876220703,74767700.0
2008-12-29,87.23999786376953,87.33000183105469,85.5999984741211,86.91000366210938,63.91884231567383,127795900.0
2008-12-30,87.51000213623047,89.05000305175781,86.87999725341797,88.97000122070312,65.43387603759766,168256300.0
2008-12-31,89.08000183105469,90.97000122070312,88.87000274658203,90.23999786376952,66.36790466308594,193987200.0
2009-01-02,90.44000244140624,93.44000244140624,89.8499984741211,92.95999908447266,68.36833190917969,227566300.0
2009-01-05,92.62999725341795,93.66000366210938,91.88999938964844,92.8499984741211,68.28742218017578,240349700.0
2009-01-06,93.63999938964844,94.4499969482422,92.68000030517578,93.47000122070312,68.74344635009766,328260900.0
2009-01-07,92.0,92.26000213623048,90.1999969482422,90.66999816894533,66.68415832519531,280899200.0
2009-01-08,90.16000366210938,91.08999633789062,89.66999816894531,91.04000091552734,66.95625305175781,263834400.0
2009-01-09,91.16000366210938,91.31999969482422,85.36000061035156,89.08999633789062,65.52212524414062,330953600.0
2009-01-12,88.83999633789062,88.91000366210938,86.41000366210938,86.94999694824219,63.9482307434082,277858500.0
2009-01-13,86.7300033569336,87.87999725341797,86.19999694824219,87.11000061035156,64.06592559814453,356432300.0
2009-01-14,85.54000091552734,85.75,83.16000366210938,84.37000274658203,62.05074691772461,435491600.0
2009-01-15,84.12000274658203,85.25,81.72000122070312,84.4000015258789,62.07279586791992,532647300.0
2009-01-16,85.86000061035156,85.98999786376953,83.05000305175781,85.05999755859375,62.558223724365234,399237200.0
2009-01-20,84.2300033569336,85.05999755859375,80.05000305175781,80.56999969482422,59.2559928894043,419855200.0
2009-01-21,81.94000244140625,84.23999786376953,80.47000122070312,84.05000305175781,61.81542205810547,364360700.0
2009-01-22,82.41999816894531,84.04000091552734,81.16999816894531,82.75,60.85930633544922,427940300.0
2009-01-23,80.9000015258789,83.98999786376953,80.56999969482422,83.11000061035156,61.12405776977539,386800600.0
2009-01-26,83.58999633789062,85.36000061035156,82.80999755859375,83.68000030517578,61.543251037597656,317978800.0
2009-01-27,84.12999725341797,85.1500015258789,83.30000305175781,84.52999877929688,62.16843795776367,273789700.0
2009-01-28,86.4000015258789,87.94999694824219,86.06999969482422,87.38999938964844,64.27183532714844,330007000.0
2009-01-29,86.11000061035156,87.48999786376953,84.47000122070312,84.55000305175781,62.183135986328125,294392500.0
2009-01-30,84.9800033569336,85.4000015258789,82.20999908447266,82.83000183105469,60.9181022644043,383383600.0
2009-02-02,81.56999969482422,83.18000030517578,81.30999755859375,82.58000183105469,60.734283447265625,288233300.0
2009-02-03,83.0999984741211,84.36000061035156,82.22000122070312,83.73999786376953,61.58741760253906,278385800.0
2009-02-04,84.30000305175781,85.37000274658203,83.04000091552734,83.33000183105469,61.285888671875,322989300.0
2009-02-05,82.69999694824219,85.29000091552734,77.7300033569336,84.56999969482422,62.19786071777344,417679400.0
2009-02-06,84.86000061035156,87.33999633789062,84.68000030517578,86.9800033569336,63.970306396484375,366101700.0
2009-02-09,86.95999908447266,87.73999786376953,86.31999969482422,87.0999984741211,64.05855560302734,240075200.0
2009-02-10,86.2699966430664,87.02999877929688,82.44999694824219,83.11000061035156,61.12405776977539,536212800.0
2009-02-11,83.44999694824219,84.05000305175781,82.4000015258789,83.5999984741211,61.48445510864258,324442500.0
2009-02-12,82.16999816894531,83.81999969482422,81.05000305175781,83.66000366210938,61.52854919433594,469302200.0
2009-02-13,83.55000305175781,84.23999786376953,82.73999786376953,82.76000213623047,60.866661071777344,293998400.0
2009-02-17,80.16000366210938,82.95999908447266,79.16999816894531,79.22000122070312,58.26315307617188,478910100.0
2009-02-18,79.79000091552734,79.94000244140625,78.27999877929688,79.02999877929688,58.12339019775391,362964800.0
2009-02-19,79.83999633789062,80.1500015258789,78.0199966430664,78.18000030517578,57.49825286865234,316867500.0
2009-02-20,76.7300033569336,78.33999633789062,75.7699966430664,77.41999816894531,56.93928527832031,477176600.0
2009-02-23,78.2699966430664,78.2699966430664,74.58999633789062,74.6500015258789,54.90209197998047,379641400.0
2009-02-24,75.29000091552734,77.94999694824219,74.69999694824219,77.4800033569336,56.98344421386719,426260900.0
2009-02-25,77.13999938964844,78.41999816894531,75.62999725341797,76.87000274658203,56.5348014831543,461985800.0
2009-02-26,77.81999969482422,79.66999816894531,75.52999877929688,75.62000274658203,55.61547470092773,363353900.0
2009-02-27,74.01000213623047,75.69000244140625,73.80999755859375,73.93000030517578,54.3725471496582,470510900.0
2009-03-02,72.5199966430664,73.91999816894531,70.37000274658203,70.5999984741211,51.9234733581543,426452600.0
2009-03-03,71.61000061035156,71.69999694824219,69.63999938964844,70.06999969482422,51.533668518066406,443761000.0
2009-03-04,71.2300033569336,72.87000274658203,70.06999969482422,71.7300033569336,52.75456619262695,462753100.0
2009-03-05,70.0999984741211,71.7300033569336,68.16999816894531,68.80000305175781,50.59962844848633,485549400.0
2009-03-06,69.4000015258789,70.44999694824219,67.0999984741211,68.91999816894531,50.68790435791016,490470000.0
2009-03-09,67.94999694824219,70.0,67.7300033569336,68.11000061035156,50.09214782714844,379905300.0
2009-03-10,69.51000213623047,72.37000274658203,69.37000274658203,72.16999816894531,53.0781478881836,406227900.0
2009-03-11,73.0,73.75,71.83000183105469,72.63999938964844,53.42380905151367,356648300.0
2009-03-12,72.62000274658203,75.75,71.97000122070312,75.5,55.5272216796875,409702700.0
2009-03-13,76.01000213623047,76.9800033569336,74.7300033569336,76.08999633789062,55.96113204956055,337474700.0
2009-03-16,76.95999908447266,77.97000122070312,75.80999755859375,75.86000061035156,55.79198455810547,360644900.0
2009-03-17,76.06999969482422,78.36000061035156,75.44999694824219,78.18000030517578,57.49825286865234,356814300.0
2009-03-18,77.80999755859375,80.9000015258789,77.06999969482422,79.93000030517578,58.7852897644043,473273200.0
2009-03-19,80.93000030517578,81.0,78.69000244140625,78.94000244140625,58.05720138549805,428520400.0
2009-03-20,78.76000213623047,78.91000366210938,76.52999877929688,76.70999908447266,56.820899963378906,371078200.0
2009-03-23,78.73999786376953,82.29000091552734,78.30999755859375,82.22000122070312,60.902339935302734,419933300.0
2009-03-24,81.23999786376953,82.36000061035156,80.51000213623047,80.5999984741211,59.70234680175781,330271000.0
2009-03-25,81.2300033569336,82.69999694824219,79.05999755859375,81.44999694824219,60.33196640014648,441775100.0
2009-03-26,82.25,83.30000305175781,81.31999969482422,83.11000061035156,61.56157302856445,422025200.0
2009-03-27,82.05000305175781,82.52999877929688,81.30999755859375,81.61000061035156,60.450477600097656,322332300.0
2009-03-30,79.80000305175781,79.87000274658203,77.95999908447266,78.79000091552734,58.36164474487305,324108500.0
2009-03-31,79.55999755859375,81.08000183105469,79.05000305175781,79.5199966430664,58.90237808227539,364238300.0
2009-04-01,78.52999877929688,81.41999816894531,78.33000183105469,81.05999755859375,60.043087005615234,377018300.0
2009-04-02,83.08000183105469,84.61000061035156,81.12999725341797,83.43000030517578,61.798587799072266,476230700.0
2009-04-03,83.48999786376953,84.27999877929688,82.66999816894531,84.26000213623047,62.41339111328125,284646300.0
2009-04-06,83.33999633789062,84.27999877929688,82.29000091552734,83.5999984741211,61.92451858520508,264866600.0
2009-04-07,82.25,82.6500015258789,81.51000213623047,81.6500015258789,60.48011016845703,258947800.0
2009-04-08,82.05999755859375,82.94000244140625,81.54000091552734,82.52999877929688,61.13191986083984,230402800.0
2009-04-09,84.66999816894531,85.81999969482422,84.33000183105469,85.80999755859375,63.5615348815918,269653500.0
2009-04-13,84.91999816894531,86.54000091552734,84.58000183105469,85.83000183105469,63.57636642456055,224847500.0
2009-04-14,85.02999877929688,85.76000213623047,84.08000183105469,84.3499984741211,62.48006820678711,276598800.0
2009-04-15,83.83999633789062,85.41999816894531,83.61000061035156,85.25,63.1467170715332,250726100.0
2009-04-16,85.93000030517578,87.1500015258789,84.7699966430664,86.5,64.07260131835938,335202900.0
2009-04-17,86.83000183105469,87.6500015258789,86.13999938964844,87.08000183105469,64.50225067138672,262649000.0
2009-04-20,85.54000091552734,87.05000305175781,83.33999633789062,83.43000030517578,61.798587799072266,293690100.0
2009-04-21,82.81999969482422,85.12999725341797,82.75,85.05999755859375,63.00597381591797,114090900.0
2009-04-22,84.29000091552734,86.33999633789062,84.06999969482422,84.54000091552734,62.62078094482422,340395200.0
2009-04-23,84.70999908447266,85.41999816894531,83.62999725341797,85.37000274658203,63.23562240600586,324903700.0
2009-04-24,86.02999877929688,87.30999755859375,85.69000244140625,86.66000366210938,64.191162109375,287703000.0
2009-04-27,85.68000030517578,87.01000213623047,85.54000091552734,85.83999633789062,63.583744049072266,289581600.0
2009-04-28,84.97000122070312,86.58999633789062,84.76000213623047,85.56999969482422,63.38375473022461,247926300.0
2009-04-29,86.5199966430664,88.36000061035156,86.30000305175781,87.38999938964844,64.73184967041016,311505700.0
2009-04-30,88.55000305175781,89.0199966430664,86.91999816894531,87.41999816894531,64.75408172607422,301419800.0
2009-05-01,87.44000244140625,88.20999908447266,86.72000122070312,87.88999938964844,65.10221862792969,236110300.0
2009-05-04,88.55000305175781,90.94000244140624,88.37999725341797,90.87999725341795,67.3169937133789,287120000.0
2009-05-05,90.56999969482422,90.93000030517578,89.83999633789062,90.56999969482422,67.08737182617188,243036300.0
2009-05-06,91.68000030517578,92.1999969482422,90.61000061035156,92.13999938964844,68.25030517578125,291941000.0
2009-05-07,93.01000213623048,93.1500015258789,90.27999877929688,90.86000061035156,67.30216217041016,317728000.0
2009-05-08,92.02999877929688,93.22000122070312,91.44000244140624,92.9800033569336,68.87252807617188,299081700.0
2009-05-11,91.6999969482422,92.11000061035156,91.04000091552734,91.23999786376952,67.58361053466797,247923600.0
2009-05-12,91.62999725341795,91.83000183105467,89.8499984741211,90.97000122070312,67.38365173339844,282431300.0
2009-05-13,89.73999786376953,90.01000213623047,88.5,88.68000030517578,65.6874008178711,269619100.0
2009-05-14,88.72000122070312,90.12000274658205,88.5,89.44000244140625,66.25035095214844,260098700.0
2009-05-15,89.37000274658203,90.0,88.1500015258789,88.70999908447266,65.7095947265625,271502700.0
2009-05-18,89.55000305175781,91.33999633789062,88.56999969482422,91.2300033569336,67.57626342773438,241447400.0
2009-05-19,91.18000030517578,91.97000122070312,90.80999755859376,91.12000274658205,67.49478149414062,206102200.0
2009-05-20,91.9499969482422,92.8000030517578,90.41000366210938,90.51000213623048,67.04293060302734,285722200.0
2009-05-21,89.45999908447266,89.80000305175781,88.26000213623047,89.20999908447266,66.08000946044922,258988400.0
2009-05-22,89.45999908447266,90.0,88.68000030517578,89.0199966430664,65.93925476074219,166811900.0
2009-05-26,88.36000061035156,91.55999755859376,88.31999969482422,91.3000030517578,67.62808227539062,236318500.0
2009-05-27,91.44000244140624,91.75,89.52999877929688,89.66999816894531,66.42072296142578,246015800.0
2009-05-28,90.45999908447266,91.33999633789062,89.0999984741211,90.91999816894533,67.34662628173828,289095000.0
2009-05-29,91.41999816894533,93.6999969482422,90.68000030517578,92.52999877929688,68.53915405273438,258641500.0
2009-06-01,93.66999816894533,95.16999816894533,93.43000030517578,94.7699966430664,70.19841003417969,276246800.0
2009-06-02,94.4000015258789,95.37000274658205,94.2300033569336,94.8499984741211,70.25764465332031,230874500.0
2009-06-03,94.04000091552734,94.12999725341795,92.76000213623048,93.6500015258789,69.3687973022461,235310500.0
2009-06-04,94.0,94.66999816894533,93.3000030517578,94.52999877929688,70.0206298828125,210102300.0
2009-06-05,95.48999786376952,95.66999816894533,93.8000030517578,94.5500030517578,70.03543853759766,284257900.0
2009-06-08,93.83999633789062,95.0999984741211,93.04000091552734,94.16000366210938,69.74656677246094,238565100.0
2009-06-09,94.69000244140624,95.13999938964844,94.0199966430664,94.63999938964844,70.10211181640625,225125500.0
2009-06-10,95.4800033569336,95.48999786376952,93.19000244140624,94.4000015258789,69.92434692382812,296100400.0
2009-06-11,94.58000183105467,96.11000061035156,94.55999755859376,94.81999969482422,70.23542022705078,275414200.0
2009-06-12,94.4000015258789,95.13999938964844,94.0,95.08000183105467,70.42801666259766,184361800.0
2009-06-15,93.95999908447266,94.0199966430664,92.4000015258789,92.9000015258789,68.81324768066406,224190500.0
2009-06-16,93.2300033569336,93.29000091552734,91.58000183105467,91.63999938964844,67.87995147705078,227319000.0
2009-06-17,91.5999984741211,92.33000183105467,90.83000183105467,91.5500030517578,67.81326293945312,223445200.0
2009-06-18,91.69000244140624,92.66999816894533,91.25,92.22000122070312,68.30955505371094,211725100.0
2009-06-19,92.58000183105467,92.6999969482422,91.5199966430664,92.04000091552734,68.56135559082031,215655600.0
2009-06-22,91.13999938964844,91.19000244140624,89.25,89.27999877929688,66.5053939819336,251913600.0
2009-06-23,89.47000122070312,89.87999725341797,88.8499984741211,89.3499984741211,66.55753326416016,188309800.0
2009-06-24,90.16000366210938,91.08000183105467,89.5999984741211,90.12000274658205,67.1311264038086,211577700.0
2009-06-25,89.66999816894531,92.16999816894533,89.56999969482422,92.08000183105467,68.5911636352539,279411000.0
2009-06-26,91.7699966430664,92.23999786376952,91.2699966430664,91.83999633789062,68.41239166259766,167579000.0
2009-06-29,92.11000061035156,92.81999969482422,91.5999984741211,92.6999969482422,69.052978515625,168481300.0
2009-06-30,92.72000122070312,93.05999755859376,91.2699966430664,91.9499969482422,68.4942855834961,228888200.0
2009-07-01,92.33999633789062,93.2300033569336,92.20999908447266,92.33000183105467,68.77735137939453,173041100.0
2009-07-02,91.12999725341795,92.36000061035156,89.76000213623047,89.80999755859375,66.90017700195312,212309900.0
2009-07-06,88.94000244140625,89.93000030517578,88.66000366210938,89.80000305175781,66.89275360107422,174499600.0
2009-07-07,89.70999908447266,89.81999969482422,88.0,88.05999755859375,65.59656524658203,197088900.0
2009-07-08,88.58999633789062,88.80000305175781,87.0,88.0,65.5519027709961,248050500.0
2009-07-09,88.61000061035156,88.9000015258789,87.91000366210938,88.16999816894531,65.6785659790039,163777600.0
2009-07-10,87.69999694824219,88.48999786376953,87.3499984741211,87.95999908447266,65.5220947265625,173520300.0
2009-07-13,88.30999755859375,90.16999816894533,87.58999633789062,90.0999984741211,67.1162338256836,217413500.0
2009-07-14,90.37999725341795,90.69000244140624,89.7300033569336,90.61000061035156,67.49612426757812,181487400.0
2009-07-15,91.80999755859376,93.51000213623048,90.68000030517578,93.26000213623048,69.47013092041016,220877900.0
2009-07-16,93.0,94.51000213623048,92.81999969482422,93.11000061035156,69.3584213256836,231174500.0
2009-07-17,94.05999755859376,94.31999969482422,93.54000091552734,94.12999725341795,70.1181869506836,138561700.0
2009-07-20,94.68000030517578,95.29000091552734,94.19000244140624,95.12999725341795,70.86310577392578,164179400.0
2009-07-21,95.87000274658205,95.9000015258789,94.41999816894533,95.56999969482422,71.19085693359375,217718300.0
2009-07-22,94.95999908447266,96.12999725341795,94.88999938964844,95.5500030517578,71.17596435546875,196068100.0
2009-07-23,95.61000061035156,98.08000183105467,95.52999877929688,97.66000366210938,72.74771881103516,258795500.0
2009-07-24,97.1999969482422,98.13999938964844,96.69000244140624,98.05999755859376,73.04568481445312,154003100.0
2009-07-27,97.87999725341795,98.4000015258789,97.33999633789062,98.3499984741211,73.26168823242188,159259400.0
2009-07-28,97.66000366210938,98.37000274658205,97.05999755859376,97.88999938964844,72.91905975341797,186685200.0
2009-07-29,97.44000244140624,98.08999633789062,96.9800033569336,97.6500015258789,72.74027252197266,194399300.0
2009-07-30,98.83000183105467,99.83000183105467,98.5999984741211,98.66999816894533,73.50011444091797,225575400.0
2009-07-31,98.6500015258789,99.47000122070312,98.37999725341795,98.80999755859376,73.60436248779297,207358000.0
2009-08-03,99.8499984741211,100.52999877929688,99.30999755859376,100.44000244140624,74.818603515625,175776900.0
2009-08-04,99.98999786376952,100.83999633789062,99.77999877929688,100.6999969482422,75.01225280761719,176714600.0
2009-08-05,100.7699966430664,100.86000061035156,99.58000183105467,100.41000366210938,74.79621887207031,184726400.0
2009-08-06,100.87000274658205,101.0199966430664,99.41999816894533,99.88999938964844,74.40886688232422,193203800.0
2009-08-07,100.94000244140624,102.02999877929688,100.38999938964844,101.1999969482422,75.38468933105469,220640900.0
2009-08-10,100.73999786376952,101.22000122070312,100.2699966430664,100.98999786376952,75.22825622558594,130898700.0
2009-08-11,100.54000091552734,100.61000061035156,99.45999908447266,99.7300033569336,74.2896728515625,157301000.0
2009-08-12,99.55999755859376,101.55999755859376,99.51000213623048,100.8000030517578,75.08673095703125,219052400.0
2009-08-13,101.26000213623048,101.61000061035156,100.26000213623048,101.56999969482422,75.6603012084961,176449500.0
2009-08-14,101.5199966430664,101.5999984741211,99.6999969482422,100.79000091552734,75.07929992675781,199616100.0
2009-08-17,98.8499984741211,98.9499969482422,98.11000061035156,98.30999755859376,73.23189544677734,237667500.0
2009-08-18,98.52999877929688,99.44000244140624,98.3499984741211,99.08999633789062,73.81295013427734,173461500.0
2009-08-19,98.30999755859376,100.3000030517578,98.20999908447266,99.95999908447266,74.46100616455078,192812800.0
2009-08-20,100.08999633789062,101.22000122070312,99.87000274658205,100.98999786376952,75.22825622558594,174131300.0
2009-08-21,101.81999969482422,103.12999725341795,101.62000274658205,102.97000122070312,76.70317840576172,224605000.0
2009-08-24,103.38999938964844,103.9499969482422,102.58999633789062,102.95999908447266,76.69574737548828,191279000.0
2009-08-25,103.37000274658205,104.26000213623048,102.94000244140624,103.16000366210938,76.84474182128906,215310600.0
2009-08-26,102.83999633789062,103.63999938964844,102.48999786376952,103.16999816894533,76.8521728515625,194620700.0
2009-08-27,103.11000061035156,103.72000122070312,101.94000244140624,103.4000015258789,77.02350616455078,196230100.0
2009-08-28,104.2300033569336,104.3499984741211,102.66999816894533,103.37999725341795,77.00861358642578,147024400.0
2009-08-31,102.37000274658205,102.58000183105467,101.79000091552734,102.45999908447266,76.32328796386719,176051600.0
2009-09-01,101.9499969482422,103.23999786376952,99.98999786376952,100.1999969482422,74.63977813720703,321276800.0
2009-09-02,99.77999877929688,100.44000244140624,99.56999969482422,99.81999969482422,74.3567123413086,171805000.0
2009-09-03,100.4000015258789,100.7699966430664,99.58999633789062,100.6500015258789,74.9749984741211,143572300.0
2009-09-04,100.8499984741211,102.08999633789062,100.5500030517578,102.05999755859376,76.02529907226562,142687900.0
2009-09-08,103.0,103.0500030517578,102.38999938964844,102.94000244140624,76.68083190917969,132909100.0
2009-09-09,103.12000274658205,104.08000183105467,102.8000030517578,103.7300033569336,77.2693099975586,154612500.0
2009-09-10,103.8000030517578,104.86000061035156,103.22000122070312,104.79000091552734,78.05891418457031,162902400.0
2009-09-11,104.98999786376952,105.3000030517578,104.27999877929688,104.7699966430664,78.04405212402344,152360100.0
2009-09-14,103.87999725341795,105.45999908447266,103.1500015258789,105.27999877929688,78.42389678955078,149593800.0
2009-09-15,105.4499969482422,106.11000061035156,104.76000213623048,105.72000122070312,78.75165557861328,196795900.0
2009-09-16,106.0999984741211,107.33999633789062,105.7300033569336,107.31999969482422,79.94351959228516,206406300.0
2009-09-17,107.16999816894533,108.05999755859376,106.56999969482422,107.16000366210938,79.82435607910156,229170900.0
2009-09-18,107.1500015258789,107.16000366210938,106.36000061035156,106.72000122070312,79.875244140625,153799100.0
2009-09-21,105.88999938964844,107.0,105.66000366210938,106.4499969482422,79.67315673828125,151892000.0
2009-09-22,107.08000183105467,107.37000274658205,106.5999984741211,107.06999969482422,80.13720703125,143126700.0
2009-09-23,107.31999969482422,108.02999877929688,105.98999786376952,106.18000030517578,79.47109985351562,225947400.0
2009-09-24,106.41000366210938,106.63999938964844,104.5500030517578,105.01000213623048,78.59537506103516,228636800.0
2009-09-25,104.77999877929688,105.36000061035156,104.08999633789062,104.4499969482422,78.17626190185547,204059000.0
2009-09-28,104.8499984741211,106.5500030517578,104.83000183105467,106.31999969482422,79.57587432861328,118285800.0
2009-09-29,106.51000213623048,107.0199966430664,105.77999877929688,106.0,79.33634948730469,133733900.0
2009-09-30,106.36000061035156,106.45999908447266,104.62000274658205,105.58999633789062,79.02948760986328,254383000.0
2009-10-01,103.0,105.7300033569336,102.9499969482422,102.97000122070312,77.06851196289062,281840600.0
2009-10-02,102.0199966430664,103.0999984741211,101.98999786376952,102.48999786376952,76.70928192138672,224748800.0
2009-10-05,102.9000015258789,104.31999969482422,102.5999984741211,104.0199966430664,77.85440826416016,149875000.0
2009-10-06,104.7699966430664,106.11000061035156,104.70999908447266,105.51000213623048,78.96961212158203,202491100.0
2009-10-07,105.2699966430664,105.91000366210938,105.06999969482422,105.8000030517578,79.1866683959961,159200300.0
2009-10-08,106.5500030517578,107.16999816894533,105.8499984741211,106.61000061035156,79.79293823242188,183305800.0
2009-10-09,106.63999938964844,107.26000213623048,106.36000061035156,107.26000213623048,80.2794189453125,135008300.0
2009-10-12,107.76000213623048,108.08999633789062,107.27999877929688,107.68000030517578,80.59375,118031000.0
2009-10-13,107.38999938964844,107.70999908447266,106.76000213623048,107.45999908447266,80.42912292480469,157692700.0
2009-10-14,108.72000122070312,109.41999816894533,107.41999816894533,109.30999755859376,81.81375122070312,191421600.0
2009-10-15,108.77999877929688,109.70999908447266,108.7300033569336,109.70999908447266,82.11312103271484,173873600.0
2009-10-16,108.8000030517578,109.2699966430664,108.2300033569336,108.88999938964844,81.49942016601562,192069400.0
2009-10-19,109.06999969482422,110.12999725341795,108.7300033569336,109.79000091552734,82.17302703857422,159530400.0
2009-10-20,109.9499969482422,109.98999786376952,108.68000030517578,109.20999908447266,81.7388916015625,180921100.0
2009-10-21,109.04000091552734,110.30999755859376,108.1500015258789,108.2300033569336,81.00543975830078,225379300.0
2009-10-22,108.19000244140624,109.68000030517578,107.5,109.33000183105467,81.82870483398438,238444000.0
2009-10-23,109.69000244140624,109.76000213623048,107.62999725341795,108.08000183105467,80.89313507080078,240033200.0
2009-10-26,108.1999969482422,109.30999755859376,106.61000061035156,106.91000366210938,80.01747131347656,242028200.0
2009-10-27,107.02999877929688,107.38999938964844,106.16000366210938,106.41999816894533,79.65068817138672,253266300.0
2009-10-28,106.1500015258789,106.4800033569336,104.3499984741211,104.41000366210938,78.14630126953125,248821400.0
2009-10-29,105.19000244140624,106.86000061035156,104.94000244140624,106.6500015258789,79.82286834716797,198110600.0
2009-10-30,106.3000030517578,106.62000274658205,103.44000244140624,103.55999755859376,77.51012420654297,325608100.0
2009-11-02,104.12999725341795,105.41000366210938,103.08000183105467,104.31999969482422,78.07892608642578,254222900.0
2009-11-03,103.73999786376952,104.8000030517578,103.54000091552734,104.6500015258789,78.32596588134766,228362600.0
2009-11-04,105.51000213623048,106.33000183105467,104.6500015258789,104.91999816894533,78.52800750732422,247996700.0
2009-11-05,105.66000366210938,106.87999725341795,105.44000244140624,106.8499984741211,79.97257232666016,180015300.0
2009-11-06,106.26000213623048,107.4000015258789,106.0500030517578,107.12999725341795,80.18211364746094,170954100.0
2009-11-09,107.9499969482422,109.62999725341795,107.87000274658205,109.56999969482422,82.00836181640625,159495700.0
2009-11-10,109.30999755859376,109.93000030517578,108.97000122070312,109.58999633789062,82.02333068847656,171899800.0
2009-11-11,110.30999755859376,110.81999969482422,109.62000274658205,110.1500015258789,82.44245910644531,169466200.0
2009-11-12,110.0,110.56999969482422,108.75,109.02999877929688,81.60417938232422,157144500.0
2009-11-13,109.30999755859376,110.08999633789062,108.75,109.62000274658205,82.0457763671875,150963000.0
2009-11-16,110.37999725341795,111.69000244140624,110.31999969482422,111.20999908447266,83.23580932617188,210922200.0
2009-11-17,110.91999816894533,111.38999938964844,110.5,111.33999633789062,83.33308410644531,147134100.0
2009-11-18,111.26000213623048,111.43000030517578,110.56999969482422,111.2699966430664,83.2807388305664,156486800.0
2009-11-19,110.51000213623048,111.30999755859376,109.12999725341795,109.81999969482422,82.19542694091797,208734600.0
2009-11-20,109.25,109.76000213623048,109.01000213623048,109.43000030517578,81.90355682373047,134196000.0
2009-11-23,110.72000122070312,111.73999786376952,110.5999984741211,110.81999969482422,82.94391632080078,148010200.0
2009-11-24,111.0,111.1999969482422,110.01000213623048,110.98999786376952,83.07115173339844,138420100.0
2009-11-25,111.16999816894533,111.5,110.81999969482422,111.37999725341795,83.363037109375,109564800.0
2009-11-27,108.4000015258789,110.31999969482422,108.29000091552734,109.56999969482422,82.00836181640625,126001800.0
2009-11-30,109.4800033569336,110.1999969482422,108.12000274658205,109.94000244140624,82.28530883789062,160874800.0
2009-12-01,110.91999816894533,111.66000366210938,110.7300033569336,111.3000030517578,83.30318450927734,159613700.0
2009-12-02,111.27999877929688,112.01000213623048,110.91999816894533,111.25,83.2657241821289,132315100.0
2009-12-03,111.5500030517578,112.18000030517578,110.29000091552734,110.37999725341795,82.61458587646484,167324900.0
2009-12-04,111.83999633789062,112.37999725341795,110.04000091552734,111.01000213623048,83.08611297607422,274907800.0
2009-12-07,110.91000366210938,111.52999877929688,110.48999786376952,110.83999633789062,82.9588851928711,127973800.0
2009-12-08,110.04000091552734,110.7699966430664,109.2699966430664,109.61000061035156,82.03826141357422,169863700.0
2009-12-09,109.58000183105467,110.18000030517578,109.0199966430664,110.0199966430664,82.34513854980469,155063400.0
2009-12-10,110.6999969482422,111.12000274658205,110.4499969482422,110.63999938964844,82.80917358398438,138014600.0
2009-12-11,111.11000061035156,111.36000061035156,110.61000061035156,111.11000061035156,83.16096496582031,124854000.0
2009-12-14,111.87000274658205,112.0,111.12999725341795,111.87000274658205,83.72979736328125,107141500.0
2009-12-15,111.45999908447266,111.91999816894533,111.0,111.3499984741211,83.34062194824219,120408800.0
2009-12-16,111.8000030517578,112.12999725341795,111.2699966430664,111.5199966430664,83.46784973144531,155358200.0
2009-12-17,110.72000122070312,110.93000030517578,110.08000183105467,110.18000030517578,82.46488952636719,183390100.0
2009-12-18,110.1999969482422,110.3000030517578,109.27999877929688,110.20999908447266,82.93141174316406,174591200.0
2009-12-21,110.76000213623048,111.6999969482422,110.76000213623048,111.33000183105467,83.77422332763672,118039600.0
2009-12-22,111.56999969482422,111.97000122070312,111.43000030517578,111.7300033569336,84.07524871826172,91707500.0
2009-12-23,112.0,112.11000061035156,111.5,111.9499969482422,84.24076843261719,111783100.0
2009-12-24,112.19000244140624,112.5999984741211,112.0,112.4800033569336,84.63959503173828,39677500.0
2009-12-28,112.9000015258789,112.98999786376952,112.31999969482422,112.72000122070312,84.82017517089844,87508500.0
2009-12-29,113.01000213623048,113.02999877929688,112.5500030517578,112.55999755859376,84.69979095458984,80572500.0
2009-12-30,112.2300033569336,112.6500015258789,112.16999816894533,112.5199966430664,84.669677734375,73138400.0
2009-12-31,112.7699966430664,112.8000030517578,111.38999938964844,111.44000244140624,83.85702514648438,90637900.0
2010-01-04,112.37000274658205,113.38999938964844,111.51000213623048,113.33000183105467,85.27922058105469,118944600.0
2010-01-05,113.26000213623048,113.68000030517578,112.8499984741211,113.62999725341795,85.50492858886719,111579900.0
2010-01-06,113.5199966430664,113.98999786376952,113.43000030517578,113.70999908447266,85.5651626586914,116074400.0
2010-01-07,113.5,114.33000183105467,113.18000030517578,114.19000244140624,85.92633819580078,131091100.0
2010-01-08,113.88999938964844,114.62000274658205,113.66000366210938,114.56999969482422,86.2122802734375,126402800.0
2010-01-11,115.08000183105467,115.12999725341795,114.23999786376952,114.7300033569336,86.33271026611328,106375700.0
2010-01-12,113.97000122070312,114.20999908447266,113.22000122070312,113.66000366210938,85.52754211425781,163333500.0
2010-01-13,113.9499969482422,114.94000244140624,113.37000274658205,114.62000274658205,86.24992370605469,161822000.0
2010-01-14,114.48999786376952,115.13999938964844,114.41999816894533,114.93000030517578,86.48318481445312,115718800.0
2010-01-15,114.7300033569336,114.83999633789062,113.1999969482422,113.63999938964844,85.51246643066406,212283100.0
2010-01-19,113.62000274658205,115.12999725341795,113.58999633789062,115.05999755859376,86.58100128173828,139172700.0
2010-01-20,114.27999877929688,114.4499969482422,112.9800033569336,113.88999938964844,85.70059967041016,216490200.0
2010-01-21,113.91999816894533,114.2699966430664,111.55999755859376,111.6999969482422,84.05265808105469,344859600.0
2010-01-22,111.1999969482422,111.73999786376952,109.08999633789062,109.20999908447266,82.1789779663086,345942400.0
2010-01-25,110.20999908447266,110.41000366210938,109.41000366210938,109.7699966430664,82.60035705566406,186937500.0
2010-01-26,109.33999633789062,110.47000122070312,109.04000091552734,109.30999755859376,82.25421905517578,211168800.0
2010-01-27,109.16999816894533,110.08000183105467,108.33000183105467,109.83000183105467,82.64551544189453,271863600.0
2010-01-28,110.19000244140624,110.25,107.91000366210938,108.56999969482422,81.6973876953125,316104000.0
2010-01-29,109.04000091552734,109.8000030517578,107.22000122070312,107.38999938964844,80.80940246582031,310677600.0
2010-02-01,108.1500015258789,109.06999969482422,107.5,109.05999755859376,82.06608581542969,187865000.0
2010-02-02,109.26000213623048,110.58999633789062,108.87999725341795,110.37999725341795,83.05938720703125,216327900.0
2010-02-03,109.87999725341795,110.4800033569336,109.51000213623048,109.83000183105467,82.64551544189453,172730700.0
2010-02-04,108.9800033569336,109.02999877929688,106.41999816894533,106.44000244140624,80.09457397460938,356715700.0
2010-02-05,106.55999755859376,106.87999725341795,104.58000183105467,106.66000366210938,80.26013946533203,493585800.0
2010-02-08,106.73999786376952,107.33000183105467,105.80999755859376,105.88999938964844,79.68072509765625,224166900.0
2010-02-09,107.12999725341795,108.1500015258789,106.2699966430664,107.22000122070312,80.6815185546875,337820500.0
2010-02-10,107.0500030517578,107.5999984741211,106.11000061035156,107.01000213623048,80.5234603881836,240511500.0
2010-02-11,106.87000274658205,108.25,106.25,108.12999725341795,81.36625671386719,223591600.0
2010-02-12,106.98999786376952,108.0999984741211,106.51000213623048,108.04000091552734,81.29854583740234,304622100.0
2010-02-16,108.86000061035156,109.8499984741211,107.81999969482422,109.73999786376952,82.57777404785156,159317500.0
2010-02-17,110.2699966430664,110.41000366210938,109.73999786376952,110.26000213623048,82.9690933227539,168845100.0
2010-02-18,110.08000183105467,111.13999938964844,110.04000091552734,110.91000366210938,83.45819854736328,193708600.0
2010-02-19,110.62000274658205,111.56999969482422,110.36000061035156,111.13999938964844,83.63124084472656,222684900.0
2010-02-22,111.5500030517578,111.58000183105467,110.83000183105467,111.16000366210938,83.64632415771484,132346900.0
2010-02-23,110.86000061035156,111.1999969482422,109.5199966430664,109.80999755859376,82.63044738769531,207497000.0
2010-02-24,110.13999938964844,111.0,109.86000061035156,110.81999969482422,83.39044952392578,176350700.0
2010-02-25,109.23999786376952,110.75,108.94000244140624,110.66999816894533,83.27757263183594,259634700.0
2010-02-26,110.7699966430664,111.12000274658205,110.11000061035156,110.73999786376952,83.33024597167969,173589300.0
2010-03-01,111.1999969482422,112.0,111.16999816894533,111.88999938964844,84.19561767578125,147709700.0
2010-03-02,112.37000274658205,112.73999786376952,112.0,112.1999969482422,84.42888641357422,160992400.0
2010-03-03,112.48999786376952,112.97000122070312,112.0199966430664,112.3000030517578,84.50415802001953,150785000.0
2010-03-04,112.4499969482422,112.8000030517578,112.02999877929688,112.63999938964844,84.7599868774414,135770400.0
2010-03-05,113.37000274658205,114.33999633789062,113.0999984741211,114.25,85.97148132324219,176118800.0
2010-03-08,114.26000213623048,114.5199966430664,114.06999969482422,114.2699966430664,85.98651123046875,114631200.0
2010-03-09,113.93000030517578,114.98999786376952,113.87000274658205,114.45999908447266,86.12954711914062,154556700.0
2010-03-10,114.51000213623048,115.27999877929688,114.41000366210938,114.97000122070312,86.51327514648438,186088800.0
2010-03-11,114.6999969482422,115.4800033569336,114.3499984741211,115.4499969482422,86.87447357177734,160791100.0
2010-03-12,115.9499969482422,115.97000122070312,115.13999938964844,115.45999908447266,86.88200378417969,162074800.0
2010-03-15,115.26000213623048,115.56999969482422,114.5999984741211,115.48999786376952,86.90457153320312,146816800.0
2010-03-16,115.80999755859376,116.5199966430664,115.48999786376952,116.41000366210938,87.59684753417969,168673000.0
2010-03-17,116.76000213623048,117.4800033569336,116.41999816894533,117.0999984741211,88.11607360839844,177468100.0
2010-03-18,117.11000061035156,117.2699966430664,116.56999969482422,117.04000091552734,88.07090759277344,196509100.0
2010-03-19,115.97000122070312,117.29000091552734,115.5199966430664,115.97000122070312,87.62512969970703,226641100.0
2010-03-22,115.30999755859376,116.8000030517578,115.23999786376952,116.58999633789062,88.09358978271484,184477800.0
2010-03-23,116.76000213623048,117.51000213623048,116.37999725341795,117.41000366210938,88.71319580078125,182941600.0
2010-03-24,116.97000122070312,117.43000030517578,115.58000183105467,116.83999633789062,88.28247833251953,196072600.0
2010-03-25,117.62999725341795,118.16999816894533,116.51000213623048,116.6500015258789,88.13892364501953,223396300.0
2010-03-26,116.87000274658205,117.41999816894533,116.12000274658205,116.58000183105467,88.08602142333984,205808500.0
2010-03-29,117.16999816894533,117.52999877929688,116.69000244140624,117.31999969482422,88.64514923095703,134513500.0
2010-03-30,117.45999908447266,117.83000183105467,116.91000366210938,117.4000015258789,88.70562744140625,145772500.0
2010-03-31,116.9499969482422,117.5199966430664,116.61000061035156,117.0,88.40337371826172,161078700.0
2010-04-01,117.8000030517578,118.25,117.0999984741211,117.8000030517578,89.00784301757812,161215200.0
2010-04-05,118.25,118.83999633789062,117.91999816894533,118.76000213623048,89.73323059082031,105847600.0
2010-04-06,118.41999816894533,119.25,118.29000091552734,119.04000091552734,89.94478607177734,110384200.0
2010-04-07,118.8000030517578,119.36000061035156,117.80999755859376,118.36000061035156,89.43097686767578,184576300.0
2010-04-08,117.9499969482422,118.97000122070312,117.5999984741211,118.7699966430664,89.7407455444336,158704000.0
2010-04-09,119.0199966430664,119.5999984741211,118.8000030517578,119.5500030517578,90.33013153076172,133006500.0
2010-04-12,119.6999969482422,120.0500030517578,119.55999755859376,119.73999786376952,90.47367095947266,110279000.0
2010-04-13,119.62000274658205,120.04000091552734,119.0,119.83000183105467,90.54167938232422,125043600.0
2010-04-14,120.2699966430664,121.19000244140624,120.08000183105467,121.19000244140624,91.56929779052734,161609000.0
2010-04-15,120.98999786376952,121.56999969482422,120.9499969482422,121.29000091552734,91.64484405517578,144615300.0
2010-04-16,120.86000061035156,121.29000091552734,118.75,119.36000061035156,90.18657684326172,366786700.0
2010-04-19,119.01000213623048,119.93000030517578,118.47000122070312,119.80999755859376,90.52654266357422,217947800.0
2010-04-20,120.55999755859376,120.9800033569336,119.87000274658205,120.87999725341795,91.33504486083984,157708000.0
2010-04-21,120.9499969482422,121.2300033569336,119.98999786376952,120.66000366210938,91.16880798339844,192910100.0
2010-04-22,119.80999755859376,121.16999816894533,119.12000274658205,121.0199966430664,91.44082641601562,115360300.0
2010-04-23,120.94000244140624,121.86000061035156,120.62999725341795,121.80999755859376,92.03775787353516,177335500.0
2010-04-26,121.8499984741211,122.12000274658205,121.2300033569336,121.3499984741211,91.69017791748048,143457300.0
2010-04-27,120.6500015258789,121.33999633789062,118.25,118.4800033569336,89.52165222167969,355853300.0
2010-04-28,119.0500030517578,119.68000030517578,118.2699966430664,119.37999725341795,90.20166778564452,300674100.0
2010-04-29,120.0999984741211,121.11000061035156,120.06999969482422,120.86000061035156,91.31993865966795,193775000.0
2010-04-30,120.87999725341795,121.01000213623048,118.77999877929688,118.80999755859376,89.77098846435547,270000900.0
2010-05-03,119.37999725341795,120.68000030517578,119.1999969482422,120.3499984741211,90.93460083007812,182747900.0
2010-05-04,119.01000213623048,119.02999877929688,116.91999816894533,117.5199966430664,88.7962875366211,360353400.0
2010-05-05,116.55999755859376,117.8000030517578,115.97000122070312,116.81999969482422,88.26737213134766,328973200.0
2010-05-06,116.26000213623048,117.0,105.0,112.94000244140624,85.33570861816406,647356600.0
2010-05-07,112.63999938964844,113.7699966430664,109.41000366210938,111.26000213623048,84.0663070678711,637558800.0
2010-05-10,115.80999755859376,116.6500015258789,114.91000366210938,116.16000366210938,87.76868438720703,396159600.0
2010-05-11,115.06999969482422,117.36000061035156,114.91000366210938,115.83000183105467,87.51934814453125,317849800.0
2010-05-12,116.29000091552734,117.62000274658205,116.08999633789062,117.4499969482422,88.74340057373047,235607100.0
2010-05-13,117.12999725341795,117.68000030517578,115.88999938964844,115.98999786376952,87.64024353027344,234452500.0
2010-05-14,115.12000274658205,115.33000183105467,112.87000274658205,113.88999938964844,86.05350494384766,345601400.0
2010-05-17,114.1999969482422,114.5199966430664,111.7699966430664,113.9499969482422,86.09883880615234,325739800.0
2010-05-18,114.87999725341795,115.22000122070312,112.02999877929688,112.4000015258789,84.9277114868164,360556800.0
2010-05-19,111.7699966430664,112.7699966430664,110.36000061035156,111.76000213623048,84.4441146850586,394742700.0
2010-05-20,109.37999725341795,109.88999938964844,107.47000122070312,107.54000091552734,81.25552368164062,530418300.0
2010-05-21,105.91000366210938,109.37999725341795,105.36000061035156,109.11000061035156,82.44182586669922,500909400.0
2010-05-24,108.5199966430664,109.38999938964844,107.61000061035156,107.70999908447266,81.38400268554688,269823000.0
2010-05-25,105.11000061035156,107.87000274658205,104.37999725341795,107.81999969482422,81.46710205078125,396505200.0
2010-05-26,108.4800033569336,109.47000122070312,106.8499984741211,107.16999816894533,80.97596740722656,349719300.0
2010-05-27,109.19000244140624,110.8000030517578,108.77999877929688,110.76000213623048,83.68854522705078,300870500.0
2010-05-28,110.63999938964844,110.72000122070312,108.8499984741211,109.37000274658205,82.63823699951172,297933500.0
2010-06-01,108.3499984741211,109.9499969482422,107.37000274658205,107.52999877929688,81.24798583984375,277909400.0
2010-06-02,108.08000183105467,110.33999633789062,107.51000213623048,110.33000183105467,83.36363983154297,240243700.0
2010-06-03,110.6500015258789,111.05999755859376,109.58000183105467,110.70999908447266,83.65076446533203,226618300.0
2010-06-04,108.61000061035156,109.33000183105467,106.45999908447266,106.81999969482422,80.7115249633789,398475600.0
2010-06-07,107.1999969482422,107.61000061035156,105.41000366210938,105.48999786376952,79.70659637451172,264609100.0
2010-06-08,105.56999969482422,106.83000183105467,104.6500015258789,106.62000274658205,80.56043243408203,357774300.0
2010-06-09,107.23999786376952,108.27999877929688,105.5999984741211,106.0500030517578,80.1297378540039,268023300.0
2010-06-10,107.86000061035156,109.27999877929688,106.04000091552734,109.1500015258789,82.4720458984375,317890600.0
2010-06-11,108.19000244140624,109.75,108.12000274658205,109.68000030517578,82.87248992919922,214128200.0
2010-06-14,110.5199966430664,111.12000274658205,109.4000015258789,109.51000213623048,82.74404907226562,207196100.0
2010-06-15,110.27999877929688,112.0999984741211,110.08999633789062,112.0,84.62544250488281,238268700.0
2010-06-16,111.41999816894533,112.41999816894533,111.1999969482422,111.95999908447266,84.59523010253906,216374000.0
2010-06-17,112.27999877929688,112.33000183105467,111.0500030517578,112.13999938964844,84.73126220703125,263185800.0
2010-06-18,111.83000183105467,112.12999725341795,111.37000274658205,111.7300033569336,84.82310485839844,174006600.0
2010-06-21,113.12000274658205,113.1999969482422,110.79000091552734,111.41000366210938,84.58014678955078,213140700.0
2010-06-22,111.41000366210938,111.9000015258789,109.41000366210938,109.56999969482422,83.18328094482422,239355400.0
2010-06-23,109.63999938964844,110.02999877929688,108.4800033569336,109.2300033569336,82.92516326904297,254639900.0
2010-06-24,108.69000244140624,108.83000183105467,107.13999938964844,107.41999816894533,81.55104064941406,268523600.0
2010-06-25,107.73999786376952,108.41999816894533,106.7699966430664,107.87000274658205,81.89268493652344,238726500.0
2010-06-28,108.02999877929688,108.31999969482422,107.13999938964844,107.52999877929688,81.63452911376953,169218600.0
2010-06-29,106.0199966430664,107.51000213623048,103.5500030517578,104.20999908447266,79.11407470703125,373649500.0
2010-06-30,103.91999816894533,104.87999725341795,102.87999725341795,103.22000122070312,78.36249542236328,284101700.0
2010-07-01,103.1500015258789,103.48999786376952,101.12999725341795,102.76000213623048,78.01326751708984,382924800.0
2010-07-02,103.11000061035156,103.41999816894533,101.62000274658205,102.1999969482422,77.58809661865234,233385200.0
2010-07-06,103.63999938964844,104.37000274658205,101.87999725341795,102.87000274658205,78.09677124023438,256935300.0
2010-07-07,103.12999725341795,106.23999786376952,103.0199966430664,106.11000061035156,80.55647277832031,253769400.0
2010-07-08,107.0,107.27999877929688,105.91000366210938,107.16000366210938,81.3536605834961,210842100.0
2010-07-09,107.12999725341795,107.97000122070312,106.93000030517578,107.95999908447266,81.96099853515625,144999900.0
2010-07-12,107.5999984741211,108.23999786376952,107.1500015258789,108.02999877929688,82.01415252685547,131283600.0
2010-07-13,109.1500015258789,110.08999633789062,108.93000030517578,109.66000366210938,83.2515869140625,213025900.0
2010-07-14,109.30999755859376,110.08000183105467,108.86000061035156,109.6500015258789,83.24401092529297,184426800.0
2010-07-15,109.61000061035156,110.05999755859376,108.16999816894533,109.68000030517578,83.26679229736328,232337900.0
2010-07-16,109.08999633789062,109.20999908447266,106.4499969482422,106.66000366210938,80.97408294677734,282693400.0
2010-07-19,107.0500030517578,107.62999725341795,106.22000122070312,107.29000091552734,81.45236206054688,186709000.0
2010-07-20,105.87000274658205,108.55999755859376,105.81999969482422,108.4800033569336,82.35576629638672,258162400.0
2010-07-21,109.04000091552734,109.06999969482422,106.62999725341795,107.06999969482422,81.28532409667969,264527000.0
2010-07-22,108.33999633789062,109.94000244140624,108.33000183105467,109.45999908447266,83.0997543334961,274781300.0
2010-07-23,109.23999786376952,110.56999969482422,108.93000030517578,110.41000366210938,83.82099914550781,222020800.0
2010-07-26,110.5999984741211,111.66999816894533,110.29000091552734,111.55999755859376,84.69405364990234,184445700.0
2010-07-27,112.16999816894533,112.29000091552734,111.11000061035156,111.5500030517578,84.68644714355469,204855600.0
2010-07-28,111.31999969482422,111.66000366210938,110.45999908447266,110.83000183105467,84.13983917236328,163056200.0
2010-07-29,111.5199966430664,111.81999969482422,109.41000366210938,110.29000091552734,83.7298812866211,220149100.0
2010-07-30,109.16999816894533,110.86000061035156,108.9800033569336,110.2699966430664,83.7147216796875,220070600.0
2010-08-02,111.98999786376952,112.94000244140624,111.54000091552734,112.76000213623048,85.60506439208984,188263200.0
2010-08-03,112.4800033569336,112.7699966430664,111.8499984741211,112.22000122070312,85.19507598876953,146657300.0
2010-08-04,112.52999877929688,113.11000061035156,112.16000366210938,112.97000122070312,85.76448822021484,158171700.0
2010-08-05,112.25,112.91000366210938,112.08000183105467,112.8499984741211,85.67337799072266,140473800.0
2010-08-06,111.73999786376952,112.56999969482422,110.91999816894533,112.38999938964844,85.32414245605469,239728300.0
2010-08-09,112.91999816894533,113.18000030517578,112.31999969482422,112.98999786376952,85.77964782714844,120800400.0
2010-08-10,112.02999877929688,112.9800033569336,111.37000274658205,112.37999725341795,85.31654357910156,242916300.0
2010-08-11,110.6500015258789,110.69000244140624,109.12000274658205,109.3000030517578,82.97828674316406,273406900.0
2010-08-12,107.6500015258789,109.0199966430664,107.5999984741211,108.62999725341795,82.46965789794922,239542600.0
2010-08-13,108.29000091552734,108.95999908447266,108.18000030517578,108.30999755859376,82.22671508789062,158698500.0
2010-08-16,107.56999969482422,108.61000061035156,107.18000030517578,108.26000213623048,82.1887435913086,147895300.0
2010-08-17,109.19000244140624,110.38999938964844,108.87999725341795,109.58999633789062,83.19847106933594,172270300.0
2010-08-18,109.54000091552734,110.37999725341795,108.91000366210938,109.79000091552734,83.35032653808594,182922100.0
2010-08-19,109.22000122070312,109.48999786376952,107.43000030517578,107.87999725341795,81.90026092529297,265847600.0
2010-08-20,107.55999755859376,107.94000244140624,106.75,107.52999877929688,81.63452911376953,209714200.0
2010-08-23,108.04000091552734,108.56999969482422,107.06999969482422,107.12000274658205,81.32330322265625,163490300.0
2010-08-24,105.9499969482422,106.38999938964844,104.97000122070312,105.52999877929688,80.11622619628906,280677800.0
2010-08-25,104.9499969482422,106.33999633789062,104.29000091552734,105.94000244140624,80.42745208740234,272234800.0
2010-08-26,106.44000244140624,106.58000183105467,104.87999725341795,105.2300033569336,79.88843536376953,224439500.0
2010-08-27,105.88999938964844,106.97000122070312,104.30999755859376,106.86000061035156,81.12589263916016,272649000.0
2010-08-30,106.58000183105467,106.91000366210938,105.3000030517578,105.30999755859376,79.94917297363281,167238600.0
2010-08-31,104.91999816894533,105.9800033569336,104.48999786376952,105.30999755859376,79.94917297363281,273933100.0
2010-09-01,106.7300033569336,108.61000061035156,106.66000366210938,108.45999908447266,82.3405990600586,256828100.0
2010-09-02,108.72000122070312,109.48999786376952,108.48999786376952,109.47000122070312,83.10738372802734,156112200.0
2010-09-03,110.54000091552734,110.98999786376952,109.9499969482422,110.88999938964844,84.18540954589844,212197300.0
2010-09-07,110.37000274658205,110.51000213623048,109.5500030517578,109.63999938964844,83.23641967773438,141973700.0
2010-09-08,109.86000061035156,110.8499984741211,109.80999755859376,110.41000366210938,83.82099914550781,149924400.0
2010-09-09,111.6500015258789,111.68000030517578,110.62000274658205,110.91999816894533,84.20817565917969,147017900.0
2010-09-10,111.12000274658205,111.61000061035156,110.87000274658205,111.4800033569336,84.63330841064453,127819000.0
2010-09-13,112.58000183105467,112.9499969482422,112.12999725341795,112.72000122070312,85.57469177246094,178503500.0
2010-09-14,112.5,113.29000091552734,112.08000183105467,112.6500015258789,85.52153778076172,209823600.0
2010-09-15,112.31999969482422,113.20999908447266,111.9800033569336,113.08000183105467,85.84796142578125,168608400.0
2010-09-16,112.7300033569336,113.12000274658205,112.3499984741211,113.0500030517578,85.82522583007812,199962900.0
2010-09-17,113.04000091552734,113.1500015258789,112.18000030517578,112.48999786376952,85.8572769165039,195836900.0
2010-09-20,112.87999725341795,114.45999908447266,112.5199966430664,114.20999908447266,87.17005157470703,214555200.0
2010-09-21,114.3000030517578,114.83999633789062,113.51000213623048,113.9800033569336,86.9945068359375,268389100.0
2010-09-22,113.8000030517578,114.44000244140624,113.0999984741211,113.41999816894533,86.56710052490234,191322400.0
2010-09-23,112.48999786376952,113.66999816894533,112.18000030517578,112.5,85.86490631103516,202354300.0
2010-09-24,113.75,114.9000015258789,113.6500015258789,114.81999969482422,87.63565063476562,209671800.0
2010-09-27,114.86000061035156,114.98999786376952,114.16000366210938,114.2699966430664,87.2158203125,128761800.0
2010-09-28,114.41999816894533,115.04000091552734,113.18000030517578,114.66999816894533,87.52115631103516,209207500.0
2010-09-29,114.37999725341795,114.91000366210938,114.0199966430664,114.47000122070312,87.36847686767578,179665800.0
2010-09-30,115.0500030517578,115.79000091552734,113.58999633789062,114.12999725341795,87.10901641845703,287106700.0
2010-10-01,114.98999786376952,115.12000274658205,113.93000030517578,114.61000061035156,87.47533416748047,174638700.0
2010-10-04,114.37000274658205,114.8499984741211,113.18000030517578,113.75,86.81895446777344,166153200.0
2010-10-05,114.8000030517578,116.31999969482422,114.66999816894533,116.04000091552734,88.56678771972656,229634100.0
2010-10-06,116.0199966430664,116.33000183105467,115.55999755859376,116.02999877929688,88.5591812133789,148626600.0
2010-10-07,116.5,116.52999877929688,115.19000244140624,115.88999938964844,88.45230102539062,164860000.0
2010-10-08,116.0500030517578,116.86000061035156,115.61000061035156,116.54000091552734,88.94841003417969,177760100.0
2010-10-11,116.72000122070312,116.97000122070312,116.25,116.6500015258789,89.03240203857422,103098300.0
2010-10-12,116.2699966430664,117.3499984741211,115.6500015258789,117.01000213623048,89.30712890625,182210000.0
2010-10-13,117.66000366210938,118.5500030517578,117.37999725341795,117.91999816894533,90.00169372558594,194347200.0
2010-10-14,117.80999755859376,118.01000213623048,116.72000122070312,117.45999908447266,89.65058898925781,217764300.0
2010-10-15,118.27999877929688,118.3499984741211,116.76000213623048,117.6999969482422,89.83379364013672,243705000.0
2010-10-18,117.73999786376952,118.66999816894533,117.30999755859376,118.27999877929688,90.2764663696289,141204800.0
2010-10-19,117.19000244140624,117.8499984741211,116.0199966430664,116.7300033569336,89.09343719482422,280604700.0
2010-10-20,116.94000244140624,118.44000244140624,116.87000274658205,117.87000274658205,89.9635238647461,200051800.0
2010-10-21,118.4000015258789,119.08999633789062,117.20999908447266,118.12999725341795,90.16197204589844,221585500.0
2010-10-22,118.30999755859376,118.52999877929688,118.0,118.3499984741211,90.32987213134766,108212400.0
2010-10-25,119.13999938964844,119.76000213623048,118.61000061035156,118.6999969482422,90.59703063964844,151145700.0
2010-10-26,118.0999984741211,118.83999633789062,117.87000274658205,118.72000122070312,90.61229705810548,158982900.0
2010-10-27,117.88999938964844,118.51000213623048,117.26000213623048,118.37999725341795,90.35279083251952,190024000.0
2010-10-28,119.05999755859376,119.11000061035156,117.83000183105467,118.4000015258789,90.36807250976562,168576000.0
2010-10-29,118.27999877929688,118.72000122070312,118.06999969482422,118.48999786376952,90.4367218017578,144305500.0
2010-11-01,119.06999969482422,119.75,117.8499984741211,118.52999877929688,90.46724700927734,174074800.0
2010-11-02,119.41999816894533,119.75,119.0999984741211,119.47000122070312,91.18473815917967,158345900.0
2010-11-03,119.68000030517578,120.0199966430664,118.4499969482422,119.9499969482422,91.55107879638672,226702800.0
2010-11-04,121.27999877929688,122.31999969482422,119.97000122070312,122.26000213623048,93.31419372558594,215039400.0
2010-11-05,122.33999633789062,122.91999816894533,122.18000030517578,122.72000122070312,93.6652374267578,180654100.0
2010-11-08,122.33999633789062,122.69000244140624,121.94000244140624,122.48999786376952,93.48970794677734,156107100.0
2010-11-09,122.81999969482422,122.9499969482422,121.12000274658205,121.61000061035156,92.8180923461914,186621600.0
2010-11-10,121.58000183105467,122.16000366210938,120.66000366210938,122.0999984741211,93.19204711914062,221387400.0
2010-11-11,121.0500030517578,121.81999969482422,120.68000030517578,121.63999938964844,92.84095001220705,158017600.0
2010-11-12,120.81999969482422,121.3499984741211,119.6500015258789,120.1999969482422,91.74188232421876,239068800.0
2010-11-15,120.58000183105467,121.0500030517578,119.9800033569336,120.02999877929688,91.61215209960938,163940800.0
2010-11-16,119.29000091552734,119.48999786376952,117.58999633789062,118.16000366210938,90.18489074707033,299566200.0
2010-11-17,118.20999908447266,118.70999908447266,117.86000061035156,118.22000122070312,90.23065948486328,172308900.0
2010-11-18,119.36000061035156,120.38999938964844,119.3499984741211,119.95999908447266,91.55868530273438,197723700.0
2010-11-19,119.9000015258789,120.33999633789062,119.25,120.29000091552734,91.8105926513672,156852900.0
2010-11-22,119.69000244140624,120.23999786376952,118.7699966430664,120.19000244140624,91.73426055908205,181361000.0
2010-11-23,118.7699966430664,119.0199966430664,117.98999786376952,118.4499969482422,90.4062042236328,222309000.0
2010-11-24,119.1999969482422,120.2300033569336,119.18000030517578,120.1999969482422,91.74188232421876,140046100.0
2010-11-26,119.16000366210938,119.80999755859376,118.8000030517578,118.8000030517578,90.6733627319336,76007800.0
2010-11-29,118.5,119.4800033569336,117.73999786376952,119.16000366210938,90.9481201171875,223642300.0
2010-11-30,117.9800033569336,119.16999816894533,117.80999755859376,118.48999786376952,90.4367218017578,233930700.0
2010-12-01,120.1999969482422,121.23999786376952,120.19000244140624,121.01000213623048,92.36011505126952,221037200.0
2010-12-02,121.1999969482422,122.6500015258789,121.12999725341795,122.55999755859376,93.54312896728516,191213600.0
2010-12-03,122.13999938964844,123.02999877929688,122.11000061035156,122.88999938964844,93.79499816894533,151288900.0
2010-12-06,122.62999725341795,123.04000091552734,122.5,122.76000213623048,93.69579315185548,103050500.0
2010-12-07,123.94000244140624,124.01000213623048,122.76000213623048,122.83000183105467,93.74921417236328,206581000.0
2010-12-08,122.9800033569336,123.37999725341795,122.41000366210938,123.27999877929688,94.09269714355467,138019200.0
2010-12-09,123.97000122070312,124.0199966430664,123.1500015258789,123.76000213623048,94.45903778076172,123705100.0
2010-12-10,124.13999938964844,124.5999984741211,123.7300033569336,124.4800033569336,95.00860595703124,117571700.0
2010-12-13,125.0500030517578,125.1999969482422,124.5199966430664,124.55999755859376,95.06963348388672,133812700.0
2010-12-14,124.75,125.2300033569336,124.29000091552734,124.66999816894533,95.15359497070312,147249600.0
2010-12-15,124.44000244140624,124.93000030517578,123.88999938964844,124.0999984741211,94.71855926513672,160823100.0
2010-12-16,124.18000030517578,124.91000366210938,123.75,124.81999969482422,95.26805114746094,185035200.0
2010-12-17,124.08000183105467,124.45999908447266,123.81999969482422,124.3000030517578,95.3701400756836,141075300.0
2010-12-20,124.63999938964844,124.9000015258789,123.9800033569336,124.5999984741211,95.60030364990234,119085500.0
2010-12-21,124.98999786376952,125.47000122070312,124.87000274658205,125.38999938964844,96.20642852783205,94965500.0
2010-12-22,125.4800033569336,125.81999969482422,125.41000366210938,125.77999877929688,96.5056610107422,78878100.0
2010-12-23,125.63999938964844,125.77999877929688,125.29000091552734,125.5999984741211,96.36756896972656,70053700.0
2010-12-27,125.12999725341795,125.7699966430664,125.04000091552734,125.6500015258789,96.40591430664062,58126000.0
2010-12-28,125.9000015258789,125.9499969482422,125.5,125.83000183105467,96.54403686523438,55309100.0
2010-12-29,125.9800033569336,126.1999969482422,125.9000015258789,125.91999816894533,96.61306762695312,58033100.0
2010-12-30,125.8000030517578,126.12999725341795,125.52999877929688,125.72000122070312,96.45964813232422,76616900.0
2010-12-31,125.52999877929688,125.87000274658205,125.33000183105467,125.75,96.482666015625,91218900.0
2011-01-03,126.70999908447266,127.5999984741211,125.6999969482422,127.0500030517578,97.48007202148438,138725200.0
2011-01-04,127.33000183105467,127.37000274658205,126.19000244140624,126.9800033569336,97.42633819580078,137409700.0
2011-01-05,126.58000183105467,127.72000122070312,126.45999908447266,127.63999938964844,97.9327621459961,133975300.0
2011-01-06,127.69000244140624,127.83000183105467,127.01000213623048,127.38999938964844,97.7409439086914,122519000.0
2011-01-07,127.55999755859376,127.7699966430664,126.1500015258789,127.13999938964844,97.54913330078124,156034600.0
2011-01-10,126.58000183105467,127.16000366210938,126.1999969482422,126.9800033569336,97.42633819580078,122401700.0
2011-01-11,127.44000244140624,127.73999786376952,126.9499969482422,127.43000030517578,97.77161407470705,110287000.0
2011-01-12,128.2100067138672,128.72000122070312,127.45999908447266,128.5800018310547,98.65396118164062,107929200.0
2011-01-13,128.6300048828125,128.69000244140625,128.0500030517578,128.3699951171875,98.49286651611328,129048400.0
2011-01-14,128.19000244140625,129.3300018310547,128.10000610351562,129.3000030517578,99.2064208984375,117677900.0
2011-01-18,129.17999267578125,129.63999938964844,129.02999877929688,129.52000427246094,99.3752212524414,114401300.0
2011-01-19,129.41000366210938,129.5399932861328,127.91000366210938,128.25,98.4007797241211,151958400.0
2011-01-20,127.95999908447266,128.39999389648438,127.12999725341795,128.0800018310547,98.27033996582033,175745700.0
2011-01-21,128.8800048828125,129.1699981689453,128.22999572753906,128.3699951171875,98.49286651611328,151462900.0
2011-01-24,128.2899932861328,129.25,128.25999450683594,129.10000610351562,99.05294799804688,113715500.0
2011-01-25,128.75999450683594,129.27999877929688,128.11000061035156,129.1699981689453,99.10665893554688,167552200.0
2011-01-26,129.49000549316406,130.0500030517578,129.22999572753906,129.6699981689453,99.49029541015624,141281500.0
2011-01-27,129.6999969482422,130.2100067138672,129.47000122070312,129.99000549316406,99.7357940673828,123302700.0
2011-01-28,130.13999938964844,130.35000610351562,127.51000213623048,127.72000122070312,97.99413299560548,295637300.0
2011-01-31,128.07000732421875,128.77999877929688,127.75,128.67999267578125,98.73068237304688,149249200.0
2011-02-01,129.4600067138672,130.97000122070312,129.3800048828125,130.74000549316406,100.31127166748048,167194300.0
2011-02-02,130.39999389648438,130.83999633789062,130.3300018310547,130.49000549316406,100.11945343017578,118323600.0
2011-02-03,130.25999450683594,130.97999572753906,129.57000732421875,130.77999877929688,100.3419418334961,145886700.0
2011-02-04,130.8300018310547,131.1999969482422,130.22999572753906,131.14999389648438,100.62584686279295,134634800.0
2011-02-07,131.44000244140625,132.39999389648438,131.42999267578125,131.97000122070312,101.2549819946289,112439100.0
2011-02-08,132.08999633789062,132.63999938964844,131.72999572753906,132.57000732421875,101.71532440185548,99072800.0
2011-02-09,132.2100067138672,132.6300048828125,131.61000061035156,132.27000427246094,101.4851531982422,146436700.0
2011-02-10,131.60000610351562,132.47000122070312,131.3000030517578,132.32000732421875,101.5235366821289,162708500.0
2011-02-11,131.8000030517578,133.27999877929688,131.77000427246094,133.11000061035156,102.12964630126952,137710300.0
2011-02-14,133.02999877929688,133.5399932861328,132.8800048828125,133.42999267578125,102.37516021728516,101690700.0
2011-02-15,133.02000427246094,133.22000122070312,132.32000732421875,133.00999450683594,102.05291748046876,119575400.0
2011-02-16,133.4600067138672,134.00999450683594,133.19000244140625,133.85000610351562,102.69743347167967,130183500.0
2011-02-17,133.4600067138672,134.42999267578125,133.33999633789062,134.25,103.00431060791016,109810500.0
2011-02-18,134.3699951171875,134.69000244140625,134.05999755859375,134.52999877929688,103.21916961669922,130002400.0
2011-02-22,133.1199951171875,134.55999755859375,131.47000122070312,131.8300018310547,101.1475830078125,233116400.0
2011-02-23,131.75,132.07000732421875,130.2100067138672,131.02000427246094,100.52608489990234,227584000.0
2011-02-24,130.8800048828125,131.44000244140625,129.6999969482422,130.92999267578125,100.45704650878906,260431400.0
2011-02-25,131.47999572753906,132.41000366210938,131.39999389648438,132.3300018310547,101.53118896484376,141686900.0
2011-02-28,132.82000732421875,133.32000732421875,132.3800048828125,133.14999389648438,102.16034698486328,141585500.0
2011-03-01,133.57000732421875,133.69000244140625,130.88999938964844,130.92999267578125,100.45704650878906,258565500.0
2011-03-02,130.75,131.82000732421875,130.35000610351562,131.2100067138672,100.671875,200277400.0
2011-03-03,132.39999389648438,133.6199951171875,132.38999938964844,133.47000122070312,102.40589141845705,176480100.0
2011-03-04,133.3699951171875,133.6300048828125,131.60000610351562,132.47000122070312,101.6386260986328,277202300.0
2011-03-07,132.86000061035156,133.16000366210938,130.74000549316406,131.42999267578125,100.84066772460938,216790400.0
2011-03-08,131.63999938964844,133.0,131.07000732421875,132.5800018310547,101.72299194335938,174615000.0
2011-03-09,132.32000732421875,132.8000030517578,131.60000610351562,132.38999938964844,101.57722473144533,153806000.0
2011-03-10,131.0,131.17999267578125,129.80999755859375,129.94000244140625,99.69744110107422,301291800.0
2011-03-11,129.52000427246094,131.30999755859375,129.49000549316406,130.83999633789062,100.38796997070312,225621800.0
2011-03-14,129.99000549316406,130.47999572753906,129.05999755859375,130.0500030517578,99.78185272216795,234974100.0
2011-03-15,126.58999633789062,129.3300018310547,126.5,128.55999755859375,98.63864135742188,359585400.0
2011-03-16,128.14999389648438,128.57000732421875,125.27999877929688,126.18000030517578,96.81256103515624,468670300.0
2011-03-17,128.0,128.38999938964844,127.0999984741211,127.8499984741211,98.09387969970705,254303700.0
2011-03-18,128.83999633789062,128.8800048828125,127.51000213623048,127.76000213623048,98.45069885253906,230435400.0
2011-03-21,129.35000610351562,130.00999450683594,129.1999969482422,129.74000549316406,99.97643280029295,153992600.0
2011-03-22,129.72000122070312,129.88999938964844,129.1699981689453,129.2899932861328,99.6296615600586,129538600.0
2011-03-23,128.92999267578125,130.0,128.32000732421875,129.66000366210938,99.91480255126952,148603100.0
2011-03-24,130.39999389648438,131.08999633789062,129.6699981689453,130.89999389648438,100.87030792236328,159129800.0
2011-03-25,131.24000549316406,131.8699951171875,130.88999938964844,131.3000030517578,101.1785659790039,155642800.0
2011-03-28,131.5800018310547,131.9199981689453,130.94000244140625,130.97999572753906,100.9319839477539,109762400.0
2011-03-29,130.8699951171875,131.89999389648438,130.44000244140625,131.86000061035156,101.6100616455078,129798800.0
2011-03-30,132.5500030517578,133.16000366210938,132.36000061035156,132.77000427246094,102.31134033203124,135835000.0
2011-03-31,132.60000610351562,132.9600067138672,132.4499969482422,132.58999633789062,102.17261505126952,132537100.0
2011-04-01,133.41000366210938,133.77000427246094,132.8300018310547,133.14999389648438,102.60414123535156,153850100.0
2011-04-04,133.42999267578125,133.6699981689453,132.8800048828125,133.25999450683594,102.68893432617188,100768900.0
2011-04-05,133.0,133.8300018310547,132.94000244140625,133.24000549316406,102.67350769042967,120791500.0
2011-04-06,133.8800048828125,134.0,133.1199951171875,133.66000366210938,102.99716186523438,120411600.0
2011-04-07,133.4199981689453,133.97999572753906,132.66000366210938,133.32000732421875,102.7351531982422,170731500.0
2011-04-08,133.91000366210938,133.99000549316406,132.30999755859375,132.86000061035156,102.38066864013672,147945400.0
2011-04-11,133.0,133.4499969482422,132.13999938964844,132.4600067138672,102.07244110107422,121385400.0
2011-04-12,131.72000122070312,131.97999572753906,130.99000549316406,131.47000122070312,101.30958557128906,161187400.0
2011-04-13,132.0800018310547,132.17999267578125,130.9600067138672,131.4600067138672,101.3019027709961,162059000.0
2011-04-14,130.6999969482422,131.75999450683594,130.27000427246094,131.55999755859375,101.37891387939452,161220400.0
2011-04-15,131.8000030517578,132.3699951171875,131.41000366210938,132.0399932861328,101.7488021850586,170006700.0
2011-04-18,130.58999633789062,132.02999877929688,129.50999450683594,130.55999755859375,100.60831451416016,210759300.0
2011-04-19,130.75999450683594,131.35000610351562,130.44000244140625,131.30999755859375,101.18626403808594,124258800.0
2011-04-20,132.8800048828125,133.38999938964844,132.7899932861328,133.10000610351562,102.56565856933594,156133800.0
2011-04-21,133.7899932861328,133.83999633789062,133.10000610351562,133.77999877929688,103.0896453857422,135935400.0
2011-04-25,133.67999267578125,133.86000061035156,133.1999969482422,133.63999938964844,102.98172760009766,65757100.0
2011-04-26,134.0500030517578,135.05999755859375,133.91000366210938,134.7899932861328,103.86793518066406,146600000.0
2011-04-27,135.0500030517578,135.8699951171875,134.5,135.6699981689453,104.54602813720705,143031000.0
2011-04-28,135.42999267578125,136.2899932861328,135.41000366210938,136.11000061035156,104.88506317138672,124791100.0
2011-04-29,136.16000366210938,136.57000732421875,135.97999572753906,136.42999267578125,105.13166809082033,115094100.0
2011-05-02,137.07000732421875,137.17999267578125,135.9499969482422,136.22000122070312,104.96985626220705,126278700.0
2011-05-03,135.9600067138672,136.19000244140625,135.0399932861328,135.72999572753906,104.59226989746094,138375000.0
2011-05-04,135.6699981689453,135.72999572753906,134.22999572753906,134.8300018310547,103.89873504638672,182678500.0
2011-05-05,134.0800018310547,134.9499969482422,133.02000427246094,133.61000061035156,102.95863342285156,226900000.0
2011-05-06,134.94000244140625,135.6300048828125,133.67999267578125,134.1999969482422,103.41326141357422,222787200.0
2011-05-09,134.19000244140625,135.11000061035156,133.97999572753906,134.72000122070312,103.8139877319336,114104500.0
2011-05-10,135.1699981689453,136.11000061035156,135.0,135.8699951171875,104.70013427734376,114806900.0
2011-05-11,135.6699981689453,135.69000244140625,133.82000732421875,134.44000244140625,103.59822082519533,193564200.0
2011-05-12,134.0800018310547,135.36000061035156,133.38999938964844,135.0800018310547,104.09140014648438,171550700.0
2011-05-13,135.14999389648438,135.33999633789062,133.55999755859375,134.0399932861328,103.28997039794922,157444900.0
2011-05-16,133.55999755859375,134.61000061035156,132.97000122070312,133.19000244140625,102.6349639892578,141675400.0
2011-05-17,132.69000244140625,133.35000610351562,132.1199951171875,133.1699981689453,102.61956787109376,192686200.0
2011-05-18,133.24000549316406,134.5,132.9499969482422,134.36000061035156,103.53655242919922,135217900.0
2011-05-19,134.8000030517578,135.02999877929688,133.94000244140625,134.67999267578125,103.7831039428711,119489500.0
2011-05-20,134.3300018310547,134.67999267578125,133.36000061035156,133.61000061035156,102.95863342285156,182594900.0
2011-05-23,131.97999572753906,132.72000122070312,131.58999633789062,132.05999755859375,101.7641830444336,168700000.0
2011-05-24,132.44000244140625,132.72999572753906,131.6999969482422,131.9499969482422,101.67945098876952,147199600.0
2011-05-25,131.4199981689453,132.94000244140625,131.3800048828125,132.38999938964844,102.01850128173828,151050100.0
2011-05-26,132.02999877929688,133.24000549316406,131.77999877929688,133.0,102.48857879638672,164850000.0
2011-05-27,133.3699951171875,133.8699951171875,132.9600067138672,133.50999450683594,102.88155364990234,120921900.0
2011-05-31,134.77000427246094,134.9199981689453,133.83999633789062,134.89999389648438,103.9526824951172,164731200.0
2011-06-01,134.50999450683594,134.9199981689453,131.75999450683594,131.8699951171875,101.6177978515625,233094300.0
2011-06-02,131.9600067138672,132.24000549316406,130.9600067138672,131.72999572753906,101.5099105834961,200466800.0
2011-06-03,130.14999389648438,131.4199981689453,130.0800018310547,130.4199981689453,100.50045013427734,234690200.0
2011-06-06,130.08999633789062,130.36000061035156,128.8699951171875,129.0399932861328,99.4370346069336,179951200.0
2011-06-07,129.6999969482422,130.07000732421875,128.85000610351562,128.9600067138672,99.3753890991211,161660500.0
2011-06-08,128.75999450683594,129.19000244140625,128.17999267578125,128.4199981689453,98.9592514038086,198696400.0
2011-06-09,128.77000427246094,129.92999267578125,128.4600067138672,129.39999389648438,99.71441650390624,160964400.0
2011-06-10,128.85000610351562,128.92999267578125,127.26000213623048,127.5999984741211,98.32736206054688,238629400.0
2011-06-13,127.88999938964844,128.24000549316406,127.0500030517578,127.6999969482422,98.40443420410156,207599800.0
2011-06-14,128.8699951171875,129.77000427246094,128.82000732421875,129.32000732421875,99.65282440185548,160570400.0
2011-06-15,128.24000549316406,129.3000030517578,126.68000030517578,127.0199966430664,97.88043212890624,300958000.0
2011-06-16,127.05999755859376,127.97000122070312,126.31999969482422,127.3000030517578,98.09619903564452,308032800.0
2011-06-17,127.93000030517578,127.94000244140624,126.62000274658205,127.0500030517578,98.38894653320312,233284900.0
2011-06-20,126.62000274658205,127.97000122070312,126.58000183105467,127.6999969482422,98.89228057861328,159479000.0
2011-06-21,128.36000061035156,129.6999969482422,127.75,129.4499969482422,100.2475128173828,193157300.0
2011-06-22,129.0500030517578,129.80999755859375,128.58999633789062,128.6699981689453,99.64348602294922,176703000.0
2011-06-23,127.16000366210938,128.63999938964844,126.19000244140624,128.3000030517578,99.35691833496094,334286500.0
2011-06-24,128.27000427246094,128.3699951171875,126.62000274658205,126.80999755859376,98.2030792236328,226129300.0
2011-06-27,126.88999938964844,128.42999267578125,126.63999938964844,127.94000244140624,99.0781478881836,168904700.0
2011-06-28,128.4499969482422,129.6300048828125,128.27000427246094,129.61000061035156,100.37142181396484,165556300.0
2011-06-29,130.1999969482422,130.92999267578125,129.6300048828125,130.72000122070312,101.23101806640624,244295500.0
2011-06-30,131.13999938964844,132.17999267578125,130.7100067138672,131.97000122070312,102.19904327392578,223322700.0
2011-07-01,132.08999633789062,134.10000610351562,131.77999877929688,133.9199981689453,103.70914459228516,202385700.0
2011-07-05,133.77999877929688,134.0800018310547,133.38999938964844,133.80999755859375,103.62397003173828,165936000.0
2011-07-06,133.49000549316406,134.13999938964844,133.11000061035156,133.97000122070312,103.74786376953124,143331600.0
2011-07-07,135.16000366210938,135.6999969482422,134.8800048828125,135.36000061035156,104.82428741455078,170464200.0
2011-07-08,133.8300018310547,135.36000061035156,133.38999938964844,134.39999389648438,104.0808563232422,194100500.0
2011-07-11,132.75,133.17999267578125,131.66000366210938,131.97000122070312,102.19904327392578,195918600.0
2011-07-12,131.69000244140625,132.77999877929688,131.36000061035156,131.39999389648438,101.75759887695312,214675700.0
2011-07-13,132.08999633789062,133.22000122070312,131.52000427246094,131.83999633789062,102.09835052490234,204062600.0
2011-07-14,132.1699981689453,132.77999877929688,130.67999267578125,130.92999267578125,101.39362335205078,226111800.0
2011-07-15,131.66000366210938,131.8699951171875,130.77000427246094,131.69000244140625,101.9822006225586,220012800.0
2011-07-18,131.0800018310547,131.27999877929688,129.6300048828125,130.61000061035156,101.14584350585938,196872100.0
2011-07-19,131.33999633789062,132.88999938964844,131.30999755859375,132.72999572753906,102.7875518798828,166554900.0
2011-07-20,133.07000732421875,133.14999389648438,132.4199981689453,132.64999389648438,102.7256088256836,137145400.0
2011-07-21,133.39999389648438,134.82000732421875,132.6699981689453,134.49000549316406,104.15054321289062,245246300.0
2011-07-22,134.52000427246094,134.72000122070312,133.75999450683594,134.5800018310547,104.22020721435548,126019400.0
2011-07-25,133.3000030517578,134.49000549316406,133.16000366210938,133.8300018310547,103.63943481445312,136653800.0
2011-07-26,133.74000549316406,133.9600067138672,133.02999877929688,133.3300018310547,103.25225830078124,131278200.0
2011-07-27,132.58999633789062,132.6300048828125,130.42999267578125,130.60000610351562,101.13809967041016,249020100.0
2011-07-28,130.60000610351562,131.77000427246094,130.00999450683594,130.22000122070312,100.84380340576172,207939900.0
2011-07-29,128.91000366210938,130.5500030517578,127.97000122070312,129.3300018310547,100.1545867919922,307038400.0
2011-08-01,130.83999633789062,130.9600067138672,127.52999877929688,128.77999877929688,99.72864532470705,325790900.0
2011-08-02,127.80999755859376,128.5,125.48999786376952,125.48999786376952,97.18082427978516,346653800.0
2011-08-03,125.66000366210938,126.30999755859376,123.52999877929688,126.16999816894533,97.70745849609376,370830800.0
2011-08-04,124.41999816894533,124.62000274658205,120.05999755859376,120.26000213623048,93.13064575195312,520721800.0
2011-08-05,121.76000213623048,122.06999969482422,116.86000061035156,120.08000183105467,92.99127960205078,655619200.0
2011-08-08,116.91000366210938,120.12000274658205,112.0199966430664,112.26000213623048,86.93537139892578,702263900.0
2011-08-09,114.06999969482422,117.63999938964844,110.2699966430664,117.4800033569336,90.9778289794922,717828700.0
2011-08-10,115.26000213623048,116.27999877929688,111.9499969482422,112.29000091552734,86.95860290527344,662607400.0
2011-08-11,113.26000213623048,118.91999816894533,112.31999969482422,117.33000183105467,90.86164093017578,487979700.0
2011-08-12,118.4000015258789,119.20999908447266,117.27999877929688,118.12000274658205,91.47345733642578,313731600.0
2011-08-15,119.19000244140624,120.73999786376952,119.0,120.62000274658205,93.4094467163086,258810600.0
2011-08-16,119.47000122070312,120.69000244140624,118.30999755859376,119.58999633789062,92.61183166503906,294095200.0
2011-08-17,120.25,121.1999969482422,118.72000122070312,119.66999816894533,92.67376708984376,238201100.0
2011-08-18,116.5,119.70999908447266,113.38999938964844,114.51000213623048,88.67782592773438,512956300.0
2011-08-19,112.95999908447266,115.87999725341795,112.5,112.63999938964844,87.22965240478516,428281300.0
2011-08-22,115.16999816894533,115.2300033569336,112.41000366210938,112.7300033569336,87.29936218261719,275090600.0
2011-08-23,113.1500015258789,116.56999969482422,112.58000183105467,116.44000244140624,90.17241668701172,331136600.0
2011-08-24,116.19000244140624,118.23999786376952,115.91999816894533,118.08000183105467,91.44245147705078,246869700.0
2011-08-25,118.7300033569336,119.4000015258789,115.87000274658205,116.27999877929688,90.04852294921875,312365400.0
2011-08-26,115.69000244140624,118.51000213623048,113.8499984741211,117.97000122070312,91.35724639892578,314495900.0
2011-08-29,119.55999755859376,121.43000030517578,118.05999755859376,121.36000061035156,93.98252868652344,190977200.0
2011-08-30,120.83000183105467,122.43000030517578,119.26000213623048,121.68000030517578,94.2303237915039,241315700.0
2011-08-31,122.45999908447266,123.51000213623048,121.3000030517578,122.22000122070312,94.64850616455078,301828400.0
2011-09-01,122.29000091552734,123.4000015258789,120.77999877929688,120.94000244140624,93.65727996826172,254585900.0
2011-09-02,118.41999816894533,120.87000274658205,117.43000030517578,117.8499984741211,91.2643585205078,255517200.0
2011-09-06,114.38999938964844,117.16000366210938,114.37999725341795,116.98999786376952,90.5983657836914,285130500.0
2011-09-07,118.76000213623048,120.33999633789062,118.36000061035156,120.29000091552734,93.15391540527344,209803200.0
2011-09-08,119.56999969482422,120.94000244140624,118.7699966430664,119.04000091552734,92.18590545654295,250568200.0
2011-09-09,117.68000030517578,119.05999755859376,115.27999877929688,115.91999816894533,89.7697525024414,380195100.0
2011-09-12,114.47000122070312,116.76000213623048,114.0500030517578,116.66999816894533,90.35053253173828,305793500.0
2011-09-13,117.0500030517578,118.18000030517578,116.22000122070312,117.73999786376952,91.17916870117188,272514700.0
2011-09-14,118.33999633789062,120.8000030517578,116.72000122070312,119.37000274658205,92.44143676757812,319389500.0
2011-09-15,120.6500015258789,121.47000122070312,119.4000015258789,121.43000030517578,94.03672790527344,326777200.0
2011-09-16,121.29000091552734,121.97000122070312,120.31999969482422,121.5199966430664,94.5932846069336,284528300.0
2011-09-19,119.52999877929688,120.93000030517578,118.72000122070312,120.30999755859376,93.65140533447266,241517000.0
2011-09-20,120.81999969482422,121.98999786376952,120.01000213623048,120.16999816894533,93.54241180419922,218932200.0
2011-09-21,120.2300033569336,120.5999984741211,116.44000244140624,116.62999725341795,90.78682708740234,316251300.0
2011-09-22,113.25,114.20999908447266,111.3000030517578,112.86000061035156,87.85220336914062,513911300.0
2011-09-23,112.11000061035156,114.16000366210938,112.0199966430664,113.54000091552734,88.38151550292969,307242500.0
2011-09-26,114.61000061035156,116.4000015258789,112.9800033569336,116.23999786376952,90.48324584960938,260673700.0
2011-09-27,118.52999877929688,119.55999755859376,116.83999633789062,117.54000091552734,91.49520874023438,311753900.0
2011-09-28,117.77999877929688,118.48999786376952,114.97000122070312,115.13999938964844,89.62699127197266,286696800.0
2011-09-29,117.0500030517578,117.62999725341795,113.93000030517578,116.0500030517578,90.33537292480467,298108900.0
2011-09-30,114.4499969482422,115.4499969482422,113.06999969482422,113.1500015258789,88.07794189453125,288392300.0
2011-10-03,112.48999786376952,113.9499969482422,109.80999755859376,109.93000030517578,85.5714340209961,365136800.0
2011-10-04,108.3499984741211,112.58000183105467,107.43000030517578,112.33999633789062,87.44743347167969,459177500.0
2011-10-05,112.62000274658205,114.72000122070312,111.58000183105467,114.41999816894533,89.0665283203125,284108000.0
2011-10-06,114.36000061035156,116.66000366210938,113.51000213623048,116.48999786376952,90.67787170410156,257800800.0
2011-10-07,117.16999816894533,117.25,115.05999755859376,115.70999908447266,90.0707015991211,312657900.0
2011-10-10,117.68000030517578,119.62999725341795,117.66999816894533,119.58000183105467,93.0831527709961,230666300.0
2011-10-11,118.87000274658205,120.04000091552734,118.75,119.6999969482422,93.17657470703124,209088000.0
2011-10-12,120.5999984741211,122.13999938964844,120.33000183105467,120.75,93.99390411376952,281544900.0
2011-10-13,120.04000091552734,120.87000274658205,119.12000274658205,120.51000213623048,93.80711364746094,212538800.0
2011-10-14,121.91000366210938,122.5999984741211,121.2300033569336,122.56999969482422,95.41065216064452,211397600.0
2011-10-17,121.98999786376952,122.5500030517578,119.93000030517578,120.2300033569336,93.58914947509766,202311600.0
2011-10-18,120.13999938964844,123.5,119.1999969482422,122.58000183105467,95.41842651367188,318857900.0
2011-10-19,122.37999725341795,123.08000183105467,120.70999908447266,121.12999725341795,94.28971099853516,226601300.0
2011-10-20,121.43000030517578,122.0999984741211,119.81999969482422,121.66000366210938,94.70228576660156,262075600.0
2011-10-21,123.08999633789062,124.12000274658205,122.72000122070312,123.97000122070312,96.5004425048828,278999400.0
2011-10-24,124.16999816894533,125.8000030517578,124.05999755859376,125.48999786376952,97.68360900878906,203215600.0
2011-10-25,124.88999938964844,124.9499969482422,122.77999877929688,123.0500030517578,95.7843017578125,268596800.0
2011-10-26,124.3499984741211,124.7699966430664,122.20999908447266,124.3000030517578,96.75730895996094,289053800.0
2011-10-27,127.62999725341795,129.4199981689453,126.61000061035156,128.6300048828125,100.12784576416016,393220200.0
2011-10-28,128.0,128.85000610351562,127.8000030517578,128.60000610351562,100.10449981689452,225906500.0
2011-10-31,127.16000366210938,128.6199951171875,125.31999969482422,125.5,97.69140625,228146700.0
2011-11-01,122.02999877929688,123.51000213623048,121.5199966430664,122.0,94.96692657470705,416565800.0
2011-11-02,123.83000183105467,124.4000015258789,122.79000091552734,123.98999786376952,96.51599884033205,244717600.0
2011-11-03,125.2699966430664,126.5,123.5999984741211,126.25,98.27522277832033,291174800.0
2011-11-04,125.2300033569336,125.6999969482422,124.01000213623048,125.4800033569336,97.67585754394533,249401600.0
2011-11-07,125.38999938964844,126.38999938964844,124.1999969482422,126.26000213623048,98.28298950195312,196617200.0
2011-11-08,126.91999816894533,128.02000427246094,125.70999908447266,127.87999725341795,99.54402923583984,224426300.0
2011-11-09,124.88999938964844,125.8000030517578,122.86000061035156,123.16000366210938,95.86991119384766,337982000.0
2011-11-10,124.79000091552734,124.94000244140624,123.0199966430664,124.31999969482422,96.77287292480467,231866500.0
2011-11-11,125.83000183105467,126.98999786376952,125.79000091552734,126.66000366210938,98.5943832397461,189924400.0
2011-11-14,126.19000244140624,127.4499969482422,124.91999816894533,125.45999908447266,97.66024780273438,159258300.0
2011-11-15,125.16999816894533,126.75,124.72000122070312,126.08000183105467,98.14289855957033,184709400.0
2011-11-16,124.80999755859376,126.33999633789062,123.9000015258789,124.08000183105467,96.5860595703125,235782500.0
2011-11-17,123.8499984741211,124.16000366210938,121.2300033569336,122.11000061035156,95.0525894165039,331219600.0
2011-11-18,122.5,122.75,121.47000122070312,121.9800033569336,94.95138549804688,215580400.0
2011-11-21,120.1999969482422,120.3499984741211,118.6500015258789,119.66000366210938,93.14545440673828,229611600.0
2011-11-22,119.4000015258789,120.0999984741211,118.5199966430664,119.19000244140624,92.77961730957033,216494900.0
2011-11-23,118.06999969482422,119.19000244140624,116.55999755859376,116.55999755859376,90.73234558105467,224329100.0
2011-11-25,116.37999725341795,117.6999969482422,116.1999969482422,116.33999633789062,90.56109619140624,99557000.0
2011-11-28,119.54000091552734,120.18000030517578,118.81999969482422,119.70999908447266,93.1843490600586,210686000.0
2011-11-29,120.0500030517578,121.0,119.61000061035156,120.0500030517578,93.44904327392578,199241500.0
2011-11-30,123.48999786376952,125.22000122070312,120.0,124.98999786376952,97.29440307617188,324439500.0
2011-12-01,124.8499984741211,125.63999938964844,124.43000030517578,124.97000122070312,97.2788314819336,176954800.0
2011-12-02,126.12000274658205,126.5,124.77999877929688,124.86000061035156,97.19322204589844,221109700.0
2011-12-05,126.83999633789062,127.18000030517578,125.44000244140624,126.22000122070312,98.25184631347656,225263900.0
2011-12-06,126.20999908447266,127.11000061035156,125.76000213623048,126.26000213623048,98.28298950195312,178842100.0
2011-12-07,125.83999633789062,127.26000213623048,124.97000122070312,126.7300033569336,98.64884948730467,237802500.0
2011-12-08,125.9000015258789,126.18000030517578,123.6500015258789,123.9499969482422,96.48482513427734,240862800.0
2011-12-09,124.51000213623048,126.37000274658205,124.4000015258789,126.0500030517578,98.11953735351562,209111400.0
2011-12-12,124.9499969482422,124.97000122070312,123.16000366210938,124.20999908447266,96.6872329711914,215826100.0
2011-12-13,124.86000061035156,125.56999969482422,122.4499969482422,123.0500030517578,95.7843017578125,245159800.0
2011-12-14,122.55999755859376,123.02999877929688,121.47000122070312,121.73999786376952,94.76454162597656,238618800.0
2011-12-15,123.02999877929688,123.1999969482422,121.98999786376952,122.18000030517578,95.10704040527344,199109200.0
2011-12-16,122.2300033569336,122.9499969482422,121.3000030517578,121.58999633789062,95.24807739257812,220481400.0
2011-12-19,122.05999755859376,122.31999969482422,120.02999877929688,120.29000091552734,94.22972106933594,183903000.0
2011-12-20,122.18000030517578,124.13999938964844,120.37000274658205,123.93000030517578,97.08113098144533,225418100.0
2011-12-21,123.93000030517578,124.36000061035156,122.75,124.16999816894533,97.26911926269533,194230900.0
2011-12-22,124.62999725341795,125.4000015258789,124.2300033569336,125.2699966430664,98.13078308105467,119465400.0
2011-12-23,125.66999816894533,126.43000030517578,125.41000366210938,126.38999938964844,99.00821685791016,92187200.0
2011-12-27,126.16999816894533,126.81999969482422,126.05999755859376,126.48999786376952,99.0864715576172,86075700.0
2011-12-28,126.51000213623048,126.52999877929688,124.7300033569336,124.83000183105467,97.7861328125,119107100.0
2011-12-29,125.23999786376952,126.25,124.86000061035156,126.12000274658205,98.7966537475586,123507200.0
2011-12-30,126.0199966430664,126.33000183105467,125.5,125.5,98.31097412109376,95599000.0
2012-01-03,127.76000213623048,128.3800048828125,127.43000030517578,127.5,99.87769317626952,193697900.0
2012-01-04,127.1999969482422,127.80999755859376,126.70999908447266,127.6999969482422,100.03436279296876,127186500.0
2012-01-05,127.01000213623048,128.22999572753906,126.43000030517578,128.0399932861328,100.30069732666016,173895000.0
2012-01-06,128.1999969482422,128.22000122070312,127.29000091552734,127.70999908447266,100.04219818115234,148050000.0
2012-01-09,128.0,128.17999267578125,127.41000366210938,128.02000427246094,100.28502655029295,99530200.0
2012-01-10,129.38999938964844,129.64999389648438,128.9499969482422,129.1300048828125,101.15457153320312,115282000.0
2012-01-11,128.72999572753906,129.3699951171875,128.52000427246094,129.1999969482422,101.20940399169922,111540700.0
2012-01-12,129.57000732421875,129.6999969482422,128.5399932861328,129.50999450683594,101.45223236083984,118983700.0
2012-01-13,128.63999938964844,129.0500030517578,127.72000122070312,128.83999633789062,100.92738342285156,179836200.0
2012-01-17,130.0800018310547,130.32000732421875,128.89999389648438,129.33999633789062,101.31905364990234,132209200.0
2012-01-18,129.30999755859375,130.83999633789062,129.0800018310547,130.77000427246094,102.43924713134766,163395200.0
2012-01-19,131.22000122070312,131.57000732421875,130.8000030517578,131.4600067138672,102.97978973388672,126328900.0
2012-01-20,131.24000549316406,131.9499969482422,130.9199981689453,131.9499969482422,103.36360168457033,138230200.0
2012-01-23,131.50999450683594,132.25,130.97999572753906,131.61000061035156,103.09728240966795,129295800.0
2012-01-24,130.8000030517578,131.5,130.60000610351562,131.4600067138672,102.97978973388672,103083300.0
2012-01-25,131.25999450683594,132.8699951171875,130.75,132.55999755859375,103.84146881103516,198613200.0
2012-01-26,133.14999389648438,133.39999389648438,131.36000061035156,131.8800048828125,103.30877685546876,184880500.0
2012-01-27,131.24000549316406,132.0500030517578,131.14999389648438,131.82000732421875,103.2617416381836,135259100.0
2012-01-30,130.50999450683594,131.44000244140625,130.05999755859375,131.3699951171875,102.90926361083984,147311800.0
2012-01-31,132.02000427246094,132.17999267578125,130.67999267578125,131.32000732421875,102.87010955810548,157212000.0
2012-02-01,132.2899932861328,133.13999938964844,132.1300048828125,132.47000122070312,103.7709732055664,166234500.0
2012-02-02,132.72999572753906,133.02000427246094,132.2100067138672,132.67999267578125,103.93546295166016,113090400.0
2012-02-03,134.0,134.6199951171875,133.77000427246094,134.5399932861328,105.3924789428711,160598500.0
2012-02-06,133.97999572753906,134.50999450683594,133.8300018310547,134.4499969482422,105.32199096679688,107694500.0
2012-02-07,134.1699981689453,135.02000427246094,133.63999938964844,134.7899932861328,105.58834075927734,135528100.0
2012-02-08,134.86000061035156,135.22000122070312,134.30999755859375,135.19000244140625,105.90170288085938,139361400.0
2012-02-09,135.41000366210938,135.58999633789062,134.55999755859375,135.36000061035156,106.03485107421876,148602900.0
2012-02-10,134.16000366210938,134.47000122070312,133.83999633789062,134.36000061035156,105.2515106201172,167907500.0
2012-02-13,135.32000732421875,135.52000427246094,134.74000549316406,135.36000061035156,106.03485107421876,115841900.0
2012-02-14,135.0,135.27000427246094,134.25,135.19000244140625,105.90170288085938,165329500.0
2012-02-15,135.6300048828125,135.8300018310547,134.2899932861328,134.55999755859375,105.40814971923828,195195100.0
2012-02-16,134.57000732421875,136.1699981689453,134.3300018310547,136.0500030517578,106.57536315917967,186567800.0
2012-02-17,136.52000427246094,136.6300048828125,135.9600067138672,136.41000366210938,106.85736083984376,129869400.0
2012-02-21,136.72999572753906,137.0500030517578,136.0500030517578,136.47000122070312,106.90436553955078,134042300.0
2012-02-22,136.25999450683594,136.5500030517578,135.7899932861328,136.02999877929688,106.55970001220705,124455300.0
2012-02-23,135.9600067138672,136.72999572753906,135.5,136.6300048828125,107.02971649169922,137704300.0
2012-02-24,136.92999267578125,137.1999969482422,136.6300048828125,136.92999267578125,107.26471710205078,105539100.0
2012-02-27,136.02000427246094,137.52999877929688,135.8000030517578,137.16000366210938,107.4448699951172,145728900.0
2012-02-28,137.1999969482422,137.72000122070312,136.92999267578125,137.55999755859375,107.75821685791016,129355900.0
2012-02-29,137.75999450683594,138.19000244140625,136.5399932861328,137.02000427246094,107.335205078125,185934700.0
2012-03-01,137.30999755859375,137.99000549316406,136.92999267578125,137.72999572753906,107.89141845703124,145023500.0
2012-03-02,137.63999938964844,137.82000732421875,137.0,137.30999755859375,107.56238555908205,120638300.0
2012-03-05,137.10000610351562,137.1999969482422,136.27999877929688,136.75,107.1236801147461,140765000.0
2012-03-06,135.35000610351562,135.42999267578125,134.36000061035156,134.75,105.5570068359375,202129900.0
2012-03-07,135.05999755859375,135.91000366210938,134.92999267578125,135.69000244140625,106.29336547851562,143692200.0
2012-03-08,136.52000427246094,137.32000732421875,136.24000549316406,137.0399932861328,107.35086822509766,116968900.0
2012-03-09,137.3000030517578,137.92999267578125,137.1300048828125,137.57000732421875,107.76605224609376,122836800.0
2012-03-12,137.5500030517578,137.75999450683594,137.08999633789062,137.5800018310547,107.77389526367188,104003500.0
2012-03-13,138.32000732421875,140.1300048828125,138.08999633789062,140.05999755859375,109.71661376953124,184090500.0
2012-03-14,140.10000610351562,140.4499969482422,139.47999572753906,139.91000366210938,109.59910583496094,145163600.0
2012-03-15,140.1199951171875,140.77999877929688,139.75999450683594,140.72000122070312,110.23361206054688,165118500.0
2012-03-16,140.36000061035156,140.47999572753906,140.0,140.3000030517578,110.38628387451172,152893500.0
2012-03-19,140.2100067138672,141.27999877929688,140.11000061035156,140.85000610351562,110.81901550292967,125291100.0
2012-03-20,140.0500030517578,140.61000061035156,139.63999938964844,140.44000244140625,110.49645233154295,121729700.0
2012-03-21,140.52000427246094,140.64999389648438,139.9199981689453,140.2100067138672,110.3154525756836,122388400.0
2012-03-22,139.17999267578125,139.5500030517578,138.74000549316406,139.1999969482422,109.52079010009766,135216700.0
2012-03-23,139.32000732421875,139.80999755859375,138.5500030517578,139.64999389648438,109.87487030029295,120521000.0
2012-03-26,140.64999389648438,141.61000061035156,140.60000610351562,141.61000061035156,111.41698455810548,120164000.0
2012-03-27,141.74000549316406,141.8300018310547,141.0800018310547,141.1699981689453,111.0707778930664,119868500.0
2012-03-28,141.10000610351562,141.32000732421875,139.63999938964844,140.47000122070312,110.52002716064452,148562100.0
2012-03-29,139.63999938964844,140.49000549316406,139.08999633789062,140.22999572753906,110.33119201660156,164963700.0
2012-03-30,140.9199981689453,141.0500030517578,140.0500030517578,140.80999755859375,110.78750610351562,135486800.0
2012-04-02,140.63999938964844,142.2100067138672,140.36000061035156,141.83999633789062,111.59793090820312,151741100.0
2012-04-03,141.63999938964844,141.8800048828125,140.42999267578125,141.25999450683594,111.14154815673828,155806700.0
2012-04-04,140.22000122070312,140.33999633789062,139.33999633789062,139.86000061035156,110.04006958007812,146896000.0
2012-04-05,139.3800048828125,140.1999969482422,139.25999450683594,139.7899932861328,109.98501586914062,137439400.0
2012-04-09,138.02999877929688,139.83999633789062,137.83999633789062,138.22000122070312,108.74974822998048,127555900.0
2012-04-10,137.9499969482422,138.33999633789062,135.75999450683594,135.89999389648438,106.92438507080078,235360300.0
2012-04-11,137.2899932861328,137.5399932861328,136.75,137.0,107.78990173339844,154133000.0
2012-04-12,137.1300048828125,138.89999389648438,137.02999877929688,138.7899932861328,109.1982192993164,154321500.0
2012-04-13,138.47000122070312,138.82000732421875,137.00999450683594,137.13999938964844,107.90001678466795,169246700.0
2012-04-16,137.83999633789062,138.0399932861328,136.5800018310547,137.0500030517578,107.82920837402344,147825300.0
2012-04-17,137.83999633789062,139.36000061035156,137.6999969482422,139.0800018310547,109.4263687133789,147877600.0
2012-04-18,138.4600067138672,139.0800018310547,138.3800048828125,138.61000061035156,109.05661010742188,123884200.0
2012-04-19,138.6300048828125,139.14999389648438,137.07000732421875,137.72000122070312,108.35636138916016,198666700.0
2012-04-20,138.3300018310547,138.8300018310547,137.8699951171875,137.9499969482422,108.53731536865234,143199600.0
2012-04-23,136.5399932861328,136.91000366210938,135.94000244140625,136.7899932861328,107.62464904785156,171844900.0
2012-04-24,136.91000366210938,137.66000366210938,136.8000030517578,137.30999755859375,108.03376770019533,137484200.0
2012-04-25,138.64999389648438,139.25,138.52999877929688,139.19000244140625,109.512939453125,150252200.0
2012-04-26,138.88999938964844,140.32000732421875,138.80999755859375,140.16000366210938,110.276123046875,136291600.0
2012-04-27,140.5800018310547,140.7899932861328,139.8000030517578,140.38999938964844,110.4570541381836,130725000.0
2012-04-30,140.11000061035156,140.2100067138672,139.49000549316406,139.8699951171875,110.04792785644533,115092200.0
2012-05-01,139.7899932861328,141.66000366210938,139.6300048828125,140.74000549316406,110.73248291015624,138832200.0
2012-05-02,139.9199981689453,140.4600067138672,139.4600067138672,140.32000732421875,110.40204620361328,121081000.0
2012-05-03,140.33999633789062,140.4499969482422,138.99000549316406,139.25,109.56016540527344,143759700.0
2012-05-04,138.52000427246094,139.3000030517578,136.9199981689453,137.0,107.78990173339844,193927300.0
2012-05-07,136.50999450683594,137.55999755859375,136.4600067138672,137.10000610351562,107.86858367919922,127765900.0
2012-05-08,136.27999877929688,136.77000427246094,134.9199981689453,136.5500030517578,107.4358139038086,213377700.0
2012-05-09,135.10000610351562,136.61000061035156,134.49000549316406,135.74000549316406,106.79851531982422,220752500.0
2012-05-10,136.67999267578125,136.85000610351562,135.7100067138672,136.02000427246094,107.018798828125,150600000.0
2012-05-11,135.1699981689453,136.8699951171875,135.11000061035156,135.61000061035156,106.69622802734376,153032400.0
2012-05-14,134.30999755859375,135.61000061035156,133.91000366210938,134.11000061035156,105.51605224609376,163910000.0
2012-05-15,134.02000427246094,134.80999755859375,133.1300048828125,133.33999633789062,104.91019439697266,207629300.0
2012-05-16,133.94000244140625,134.5500030517578,132.8000030517578,132.8300018310547,104.50895690917967,207265500.0
2012-05-17,132.86000061035156,133.02000427246094,130.7899932861328,130.86000061035156,102.9590072631836,247992900.0
2012-05-18,131.3699951171875,131.60000610351562,129.5500030517578,129.74000549316406,102.07779693603516,319615900.0
2012-05-21,130.16000366210938,132.02000427246094,129.9499969482422,131.97000122070312,103.83232879638672,177861100.0
2012-05-22,132.30999755859375,133.22999572753906,131.33999633789062,132.1999969482422,104.0132827758789,197531200.0
2012-05-23,131.25,132.4600067138672,129.99000549316406,132.27000427246094,104.0683822631836,204958400.0
2012-05-24,132.6300048828125,132.83999633789062,131.4199981689453,132.52999877929688,104.27296447753906,167357600.0
2012-05-25,132.47999572753906,132.85000610351562,131.77999877929688,132.10000610351562,103.93463897705078,135465600.0
2012-05-29,133.16000366210938,133.92999267578125,131.1699981689453,133.6999969482422,105.19347381591795,152883500.0
2012-05-30,132.55999755859375,133.69000244140625,131.49000549316406,131.75999450683594,103.6670913696289,162370400.0
2012-05-31,131.7100067138672,132.4499969482422,130.33999633789062,131.47000122070312,103.43894958496094,196186000.0
2012-06-01,129.41000366210938,131.5,128.16000366210938,128.16000366210938,100.83464813232422,253240900.0
2012-06-04,128.38999938964844,128.74000549316406,127.13999938964844,128.10000610351562,100.78746795654295,202545800.0
2012-06-05,127.8499984741211,129.25999450683594,127.77999877929688,129.07000732421875,101.5506362915039,164149400.0
2012-06-06,129.97000122070312,132.02999877929688,129.92999267578125,131.97000122070312,103.83232879638672,184202800.0
2012-06-07,133.47000122070312,133.52999877929688,131.77999877929688,132.0500030517578,103.895263671875,184772700.0
2012-06-08,131.7100067138672,133.1300048828125,131.2899932861328,133.10000610351562,104.72142028808594,143915400.0
2012-06-11,134.1699981689453,134.25,131.27999877929688,131.41000366210938,103.3917236328125,169756100.0
2012-06-12,131.7899932861328,133.00999450683594,131.16000366210938,132.9199981689453,104.57978057861328,181931800.0
2012-06-13,132.52999877929688,133.36000061035156,131.6199951171875,132.07000732421875,103.91101837158205,172223900.0
2012-06-14,132.33999633789062,134.0,131.97999572753906,133.47000122070312,105.01253509521484,230615500.0
2012-06-15,133.3800048828125,134.25999450683594,133.10000610351562,134.13999938964844,106.08650207519533,169444500.0
2012-06-18,133.5800018310547,134.72999572753906,133.27999877929688,134.39999389648438,106.29214477539062,131360900.0
2012-06-19,135.0800018310547,136.25,134.3699951171875,135.6999969482422,107.32027435302734,137382600.0
2012-06-20,135.7100067138672,136.10000610351562,134.27000427246094,135.47999572753906,107.14623260498048,206451800.0
2012-06-21,135.63999938964844,135.77999877929688,132.3300018310547,132.44000244140625,104.7420425415039,205272200.0
2012-06-22,133.1300048828125,133.7100067138672,132.6199951171875,133.4600067138672,105.5487289428711,130029200.0
2012-06-25,132.0500030517578,132.10000610351562,130.85000610351562,131.32000732421875,103.85628509521484,146375700.0
2012-06-26,131.6999969482422,132.3800048828125,130.92999267578125,131.97999572753906,104.37822723388672,141634000.0
2012-06-27,132.4199981689453,133.42999267578125,131.97000122070312,133.1699981689453,105.31937408447266,108088000.0
2012-06-28,132.2899932861328,132.99000549316406,131.27999877929688,132.7899932861328,105.01883697509766,169242100.0
2012-06-29,135.1999969482422,136.27000427246094,134.85000610351562,136.10000610351562,107.63660430908205,212250900.0
2012-07-02,136.47999572753906,136.64999389648438,135.52000427246094,136.50999450683594,107.96087646484376,129524500.0
2012-07-03,136.47999572753906,137.50999450683594,136.33999633789062,137.41000366210938,108.67266082763672,80450000.0
2012-07-05,136.89999389648438,137.8000030517578,136.2899932861328,136.7899932861328,108.18230438232422,126177500.0
2012-07-06,135.47000122070312,135.77000427246094,134.85000610351562,135.49000549316406,107.15421295166016,151192100.0
2012-07-09,135.3800048828125,135.57000732421875,134.6999969482422,135.32000732421875,107.01969909667967,103780500.0
2012-07-10,136.00999450683594,136.22999572753906,133.67999267578125,134.13999938964844,106.08650207519533,167884800.0
2012-07-11,134.2100067138672,134.60000610351562,133.3800048828125,134.16000366210938,106.10230255126952,141733400.0
2012-07-12,133.3800048828125,134.22999572753906,132.60000610351562,133.50999450683594,105.5882568359375,143583200.0
2012-07-13,133.86000061035156,135.88999938964844,133.83999633789062,135.75,107.35980987548828,129642600.0
2012-07-16,135.44000244140625,135.8300018310547,134.89999389648438,135.42999267578125,107.10667419433594,97525200.0
2012-07-17,135.97000122070312,136.63999938964844,134.5500030517578,136.36000061035156,107.84224700927734,138860300.0
2012-07-18,136.0399932861328,137.63999938964844,135.9600067138672,137.3699951171875,108.64099884033205,113349700.0
2012-07-19,137.64999389648438,138.17999267578125,137.2100067138672,137.72999572753906,108.9257354736328,129847300.0
2012-07-20,136.9499969482422,137.16000366210938,136.32000732421875,136.47000122070312,107.92921447753906,142904500.0
2012-07-23,134.47000122070312,136.3800048828125,133.83999633789062,135.08999633789062,106.83781433105467,145210900.0
2012-07-24,135.19000244140625,135.25,133.02999877929688,133.92999267578125,105.92044067382812,173301200.0
2012-07-25,134.2100067138672,134.55999755859375,133.25,133.9600067138672,105.94414520263672,129122300.0
2012-07-26,135.88999938964844,136.4600067138672,135.25999450683594,136.1699981689453,107.69194793701172,156526500.0
2012-07-27,136.88999938964844,139.07000732421875,136.13999938964844,138.67999267578125,109.67704010009766,236768900.0
2012-07-30,138.52000427246094,139.33999633789062,138.27000427246094,138.67999267578125,109.67704010009766,106782000.0
2012-07-31,138.49000549316406,138.8699951171875,137.7100067138672,137.7100067138672,108.90989685058594,120575900.0
2012-08-01,138.6999969482422,138.72999572753906,137.39999389648438,137.58999633789062,108.81497192382812,138293800.0
2012-08-02,136.5500030517578,137.57000732421875,135.5800018310547,136.63999938964844,108.06363677978516,199556600.0
2012-08-03,138.55999755859375,139.63999938964844,136.67999267578125,139.35000610351562,110.2069320678711,157825000.0
2012-08-06,139.72000122070312,140.1699981689453,139.55999755859375,139.6199951171875,110.42042541503906,86326200.0
2012-08-07,140.17999267578125,140.9199981689453,140.02999877929688,140.32000732421875,110.97408294677734,109545100.0
2012-08-08,139.85000610351562,140.64999389648438,139.80999755859375,140.49000549316406,111.1084976196289,89754700.0
2012-08-09,140.2899932861328,140.88999938964844,140.14999389648438,140.61000061035156,111.20337677001952,90291700.0
2012-08-10,140.0399932861328,140.88999938964844,139.80999755859375,140.83999633789062,111.38528442382812,99792700.0
2012-08-13,140.60000610351562,140.83999633789062,140.0399932861328,140.77000427246094,111.3299331665039,79426900.0
2012-08-14,141.2899932861328,141.3800048828125,140.3699951171875,140.7899932861328,111.34577941894533,102379400.0
2012-08-15,140.63999938964844,141.19000244140625,140.5500030517578,140.9499969482422,111.4723129272461,71085900.0
2012-08-16,141.14999389648438,142.16000366210938,140.8000030517578,141.99000549316406,112.29481506347656,112014200.0
2012-08-17,142.22999572753906,142.3000030517578,141.86000061035156,142.17999267578125,112.44506072998048,90813700.0
2012-08-20,141.97999572753906,142.22000122070312,141.58999633789062,142.19000244140625,112.45297241210938,78255700.0
2012-08-21,142.5399932861328,143.08999633789062,141.4499969482422,141.75999450683594,112.1128921508789,105581100.0
2012-08-22,141.39999389648438,142.0500030517578,141.07000732421875,141.82000732421875,112.16032409667967,133243500.0
2012-08-23,141.47000122070312,141.47999572753906,140.44000244140625,140.66000366210938,111.24295043945312,111466400.0
2012-08-24,140.30999755859375,141.8300018310547,140.22000122070312,141.50999450683594,111.91515350341795,99481200.0
2012-08-27,141.88999938964844,142.0800018310547,141.33999633789062,141.5399932861328,111.9389190673828,68785900.0
2012-08-28,141.17999267578125,141.83999633789062,140.97000122070312,141.39999389648438,111.82817840576172,75689600.0
2012-08-29,141.52000427246094,141.88999938964844,141.1199951171875,141.50999450683594,111.91515350341795,65421300.0
2012-08-30,140.89999389648438,140.94000244140625,140.19000244140625,140.49000549316406,111.1084976196289,96589900.0
2012-08-31,141.2899932861328,141.82000732421875,140.36000061035156,141.16000366210938,111.63837432861328,151970400.0
2012-09-04,141.0399932861328,141.4600067138672,140.1300048828125,141.02999877929688,111.53555297851562,120226200.0
2012-09-05,141.08999633789062,141.47000122070312,140.6300048828125,140.91000366210938,111.44065856933594,100660300.0
2012-09-06,141.75999450683594,143.77999877929688,141.75,143.77000427246094,113.7025375366211,158272500.0
2012-09-07,144.00999450683594,144.38999938964844,143.8800048828125,144.3300018310547,114.14541625976562,107272100.0
2012-09-10,144.19000244140625,144.44000244140625,143.4600067138672,143.50999450683594,113.49689483642578,86458500.0
2012-09-11,143.60000610351562,144.3699951171875,143.55999755859375,143.91000366210938,113.81324768066406,88760000.0
2012-09-12,144.38999938964844,144.5500030517578,143.89999389648438,144.38999938964844,114.19285583496094,87640900.0
2012-09-13,144.3699951171875,147.0399932861328,143.99000549316406,146.58999633789062,115.9327621459961,225470200.0
2012-09-14,146.8800048828125,148.11000061035156,146.75999450683594,147.24000549316406,116.44683837890624,169777000.0
2012-09-17,146.94000244140625,147.19000244140625,146.3699951171875,146.74000549316406,116.05137634277344,119427800.0
2012-09-18,146.49000549316406,146.80999755859375,146.25,146.6199951171875,115.9565200805664,98326600.0
2012-09-19,146.7899932861328,147.1699981689453,146.41000366210938,146.6999969482422,116.01974487304688,128318300.0
2012-09-20,146.02999877929688,146.7899932861328,145.6300048828125,146.7100067138672,116.02764892578124,154009800.0
2012-09-21,146.63999938964844,146.6699981689453,145.80999755859375,145.8699951171875,115.97917938232422,108737500.0
2012-09-24,145.14999389648438,145.97999572753906,145.0399932861328,145.64999389648438,115.80426788330078,95682000.0
2012-09-25,145.9600067138672,146.24000549316406,144.05999755859375,144.10000610351562,114.5718994140625,133165200.0
2012-09-26,144.07000732421875,144.11000061035156,142.9499969482422,143.2899932861328,113.92788696289062,146502200.0
2012-09-27,143.88999938964844,144.97000122070312,143.50999450683594,144.63999938964844,115.00125885009766,111830300.0
2012-09-28,144.08999633789062,144.55999755859375,143.4600067138672,143.97000122070312,114.46853637695312,150696100.0
2012-10-01,144.52000427246094,145.69000244140625,144.00999450683594,144.35000610351562,114.77061462402344,135911200.0
2012-10-02,144.9199981689453,145.14999389648438,143.8300018310547,144.5,114.88988494873048,113422200.0
2012-10-03,144.88999938964844,145.42999267578125,144.1300048828125,145.08999633789062,115.35897827148438,121283100.0
2012-10-04,145.63999938964844,146.33999633789062,145.44000244140625,146.1300048828125,116.18589782714844,124311600.0
2012-10-05,146.91000366210938,147.16000366210938,145.6999969482422,146.13999938964844,116.19388580322266,124842100.0
2012-10-08,145.60000610351562,146.1199951171875,145.30999755859375,145.63999938964844,115.79627227783205,78415400.0
2012-10-09,145.52999877929688,145.64999389648438,144.14999389648438,144.1999969482422,114.6513671875,148872900.0
2012-10-10,144.17999267578125,144.32000732421875,143.08999633789062,143.27999877929688,113.91989135742188,124247500.0
2012-10-11,144.27999877929688,144.49000549316406,143.3300018310547,143.36000061035156,113.98348236083984,123601500.0
2012-10-12,143.4600067138672,143.9499969482422,142.5800018310547,142.88999938964844,113.60980224609376,124181900.0
2012-10-15,143.22999572753906,144.22999572753906,142.77000427246094,144.0800018310547,114.55598449707033,107689100.0
2012-10-16,144.75999450683594,145.63999938964844,144.66000366210938,145.5399932861328,115.71680450439452,108815500.0
2012-10-17,145.63999938964844,146.32000732421875,145.4199981689453,146.1999969482422,116.2415542602539,128834100.0
2012-10-18,145.82000732421875,146.52000427246094,145.3300018310547,145.82000732421875,115.93943786621094,148108500.0
2012-10-19,145.5500030517578,145.55999755859375,143.0500030517578,143.38999938964844,114.00732421875,185645200.0
2012-10-22,143.14999389648438,143.6699981689453,142.27999877929688,143.41000366210938,114.0232391357422,125578600.0
2012-10-23,141.86000061035156,142.05999755859375,140.8300018310547,141.4199981689453,112.44105529785156,192056300.0
2012-10-24,141.92999267578125,142.10000610351562,140.8000030517578,141.02000427246094,112.12298583984376,120179400.0
2012-10-25,142.02000427246094,142.27999877929688,140.57000732421875,141.42999267578125,112.44898986816406,134457400.0
2012-10-26,141.3000030517578,141.83999633789062,140.38999938964844,141.35000610351562,112.38536834716795,146023500.0
2012-10-31,141.85000610351562,142.02999877929688,140.67999267578125,141.35000610351562,112.38536834716795,103438500.0
2012-11-01,141.64999389648438,143.00999450683594,141.52000427246094,142.8300018310547,113.5621109008789,100995600.0
2012-11-02,143.67999267578125,143.72000122070312,141.41000366210938,141.55999755859375,112.55231475830078,137702200.0
2012-11-05,141.35000610351562,142.1699981689453,140.92999267578125,141.85000610351562,112.78290557861328,98378500.0
2012-11-06,142.27999877929688,143.52000427246094,142.1300048828125,142.9600067138672,113.66549682617188,107068100.0
2012-11-07,141.66000366210938,141.67999267578125,139.05999755859375,139.72000122070312,111.08940887451172,264304500.0
2012-11-08,139.6999969482422,140.41000366210938,137.92999267578125,138.0399932861328,109.75363159179688,181517300.0
2012-11-09,137.6199951171875,139.44000244140625,137.5500030517578,138.16000366210938,109.84903717041016,201055300.0
2012-11-12,138.58999633789062,138.80999755859375,137.9600067138672,138.27000427246094,109.9365463256836,97677500.0
2012-11-13,137.5399932861328,139.25,137.36000061035156,137.7899932861328,109.55485534667967,123018300.0
2012-11-14,138.2100067138672,138.42999267578125,135.6199951171875,135.92999267578125,108.07599639892578,191505000.0
2012-11-15,135.97999572753906,136.49000549316406,135.17999267578125,135.6999969482422,107.8931655883789,178128400.0
2012-11-16,135.89999389648438,136.63999938964844,134.6999969482422,136.3699951171875,108.42584991455078,239483900.0
2012-11-19,137.89999389648438,139.14999389648438,136.41000366210938,139.1300048828125,110.62030029296876,151495800.0
2012-11-20,138.91000366210938,139.4199981689453,138.0800018310547,139.19000244140625,110.66799926757812,119807400.0
2012-11-21,139.30999755859375,139.57000732421875,139.02999877929688,139.4499969482422,110.87470245361328,81710800.0
2012-11-23,140.1300048828125,141.39999389648438,140.0399932861328,141.35000610351562,112.38536834716795,65409200.0
2012-11-26,140.64999389648438,141.36000061035156,140.19000244140625,141.0500030517578,112.14686584472656,100124400.0
2012-11-27,140.91000366210938,141.38999938964844,140.24000549316406,140.3300018310547,111.5743637084961,128646200.0
2012-11-28,139.75999450683594,141.5399932861328,139.0,141.4600067138672,112.4728546142578,177086500.0
2012-11-29,141.99000549316406,142.50999450683594,141.3699951171875,142.1199951171875,112.99761199951172,151085900.0
2012-11-30,142.13999938964844,142.4199981689453,141.66000366210938,142.14999389648438,113.02145385742188,136568300.0
2012-12-03,142.8000030517578,142.9199981689453,141.33999633789062,141.4499969482422,112.46492767333984,124656300.0
2012-12-04,141.44000244140625,141.8699951171875,140.8699951171875,141.25,112.30587768554688,127512200.0
2012-12-05,141.3699951171875,142.16000366210938,140.3699951171875,141.5,112.50463104248048,147300500.0
2012-12-06,141.3699951171875,142.0399932861328,141.16000366210938,141.97999572753906,112.8862762451172,103220600.0
2012-12-07,142.52999877929688,142.69000244140625,141.6699981689453,142.41000366210938,113.2281723022461,108726400.0
2012-12-10,142.2100067138672,142.80999755859375,142.14999389648438,142.47000122070312,113.27589416503906,98840700.0
2012-12-11,143.05999755859375,144.11000061035156,142.99000549316406,143.44000244140625,114.04712677001952,152570400.0
2012-12-12,144.0,144.5500030517578,143.30999755859375,143.50999450683594,114.10276794433594,145880100.0
2012-12-13,143.4199981689453,143.8300018310547,142.27000427246094,142.6300048828125,113.40309143066406,135715000.0
2012-12-14,142.32000732421875,142.5800018310547,141.8800048828125,142.10000610351562,112.981689453125,137701700.0
2012-12-17,142.47000122070312,143.85000610351562,142.42999267578125,143.77000427246094,114.30950164794922,143238200.0
2012-12-18,144.0,145.5,143.7899932861328,145.3699951171875,115.58162689208984,177762800.0
2012-12-19,145.52999877929688,145.5800018310547,144.24000549316406,144.2899932861328,114.7229232788086,150895400.0
2012-12-20,144.3800048828125,145.13999938964844,143.97999572753906,145.1199951171875,115.3828582763672,168487000.0
2012-12-21,142.1699981689453,144.08999633789062,141.94000244140625,142.7899932861328,114.33551788330078,245883800.0
2012-12-24,142.47999572753906,142.55999755859375,142.19000244140625,142.35000610351562,113.98320770263672,53874600.0
2012-12-26,142.63999938964844,142.7100067138672,141.35000610351562,141.75,113.50273895263672,106947700.0
2012-12-27,141.7899932861328,142.0800018310547,139.9199981689453,141.55999755859375,113.35063934326172,167920600.0
2012-12-28,140.63999938964844,141.4199981689453,139.8699951171875,140.02999877929688,112.12550354003906,148806700.0
2012-12-31,139.66000366210938,142.55999755859375,139.5399932861328,142.41000366210938,114.03125762939452,243935200.0
2013-01-02,145.11000061035156,146.14999389648438,144.72999572753906,146.05999755859375,116.9538803100586,192059000.0
2013-01-03,145.99000549316406,146.3699951171875,145.33999633789062,145.72999572753906,116.68959045410156,144761800.0
2013-01-04,145.97000122070312,146.61000061035156,145.6699981689453,146.3699951171875,117.20211791992188,116817700.0
2013-01-07,145.85000610351562,146.11000061035156,145.42999267578125,145.97000122070312,116.8818359375,110002500.0
2013-01-08,145.7100067138672,145.91000366210938,144.97999572753906,145.5500030517578,116.54552459716795,121265100.0
2013-01-09,145.8699951171875,146.32000732421875,145.63999938964844,145.9199981689453,116.841796875,90745600.0
2013-01-10,146.72999572753906,147.08999633789062,145.97000122070312,147.0800018310547,117.77062225341795,130735400.0
2013-01-11,147.0399932861328,147.14999389648438,146.61000061035156,147.07000732421875,117.76258850097656,113917300.0
2013-01-14,146.88999938964844,147.07000732421875,146.42999267578125,146.97000122070312,117.68253326416016,89567200.0
2013-01-15,146.2899932861328,147.2100067138672,146.1999969482422,147.07000732421875,117.76258850097656,93172600.0
2013-01-16,146.77000427246094,147.27999877929688,146.61000061035156,147.0500030517578,117.74662017822266,104849500.0
2013-01-17,147.6999969482422,148.4199981689453,147.14999389648438,148.0,118.50729370117188,133833500.0
2013-01-18,147.97000122070312,148.49000549316406,147.42999267578125,148.3300018310547,118.77151489257812,169906000.0
2013-01-22,148.3300018310547,149.1300048828125,147.97999572753906,149.1300048828125,119.4121322631836,111797300.0
2013-01-23,149.1300048828125,149.5,148.86000061035156,149.3699951171875,119.60431671142578,104596100.0
2013-01-24,149.14999389648438,150.13999938964844,149.00999450683594,149.41000366210938,119.6362762451172,146426400.0
2013-01-25,149.8800048828125,150.25,149.3699951171875,150.25,120.30896759033205,147211600.0
2013-01-28,150.2899932861328,150.3300018310547,149.50999450683594,150.07000732421875,120.164794921875,113357700.0
2013-01-29,149.77000427246094,150.85000610351562,149.6699981689453,150.66000366210938,120.6372299194336,105694400.0
2013-01-30,150.63999938964844,150.94000244140625,149.92999267578125,150.07000732421875,120.164794921875,137447700.0
2013-01-31,149.88999938964844,150.3800048828125,149.60000610351562,149.6999969482422,119.86849212646484,108975800.0
2013-02-01,150.64999389648438,151.4199981689453,150.38999938964844,151.24000549316406,121.10164642333984,131173000.0
2013-02-04,150.32000732421875,151.27000427246094,149.42999267578125,149.5399932861328,119.74041748046876,159073600.0
2013-02-05,150.35000610351562,151.47999572753906,150.2899932861328,151.0500030517578,120.94952392578124,113912400.0
2013-02-06,150.52000427246094,151.25999450683594,150.41000366210938,151.16000366210938,121.0375518798828,138762800.0
2013-02-07,151.2100067138672,151.35000610351562,149.86000061035156,150.9600067138672,120.87744903564452,162490000.0
2013-02-08,151.22000122070312,151.88999938964844,151.22000122070312,151.8000030517578,121.55005645751952,103133700.0
2013-02-11,151.74000549316406,151.89999389648438,151.38999938964844,151.77000427246094,121.52603149414062,73775000.0
2013-02-12,151.77999877929688,152.3000030517578,151.61000061035156,152.02000427246094,121.72618865966795,65392700.0
2013-02-13,152.3300018310547,152.61000061035156,151.72000122070312,152.14999389648438,121.83024597167967,82322600.0
2013-02-14,151.69000244140625,152.47000122070312,151.52000427246094,152.2899932861328,121.9423828125,80834300.0
2013-02-15,152.42999267578125,152.58999633789062,151.5500030517578,152.11000061035156,121.79821014404295,215226500.0
2013-02-19,152.3699951171875,153.27999877929688,152.16000366210938,153.25,122.71109771728516,95105400.0
2013-02-20,153.13999938964844,153.19000244140625,151.25999450683594,151.33999633789062,121.18170928955078,160574800.0
2013-02-21,150.9600067138672,151.4199981689453,149.94000244140625,150.4199981689453,120.4450225830078,183257000.0
2013-02-22,151.14999389648438,151.88999938964844,150.49000549316406,151.88999938964844,121.6220703125,106356600.0
2013-02-25,152.6300048828125,152.86000061035156,149.0,149.0,119.30802917480467,245824800.0
2013-02-26,149.72000122070312,150.1999969482422,148.72999572753906,150.02000427246094,120.124755859375,186596200.0
2013-02-27,149.88999938964844,152.3300018310547,149.75999450683594,151.91000366210938,121.63812255859376,150781900.0
2013-02-28,151.89999389648438,152.8699951171875,151.41000366210938,151.61000061035156,121.39794921875,126866000.0
2013-03-01,151.08999633789062,152.33999633789062,150.41000366210938,152.11000061035156,121.79821014404295,170634800.0
2013-03-04,151.75999450683594,152.9199981689453,151.52000427246094,152.9199981689453,122.4468765258789,99010200.0
2013-03-05,153.66000366210938,154.6999969482422,153.63999938964844,154.2899932861328,123.54383087158205,121431900.0
2013-03-06,154.83999633789062,154.9199981689453,154.16000366210938,154.5,123.71199035644533,94469900.0
2013-03-07,154.6999969482422,154.97999572753906,154.52000427246094,154.77999877929688,123.93621826171876,86101400.0
2013-03-08,155.4600067138672,155.64999389648438,154.66000366210938,155.44000244140625,124.46466064453124,123477800.0
2013-03-11,155.32000732421875,156.0399932861328,155.1300048828125,156.02999877929688,124.9371337890625,83746800.0
2013-03-12,155.9199981689453,156.10000610351562,155.2100067138672,155.67999267578125,124.65685272216795,105755800.0
2013-03-13,155.75999450683594,156.1199951171875,155.22999572753906,155.89999389648438,124.83304595947266,92550900.0
2013-03-14,156.30999755859375,156.8000030517578,155.91000366210938,156.72999572753906,125.4976043701172,126329900.0
2013-03-15,155.85000610351562,156.0399932861328,155.30999755859375,155.8300018310547,125.33186340332033,138601100.0
2013-03-18,154.33999633789062,155.63999938964844,154.1999969482422,154.97000122070312,124.64027404785156,126704300.0
2013-03-19,155.3000030517578,155.50999450683594,153.58999633789062,154.61000061035156,124.35065460205078,167567300.0
2013-03-20,155.52000427246094,155.9499969482422,155.25999450683594,155.69000244140625,125.21932983398438,113759300.0
2013-03-21,154.75999450683594,155.63999938964844,154.10000610351562,154.36000061035156,124.1496124267578,128605000.0
2013-03-22,154.85000610351562,155.60000610351562,154.72999572753906,155.60000610351562,125.14695739746094,111163600.0
2013-03-25,156.00999450683594,156.27000427246094,154.35000610351562,154.9499969482422,124.6241455078125,151322300.0
2013-03-26,155.58999633789062,156.22999572753906,155.4199981689453,156.19000244140625,125.62146759033205,86856600.0
2013-03-27,155.25999450683594,156.24000549316406,155.0,156.19000244140625,125.62146759033205,99950600.0
2013-03-28,156.08999633789062,156.85000610351562,155.75,156.6699981689453,126.0075225830078,102932800.0
2013-04-01,156.58999633789062,156.91000366210938,155.6699981689453,156.0500030517578,125.50887298583984,99194100.0
2013-04-02,156.61000061035156,157.2100067138672,156.3699951171875,156.82000732421875,126.12814331054688,101504300.0
2013-04-03,156.91000366210938,157.02999877929688,154.82000732421875,155.22999572753906,124.84932708740234,154167400.0
2013-04-04,155.42999267578125,156.1699981689453,155.08999633789062,155.86000061035156,125.35603332519533,131885000.0
2013-04-05,153.9499969482422,155.35000610351562,153.77000427246094,155.16000366210938,124.79302978515624,159666000.0
2013-04-08,155.27000427246094,156.22000122070312,154.75,156.2100067138672,125.63758850097656,86571200.0
2013-04-09,156.5,157.32000732421875,155.97999572753906,156.75,126.07185363769533,101922200.0
2013-04-10,157.1699981689453,158.8699951171875,157.1300048828125,158.6699981689453,127.6161117553711,135711100.0
2013-04-11,158.6999969482422,159.7100067138672,158.5399932861328,159.19000244140625,128.03431701660156,110142500.0
2013-04-12,158.67999267578125,159.0399932861328,157.9199981689453,158.8000030517578,127.72069549560548,116359900.0
2013-04-15,158.0,158.1300048828125,155.10000610351562,155.1199951171875,124.76094818115234,217259000.0
2013-04-16,156.2899932861328,157.49000549316406,155.91000366210938,157.41000366210938,126.60271453857422,147507800.0
2013-04-17,156.2899932861328,156.32000732421875,154.27999877929688,155.11000061035156,124.75285339355467,226834800.0
2013-04-18,155.3699951171875,155.41000366210938,153.5500030517578,154.13999938964844,123.97267150878906,167583200.0
2013-04-19,154.5,155.5500030517578,154.1199951171875,155.47999572753906,125.05045318603516,149687600.0
2013-04-22,155.77999877929688,156.5399932861328,154.75,156.1699981689453,125.6053695678711,106553500.0
2013-04-23,156.9499969482422,157.92999267578125,156.1699981689453,157.77999877929688,126.9002685546875,166141300.0
2013-04-24,157.8300018310547,158.3000030517578,157.5399932861328,157.8800048828125,126.98069763183594,96781200.0
2013-04-25,158.33999633789062,159.27000427246094,158.10000610351562,158.52000427246094,127.49542236328124,131060600.0
2013-04-26,158.3300018310547,158.60000610351562,157.72999572753906,158.24000549316406,127.2702407836914,95918800.0
2013-04-29,158.6699981689453,159.64999389648438,158.4199981689453,159.3000030517578,128.1228485107422,88572800.0
2013-04-30,159.27000427246094,159.72000122070312,158.61000061035156,159.67999267578125,128.42840576171875,116010700.0
2013-05-01,159.3300018310547,159.41000366210938,158.10000610351562,158.27999877929688,127.30243682861328,138874200.0
2013-05-02,158.67999267578125,159.88999938964844,158.52999877929688,159.75,128.48472595214844,96407600.0
2013-05-03,161.13999938964844,161.8800048828125,159.77999877929688,161.3699951171875,129.7876434326172,144202300.0
2013-05-06,161.49000549316406,162.00999450683594,161.4199981689453,161.77999877929688,130.11744689941406,66882100.0
2013-05-07,162.1300048828125,162.64999389648438,161.6699981689453,162.60000610351562,130.7769775390625,90359200.0
2013-05-08,162.4199981689453,163.38999938964844,162.3300018310547,163.33999633789062,131.37208557128906,97419200.0
2013-05-09,163.27000427246094,163.6999969482422,162.47000122070312,162.8800048828125,131.00218200683594,106738600.0
2013-05-10,162.99000549316406,163.5500030517578,162.50999450683594,163.41000366210938,131.42840576171875,103203000.0
2013-05-13,163.1999969482422,163.80999755859375,162.82000732421875,163.5399932861328,131.5329132080078,81843200.0
2013-05-14,163.6699981689453,165.35000610351562,163.6699981689453,165.22999572753906,132.89222717285156,119000900.0
2013-05-15,164.9600067138672,166.4499969482422,164.91000366210938,166.1199951171875,133.60801696777344,120718500.0
2013-05-16,165.77999877929688,166.36000061035156,165.08999633789062,165.33999633789062,132.98068237304688,109913600.0
2013-05-17,165.9499969482422,167.0399932861328,165.72999572753906,166.94000244140625,134.26751708984375,129801000.0
2013-05-20,166.77999877929688,167.5800018310547,166.61000061035156,166.92999267578125,134.2594757080078,85071200.0
2013-05-21,167.0800018310547,167.8000030517578,166.5,167.1699981689453,134.45254516601562,95804200.0
2013-05-22,167.33999633789062,169.07000732421875,165.1699981689453,165.92999267578125,133.45523071289062,244031800.0
2013-05-23,164.16000366210938,165.91000366210938,163.94000244140625,165.4499969482422,133.0691680908203,211064400.0
2013-05-24,164.47000122070312,165.3800048828125,163.97999572753906,165.30999755859375,132.9566192626953,151573900.0
2013-05-28,167.0399932861328,167.77999877929688,165.80999755859375,166.3000030517578,133.75282287597656,143679800.0
2013-05-29,165.4199981689453,165.8000030517578,164.33999633789062,165.22000122070312,132.88414001464844,160363400.0
2013-05-30,165.35000610351562,166.58999633789062,165.22000122070312,165.8300018310547,133.374755859375,107793800.0
2013-05-31,165.3699951171875,166.30999755859375,163.1300048828125,163.4499969482422,131.46058654785156,176850100.0
2013-06-03,163.8300018310547,164.4600067138672,162.66000366210938,164.35000610351562,132.1844482421875,168390700.0
2013-06-04,164.44000244140625,165.10000610351562,162.72999572753906,163.55999755859375,131.5490264892578,157631500.0
2013-06-05,163.08999633789062,163.4199981689453,161.1300048828125,161.27000427246094,129.70721435546875,211737800.0
2013-06-06,161.1999969482422,162.74000549316406,160.25,162.72999572753906,130.88150024414062,200225500.0
2013-06-07,163.85000610351562,164.9499969482422,163.13999938964844,164.8000030517578,132.54637145996094,188337800.0
2013-06-10,165.30999755859375,165.39999389648438,164.3699951171875,164.8000030517578,132.54637145996094,105667100.0
2013-06-11,163.3000030517578,164.5399932861328,162.74000549316406,163.10000610351562,131.1791229248047,159505400.0
2013-06-12,164.22000122070312,164.38999938964844,161.60000610351562,161.75,130.0933837890625,177361500.0
2013-06-13,161.66000366210938,164.5,161.3000030517578,164.2100067138672,132.07180786132812,163587800.0
2013-06-14,164.02999877929688,164.6699981689453,162.91000366210938,163.17999267578125,131.24337768554688,141197500.0
2013-06-17,164.2899932861328,165.22000122070312,163.22000122070312,164.44000244140625,132.25682067871094,136295600.0
2013-06-18,164.52999877929688,165.99000549316406,164.52000427246094,165.74000549316406,133.30245971679688,114695600.0
2013-06-19,165.60000610351562,165.88999938964844,163.3800048828125,163.4499969482422,131.46058654785156,206149500.0
2013-06-20,161.86000061035156,163.47000122070312,158.97999572753906,159.39999389648438,128.20323181152344,321255900.0
2013-06-21,159.63999938964844,159.75999450683594,157.47000122070312,159.07000732421875,128.6148223876953,271956800.0
2013-06-24,157.41000366210938,158.42999267578125,155.72999572753906,157.05999755859375,126.98960876464844,222329000.0
2013-06-25,158.47999572753906,160.10000610351562,157.4199981689453,158.57000732421875,128.21051025390625,162262200.0
2013-06-26,159.8699951171875,160.5,159.25,160.13999938964844,129.4799041748047,134848000.0
2013-06-27,161.10000610351562,161.82000732421875,160.9499969482422,161.0800018310547,130.23995971679688,129483700.0
2013-06-28,160.6300048828125,161.39999389648438,159.86000061035156,160.4199981689453,129.7062530517578,160402900.0
2013-07-01,161.25999450683594,162.47999572753906,161.0800018310547,161.36000061035156,130.46636962890625,131954800.0
2013-07-02,161.1199951171875,162.3000030517578,160.5,161.2100067138672,130.34503173828125,154863700.0
2013-07-03,160.47999572753906,161.77000427246094,160.22000122070312,161.27999877929688,130.4016571044922,75216400.0
2013-07-05,162.47000122070312,163.0800018310547,161.3000030517578,163.02000427246094,131.80853271484375,122416900.0
2013-07-08,163.86000061035156,164.38999938964844,163.0800018310547,163.9499969482422,132.5604705810547,108092500.0
2013-07-09,164.97999572753906,165.3300018310547,164.27000427246094,165.1300048828125,133.51455688476562,119298000.0
2013-07-10,164.97000122070312,165.75,164.6300048828125,165.19000244140625,133.5630645751953,121410100.0
2013-07-11,167.11000061035156,167.61000061035156,165.17999267578125,167.44000244140625,135.38229370117188,135592200.0
2013-07-12,167.38999938964844,167.92999267578125,167.1300048828125,167.50999450683594,135.43887329101562,104212700.0
2013-07-15,167.97000122070312,168.38999938964844,167.67999267578125,168.14999389648438,135.95639038085938,69450600.0
2013-07-16,168.25999450683594,168.36000061035156,167.07000732421875,167.52000427246094,135.44696044921875,88702100.0
2013-07-17,168.16000366210938,168.47999572753906,167.72999572753906,167.9499969482422,135.79464721679688,92873900.0
2013-07-18,168.30999755859375,169.27000427246094,168.1999969482422,168.8699951171875,136.53846740722656,103620100.0
2013-07-19,168.52000427246094,169.22999572753906,168.30999755859375,169.1699981689453,136.78106689453125,103831700.0
2013-07-22,169.41000366210938,169.74000549316406,169.00999450683594,169.5,137.04783630371094,79428600.0
2013-07-23,169.8000030517578,169.8300018310547,169.0500030517578,169.13999938964844,136.75685119628906,80829700.0
2013-07-24,169.7899932861328,169.86000061035156,168.17999267578125,168.52000427246094,136.25547790527344,112914000.0
2013-07-25,168.22000122070312,169.0800018310547,167.94000244140625,168.92999267578125,136.5870361328125,111088600.0
2013-07-26,168.22000122070312,169.16000366210938,167.52000427246094,169.11000061035156,136.73252868652344,107814600.0
2013-07-29,168.67999267578125,169.05999755859375,168.11000061035156,168.58999633789062,136.31211853027344,79695000.0
2013-07-30,169.10000610351562,169.27999877929688,168.19000244140625,168.58999633789062,136.31211853027344,85209600.0
2013-07-31,168.94000244140625,169.85000610351562,168.49000549316406,168.7100067138672,136.4091339111328,142388700.0
2013-08-01,169.99000549316406,170.80999755859375,169.89999389648438,170.66000366210938,137.9857940673828,110438400.0
2013-08-02,170.27999877929688,170.97000122070312,170.0500030517578,170.9499969482422,138.22027587890625,91116700.0
2013-08-05,170.57000732421875,170.9600067138672,170.35000610351562,170.6999969482422,138.0181121826172,54072700.0
2013-08-06,170.3699951171875,170.74000549316406,169.35000610351562,169.72999572753906,137.2338104248047,87495000.0
2013-08-07,169.19000244140625,169.42999267578125,168.5500030517578,169.17999267578125,136.78916931152344,84854700.0
2013-08-08,169.97999572753906,170.17999267578125,168.92999267578125,169.8000030517578,137.29043579101562,102181300.0
2013-08-09,169.5800018310547,170.10000610351562,168.72000122070312,169.30999755859375,136.89427185058594,91757700.0
2013-08-12,168.4600067138672,169.30999755859375,168.3800048828125,169.11000061035156,136.73252868652344,68593300.0
2013-08-13,169.41000366210938,169.89999389648438,168.41000366210938,169.61000061035156,137.13677978515625,80806000.0
2013-08-14,169.52999877929688,169.8000030517578,168.6999969482422,168.74000549316406,136.43338012695312,79829200.0
2013-08-15,167.41000366210938,167.42999267578125,166.08999633789062,166.3800048828125,134.52523803710938,152931800.0
2013-08-16,166.05999755859375,166.6300048828125,165.5,165.8300018310547,134.08050537109375,130868200.0
2013-08-19,165.63999938964844,166.2100067138672,164.75999450683594,164.77000427246094,133.2234649658203,96437600.0
2013-08-20,165.0399932861328,166.1999969482422,164.86000061035156,165.5800018310547,133.87835693359375,89294400.0
2013-08-21,165.1199951171875,166.02999877929688,164.19000244140625,164.55999755859375,133.05368041992188,159530500.0
2013-08-22,164.89999389648438,166.3000030517578,164.88999938964844,166.05999755859375,134.26649475097656,101471400.0
2013-08-23,166.5500030517578,166.8300018310547,165.77000427246094,166.6199951171875,134.71925354003906,90888900.0
2013-08-26,166.7899932861328,167.3000030517578,165.88999938964844,166.0,134.21798706054688,89702100.0
2013-08-27,164.36000061035156,166.0,163.2100067138672,163.3300018310547,132.0592041015625,158619400.0
2013-08-28,163.25999450683594,164.49000549316406,163.0500030517578,163.91000366210938,132.52813720703125,108113000.0
2013-08-29,163.5500030517578,165.0399932861328,163.39999389648438,164.1699981689453,132.7383575439453,119200500.0
2013-08-30,164.50999450683594,164.52999877929688,163.1699981689453,163.64999389648438,132.31790161132812,134928900.0
2013-09-03,165.22999572753906,165.5800018310547,163.6999969482422,164.38999938964844,132.916259765625,142375100.0
2013-09-04,164.42999267578125,166.02999877929688,164.1300048828125,165.75,134.015869140625,97389400.0
2013-09-05,165.85000610351562,166.39999389648438,165.72999572753906,165.9600067138672,134.18560791015625,63090500.0
2013-09-06,166.50999450683594,166.97999572753906,164.47999572753906,166.0399932861328,134.2503662109375,159756500.0
2013-09-09,166.4499969482422,167.72999572753906,166.4499969482422,167.6300048828125,135.53590393066406,87559300.0
2013-09-10,168.63999938964844,168.89999389648438,168.25999450683594,168.8699951171875,136.53846740722656,105847200.0
2013-09-11,168.63999938964844,169.39999389648438,168.35000610351562,169.39999389648438,136.96705627441406,94545900.0
2013-09-12,169.33999633789062,169.55999755859375,168.72000122070312,168.9499969482422,136.60313415527344,83209000.0
2013-09-13,169.1300048828125,169.4600067138672,168.74000549316406,169.3300018310547,136.91041564941406,72727800.0
2013-09-16,171.16000366210938,171.24000549316406,170.0399932861328,170.30999755859375,137.7028045654297,106299200.0
2013-09-17,170.4600067138672,171.11000061035156,170.4600067138672,171.07000732421875,138.31724548339844,82523300.0
2013-09-18,171.00999450683594,173.52000427246094,170.5800018310547,173.0500030517578,139.91824340820312,203460600.0
2013-09-19,173.52000427246094,173.60000610351562,172.58999633789062,172.75999450683594,139.68373107910156,146616900.0
2013-09-20,172.3300018310547,172.3300018310547,170.5800018310547,170.72000122070312,138.70716857910156,132867100.0
2013-09-23,170.49000549316406,170.64999389648438,169.38999938964844,169.92999267578125,138.06527709960938,104616500.0
2013-09-24,169.89999389648438,170.52999877929688,169.2100067138672,169.52999877929688,137.74021911621094,106333100.0
2013-09-25,169.63999938964844,169.97999572753906,168.88999938964844,169.0399932861328,137.34214782714844,117306500.0
2013-09-26,169.32000732421875,170.1699981689453,169.0500030517578,169.69000244140625,137.87034606933594,77146900.0
2013-09-27,168.83999633789062,169.13999938964844,168.47000122070312,168.91000366210938,137.23646545410156,99141800.0
2013-09-30,167.47999572753906,168.5399932861328,167.14999389648438,168.00999450683594,136.50526428222656,143937000.0
2013-10-01,168.13999938964844,169.5,167.97000122070312,169.33999633789062,137.58590698242188,127160000.0
2013-10-02,168.35000610351562,169.33999633789062,167.8300018310547,169.17999267578125,137.4559326171875,113350000.0
2013-10-03,168.7899932861328,168.94000244140625,166.83999633789062,167.6199951171875,136.1883544921875,176698000.0
2013-10-04,167.75,169.05999755859375,167.52999877929688,168.88999938964844,137.22024536132812,96878000.0
2013-10-07,167.4199981689453,168.4499969482422,167.25,167.42999267578125,136.03407287597656,96295000.0
2013-10-08,167.39999389648438,167.6199951171875,165.36000061035156,165.47999572753906,134.44969177246094,178015000.0
2013-10-09,165.8000030517578,166.1999969482422,164.52999877929688,165.60000610351562,134.5472869873047,168973000.0
2013-10-10,167.2899932861328,169.25999450683594,167.22999572753906,169.1699981689453,137.4478302001953,195955000.0
2013-10-11,168.91000366210938,170.32000732421875,168.77000427246094,170.25999450683594,138.33340454101562,105040000.0
2013-10-14,169.2100067138672,171.0800018310547,169.0800018310547,170.94000244140625,138.88584899902344,112106000.0
2013-10-15,170.50999450683594,171.14999389648438,169.47000122070312,169.6999969482422,137.87840270996094,155485000.0
2013-10-16,170.72000122070312,172.16000366210938,170.63999938964844,172.07000732421875,139.80398559570312,161676000.0
2013-10-17,171.3699951171875,173.32000732421875,171.33999633789062,173.22000122070312,140.73834228515625,129389000.0
2013-10-18,173.86000061035156,174.50999450683594,173.50999450683594,174.38999938964844,141.68896484375,138316000.0
2013-10-21,174.4499969482422,174.75,174.00999450683594,174.39999389648438,141.69703674316406,104104000.0
2013-10-22,174.91000366210938,175.92999267578125,174.42999267578125,175.41000366210938,142.51766967773438,126663000.0
2013-10-23,174.80999755859375,174.88999938964844,173.9600067138672,174.57000732421875,141.83518981933594,105484000.0
2013-10-24,174.9199981689453,175.3699951171875,174.50999450683594,175.14999389648438,142.30642700195312,70350000.0
2013-10-25,175.50999450683594,176.0,175.1699981689453,175.9499969482422,142.95640563964844,93625000.0
2013-10-28,175.88999938964844,176.47000122070312,175.6999969482422,176.22999572753906,143.18386840820312,84979000.0
2013-10-29,176.6300048828125,177.24000549316406,176.3800048828125,177.1699981689453,143.94766235351562,87401000.0
2013-10-30,177.3800048828125,177.50999450683594,175.66000366210938,176.2899932861328,143.23263549804688,140002000.0
2013-10-31,176.14999389648438,176.88999938964844,175.52999877929688,175.7899932861328,142.82640075683594,133795000.0
2013-11-01,176.02000427246094,176.61000061035156,175.22000122070312,176.2100067138672,143.1676483154297,142805000.0
2013-11-04,176.69000244140625,176.89999389648438,175.97999572753906,176.8300018310547,143.67138671875,85677000.0
2013-11-05,176.13999938964844,176.75,175.57000732421875,176.27000427246094,143.2164306640625,85825000.0
2013-11-06,177.02999877929688,177.5,176.5399932861328,177.1699981689453,143.94766235351562,87348000.0
2013-11-07,177.5,177.63999938964844,174.75999450683594,174.92999267578125,142.12767028808594,157000000.0
2013-11-08,174.8699951171875,177.30999755859375,174.85000610351562,177.2899932861328,144.0450897216797,136713000.0
2013-11-11,177.1199951171875,177.52999877929688,176.91000366210938,177.32000732421875,144.06956481933594,62614000.0
2013-11-12,176.94000244140625,177.36000061035156,176.3699951171875,176.9600067138672,143.77703857421875,83990000.0
2013-11-13,176.08999633789062,178.42999267578125,176.08999633789062,178.3800048828125,144.9307403564453,103844000.0
2013-11-14,178.5399932861328,179.4199981689453,178.25,179.27000427246094,145.6538543701172,103435000.0
2013-11-15,179.55999755859375,180.1199951171875,179.3300018310547,180.0500030517578,146.28756713867188,102818000.0
2013-11-18,180.3500061035156,180.5,179.02000427246094,179.4199981689453,145.77569580078125,104796000.0
2013-11-19,179.3300018310547,179.8699951171875,178.72000122070312,179.02999877929688,145.45889282226562,93891000.0
2013-11-20,179.38999938964844,179.92999267578125,177.97999572753906,178.47000122070312,145.0038604736328,124909000.0
2013-11-21,178.97000122070312,180.0500030517578,178.86000061035156,179.91000366210938,146.17384338378906,92841000.0
2013-11-22,179.97999572753906,180.8300018310547,179.77000427246094,180.8099975585937,146.9050750732422,81296000.0
2013-11-25,181.1300048828125,181.1699981689453,180.3699951171875,180.6300048828125,146.75888061523438,79486000.0
2013-11-26,180.72000122070312,181.22000122070312,180.4100036621093,180.67999267578125,146.7994384765625,86994000.0
2013-11-27,180.8699951171875,181.2400054931641,180.6499938964844,181.1199951171875,147.15689086914062,58800000.0
2013-11-29,181.32000732421875,181.75,180.8000030517578,181.0,147.05943298339844,55870900.0
2013-12-02,181.08999633789065,181.42999267578125,180.25,180.52999877929688,146.67755126953125,99726000.0
2013-12-03,179.94000244140625,180.38999938964844,179.1699981689453,179.75,146.04383850097656,116563000.0
2013-12-04,179.10000610351562,180.47999572753903,178.35000610351562,179.72999572753906,146.02761840820312,123033000.0
2013-12-05,179.41000366210938,179.74000549316406,178.77000427246094,178.94000244140625,145.38571166992188,106934000.0
2013-12-06,180.6699981689453,181.1100006103516,180.1499938964844,180.94000244140625,147.01072692871094,127728000.0
2013-12-09,181.47000122070312,181.6699981689453,181.1600036621093,181.3999938964844,147.38438415527344,70124000.0
2013-12-10,180.97999572753903,181.3600006103516,180.63999938964844,180.75,146.85630798339844,80976000.0
2013-12-11,180.82000732421875,180.8500061035156,178.5,178.72000122070312,145.20703125,130591000.0
2013-12-12,178.63999938964844,178.86000061035156,177.75999450683594,178.1300048828125,144.72763061523438,115565000.0
2013-12-13,178.5,178.66000366210938,177.77000427246094,178.11000061035156,144.71139526367188,107808000.0
2013-12-16,178.9499969482422,179.80999755859375,178.89999389648438,179.22000122070312,145.61325073242188,96195000.0
2013-12-17,179.3800048828125,179.41000366210938,178.25,178.64999389648438,145.15011596679688,89886000.0
2013-12-18,178.9199981689453,181.72999572753903,177.32000732421875,181.6999969482422,147.6282196044922,234906000.0
2013-12-19,181.17999267578125,181.6999969482422,180.7100067138672,181.4900054931641,147.45762634277344,136531200.0
2013-12-20,180.69000244140625,181.9900054931641,180.57000732421875,181.5599975585937,148.3153076171875,197087000.0
2013-12-23,182.4499969482422,182.63999938964844,182.07000732421875,182.52999877929688,149.10768127441406,85598000.0
2013-12-24,182.5399932861328,183.009994506836,182.52999877929688,182.92999267578125,149.43446350097656,45368800.0
2013-12-26,183.33999633789065,183.9600067138672,183.32000732421875,183.8600006103516,150.1941680908203,63365000.0
2013-12-27,184.1000061035156,184.17999267578125,183.6600036621093,183.8500061035156,150.1859588623047,61814000.0
2013-12-30,183.8699951171875,184.0200042724609,183.5800018310547,183.82000732421875,150.16143798828125,56857000.0
2013-12-31,184.07000732421875,184.69000244140625,183.92999267578125,184.69000244140625,150.87217712402344,86119900.0
2014-01-02,183.97999572753903,184.07000732421875,182.47999572753903,182.9199981689453,149.42625427246094,119636900.0
2014-01-03,183.22999572753903,183.6000061035156,182.6300048828125,182.88999938964844,149.4018096923828,81390600.0
2014-01-06,183.4900054931641,183.5599975585937,182.0800018310547,182.3600006103516,148.96878051757812,108028200.0
2014-01-07,183.08999633789065,183.7899932861328,182.9499969482422,183.47999572753903,149.88375854492188,86144200.0
2014-01-08,183.4499969482422,183.8300018310547,182.88999938964844,183.5200042724609,149.91650390625,96582300.0
2014-01-09,184.1100006103516,184.1300048828125,182.8000030517578,183.63999938964844,150.01446533203125,90683400.0
2014-01-10,183.9499969482422,184.22000122070312,183.009994506836,184.13999938964844,150.4229278564453,102026400.0
2014-01-13,183.6699981689453,184.17999267578125,181.33999633789065,181.69000244140625,148.4215545654297,149892000.0
2014-01-14,182.2899932861328,183.7700042724609,181.9499969482422,183.6699981689453,150.03892517089844,105016100.0
2014-01-15,184.1000061035156,184.94000244140625,183.7100067138672,184.6600036621093,150.84774780273438,98525800.0
2014-01-16,184.27999877929688,184.6600036621093,183.8300018310547,184.4199981689453,150.651611328125,72290600.0
2014-01-17,184.1000061035156,184.4499969482422,183.32000732421875,183.63999938964844,150.01446533203125,107848700.0
2014-01-21,184.6999969482422,184.7700042724609,183.0500030517578,184.17999267578125,150.45555114746094,88621200.0
2014-01-22,184.4900054931641,184.57000732421875,183.9100036621093,184.3000030517578,150.55360412597656,61270900.0
2014-01-23,183.3699951171875,183.3999938964844,181.82000732421875,182.7899932861328,149.32008361816406,132496900.0
2014-01-24,181.6000061035156,181.6600036621093,178.8300018310547,178.88999938964844,146.13418579101562,208677100.0
2014-01-27,179.05999755859375,179.52000427246094,177.1199951171875,178.00999450683594,145.41534423828125,180843100.0
2014-01-28,178.13999938964844,179.3000030517578,178.1199951171875,179.07000732421875,146.2812042236328,110463200.0
2014-01-29,177.5800018310547,178.5500030517578,176.8800048828125,177.35000610351562,144.87620544433594,216597300.0
2014-01-30,178.8300018310547,179.80999755859375,178.25999450683594,179.22999572753906,146.4119415283203,118938100.0
2014-01-31,177.00999450683594,179.2899932861328,176.9199981689453,178.17999267578125,145.55422973632812,194677900.0
2014-02-03,177.97000122070312,178.3699951171875,173.8300018310547,174.1699981689453,142.27845764160156,254837100.0
2014-02-04,174.9499969482422,175.83999633789062,174.11000061035156,175.38999938964844,143.27508544921875,165012400.0
2014-02-05,174.77999877929688,175.55999755859375,173.7100067138672,175.1699981689453,143.0953826904297,164230500.0
2014-02-06,175.5800018310547,177.47999572753906,175.22000122070312,177.47999572753906,144.9823760986328,132877600.0
2014-02-07,178.30999755859375,179.8699951171875,177.72999572753906,179.67999267578125,146.77951049804688,170787200.0
2014-02-10,179.6999969482422,180.07000732421875,179.2100067138672,180.00999450683594,147.04913330078125,92218800.0
2014-02-11,180.1600036621093,182.44000244140625,180.0399932861328,181.97999572753903,148.65841674804688,117814100.0
2014-02-12,182.25,182.8300018310547,181.7100067138672,182.07000732421875,148.73193359375,94717700.0
2014-02-13,180.83999633789065,183.1999969482422,180.8300018310547,183.009994506836,149.4998016357422,100542200.0
2014-02-14,182.83999633789065,184.3600006103516,182.6699981689453,184.0200042724609,150.3248748779297,96498400.0
2014-02-18,184.17999267578125,184.4900054931641,183.6499938964844,184.2400054931641,150.5045623779297,80460900.0
2014-02-19,183.759994506836,184.9499969482422,182.8699951171875,183.0200042724609,149.50799560546875,126524300.0
2014-02-20,183.2700042724609,184.5200042724609,182.6000061035156,184.1000061035156,150.3902130126953,104998100.0
2014-02-21,184.4499969482422,184.88999938964844,183.8000030517578,183.88999938964844,150.2186737060547,118116400.0
2014-02-24,184.27999877929688,186.1499938964844,184.1999969482422,184.9100036621093,151.0518341064453,114063900.0
2014-02-25,185.0599975585937,185.58999633789065,184.22999572753903,184.83999633789065,150.9946746826172,117085000.0
2014-02-26,185.1100006103516,185.6000061035156,184.3300018310547,184.8500061035156,151.0029296875,98677200.0
2014-02-27,184.5800018310547,185.8699951171875,184.3699951171875,185.82000732421875,151.79527282714844,93880800.0
2014-02-28,185.7899932861328,187.1499938964844,185.0500030517578,186.2899932861328,152.1792449951172,150842000.0
2014-03-03,184.6499938964844,185.4499969482422,183.75,184.97999572753903,151.10914611816406,167748500.0
2014-03-04,186.7899932861328,187.97999572753903,186.75,187.5800018310547,153.23301696777344,167545900.0
2014-03-05,187.7400054931641,188.07000732421875,187.4499969482422,187.75,153.37185668945312,88376900.0
2014-03-06,188.2100067138672,188.6100006103516,187.77999877929688,188.17999267578125,153.72314453125,82516500.0
2014-03-07,188.9600067138672,188.9600067138672,187.42999267578125,188.259994506836,153.78846740722656,114513500.0
2014-03-10,187.97000122070312,188.22999572753903,187.0800018310547,188.1600036621093,153.70677185058594,74939200.0
2014-03-11,188.44000244140625,188.7100067138672,186.8000030517578,187.22999572753903,152.9470977783203,99009100.0
2014-03-12,186.32000732421875,187.3500061035156,185.8999938964844,187.27999877929688,152.9878692626953,104824400.0
2014-03-13,187.83999633789065,187.9900054931641,184.6600036621093,185.17999267578125,151.27244567871094,155014300.0
2014-03-14,184.8500061035156,185.8000030517578,184.44000244140625,184.6600036621093,150.84774780273438,153919600.0
2014-03-17,185.58999633789065,186.7700042724609,185.509994506836,186.3300018310547,152.2118682861328,98359500.0
2014-03-18,186.7100067138672,187.9100036621093,186.509994506836,187.6600036621093,153.29835510253906,101804600.0
2014-03-19,187.67999267578125,187.94000244140625,185.47000122070312,186.6600036621093,152.48141479492188,176267300.0
2014-03-20,186.25,187.88999938964844,185.9199981689453,187.75,153.37185668945312,117241000.0
2014-03-21,187.7100067138672,189.0200042724609,186.02999877929688,186.1999969482422,152.77703857421875,163128000.0
2014-03-24,186.83999633789065,187.07000732421875,184.6199951171875,185.42999267578125,152.14524841308594,121411000.0
2014-03-25,186.3699951171875,186.94000244140625,185.2700042724609,186.3099975585937,152.8673095703125,103852000.0
2014-03-26,187.0399932861328,187.33999633789065,184.9199981689453,184.97000122070312,151.7677764892578,119843000.0
2014-03-27,184.75,185.33999633789065,183.8999938964844,184.5800018310547,151.4477996826172,142383000.0
2014-03-28,185.1100006103516,186.4199981689453,185.0,185.4900054931641,152.1944122314453,101642000.0
2014-03-31,186.6699981689453,187.3000030517578,185.5200042724609,187.009994506836,153.44155883789062,99745000.0
2014-04-01,187.6199951171875,188.3600006103516,187.0,188.25,154.4590606689453,89193000.0
2014-04-02,188.4900054931641,189.1300048828125,188.13999938964844,188.8800048828125,154.97596740722656,78774000.0
2014-04-03,189.1699981689453,189.22000122070312,188.0500030517578,188.6300048828125,154.77088928222656,77435000.0
2014-04-04,189.6600036621093,189.6999969482422,186.1000061035156,186.3999938964844,152.941162109375,169381000.0
2014-04-07,185.9499969482422,186.259994506836,183.9600067138672,184.33999633789065,151.2508544921875,140803000.0
2014-04-08,184.259994506836,185.3999938964844,183.58999633789065,185.1000061035156,151.8744354248047,112660000.0
2014-04-09,185.6000061035156,187.1499938964844,185.0599975585937,187.08999633789065,153.50723266601562,100254000.0
2014-04-10,187.0800018310547,187.1699981689453,182.92999267578125,183.1600036621093,150.28273010253906,172959000.0
2014-04-11,182.13999938964844,183.4199981689453,181.3099975585937,181.509994506836,148.92892456054688,167251000.0
2014-04-14,182.92999267578125,183.3699951171875,181.44000244140625,182.94000244140625,150.1022186279297,132382000.0
2014-04-15,183.32000732421875,184.3300018310547,181.509994506836,184.1999969482422,151.13607788085938,157093000.0
2014-04-16,185.47000122070312,186.13999938964844,184.6499938964844,186.1300048828125,152.71957397460938,105197000.0
2014-04-17,185.8800048828125,186.9100036621093,185.5599975585937,186.38999938964844,152.9329071044922,105255000.0
2014-04-21,186.44000244140625,187.1000061035156,186.2100067138672,187.0399932861328,153.4662322998047,68329000.0
2014-04-22,187.22999572753903,188.3999938964844,187.1300048828125,187.88999938964844,154.16366577148438,85790000.0
2014-04-23,187.82000732421875,187.9199981689453,187.3000030517578,187.4499969482422,153.8026580810547,73869000.0
2014-04-24,188.3699951171875,188.38999938964844,186.92999267578125,187.8300018310547,154.1144561767578,88170000.0
2014-04-25,187.22000122070312,187.3300018310547,185.8699951171875,186.2899932861328,152.85086059570312,100380000.0
2014-04-28,187.0500030517578,187.69000244140625,184.9600067138672,186.8800048828125,153.3349609375,135121000.0
2014-04-29,187.47999572753903,188.0399932861328,187.0800018310547,187.75,154.0487823486328,84098000.0
2014-04-30,187.44000244140625,188.5,187.17999267578125,188.3099975585937,154.50823974609375,101508000.0
2014-05-01,188.22000122070312,188.83999633789065,187.72999572753903,188.3300018310547,154.52471923828125,93019000.0
2014-05-02,188.3099975585937,189.13999938964844,187.77999877929688,188.0599975585937,154.30313110351562,98122000.0
2014-05-05,187.13999938964844,188.5500030517578,186.6199951171875,188.4199981689453,154.59852600097656,75883000.0
2014-05-06,188.0,188.1300048828125,186.7400054931641,186.77999877929688,153.2529296875,85454000.0
2014-05-07,187.4100036621093,187.97000122070312,186.009994506836,187.8800048828125,154.15541076660156,106500000.0
2014-05-08,187.7100067138672,189.0500030517578,187.0800018310547,187.67999267578125,153.99136352539062,93618000.0
2014-05-09,187.7100067138672,188.0399932861328,186.8300018310547,187.9600067138672,154.22109985351562,83679000.0
2014-05-12,188.8000030517578,189.8800048828125,188.0,189.7899932861328,155.7225799560547,86940000.0
2014-05-13,190.0399932861328,190.4199981689453,189.7700042724609,189.9600067138672,155.8621063232422,66454000.0
2014-05-14,189.7899932861328,189.8800048828125,188.7899932861328,189.0599975585937,155.1236572265625,72367000.0
2014-05-15,188.67999267578125,188.72000122070312,186.47999572753903,187.3999938964844,153.76168823242188,154956000.0
2014-05-16,187.509994506836,188.1300048828125,186.72000122070312,188.0500030517578,154.2949981689453,97458000.0
2014-05-19,187.69000244140625,188.88999938964844,187.5200042724609,188.7400054931641,154.86109924316406,63839000.0
2014-05-20,188.6499938964844,188.6699981689453,187.07000732421875,187.5500030517578,153.8847198486328,111644000.0
2014-05-21,188.08999633789065,189.22000122070312,188.0599975585937,189.1300048828125,155.18104553222656,89093000.0
2014-05-22,189.17999267578125,189.97999572753903,188.8600006103516,189.58999633789065,155.55848693847656,61549000.0
2014-05-23,189.759994506836,190.47999572753903,189.58999633789065,190.3500061035156,156.18214416503906,61092800.0
2014-05-27,191.0599975585937,191.5800018310547,190.9499969482422,191.5200042724609,157.14208984375,72010000.0
2014-05-28,191.5200042724609,191.82000732421875,191.0599975585937,191.3800048828125,157.02711486816406,66723000.0
2014-05-29,191.82000732421875,192.3999938964844,191.3300018310547,192.3699951171875,157.83946228027344,64377000.0
2014-05-30,192.19000244140625,192.8000030517578,192.02999877929688,192.67999267578125,158.09381103515625,76316000.0
2014-06-02,192.9499969482422,192.9900054931641,191.97000122070312,192.8999938964844,158.2743377685547,64656000.0
2014-06-03,192.42999267578125,192.8999938964844,192.25,192.8000030517578,158.19232177734375,65047000.0
2014-06-04,192.47000122070312,193.3000030517578,192.2700042724609,193.19000244140625,158.5123291015625,55529000.0
2014-06-05,193.4100036621093,194.6499938964844,192.6999969482422,194.4499969482422,159.54611206054688,92103000.0
2014-06-06,194.8699951171875,195.42999267578125,194.77999877929688,195.3800048828125,160.3091583251953,78696000.0
2014-06-09,195.3500061035156,196.0500030517578,195.1699981689453,195.5800018310547,160.47332763671875,65119000.0
2014-06-10,195.33999633789065,195.63999938964844,194.9199981689453,195.6000061035156,160.4897003173828,57129000.0
2014-06-11,194.8999938964844,195.1199951171875,194.47999572753903,194.9199981689453,159.93177795410156,68772000.0
2014-06-12,194.69000244140625,194.8000030517578,193.1100006103516,193.5399932861328,158.79953002929688,106350000.0
2014-06-13,193.9199981689453,194.32000732421875,193.3000030517578,194.1300048828125,159.28359985351562,82017000.0
2014-06-16,193.88999938964844,194.6999969482422,193.6600036621093,194.2899932861328,159.41485595703125,87424000.0
2014-06-17,194.0200042724609,194.97000122070312,193.8099975585937,194.8300018310547,159.85792541503906,84834000.0
2014-06-18,194.8300018310547,196.3699951171875,194.3999938964844,196.259994506836,161.0312042236328,105267000.0
2014-06-19,196.42999267578125,196.6000061035156,195.8000030517578,196.47999572753903,161.21176147460938,85929000.0
2014-06-20,196.02999877929688,196.1000061035156,195.6999969482422,195.94000244140625,161.53903198242188,100587000.0
2014-06-23,195.9900054931641,196.0500030517578,195.5200042724609,195.8800048828125,161.48956298828125,70611000.0
2014-06-24,195.52999877929688,196.5,194.47999572753903,194.6999969482422,160.5167694091797,96237000.0
2014-06-25,194.2899932861328,195.77999877929688,194.25,195.5800018310547,161.24229431152344,82782000.0
2014-06-26,195.6100006103516,195.6300048828125,194.1300048828125,195.44000244140625,161.12681579589844,84312000.0
2014-06-27,194.97999572753903,195.8800048828125,194.88999938964844,195.82000732421875,161.44007873535156,71445100.0
2014-06-30,195.6999969482422,196.1699981689453,195.52999877929688,195.72000122070312,161.357666015625,70201200.0
2014-07-01,196.1999969482422,197.6300048828125,196.1300048828125,197.02999877929688,162.43765258789062,90470000.0
2014-07-02,197.0500030517578,197.47999572753903,196.9600067138672,197.22999572753903,162.60256958007812,52475000.0
2014-07-03,197.7899932861328,198.2899932861328,197.63999938964844,198.1999969482422,163.4022674560547,52938800.0
2014-07-07,197.82000732421875,197.97999572753903,197.22000122070312,197.509994506836,162.8334197998047,61696000.0
2014-07-08,197.1499938964844,197.22000122070312,195.759994506836,196.2400054931641,161.786376953125,108143000.0
2014-07-09,196.72999572753903,197.3000030517578,196.3099975585937,197.1199951171875,162.5118865966797,72992000.0
2014-07-10,195.22000122070312,196.8600006103516,195.0599975585937,196.33999633789065,161.8687744140625,99040000.0
2014-07-11,196.22000122070312,196.75,195.77999877929688,196.6100006103516,162.09141540527344,64243000.0
2014-07-14,197.6100006103516,197.8600006103516,197.44000244140625,197.6000061035156,162.9075927734375,58658000.0
2014-07-15,197.72000122070312,198.1000061035156,196.3600006103516,197.22999572753903,162.60256958007812,111307000.0
2014-07-16,198.1100006103516,198.259994506836,197.4199981689453,197.9600067138672,163.2044219970703,79986400.0
2014-07-17,197.3500061035156,198.1000061035156,195.42999267578125,195.7100067138672,161.34942626953125,145398000.0
2014-07-18,196.3500061035156,197.9100036621093,196.2400054931641,197.7100067138672,162.99830627441406,124330000.0
2014-07-21,197.08999633789065,197.5,196.42999267578125,197.33999633789065,162.69326782226562,67592000.0
2014-07-22,198.009994506836,198.5599975585937,197.8699951171875,198.1999969482422,163.4022674560547,67678000.0
2014-07-23,198.5,198.8500061035156,198.1000061035156,198.63999938964844,163.7649688720703,65612000.0
2014-07-24,198.8300018310547,199.0599975585937,198.4499969482422,198.6499938964844,163.7732391357422,56888000.0
2014-07-25,198.08999633789065,198.259994506836,197.3300018310547,197.72000122070312,163.00643920898438,76837000.0
2014-07-28,197.759994506836,198.08999633789065,196.6199951171875,197.8000030517578,163.07247924804688,69259000.0
2014-07-29,198.1699981689453,198.4499969482422,196.9199981689453,196.9499969482422,162.37171936035156,80466000.0
2014-07-30,197.6499938964844,197.9100036621093,196.1600036621093,196.97999572753903,162.396484375,104222000.0
2014-07-31,195.6100006103516,195.77999877929688,192.97000122070312,193.08999633789065,159.18943786621094,183479000.0
2014-08-01,192.5599975585937,193.759994506836,191.57000732421875,192.5,158.70297241210938,189261000.0
2014-08-04,192.8699951171875,194.3000030517578,192.0500030517578,193.88999938964844,159.84893798828125,91340000.0
2014-08-05,193.1000061035156,193.6000061035156,191.3099975585937,192.009994506836,158.2990264892578,152690000.0
2014-08-06,191.1100006103516,192.88999938964844,191.0800018310547,192.07000732421875,158.3485565185547,94818000.0
2014-08-07,192.94000244140625,193.1300048828125,190.5500030517578,191.02999877929688,157.4910888671875,135733000.0
2014-08-08,191.4600067138672,193.3699951171875,190.9499969482422,193.2400054931641,159.3130645751953,117014000.0
2014-08-11,193.97000122070312,194.6600036621093,193.7100067138672,193.8000030517578,159.77474975585938,74544000.0
2014-08-12,193.6100006103516,194.1499938964844,192.94000244140625,193.52999877929688,159.5521697998047,73632000.0
2014-08-13,194.2899932861328,195.0599975585937,193.9600067138672,194.83999633789065,160.63218688964844,69047000.0
2014-08-14,195.1600036621093,195.759994506836,194.97999572753903,195.759994506836,161.390625,57371000.0
2014-08-15,196.47000122070312,196.6499938964844,194.3099975585937,195.72000122070312,161.357666015625,139951000.0
2014-08-18,196.8000030517578,197.4499969482422,196.69000244140625,197.3600006103516,162.70974731445312,75424000.0
2014-08-19,197.83999633789065,198.5399932861328,197.44000244140625,198.38999938964844,163.55885314941406,59135000.0
2014-08-20,198.1199951171875,199.1600036621093,198.0800018310547,198.9199981689453,163.99588012695312,72763000.0
2014-08-21,199.08999633789065,199.759994506836,198.92999267578125,199.5,164.4739990234375,67791000.0
2014-08-22,199.33999633789065,199.69000244140625,198.7400054931641,199.19000244140625,164.21844482421875,76107000.0
2014-08-25,200.13999938964844,200.58999633789065,199.1499938964844,200.1999969482422,165.05113220214844,63855000.0
2014-08-26,200.3300018310547,200.82000732421875,200.27999877929688,200.3300018310547,165.15829467773438,47298000.0
2014-08-27,200.42999267578125,200.57000732421875,199.94000244140625,200.25,165.0923309326172,47874000.0
2014-08-28,199.58999633789065,200.2700042724609,199.38999938964844,200.13999938964844,165.00164794921875,58330000.0
2014-08-29,200.4499969482422,200.72999572753903,199.82000732421875,200.7100067138672,165.47157287597656,65907000.0
2014-09-02,200.97000122070312,201.0,199.8600006103516,200.6100006103516,165.38914489746094,72426000.0
2014-09-03,201.3800048828125,201.4100036621093,200.22000122070312,200.5,165.29847717285156,57462000.0
2014-09-04,200.83999633789065,201.5800018310547,199.6600036621093,200.2100067138672,165.05938720703125,85236000.0
2014-09-05,200.1699981689453,201.19000244140625,199.4100036621093,201.1100006103516,165.80130004882812,102177000.0
2014-09-08,200.9199981689453,201.2100067138672,200.0,200.58999633789065,165.37265014648438,64146000.0
2014-09-09,200.4100036621093,200.5500030517578,198.9100036621093,199.32000732421875,164.3255615234375,88591000.0
2014-09-10,199.42999267578125,200.1999969482422,198.7700042724609,200.07000732421875,164.94400024414062,67251000.0
2014-09-11,199.2700042724609,200.3300018310547,199.1199951171875,200.3000030517578,165.13357543945312,66774400.0
2014-09-12,200.1000061035156,200.1199951171875,198.5599975585937,199.1300048828125,164.16897583007812,117409300.0
2014-09-15,199.1600036621093,199.32000732421875,198.3800048828125,198.97999572753903,164.04534912109375,76401000.0
2014-09-16,198.6100006103516,200.83999633789065,198.5,200.47999572753903,165.2819366455078,116201000.0
2014-09-17,200.7700042724609,201.67999267578125,199.75,200.75,165.50454711914062,151266000.0
2014-09-18,201.3600006103516,201.8500061035156,201.1000061035156,201.82000732421875,166.38668823242188,94990000.0
2014-09-19,201.5200042724609,201.8999938964844,200.2899932861328,200.6999969482422,166.2367706298828,121649000.0
2014-09-22,200.3500061035156,200.3800048828125,198.72999572753903,199.1499938964844,164.95297241210938,125553000.0
2014-09-23,198.42999267578125,199.259994506836,197.9499969482422,198.009994506836,164.0087127685547,111393000.0
2014-09-24,198.0399932861328,199.69000244140625,197.5200042724609,199.5599975585937,165.2925567626953,107276000.0
2014-09-25,199.0399932861328,199.0500030517578,196.2700042724609,196.33999633789065,162.62542724609375,150300000.0
2014-09-26,196.6999969482422,198.38999938964844,196.4199981689453,197.8999938964844,163.91758728027344,103547000.0
2014-09-29,196.1999969482422,197.88999938964844,196.0500030517578,197.5399932861328,163.619384765625,95112000.0
2014-09-30,197.69000244140625,198.3000030517578,196.6100006103516,197.0200042724609,163.18870544433594,131302000.0
2014-10-01,196.6999969482422,196.7700042724609,193.9100036621093,194.3500061035156,160.97723388671875,177798000.0
2014-10-02,194.17999267578125,195.0599975585937,192.3500061035156,194.3800048828125,161.00205993652344,157285000.0
2014-10-03,195.67999267578125,196.94000244140625,195.0800018310547,196.5200042724609,162.77455139160156,121569000.0
2014-10-06,197.33999633789065,197.6000061035156,195.5800018310547,196.2899932861328,162.5840301513672,104778000.0
2014-10-07,195.27999877929688,195.72000122070312,193.22000122070312,193.259994506836,160.07440185546875,147913000.0
2014-10-08,193.3699951171875,196.9199981689453,192.3600006103516,196.63999938964844,162.87399291992188,186461000.0
2014-10-09,196.3300018310547,196.6000061035156,192.5800018310547,192.7400054931641,159.64361572265625,210705000.0
2014-10-10,192.69000244140625,193.6499938964844,190.4900054931641,190.5399932861328,157.8214111328125,221909000.0
2014-10-13,190.4600067138672,191.1499938964844,187.3000030517578,187.4100036621093,155.22891235351562,230939000.0
2014-10-14,188.4199981689453,189.82000732421875,187.0399932861328,187.6999969482422,155.4690399169922,215847000.0
2014-10-15,185.1600036621093,187.69000244140625,181.9199981689453,186.42999267578125,154.41717529296875,380715000.0
2014-10-16,183.0599975585937,187.5800018310547,182.88999938964844,186.2700042724609,154.28460693359375,270391000.0
2014-10-17,188.4199981689453,189.75,187.6199951171875,188.47000122070312,156.10690307617188,214625000.0
2014-10-20,188.1300048828125,190.4499969482422,188.07000732421875,190.3000030517578,157.62266540527344,130011000.0
2014-10-21,191.67999267578125,194.1999969482422,191.47999572753903,194.07000732421875,160.74530029296875,154949000.0
2014-10-22,194.4100036621093,194.9100036621093,192.6100006103516,192.69000244140625,159.60223388671875,151822000.0
2014-10-23,194.6199951171875,196.1999969482422,194.259994506836,194.92999267578125,161.45761108398438,154944000.0
2014-10-24,195.25,196.4900054931641,194.4900054931641,196.42999267578125,162.69998168945312,117927000.0
2014-10-27,195.72999572753903,196.4499969482422,195.02999877929688,196.1600036621093,162.47637939453125,82954000.0
2014-10-28,196.82000732421875,198.4199981689453,196.72999572753903,198.4100036621093,164.34002685546875,106736000.0
2014-10-29,198.5500030517578,199.1199951171875,196.8000030517578,198.1100006103516,164.09153747558594,142557000.0
2014-10-30,197.5800018310547,199.9499969482422,197.3999938964844,199.3800048828125,165.14344787597656,113330000.0
2014-10-31,201.77999877929688,201.82000732421875,200.7700042724609,201.6600036621093,167.03192138671875,146903000.0
2014-11-03,201.9199981689453,202.4499969482422,201.3099975585937,201.7700042724609,167.123046875,93600000.0
2014-11-04,201.22999572753903,201.6000061035156,200.0599975585937,201.07000732421875,166.5432891845703,93343000.0
2014-11-05,202.5399932861328,202.58999633789065,201.4499969482422,202.33999633789065,167.59510803222656,91709000.0
2014-11-06,202.38999938964844,203.259994506836,201.63999938964844,203.1499938964844,168.26608276367188,107089000.0
2014-11-07,203.1699981689453,203.6000061035156,202.6100006103516,203.33999633789065,168.42344665527344,89540000.0
2014-11-10,203.3800048828125,204.0399932861328,203.1300048828125,203.97999572753903,168.95350646972656,66319000.0
2014-11-11,204.0599975585937,204.3099975585937,203.6499938964844,204.17999267578125,169.1191864013672,54499400.0
2014-11-12,203.3500061035156,204.2400054931641,203.3099975585937,203.9600067138672,168.93704223632812,90120300.0
2014-11-13,204.1600036621093,204.8300018310547,203.2100067138672,204.19000244140625,169.12750244140625,85357900.0
2014-11-14,204.1000061035156,204.4900054931641,203.72000122070312,204.2400054931641,169.16893005371094,80417500.0
2014-11-17,203.8500061035156,204.5800018310547,203.6499938964844,204.3699951171875,169.27659606933594,80441000.0
2014-11-18,204.44000244140625,205.9199981689453,204.44000244140625,205.5500030517578,170.25396728515625,76068100.0
2014-11-19,205.3099975585937,205.5500030517578,204.3000030517578,205.22000122070312,169.98062133789062,82373000.0
2014-11-20,204.259994506836,205.7100067138672,204.17999267578125,205.5800018310547,170.27879333496094,72840300.0
2014-11-21,207.63999938964844,207.83999633789065,205.97999572753903,206.67999267578125,171.18994140625,142327300.0
2014-11-24,207.1699981689453,207.38999938964844,206.9100036621093,207.259994506836,171.6703338623047,65880800.0
2014-11-25,207.5399932861328,207.7899932861328,206.8000030517578,207.1100006103516,171.5460662841797,79108300.0
2014-11-26,207.2899932861328,207.759994506836,207.02999877929688,207.63999938964844,171.9850616455078,62167800.0
2014-11-28,207.4900054931641,207.8699951171875,206.9100036621093,207.1999969482422,171.62066650390625,57890100.0
2014-12-01,206.3999938964844,206.5399932861328,205.3800048828125,205.759994506836,170.42787170410156,103968400.0
2014-12-02,205.8099975585937,207.33999633789065,205.77999877929688,207.08999633789065,171.52951049804688,74507200.0
2014-12-03,207.3000030517578,208.1499938964844,207.1000061035156,207.88999938964844,172.19215393066406,68952000.0
2014-12-04,207.5399932861328,208.2700042724609,206.6999969482422,207.6600036621093,172.00161743164062,91316600.0
2014-12-05,207.8699951171875,208.47000122070312,207.5500030517578,208.0,172.28321838378906,91025500.0
2014-12-08,207.5200042724609,208.1199951171875,205.92999267578125,206.6100006103516,171.1319580078125,108588200.0
2014-12-09,204.3699951171875,206.6000061035156,203.9100036621093,206.47000122070312,171.0160369873047,125180100.0
2014-12-10,205.9100036621093,205.97999572753903,202.92999267578125,203.1600036621093,168.2743682861328,159856400.0
2014-12-11,203.8800048828125,206.19000244140625,203.7100067138672,204.19000244140625,169.12750244140625,159012800.0
2014-12-12,202.63999938964844,203.82000732421875,200.8500061035156,200.88999938964844,166.39418029785156,202330200.0
2014-12-15,201.97999572753903,202.52999877929688,198.77999877929688,199.509994506836,165.2510986328125,189965800.0
2014-12-16,198.5800018310547,202.3999938964844,197.8600006103516,197.9100036621093,163.92587280273438,259543800.0
2014-12-17,198.44000244140625,202.33999633789065,198.2899932861328,201.7899932861328,167.1396026611328,253910100.0
2014-12-18,204.7400054931641,212.97000122070312,203.9199981689453,206.77999877929688,171.2727508544922,257633900.0
2014-12-19,206.42999267578125,207.3300018310547,205.6100006103516,206.5200042724609,172.00149536132812,245084600.0
2014-12-22,206.75,207.47000122070312,206.4600067138672,207.47000122070312,172.79273986816406,148318900.0
2014-12-23,208.1699981689453,208.22999572753903,207.3999938964844,207.75,173.0259246826172,122167900.0
2014-12-24,208.0200042724609,208.33999633789065,207.72000122070312,207.7700042724609,173.0426025390625,42963400.0
2014-12-26,208.3099975585937,208.8500061035156,208.25,208.44000244140625,173.60060119628906,57326700.0
2014-12-29,208.22000122070312,208.97000122070312,208.13999938964844,208.72000122070312,173.83375549316406,79643900.0
2014-12-30,208.2100067138672,208.3699951171875,207.509994506836,207.6000061035156,172.9009246826172,73540800.0
2014-12-31,207.9900054931641,208.19000244140625,205.38999938964844,205.5399932861328,171.18528747558594,130333800.0
2015-01-02,206.3800048828125,206.8800048828125,204.17999267578125,205.42999267578125,171.0937042236328,121465900.0
2015-01-05,204.1699981689453,204.3699951171875,201.3500061035156,201.72000122070312,168.00376892089844,169632600.0
2015-01-06,202.08999633789065,202.72000122070312,198.8600006103516,199.82000732421875,166.4213409423828,209151400.0
2015-01-07,201.4199981689453,202.72000122070312,200.8800048828125,202.3099975585937,168.49520874023438,125346700.0
2015-01-08,204.009994506836,206.1600036621093,203.9900054931641,205.8999938964844,171.4851531982422,147217800.0
2015-01-09,206.3999938964844,206.4199981689453,203.509994506836,204.25,170.11094665527344,158567300.0
2015-01-12,204.4100036621093,204.6000061035156,201.9199981689453,202.6499938964844,168.77833557128906,144396100.0
2015-01-13,204.1199951171875,205.47999572753903,200.509994506836,202.0800018310547,168.30360412597656,214553300.0
2015-01-14,199.6499938964844,201.1000061035156,198.57000732421875,200.8600006103516,167.28753662109375,192991100.0
2015-01-15,201.6300048828125,202.009994506836,198.8800048828125,199.0200042724609,165.75511169433594,176613900.0
2015-01-16,198.7700042724609,201.82000732421875,198.5500030517578,201.6300048828125,167.9288787841797,211879600.0
2015-01-20,202.3999938964844,202.72000122070312,200.1699981689453,202.0599975585937,168.28695678710938,130991100.0
2015-01-21,201.5,203.6600036621093,200.94000244140625,203.0800018310547,169.1365203857422,122942700.0
2015-01-22,203.9900054931641,206.259994506836,202.3300018310547,206.1000061035156,171.65170288085938,174356000.0
2015-01-23,205.7899932861328,206.1000061035156,204.8099975585937,204.97000122070312,170.71060180664062,117516800.0
2015-01-26,204.7100067138672,205.5599975585937,203.8500061035156,205.4499969482422,171.11038208007812,92009700.0
2015-01-27,202.97000122070312,204.1199951171875,201.7400054931641,202.7400054931641,168.85333251953125,134044600.0
2015-01-28,204.1699981689453,204.2899932861328,199.9100036621093,200.13999938964844,166.6878662109375,168514300.0
2015-01-29,200.3800048828125,202.3000030517578,198.67999267578125,201.9900054931641,168.2286376953125,173585400.0
2015-01-30,200.57000732421875,202.1699981689453,199.1300048828125,199.4499969482422,166.11314392089844,197729700.0
2015-02-02,200.0500030517578,202.02999877929688,197.8600006103516,201.9199981689453,168.17031860351562,163107000.0
2015-02-03,203.0,204.8500061035156,202.5500030517578,204.83999633789065,170.602294921875,124212900.0
2015-02-04,203.9199981689453,205.3800048828125,203.509994506836,204.0599975585937,169.95266723632812,134306700.0
2015-02-05,204.8600006103516,206.3000030517578,204.7700042724609,206.1199951171875,171.66831970214844,97953200.0
2015-02-06,206.5599975585937,207.2400054931641,204.9199981689453,205.5500030517578,171.193603515625,125672000.0
2015-02-09,204.7700042724609,205.63999938964844,204.13999938964844,204.6300048828125,170.42739868164062,87219000.0
2015-02-10,205.8800048828125,207.1199951171875,204.67999267578125,206.8099975585937,172.24301147460938,96164200.0
2015-02-11,206.6100006103516,207.4499969482422,205.8300018310547,206.92999267578125,172.34300231933594,91087800.0
2015-02-12,207.88999938964844,208.9900054931641,206.97000122070312,208.9199981689453,174.00039672851562,97545900.0
2015-02-13,209.07000732421875,209.83999633789065,208.759994506836,209.77999877929688,174.71665954589844,93670400.0
2015-02-17,209.3999938964844,210.32000732421875,209.1000061035156,210.1100006103516,174.991455078125,76968200.0
2015-02-18,209.6600036621093,210.22000122070312,209.33999633789065,210.1300048828125,175.0081329345703,80652900.0
2015-02-19,209.4100036621093,210.4199981689453,209.2400054931641,209.97999572753903,174.8832244873047,91462500.0
2015-02-20,209.47999572753903,211.3300018310547,208.72999572753903,211.2400054931641,175.93260192871094,140896400.0
2015-02-23,210.94000244140625,211.2100067138672,210.47999572753903,211.2100067138672,175.90756225585938,74411100.0
2015-02-24,211.1199951171875,212.0500030517578,210.759994506836,211.8099975585937,176.40731811523438,72472300.0
2015-02-25,211.6600036621093,212.2400054931641,211.22000122070312,211.6300048828125,176.25738525390625,73061700.0
2015-02-26,211.5200042724609,211.7100067138672,210.6499938964844,211.3800048828125,176.04916381835938,72697900.0
2015-02-27,211.259994506836,211.5800018310547,210.6000061035156,210.6600036621093,175.4495391845703,108076000.0
2015-03-02,210.77999877929688,212.0599975585937,210.72000122070312,211.9900054931641,176.55723571777344,87491400.0
2015-03-03,211.47000122070312,212.0500030517578,210.0800018310547,211.1199951171875,175.83267211914062,110325800.0
2015-03-04,210.3999938964844,210.4900054931641,209.0599975585937,210.22999572753903,175.09141540527344,114497200.0
2015-03-05,210.6199951171875,210.8000030517578,209.8500061035156,210.4600067138672,175.28298950195312,76873000.0
2015-03-06,209.4199981689453,209.94000244140625,207.1000061035156,207.5,172.8176727294922,188128000.0
2015-03-09,207.7400054931641,208.7899932861328,207.5500030517578,208.3600006103516,173.5340118408203,89818900.0
2015-03-10,206.7100067138672,206.8099975585937,204.92999267578125,204.97999572753903,170.7189178466797,157121300.0
2015-03-11,205.2899932861328,205.5,204.3999938964844,204.5,170.31915283203125,110145700.0
2015-03-12,205.259994506836,207.17999267578125,205.1999969482422,207.1000061035156,172.4845733642578,93993500.0
2015-03-13,206.7700042724609,207.92999267578125,204.5800018310547,205.8300018310547,171.42686462402344,162410900.0
2015-03-16,206.7100067138672,208.69000244140625,205.8600006103516,208.5800018310547,173.71719360351562,136099200.0
2015-03-17,207.69000244140625,208.4199981689453,206.97999572753903,207.9600067138672,173.2008514404297,94510400.0
2015-03-18,207.38999938964844,211.2700042724609,206.6199951171875,210.4600067138672,175.28298950195312,228808500.0
2015-03-19,209.9600067138672,210.47000122070312,209.02999877929688,209.5,174.48342895507812,117917300.0
2015-03-20,209.7100067138672,211.0200042724609,209.4900054931641,210.4100036621093,176.0236053466797,177715100.0
2015-03-23,210.4199981689453,211.1100006103516,210.0,210.0,175.68057250976562,71784500.0
2015-03-24,209.8500061035156,210.3999938964844,208.7400054931641,208.82000732421875,174.6934051513672,77805300.0
2015-03-25,209.07000732421875,209.3500061035156,205.7100067138672,205.759994506836,172.13345336914062,159521700.0
2015-03-26,204.9600067138672,206.3699951171875,204.1199951171875,205.2700042724609,171.72354125976562,153067200.0
2015-03-27,205.1300048828125,205.9499969482422,204.8999938964844,205.7400054931641,172.11672973632812,118939000.0
2015-03-30,206.97999572753903,208.6100006103516,206.9600067138672,208.25,174.21658325195312,96180400.0
2015-03-31,207.259994506836,208.1000061035156,206.3600006103516,206.42999267578125,172.69398498535156,126768700.0
2015-04-01,206.38999938964844,206.4199981689453,204.509994506836,205.6999969482422,172.08331298828125,137303600.0
2015-04-02,205.6199951171875,206.97999572753903,205.3999938964844,206.44000244140625,172.7023468017578,86900900.0
2015-04-06,205.3699951171875,208.4499969482422,205.2100067138672,207.8300018310547,173.86520385742188,114368200.0
2015-04-07,207.8600006103516,208.759994506836,207.2400054931641,207.27999877929688,173.4050750732422,81236300.0
2015-04-08,207.5500030517578,208.509994506836,207.0800018310547,207.97999572753903,173.99070739746094,89351900.0
2015-04-09,207.77999877929688,209.17999267578125,207.19000244140625,208.8999938964844,174.76031494140625,85548900.0
2015-04-10,209.1999969482422,210.08999633789065,208.9600067138672,210.0399932861328,175.7140350341797,72722900.0
2015-04-13,209.8699951171875,210.6300048828125,209.02999877929688,209.08999633789065,174.91928100585938,74436600.0
2015-04-14,208.8500061035156,209.7100067138672,208.1000061035156,209.4900054931641,175.25393676757812,75099900.0
2015-04-15,210.0500030517578,211.0399932861328,209.9499969482422,210.42999267578125,176.04026794433594,99529300.0
2015-04-16,210.02999877929688,210.97999572753903,209.7899932861328,210.3699951171875,175.99008178710938,68934900.0
2015-04-17,208.94000244140625,209.22999572753903,207.009994506836,207.9499969482422,173.96556091308594,191113200.0
2015-04-20,209.0599975585937,210.25,208.9600067138672,209.8500061035156,175.55508422851562,92189500.0
2015-04-21,210.6699981689453,210.8600006103516,209.2400054931641,209.6000061035156,175.345947265625,72559800.0
2015-04-22,210.009994506836,210.8500061035156,208.8999938964844,210.6300048828125,176.20762634277344,78264600.0
2015-04-23,210.1499938964844,211.94000244140625,210.009994506836,211.1600036621093,176.65097045898438,102585900.0
2015-04-24,211.6600036621093,211.97000122070312,211.1100006103516,211.6499938964844,177.0609130859375,61327400.0
2015-04-27,212.3300018310547,212.47999572753903,210.5399932861328,210.7700042724609,176.3247528076172,79358100.0
2015-04-28,210.7400054931641,211.5,209.3300018310547,211.44000244140625,176.8851776123047,86863500.0
2015-04-29,210.3699951171875,211.2899932861328,209.6000061035156,210.57000732421875,176.15740966796875,125684900.0
2015-04-30,209.8800048828125,210.3500061035156,207.6199951171875,208.4600067138672,174.3922119140625,161304900.0
2015-05-01,209.3999938964844,210.7700042724609,209.27999877929688,210.72000122070312,176.2829132080078,103399700.0
2015-05-04,211.22999572753903,212.0200042724609,211.1000061035156,211.32000732421875,176.7848358154297,70927200.0
2015-05-05,211.02999877929688,211.4600067138672,208.72999572753903,208.8999938964844,174.76031494140625,113326200.0
2015-05-06,209.5599975585937,209.92999267578125,206.759994506836,208.0399932861328,174.0408935546875,135060200.0
2015-05-07,207.9199981689453,209.3800048828125,207.5200042724609,208.8699951171875,174.7351837158203,88244900.0
2015-05-08,210.8800048828125,211.8600006103516,210.77999877929688,211.6199951171875,177.03579711914062,155877300.0
2015-05-11,211.57000732421875,211.88999938964844,210.5200042724609,210.6100006103516,176.19088745117188,75708100.0
2015-05-12,209.6100006103516,210.6300048828125,208.6199951171875,209.97999572753903,175.66384887695312,119727600.0
2015-05-13,210.47000122070312,211.22000122070312,209.7400054931641,210.0200042724609,175.69729614257812,94667900.0
2015-05-14,211.2400054931641,212.32000732421875,210.9100036621093,212.2100067138672,177.52938842773438,95934000.0
2015-05-15,212.44000244140625,212.6100006103516,211.8600006103516,212.44000244140625,177.7217559814453,76510100.0
2015-05-18,212.2400054931641,213.3999938964844,212.1600036621093,213.1000061035156,178.27394104003906,74549700.0
2015-05-19,213.2400054931641,213.57000732421875,212.69000244140625,213.02999877929688,178.21536254882812,72114600.0
2015-05-20,213.1499938964844,213.77999877929688,212.5,212.8800048828125,178.08987426757812,76857500.0
2015-05-21,212.7100067138672,213.75,212.509994506836,213.5,178.60855102539062,64764600.0
2015-05-22,213.0399932861328,213.5399932861328,212.9100036621093,212.9900054931641,178.18191528320312,57433500.0
2015-05-26,212.3999938964844,212.9100036621093,210.1999969482422,210.6999969482422,176.26620483398438,124308600.0
2015-05-27,211.25,212.97999572753903,210.759994506836,212.6999969482422,177.93931579589844,93214000.0
2015-05-28,212.3300018310547,212.58999633789065,211.6300048828125,212.4600067138672,177.73854064941406,74974600.0
2015-05-29,212.3800048828125,212.42999267578125,210.82000732421875,211.13999938964844,176.63424682617188,124919600.0
2015-06-01,211.94000244140625,212.33999633789065,210.6199951171875,211.57000732421875,176.99400329589844,93338800.0
2015-06-02,211.0200042724609,212.19000244140625,210.2700042724609,211.3600006103516,176.818359375,91531000.0
2015-06-03,212.0,212.6699981689453,211.3300018310547,211.9199981689453,177.28680419921875,87820900.0
2015-06-04,211.07000732421875,211.8600006103516,209.75,210.1300048828125,175.78932189941406,151882800.0
2015-06-05,209.9499969482422,210.5800018310547,208.97999572753903,209.7700042724609,175.48817443847656,121704700.0
2015-06-08,209.63999938964844,209.82000732421875,208.38999938964844,208.47999572753903,174.40892028808594,89063300.0
2015-06-09,208.4499969482422,209.1000061035156,207.69000244140625,208.4499969482422,174.38385009765625,105034700.0
2015-06-10,209.3699951171875,211.4100036621093,209.3000030517578,210.9499969482422,176.4752960205078,134551300.0
2015-06-11,211.47999572753903,212.08999633789065,211.1999969482422,211.6300048828125,177.044189453125,73876400.0
2015-06-12,210.63999938964844,211.47999572753903,209.67999267578125,210.009994506836,175.68890380859375,135382400.0
2015-06-15,208.63999938964844,209.4499969482422,207.7899932861328,209.1100006103516,174.93601989746094,124384200.0
2015-06-16,208.92999267578125,210.3500061035156,208.72000122070312,210.25,175.88970947265625,85308200.0
2015-06-17,210.58999633789065,211.32000732421875,209.3600006103516,210.58999633789065,176.17410278320312,126708600.0
2015-06-18,211.3099975585937,213.33999633789065,210.6300048828125,212.77999877929688,178.0062713623047,165867900.0
2015-06-19,211.4600067138672,211.5500030517578,210.3600006103516,210.8099975585937,177.21604919433594,130478700.0
2015-06-22,211.9100036621093,212.58999633789065,211.63999938964844,211.88999938964844,178.12388610839844,70696000.0
2015-06-23,212.13999938964844,212.44000244140625,211.57000732421875,212.0399932861328,178.2500457763672,68476800.0
2015-06-24,211.72000122070312,212.1699981689453,210.47000122070312,210.5,176.95545959472656,92307300.0
2015-06-25,211.1000061035156,211.25,209.7700042724609,209.8600006103516,176.41744995117188,97107400.0
2015-06-26,210.2899932861328,210.5800018310547,209.1600036621093,209.82000732421875,176.38381958007812,104174800.0
2015-06-29,208.0500030517578,209.8300018310547,205.3300018310547,205.4199981689453,172.68492126464844,202621300.0
2015-06-30,207.259994506836,207.32000732421875,205.27999877929688,205.8500061035156,173.0464324951172,182925100.0
2015-07-01,207.72999572753903,208.02999877929688,206.5599975585937,207.5,174.4334716796875,135979900.0
2015-07-02,208.07000732421875,208.2700042724609,206.8099975585937,207.3099975585937,174.27378845214844,104373700.0
2015-07-06,205.7700042724609,207.6499938964844,205.52999877929688,206.72000122070312,173.77777099609375,117975400.0
2015-07-07,206.9600067138672,208.1699981689453,204.1100006103516,208.0200042724609,174.8706512451172,173820200.0
2015-07-08,206.4199981689453,206.759994506836,204.25,204.52999877929688,171.93679809570312,164020100.0
2015-07-09,207.0399932861328,207.3500061035156,204.7700042724609,204.8999938964844,172.24783325195312,144113100.0
2015-07-10,207.2899932861328,207.97999572753903,204.9499969482422,207.47999572753903,174.41668701171875,129456900.0
2015-07-13,208.9900054931641,209.8999938964844,208.94000244140625,209.7700042724609,176.341796875,106069400.0
2015-07-14,209.72000122070312,211.0500030517578,209.6499938964844,210.67999267578125,177.10670471191406,81709600.0
2015-07-15,210.72999572753903,211.27999877929688,210.0399932861328,210.6100006103516,177.04791259765625,97914100.0
2015-07-16,211.8699951171875,212.3000030517578,211.5800018310547,212.3000030517578,178.46859741210938,106683300.0
2015-07-17,212.2899932861328,212.5500030517578,211.8000030517578,212.47999572753903,178.619873046875,89030000.0
2015-07-20,212.75,213.17999267578125,212.2100067138672,212.58999633789065,178.71238708496094,70446800.0
2015-07-21,212.42999267578125,212.7400054931641,211.38999938964844,211.75,178.00628662109375,77965000.0
2015-07-22,210.92999267578125,211.7700042724609,210.88999938964844,211.3699951171875,177.6868133544922,88667900.0
2015-07-23,211.52999877929688,211.6499938964844,209.75,210.17999267578125,176.6864471435547,90509100.0
2015-07-24,210.3000030517578,210.3699951171875,207.6000061035156,208.0,174.8538055419922,117755000.0
2015-07-27,206.94000244140625,207.5500030517578,206.259994506836,206.7899932861328,173.836669921875,132361100.0
2015-07-28,207.7899932861328,209.5,206.8000030517578,209.3300018310547,175.97186279296875,123544800.0
2015-07-29,209.47999572753903,211.0399932861328,209.3099975585937,210.7700042724609,177.18246459960938,105791300.0
2015-07-30,210.1600036621093,211.0200042724609,209.4199981689453,210.82000732421875,177.2244415283203,91304400.0
2015-07-31,211.4199981689453,211.4499969482422,210.1600036621093,210.5,176.95545959472656,103266900.0
2015-08-03,210.4600067138672,210.52999877929688,208.6499938964844,209.7899932861328,176.35853576660156,113965700.0
2015-08-04,209.6999969482422,210.25,208.8000030517578,209.3800048828125,176.013916015625,81820800.0
2015-08-05,210.4499969482422,211.3099975585937,209.72999572753903,210.07000732421875,176.593994140625,85786800.0
2015-08-06,210.2899932861328,210.4199981689453,207.6499938964844,208.3500061035156,175.1480712890625,116030800.0
2015-08-07,208.1600036621093,208.33999633789065,206.8699951171875,207.9499969482422,174.81178283691406,117858000.0
2015-08-10,209.27999877929688,210.6699981689453,209.27999877929688,210.57000732421875,177.01426696777344,80270700.0
2015-08-11,208.97000122070312,209.47000122070312,207.759994506836,208.6699981689453,175.4170379638672,126081400.0
2015-08-12,207.1100006103516,209.13999938964844,205.3600006103516,208.9199981689453,175.6272430419922,172123700.0
2015-08-13,208.72999572753903,209.5500030517578,208.009994506836,208.6600036621093,175.40870666503906,89383300.0
2015-08-14,208.42999267578125,209.509994506836,208.259994506836,209.4199981689453,176.04757690429688,72786500.0
2015-08-17,208.7100067138672,210.58999633789065,208.1600036621093,210.58999633789065,177.0310516357422,79072600.0
2015-08-18,210.259994506836,210.67999267578125,209.6999969482422,209.97999572753903,176.51834106445312,71692700.0
2015-08-19,209.08999633789065,210.009994506836,207.3500061035156,208.32000732421875,175.12278747558594,172946000.0
2015-08-20,206.509994506836,208.2899932861328,203.8999938964844,203.97000122070312,171.4659881591797,194327900.0
2015-08-21,201.72999572753903,203.94000244140625,197.5200042724609,197.8300018310547,166.30441284179688,346588500.0
2015-08-24,187.4900054931641,197.47999572753903,182.3999938964844,189.5,159.30189514160156,507244300.0
2015-08-25,195.42999267578125,195.4499969482422,186.9199981689453,187.2700042724609,157.42724609375,369833100.0
2015-08-26,192.0800018310547,194.7899932861328,188.3699951171875,194.4600067138672,163.47154235839844,339257000.0
2015-08-27,197.0200042724609,199.4199981689453,195.2100067138672,199.2700042724609,167.51498413085938,274143900.0
2015-08-28,198.5,199.83999633789065,197.9199981689453,199.27999877929688,167.5233917236328,160414400.0
2015-08-31,198.1100006103516,199.1300048828125,197.009994506836,197.6699981689453,166.16995239257812,163298800.0
2015-09-01,193.1199951171875,194.7700042724609,190.72999572753903,191.7700042724609,161.21017456054688,256000400.0
2015-09-02,194.6199951171875,195.4600067138672,192.4199981689453,195.4100036621093,164.27011108398438,160269300.0
2015-09-03,196.259994506836,198.0500030517578,194.9600067138672,195.5500030517578,164.38778686523438,152087800.0
2015-09-04,192.8500061035156,193.8600006103516,191.6100006103516,192.58999633789065,161.8994903564453,207081000.0
2015-09-08,195.94000244140625,197.6100006103516,195.1699981689453,197.42999267578125,165.96820068359375,116025700.0
2015-09-09,199.32000732421875,199.47000122070312,194.3500061035156,194.7899932861328,163.74893188476562,149347700.0
2015-09-10,194.5599975585937,197.22000122070312,194.25,195.8500061035156,164.63998413085938,158611100.0
2015-09-11,195.3800048828125,196.82000732421875,194.52999877929688,196.7400054931641,165.38816833496094,119691200.0
2015-09-14,196.9499969482422,197.009994506836,195.42999267578125,196.009994506836,164.77450561523438,79452000.0
2015-09-15,196.6100006103516,198.9900054931641,195.9600067138672,198.4600067138672,166.8341064453125,113806200.0
2015-09-16,198.82000732421875,200.4100036621093,198.4100036621093,200.17999267578125,168.2799530029297,99581600.0
2015-09-17,200.0200042724609,202.88999938964844,199.27999877929688,199.72999572753903,167.90167236328125,276046600.0
2015-09-18,195.7100067138672,198.67999267578125,194.9600067138672,195.4499969482422,165.1579132080078,223657500.0
2015-09-21,196.44000244140625,197.67999267578125,195.2100067138672,196.4600067138672,166.01141357421875,105726200.0
2015-09-22,193.8800048828125,194.4600067138672,192.5599975585937,193.9100036621093,163.85662841796875,153890900.0
2015-09-23,194.1100006103516,194.6699981689453,192.9100036621093,193.6000061035156,163.59466552734375,92790600.0
2015-09-24,192.1499938964844,193.4499969482422,190.5599975585937,192.8999938964844,163.00315856933594,159378800.0
2015-09-25,194.63999938964844,195.0,191.8099975585937,192.8500061035156,162.96092224121094,155054800.0
2015-09-28,191.77999877929688,191.9100036621093,187.63999938964844,188.009994506836,158.87100219726562,178515900.0
2015-09-29,188.2700042724609,189.7400054931641,186.92999267578125,188.1199951171875,158.96392822265625,159045600.0
2015-09-30,190.3699951171875,191.8300018310547,189.44000244140625,191.6300048828125,161.92996215820312,163452000.0
2015-10-01,192.0800018310547,192.4900054931641,189.82000732421875,192.1300048828125,162.35250854492188,131079000.0
2015-10-02,189.7700042724609,195.02999877929688,189.1199951171875,195.0,164.77774047851562,211003300.0
2015-10-05,196.4600067138672,198.7400054931641,196.3300018310547,198.47000122070312,167.7098388671875,126320800.0
2015-10-06,198.3099975585937,198.97999572753903,197.0,197.7899932861328,167.13526916503906,110274500.0
2015-10-07,198.8999938964844,199.8300018310547,197.47999572753903,199.4100036621093,168.50416564941406,124307300.0
2015-10-08,198.9499969482422,201.5500030517578,198.58999633789065,201.2100067138672,170.02523803710938,153055200.0
2015-10-09,201.3800048828125,201.8999938964844,200.5800018310547,201.3300018310547,170.12660217285156,107069200.0
2015-10-12,201.4199981689453,201.759994506836,200.9100036621093,201.5200042724609,170.2871551513672,56395600.0
2015-10-13,200.6499938964844,202.1600036621093,200.0500030517578,200.25,169.2140350341797,88038700.0
2015-10-14,200.17999267578125,200.8699951171875,198.94000244140625,199.2899932861328,168.4027862548828,99106200.0
2015-10-15,200.0800018310547,202.3600006103516,199.63999938964844,202.3500061035156,170.98854064941406,134142200.0
2015-10-16,202.8300018310547,203.2899932861328,201.9199981689453,203.2700042724609,171.76597595214844,114580100.0
2015-10-19,202.5,203.3699951171875,202.1300048828125,203.3699951171875,171.85044860839844,76523900.0
2015-10-20,202.8500061035156,203.83999633789065,202.5500030517578,203.1100006103516,171.63072204589844,78448500.0
2015-10-21,203.6100006103516,203.7899932861328,201.6499938964844,201.8500061035156,170.56602478027344,102038000.0
2015-10-22,202.97999572753903,205.509994506836,201.8500061035156,205.259994506836,173.44749450683594,174911700.0
2015-10-23,207.25,207.9499969482422,206.3000030517578,207.509994506836,175.34881591796875,144442300.0
2015-10-26,207.3000030517578,207.3699951171875,206.5599975585937,207.0,174.91787719726562,69033000.0
2015-10-27,206.1999969482422,207.0,205.7899932861328,206.6000061035156,174.57981872558594,77905800.0
2015-10-28,207.0,208.97999572753903,206.2100067138672,208.9499969482422,176.56561279296875,135906700.0
2015-10-29,208.3500061035156,209.2700042724609,208.2100067138672,208.8300018310547,176.4642333984375,90525500.0
2015-10-30,209.0599975585937,209.44000244140625,207.7400054931641,207.92999267578125,175.70367431640625,131076900.0
2015-11-02,208.32000732421875,210.6199951171875,208.1699981689453,210.38999938964844,177.78245544433594,86270800.0
2015-11-03,209.97000122070312,211.6600036621093,209.6999969482422,211.0,178.2979278564453,95246100.0
2015-11-04,211.3500061035156,211.5,209.72000122070312,210.3600006103516,177.75709533691406,96224500.0
2015-11-05,210.42999267578125,210.97999572753903,209.08999633789065,210.1499938964844,177.57968139648438,78408700.0
2015-11-06,209.7400054931641,210.32000732421875,208.4600067138672,210.0399932861328,177.48667907714844,110471500.0
2015-11-09,209.3099975585937,209.4900054931641,206.9499969482422,208.0800018310547,175.83042907714844,131008700.0
2015-11-10,207.509994506836,208.6000061035156,207.19000244140625,208.5599975585937,176.23609924316406,75874600.0
2015-11-11,208.8800048828125,208.94000244140625,207.6600036621093,207.7400054931641,175.5431671142578,67846000.0
2015-11-12,206.5,207.0599975585937,204.82000732421875,204.83999633789065,173.09263610839844,121315200.0
2015-11-13,204.3500061035156,204.6699981689453,202.44000244140625,202.5399932861328,171.1490478515625,153577100.0
2015-11-16,202.32000732421875,205.69000244140625,202.17999267578125,205.6199951171875,173.751708984375,117645200.0
2015-11-17,205.9900054931641,207.0399932861328,204.8800048828125,205.47000122070312,173.62498474121094,121123700.0
2015-11-18,206.0399932861328,208.8999938964844,205.9900054931641,208.72999572753903,176.3797149658203,121342500.0
2015-11-19,208.58999633789065,209.0500030517578,208.1999969482422,208.5500030517578,176.22763061523438,88220500.0
2015-11-20,209.4499969482422,210.1199951171875,208.8600006103516,209.3099975585937,176.8698272705078,94011500.0
2015-11-23,209.3800048828125,209.97999572753903,208.5200042724609,209.07000732421875,176.66700744628906,64931200.0
2015-11-24,207.8699951171875,209.8300018310547,207.4100036621093,209.3500061035156,176.9036865234375,98874400.0
2015-11-25,209.5,209.7400054931641,209.009994506836,209.32000732421875,176.8782501220703,51980100.0
2015-11-27,209.42999267578125,209.8000030517578,208.8600006103516,209.5599975585937,177.08108520507812,37317800.0
2015-11-30,209.75,209.88999938964844,208.5599975585937,208.69000244140625,176.34591674804688,112822700.0
2015-12-01,209.44000244140625,210.82000732421875,209.1100006103516,210.67999267578125,178.0274658203125,97858400.0
2015-12-02,210.6199951171875,211.0,208.22999572753903,208.52999877929688,176.21070861816406,108441300.0
2015-12-03,208.8300018310547,209.1499938964844,204.75,205.6100006103516,173.74330139160156,166224200.0
2015-12-04,205.6100006103516,209.97000122070312,205.6100006103516,209.6199951171875,177.1317901611328,192913900.0
2015-12-07,209.22999572753903,209.72999572753903,207.1999969482422,208.3500061035156,176.05859375,102027100.0
2015-12-08,206.4900054931641,208.2899932861328,205.77999877929688,206.9499969482422,174.87562561035156,103372400.0
2015-12-09,206.19000244140625,208.67999267578125,204.17999267578125,205.33999633789065,173.51510620117188,162401500.0
2015-12-10,205.4199981689453,207.42999267578125,205.13999938964844,205.8699951171875,173.96299743652344,116128900.0
2015-12-11,203.3500061035156,204.13999938964844,201.509994506836,201.8800048828125,170.5913543701172,211173300.0
2015-12-14,202.07000732421875,203.0500030517578,199.9499969482422,202.8999938964844,171.45330810546875,182385200.0
2015-12-15,204.6999969482422,206.1100006103516,202.8699951171875,205.02999877929688,173.253173828125,154069600.0
2015-12-16,206.3699951171875,208.38999938964844,204.8000030517578,208.02999877929688,175.7882537841797,197017000.0
2015-12-17,208.3999938964844,208.47999572753903,204.83999633789065,204.8600006103516,173.1094970703125,173092500.0
2015-12-18,202.7700042724609,202.92999267578125,199.8300018310547,200.0200042724609,170.02557373046875,251393500.0
2015-12-21,201.4100036621093,201.8800048828125,200.08999633789065,201.6699981689453,171.42813110351562,99094300.0
2015-12-22,202.72000122070312,203.8500061035156,201.5500030517578,203.5,172.9837188720703,111026200.0
2015-12-23,204.69000244140625,206.07000732421875,204.5800018310547,206.0200042724609,175.1258087158203,110987200.0
2015-12-24,205.72000122070312,206.3300018310547,205.4199981689453,205.67999267578125,174.83680725097656,48539600.0
2015-12-28,204.8600006103516,205.259994506836,203.94000244140625,205.2100067138672,174.43727111816406,65899900.0
2015-12-29,206.509994506836,207.7899932861328,206.47000122070312,207.3999938964844,176.29888916015625,92640700.0
2015-12-30,207.1100006103516,207.2100067138672,205.759994506836,205.92999267578125,175.04931640625,63317700.0
2015-12-31,205.1300048828125,205.88999938964844,203.8699951171875,203.8699951171875,173.29823303222656,114877900.0
2016-01-04,200.4900054931641,201.02999877929688,198.58999633789065,201.0200042724609,170.8756103515625,222353500.0
2016-01-05,201.3999938964844,201.8999938964844,200.0500030517578,201.3600006103516,171.16456604003906,110845800.0
2016-01-06,198.33999633789065,200.0599975585937,197.6000061035156,198.82000732421875,169.00547790527344,152112600.0
2016-01-07,195.3300018310547,197.44000244140625,193.58999633789065,194.0500030517578,164.95077514648438,213436100.0
2016-01-08,195.19000244140625,195.8500061035156,191.5800018310547,191.9199981689453,163.14022827148438,209817200.0
2016-01-11,193.009994506836,193.4100036621093,189.82000732421875,192.1100006103516,163.30177307128906,187941300.0
2016-01-12,193.82000732421875,194.5500030517578,191.13999938964844,193.6600036621093,164.6192626953125,172330500.0
2016-01-13,194.4499969482422,194.8600006103516,188.3800048828125,188.8300018310547,160.51361083984375,221168900.0
2016-01-14,189.5500030517578,193.259994506836,187.6600036621093,191.92999267578125,163.14869689941406,240795600.0
2016-01-15,186.7700042724609,188.759994506836,185.5200042724609,187.8099975585937,159.6465606689453,324846400.0
2016-01-19,189.9600067138672,190.1100006103516,186.1999969482422,188.0599975585937,159.85903930664062,195244400.0
2016-01-20,185.02999877929688,187.5,181.0200042724609,185.6499938964844,157.81044006347656,286547800.0
2016-01-21,186.2100067138672,188.8699951171875,184.63999938964844,186.69000244140625,158.6945037841797,195772900.0
2016-01-22,189.77999877929688,190.759994506836,188.8800048828125,190.5200042724609,161.95013427734375,168319600.0
2016-01-25,189.9199981689453,190.1499938964844,187.4100036621093,187.63999938964844,159.5020751953125,130371700.0
2016-01-26,188.4199981689453,190.52999877929688,188.0200042724609,190.1999969482422,161.67811584472656,141036800.0
2016-01-27,189.5800018310547,191.5599975585937,187.0599975585937,188.1300048828125,159.91856384277344,185681700.0
2016-01-28,189.9600067138672,190.1999969482422,187.1600036621093,189.1100006103516,160.7516326904297,143798800.0
2016-01-29,190.0200042724609,193.8800048828125,189.8800048828125,193.72000122070312,164.67027282714844,210529300.0
2016-02-01,192.52999877929688,194.5800018310547,191.83999633789065,193.6499938964844,164.6107635498047,136061600.0
2016-02-02,191.9600067138672,191.97000122070312,189.5399932861328,190.1600036621093,161.6441192626953,182564900.0
2016-02-03,191.4100036621093,191.77999877929688,187.1000061035156,191.3000030517578,162.61322021484375,205054900.0
2016-02-04,190.7100067138672,192.75,189.9600067138672,191.6000061035156,162.86822509765625,139531800.0
2016-02-05,190.9900054931641,191.6699981689453,187.1999969482422,187.9499969482422,159.7655792236328,180788300.0
2016-02-08,185.7700042724609,186.1199951171875,182.8000030517578,185.4199981689453,157.61492919921875,191526700.0
2016-02-09,183.3600006103516,186.94000244140625,183.1999969482422,185.42999267578125,157.62347412109375,184513100.0
2016-02-10,186.4100036621093,188.33999633789065,185.1199951171875,185.2700042724609,157.48741149902344,148214100.0
2016-02-11,182.33999633789065,184.1000061035156,181.08999633789065,182.8600006103516,155.43881225585938,219058900.0
2016-02-12,184.9600067138672,186.6499938964844,183.9600067138672,186.6300048828125,158.64349365234375,127632400.0
2016-02-16,188.7700042724609,189.8099975585937,187.6300048828125,189.77999877929688,161.32110595703125,120250700.0
2016-02-17,191.1600036621093,193.32000732421875,191.009994506836,192.8800048828125,163.9562530517578,136009500.0
2016-02-18,193.1999969482422,193.2700042724609,191.72000122070312,192.08999633789065,163.2847137451172,102343000.0
2016-02-19,191.1699981689453,192.17999267578125,190.4499969482422,192.0,163.20823669433594,114793000.0
2016-02-22,193.8699951171875,194.9499969482422,193.7899932861328,194.77999877929688,165.5713348388672,103640300.0
2016-02-23,194.0,194.32000732421875,192.17999267578125,192.32000732421875,163.48028564453125,111455300.0
2016-02-24,190.6300048828125,193.52999877929688,189.32000732421875,193.1999969482422,164.228271484375,150812200.0
2016-02-25,193.72999572753903,195.5500030517578,192.8300018310547,195.5399932861328,166.21737670898438,110728300.0
2016-02-26,196.57000732421875,196.67999267578125,194.8999938964844,195.08999633789065,165.8348846435547,129833700.0
2016-02-29,195.1100006103516,196.22999572753903,193.3300018310547,193.5599975585937,164.53427124023438,125918100.0
2016-03-01,195.009994506836,198.2100067138672,194.4499969482422,198.1100006103516,168.40199279785156,141799700.0
2016-03-02,197.7400054931641,199.0599975585937,197.25,199.0,169.15853881835938,102415000.0
2016-03-03,198.7899932861328,199.8000030517578,198.1100006103516,199.77999877929688,169.82150268554688,95172200.0
2016-03-04,200.009994506836,201.3500061035156,199.02999877929688,200.42999267578125,170.3740692138672,129293600.0
2016-03-07,199.33999633789065,201.07000732421875,199.25,200.58999633789065,170.5100860595703,100219000.0
2016-03-08,199.32000732421875,199.9199981689453,198.2100067138672,198.3999938964844,168.64846801757812,123974900.0
2016-03-09,199.3600006103516,199.7899932861328,198.42999267578125,199.3800048828125,169.48153686523438,94801200.0
2016-03-10,199.9600067138672,201.07000732421875,197.3800048828125,199.5399932861328,169.61749267578125,156838700.0
2016-03-11,201.259994506836,202.8099975585937,199.5200042724609,202.759994506836,172.35467529296875,137964500.0
2016-03-14,202.1600036621093,203.0399932861328,201.7700042724609,202.5,172.13369750976562,73612000.0
2016-03-15,201.3600006103516,202.52999877929688,201.0500030517578,202.1699981689453,171.85317993164062,93169100.0
2016-03-16,201.6000061035156,203.82000732421875,201.5500030517578,203.33999633789065,172.84771728515625,129303200.0
2016-03-17,203.2400054931641,205.22999572753903,202.7700042724609,204.6300048828125,173.94424438476562,134278500.0
2016-03-18,204.1699981689453,204.77999877929688,203.8000030517578,204.3800048828125,174.62777709960938,138372400.0
2016-03-21,204.07000732421875,204.94000244140625,203.8000030517578,204.6699981689453,174.8756103515625,72926700.0
2016-03-22,203.759994506836,205.22999572753903,203.57000732421875,204.5599975585937,174.78160095214844,97471900.0
2016-03-23,204.1100006103516,204.3300018310547,203.009994506836,203.2100067138672,173.62814331054688,81052500.0
2016-03-24,202.0,203.1600036621093,201.7400054931641,203.1199951171875,173.55120849609375,84360900.0
2016-03-28,203.6100006103516,203.8600006103516,202.7100067138672,203.2400054931641,173.65374755859375,62408200.0
2016-03-29,202.759994506836,205.25,202.3999938964844,205.1199951171875,175.26004028320312,92922900.0
2016-03-30,206.3000030517578,206.8699951171875,205.58999633789065,206.0200042724609,176.02906799316406,86365300.0
2016-03-31,205.9100036621093,206.4100036621093,205.3300018310547,205.5200042724609,175.60183715820312,94584100.0
2016-04-01,204.3500061035156,207.13999938964844,203.97999572753903,206.9199981689453,176.7980194091797,114423500.0
2016-04-04,206.8300018310547,207.07000732421875,205.88999938964844,206.25,176.22557067871094,63497000.0
2016-04-05,204.6699981689453,206.259994506836,203.88999938964844,204.19000244140625,174.46546936035156,99662200.0
2016-04-06,204.19000244140625,206.4900054931641,203.97999572753903,206.4199981689453,176.37083435058594,91839800.0
2016-04-07,205.13999938964844,205.5599975585937,203.08999633789065,203.9499969482422,174.26039123535156,113859000.0
2016-04-08,205.33999633789065,205.8500061035156,203.8699951171875,204.5,174.7303466796875,95040600.0
2016-04-11,205.25,206.07000732421875,203.9100036621093,204.0200042724609,174.3201904296875,83757500.0
2016-04-12,204.22000122070312,206.25,203.6999969482422,205.9199981689453,175.94361877441406,115350600.0
2016-04-13,207.0,208.1000061035156,206.83999633789065,208.0,177.7207794189453,96336400.0
2016-04-14,208.07000732421875,208.6000061035156,207.6000061035156,208.009994506836,177.72935485839844,65212900.0
2016-04-15,208.009994506836,208.1699981689453,207.3999938964844,207.77999877929688,177.53285217285156,75761600.0
2016-04-18,207.77999877929688,209.27999877929688,207.0,209.2400054931641,178.7803192138672,82531000.0
2016-04-19,209.7400054931641,210.1999969482422,208.94000244140625,209.8999938964844,179.34426879882812,88316100.0
2016-04-20,209.9499969482422,210.9199981689453,209.38999938964844,210.1000061035156,179.5150909423828,81100300.0
2016-04-21,210.1199951171875,210.25,208.6499938964844,208.97000122070312,178.54959106445312,85695000.0
2016-04-22,208.5500030517578,209.2899932861328,207.9100036621093,208.97000122070312,178.54959106445312,99251700.0
2016-04-25,208.259994506836,208.6600036621093,207.5399932861328,208.6100006103516,178.24205017089844,66166500.0
2016-04-26,209.0399932861328,209.5200042724609,208.3600006103516,208.9199981689453,178.50689697265625,75864200.0
2016-04-27,208.47000122070312,209.8099975585937,208.0500030517578,209.3500061035156,178.8743438720703,77329400.0
2016-04-28,208.4600067138672,209.759994506836,206.9600067138672,207.4499969482422,177.25086975097656,97216200.0
2016-04-29,206.72000122070312,207.1300048828125,205.02999877929688,206.3300018310547,176.29391479492188,142424100.0
2016-05-02,206.9199981689453,208.17999267578125,206.4100036621093,207.97000122070312,177.6951904296875,62188000.0
2016-05-03,206.5200042724609,206.8000030517578,205.27999877929688,206.1600036621093,176.14869689941406,106422100.0
2016-05-04,204.9900054931641,205.8500061035156,204.4199981689453,205.009994506836,175.16610717773438,92243800.0
2016-05-05,205.5599975585937,205.97999572753903,204.47000122070312,204.97000122070312,175.13192749023438,67619200.0
2016-05-06,204.0599975585937,205.7700042724609,203.8800048828125,205.72000122070312,175.77273559570312,89315000.0
2016-05-09,205.57000732421875,206.3999938964844,205.3600006103516,205.88999938964844,175.91799926757812,74374900.0
2016-05-10,206.72000122070312,208.47000122070312,206.63999938964844,208.4499969482422,178.10531616210938,77472200.0
2016-05-11,207.9100036621093,208.5399932861328,206.5,206.5,176.43917846679688,81727000.0
2016-05-12,207.2899932861328,207.4900054931641,205.3699951171875,206.5599975585937,176.4904327392578,89586300.0
2016-05-13,206.2100067138672,206.8600006103516,204.3800048828125,204.759994506836,174.9524688720703,96474600.0
2016-05-16,204.9600067138672,207.33999633789065,204.88999938964844,206.77999877929688,176.6783905029297,77486800.0
2016-05-17,206.4600067138672,206.8000030517578,204.22999572753903,204.8500061035156,175.02940368652344,114924900.0
2016-05-18,204.44000244140625,206.3000030517578,203.6300048828125,204.9100036621093,175.0806427001953,120062100.0
2016-05-19,204.0599975585937,204.5399932861328,202.77999877929688,204.1999969482422,174.47398376464844,115430500.0
2016-05-20,204.9199981689453,206.1000061035156,204.8600006103516,205.4900054931641,175.5762176513672,104990400.0
2016-05-23,205.509994506836,205.83999633789065,204.9900054931641,205.2100067138672,175.3369903564453,58682600.0
2016-05-24,206.1699981689453,208.2400054931641,206.13999938964844,207.8699951171875,177.60975646972656,93537800.0
2016-05-25,208.6699981689453,209.7700042724609,207.8699951171875,209.27999877929688,178.81448364257812,76621400.0
2016-05-26,209.44000244140625,209.7100067138672,208.97000122070312,209.33999633789065,178.86578369140625,55280700.0
2016-05-27,209.52999877929688,210.25,209.47000122070312,210.2400054931641,179.63475036621094,64211200.0
2016-05-31,210.5599975585937,210.69000244140625,209.17999267578125,209.83999633789065,179.29293823242188,109879400.0
2016-06-01,209.1199951171875,210.47999572753903,208.88999938964844,210.2700042724609,179.6603546142578,69936200.0
2016-06-02,209.8000030517578,210.92999267578125,209.2400054931641,210.9100036621093,180.20721435546875,63044700.0
2016-06-03,210.25,210.69000244140625,208.8600006103516,210.27999877929688,179.66891479492188,101757100.0
2016-06-06,210.6999969482422,211.7700042724609,210.509994506836,211.3500061035156,180.5831451416016,64887000.0
2016-06-07,211.52999877929688,212.33999633789065,211.5,211.67999267578125,180.8651123046875,60974800.0
2016-06-08,211.83999633789065,212.5200042724609,211.69000244140625,212.3699951171875,181.45465087890625,66170900.0
2016-06-09,211.509994506836,212.22000122070312,211.19000244140625,212.0800018310547,181.20684814453125,73786900.0
2016-06-10,210.4600067138672,210.8600006103516,209.42999267578125,210.07000732421875,179.48948669433594,113829200.0
2016-06-13,209.3600006103516,210.3699951171875,208.3500061035156,208.4499969482422,178.10531616210938,117751200.0
2016-06-14,208.0,208.7400054931641,206.9199981689453,208.0399932861328,177.7550048828125,125059300.0
2016-06-15,208.0399932861328,209.3600006103516,207.52999877929688,207.75,177.5072021484375,109124500.0
2016-06-16,207.75,208.57000732421875,205.58999633789065,208.3699951171875,178.03697204589844,149533100.0
2016-06-17,207.1699981689453,207.1999969482422,205.75,206.5200042724609,177.37388610839844,117055700.0
2016-06-20,208.82000732421875,209.6100006103516,207.75,207.8500061035156,178.5161895751953,82789600.0
2016-06-21,208.3000030517578,208.9199981689453,207.77999877929688,208.44000244140625,179.02296447753906,72461700.0
2016-06-22,208.6499938964844,209.5,207.92999267578125,208.1000061035156,178.73092651367188,95560500.0
2016-06-23,209.8099975585937,210.8699951171875,209.2700042724609,210.8099975585937,181.05845642089844,102731400.0
2016-06-24,203.6300048828125,210.8500061035156,202.72000122070312,203.2400054931641,174.5568084716797,333444400.0
2016-06-27,201.58999633789065,201.6000061035156,198.6499938964844,199.6000061035156,171.43052673339844,230775800.0
2016-06-28,201.47999572753903,203.22999572753903,201.1199951171875,203.1999969482422,174.52249145507812,159382400.0
2016-06-29,204.83999633789065,206.92999267578125,204.72000122070312,206.6600036621093,177.49415588378906,137328600.0
2016-06-30,207.2100067138672,209.5399932861328,206.5599975585937,209.47999572753903,179.9161834716797,165021900.0
2016-07-01,209.47999572753903,210.4900054931641,209.2899932861328,209.9199981689453,180.2940826416016,106055300.0
2016-07-05,208.9499969482422,209.0800018310547,207.7100067138672,208.4100036621093,178.99720764160156,109803700.0
2016-07-06,207.8300018310547,209.8000030517578,207.0599975585937,209.6600036621093,180.07073974609375,96021500.0
2016-07-07,209.8699951171875,210.6499938964844,208.6300048828125,209.52999877929688,179.95909118652344,85593800.0
2016-07-08,211.0500030517578,212.94000244140625,210.77999877929688,212.6499938964844,182.6387939453125,133971000.0
2016-07-11,213.19000244140625,214.07000732421875,212.9499969482422,213.3999938964844,183.2829132080078,73633900.0
2016-07-12,214.52999877929688,215.3000030517578,213.42999267578125,214.9499969482422,184.61415100097656,101275600.0
2016-07-13,215.44000244140625,215.4499969482422,214.3500061035156,214.9199981689453,184.58843994140625,87324100.0
2016-07-14,216.3999938964844,216.6699981689453,215.6600036621093,216.1199951171875,185.61903381347656,91230900.0
2016-07-15,216.77999877929688,217.009994506836,215.3099975585937,215.8300018310547,185.36997985839844,107155400.0
2016-07-18,215.97000122070312,216.6000061035156,215.6699981689453,216.4100036621093,185.8681488037109,58725900.0
2016-07-19,215.9199981689453,216.22999572753903,215.6300048828125,216.19000244140625,185.6791381835937,54345700.0
2016-07-20,216.19000244140625,217.3699951171875,216.19000244140625,217.08999633789065,186.4521484375,58159500.0
2016-07-21,216.9600067138672,217.22000122070312,215.75,216.2700042724609,185.74790954589844,67777300.0
2016-07-22,216.4100036621093,217.3000030517578,216.1000061035156,217.2400054931641,186.5809936523437,62787500.0
2016-07-25,217.0,217.0599975585937,215.97000122070312,216.6499938964844,186.0742950439453,55873100.0
2016-07-26,216.52999877929688,217.1699981689453,215.759994506836,216.75,186.1601409912109,70080500.0
2016-07-27,217.19000244140625,217.2700042724609,215.6199951171875,216.5200042724609,185.9626617431641,84083900.0
2016-07-28,216.2899932861328,217.1100006103516,215.75,216.7700042724609,186.1773223876953,65035700.0
2016-07-29,216.4600067138672,217.5399932861328,216.1300048828125,217.1199951171875,186.4779510498047,79519400.0
2016-08-01,217.19000244140625,217.6499938964844,216.4100036621093,216.94000244140625,186.3233642578125,73311400.0
2016-08-02,216.6499938964844,216.8300018310547,214.57000732421875,215.5500030517578,185.1294708251953,92295500.0
2016-08-03,215.47999572753903,216.25,215.1300048828125,216.17999267578125,185.67062377929688,53993600.0
2016-08-04,216.3099975585937,216.77999877929688,214.25,216.4100036621093,185.8681488037109,46585500.0
2016-08-05,216.4100036621093,218.22999572753903,216.4100036621093,218.17999267578125,187.38829040527344,71892200.0
2016-08-08,218.3999938964844,218.5200042724609,217.7400054931641,218.0500030517578,187.27667236328125,39906500.0
2016-08-09,218.1300048828125,218.759994506836,217.8000030517578,218.17999267578125,187.38829040527344,51251700.0
2016-08-10,218.3099975585937,218.3999938964844,217.22999572753903,217.63999938964844,186.924560546875,57941100.0
2016-08-11,218.259994506836,218.94000244140625,217.9499969482422,218.6499938964844,187.79200744628903,72504300.0
2016-08-12,218.2899932861328,218.7100067138672,217.9900054931641,218.4600067138672,187.6288299560547,61313500.0
2016-08-15,218.88999938964844,219.5,218.8800048828125,219.08999633789065,188.16989135742188,49813500.0
2016-08-16,218.6000061035156,218.67999267578125,217.9600067138672,217.9600067138672,187.19940185546875,53213600.0
2016-08-17,218.0,218.52999877929688,217.0200042724609,218.3699951171875,187.5515289306641,75134300.0
2016-08-18,218.33999633789065,218.8999938964844,218.2100067138672,218.8600006103516,187.9724273681641,52989300.0
2016-08-19,218.3099975585937,218.75,217.7400054931641,218.5399932861328,187.69754028320312,75443000.0
2016-08-22,218.259994506836,218.8000030517578,217.8300018310547,218.52999877929688,187.6889190673828,61368800.0
2016-08-23,219.25,219.6000061035156,218.8999938964844,218.97000122070312,188.0668334960937,53399200.0
2016-08-24,218.8000030517578,218.9100036621093,217.3600006103516,217.8500061035156,187.1049194335937,71728900.0
2016-08-25,217.3999938964844,218.19000244140625,217.22000122070312,217.6999969482422,186.97610473632807,69224800.0
2016-08-26,217.9199981689453,219.1199951171875,216.25,217.2899932861328,186.62391662597656,122506300.0
2016-08-29,217.44000244140625,218.6699981689453,217.3999938964844,218.3600006103516,187.54298400878903,70502200.0
2016-08-30,218.259994506836,218.58999633789065,217.3500061035156,218.0,187.2337646484375,58114500.0
2016-08-31,217.6100006103516,217.75,216.47000122070312,217.3800048828125,186.7012481689453,85269500.0
2016-09-01,217.3699951171875,217.72999572753903,216.02999877929688,217.38999938964844,186.7098693847656,97844200.0
2016-09-02,218.38999938964844,218.8699951171875,217.6999969482422,218.3699951171875,187.5515289306641,79293900.0
2016-09-06,218.6999969482422,219.1199951171875,217.8600006103516,219.02999877929688,188.11837768554688,56702100.0
2016-09-07,218.83999633789065,219.22000122070312,218.3000030517578,219.009994506836,188.10118103027344,76554900.0
2016-09-08,218.6199951171875,218.94000244140625,218.1499938964844,218.509994506836,187.6717224121093,74102900.0
2016-09-09,216.97000122070312,217.02999877929688,213.25,213.27999877929688,183.179916381836,221589100.0
2016-09-12,212.38999938964844,216.8099975585937,212.3099975585937,216.33999633789065,185.8080291748047,168110900.0
2016-09-13,214.83999633789065,215.1499938964844,212.5,213.22999572753903,183.1369171142578,182828800.0
2016-09-14,213.2899932861328,214.6999969482422,212.5,213.1499938964844,183.0682678222656,134185500.0
2016-09-15,212.9600067138672,215.72999572753903,212.75,215.27999877929688,184.89761352539065,134427900.0
2016-09-16,213.47999572753903,213.69000244140625,212.57000732421875,213.3699951171875,184.1828765869141,155236400.0
2016-09-19,214.1300048828125,214.8800048828125,213.02999877929688,213.4100036621093,184.21746826171875,80250500.0
2016-09-20,214.4100036621093,214.58999633789065,213.3800048828125,213.4199981689453,184.2260284423828,69665300.0
2016-09-21,214.2400054931641,216.02999877929688,213.44000244140625,215.82000732421875,186.29774475097656,110284400.0
2016-09-22,217.0,217.52999877929688,216.7100067138672,217.17999267578125,187.4716644287109,76678700.0
2016-09-23,216.72000122070312,216.8800048828125,215.8800048828125,215.9900054931641,186.4445037841797,73630900.0
2016-09-26,215.0200042724609,215.22999572753903,214.009994506836,214.2400054931641,184.93386840820312,89827300.0
2016-09-27,214.0500030517578,215.67999267578125,213.6199951171875,215.57000732421875,186.0819396972656,78494800.0
2016-09-28,215.8300018310547,216.82000732421875,214.7100067138672,216.63999938964844,187.0056304931641,87411000.0
2016-09-29,216.3999938964844,216.8699951171875,214.0399932861328,214.67999267578125,185.313720703125,128070600.0
2016-09-30,215.6499938964844,217.1199951171875,215.3600006103516,216.3000030517578,186.7120819091797,117202900.0
2016-10-03,215.82000732421875,216.0399932861328,215.0399932861328,215.77999877929688,186.26321411132807,83512100.0
2016-10-04,215.9100036621093,216.1699981689453,213.9900054931641,214.67999267578125,185.313720703125,119948100.0
2016-10-05,215.4100036621093,216.1300048828125,215.3300018310547,215.6300048828125,186.1337432861328,72816000.0
2016-10-06,215.3699951171875,216.0399932861328,214.7400054931641,215.77999877929688,186.26321411132807,62927400.0
2016-10-07,216.1000061035156,216.3000030517578,214.19000244140625,215.0399932861328,185.6244354248047,89788300.0
2016-10-10,216.1600036621093,216.6999969482422,215.9900054931641,216.1600036621093,186.5912322998047,51855000.0
2016-10-11,215.6600036621093,215.7400054931641,212.5800018310547,213.42999267578125,184.23468017578125,130367400.0
2016-10-12,213.58999633789065,214.32000732421875,213.009994506836,213.7100067138672,184.4763946533203,73866100.0
2016-10-13,212.1600036621093,213.58999633789065,211.2100067138672,213.009994506836,183.8721618652344,101357000.0
2016-10-14,214.1499938964844,214.69000244140625,213.02999877929688,213.1199951171875,183.9670867919922,93346200.0
2016-10-17,213.08999633789065,213.38999938964844,212.1699981689453,212.3800048828125,183.3283233642578,58275700.0
2016-10-18,214.2400054931641,214.3099975585937,213.2700042724609,213.7100067138672,184.4763946533203,76869700.0
2016-10-19,214.0200042724609,214.63999938964844,213.6000061035156,214.27999877929688,184.9683990478516,66519200.0
2016-10-20,213.8699951171875,214.52999877929688,213.1100006103516,213.8800048828125,184.6231231689453,73639800.0
2016-10-21,213.8800048828125,214.0800018310547,212.759994506836,213.97999572753903,184.7094573974609,89089100.0
2016-10-24,215.0,215.32000732421875,214.47999572753903,214.88999938964844,185.4949645996093,60146600.0
2016-10-25,214.67999267578125,214.97999572753903,213.97999572753903,214.1699981689453,184.8733825683593,66542300.0
2016-10-26,213.2100067138672,214.4199981689453,212.92999267578125,213.7400054931641,184.5022735595703,75705500.0
2016-10-27,214.5800018310547,214.6199951171875,213.0800018310547,213.1699981689453,184.0102081298828,77220200.0
2016-10-28,213.13999938964844,213.92999267578125,211.7100067138672,212.5399932861328,183.4663543701172,140623200.0
2016-10-31,212.92999267578125,213.19000244140625,212.3600006103516,212.5500030517578,183.4750366210937,61272500.0
2016-11-01,212.92999267578125,212.9900054931641,209.6000061035156,211.009994506836,182.14572143554688,122781800.0
2016-11-02,210.6499938964844,211.1000061035156,209.22999572753903,209.7400054931641,181.0494384765625,103330800.0
2016-11-03,209.9900054931641,210.2400054931641,208.4600067138672,208.77999877929688,180.22076416015625,88939300.0
2016-11-04,208.9100036621093,209.88999938964844,208.3800048828125,208.5500030517578,180.022216796875,109122100.0
2016-11-07,208.5500030517578,213.19000244140625,208.5500030517578,213.1499938964844,183.99298095703125,109794900.0
2016-11-08,212.69000244140625,214.7700042724609,212.3800048828125,214.1100006103516,184.8216552734375,106772100.0
2016-11-09,212.3699951171875,217.1000061035156,212.33999633789065,216.3800048828125,186.7811279296875,258429000.0
2016-11-10,217.3000030517578,218.3099975585937,215.22000122070312,216.9199981689453,187.247314453125,172113300.0
2016-11-11,216.0800018310547,216.6999969482422,215.32000732421875,216.4199981689453,186.8156890869141,100552700.0
2016-11-14,217.02999877929688,217.2700042724609,215.72000122070312,216.58999633789065,186.96241760253903,94580000.0
2016-11-15,217.0399932861328,218.27999877929688,216.8000030517578,218.27999877929688,188.42127990722656,91652600.0
2016-11-16,217.5599975585937,218.13999938964844,217.4199981689453,217.8699951171875,188.0673370361328,65617700.0
2016-11-17,218.0500030517578,219.0599975585937,217.9199981689453,218.9900054931641,189.0341186523437,69797200.0
2016-11-18,219.07000732421875,219.2700042724609,218.2899932861328,218.5,188.6111297607422,86265800.0
2016-11-21,219.1699981689453,220.17999267578125,219.0,220.1499938964844,190.03543090820312,72402600.0
2016-11-22,220.509994506836,220.7899932861328,219.72999572753903,220.5800018310547,190.40663146972656,67429000.0
2016-11-23,219.97999572753903,220.759994506836,219.75,220.6999969482422,190.51025390625,56620200.0
2016-11-25,221.1000061035156,221.5599975585937,221.009994506836,221.5200042724609,191.21807861328125,37872300.0
2016-11-28,221.1600036621093,221.47999572753903,220.3600006103516,220.47999572753903,190.3203125,76572500.0
2016-11-29,220.5200042724609,221.44000244140625,220.1699981689453,220.9100036621093,190.69146728515625,69886700.0
2016-11-30,221.6300048828125,221.82000732421875,220.3099975585937,220.3800048828125,190.2339782714844,113291800.0
2016-12-01,220.72999572753903,220.72999572753903,219.1499938964844,219.57000732421875,189.5348052978516,79040500.0
2016-12-02,219.6699981689453,220.25,219.259994506836,219.67999267578125,189.6297302246093,74840300.0
2016-12-05,220.6499938964844,221.3999938964844,220.4199981689453,221.0,190.76922607421875,67837800.0
2016-12-06,221.22000122070312,221.7400054931641,220.6600036621093,221.6999969482422,191.37342834472656,59877400.0
2016-12-07,221.5200042724609,224.6699981689453,221.3800048828125,224.6000061035156,193.8767547607422,110738100.0
2016-12-08,224.57000732421875,225.6999969482422,224.259994506836,225.1499938964844,194.35142517089844,99714400.0
2016-12-09,225.4100036621093,226.52999877929688,225.3699951171875,226.509994506836,195.5254364013672,88005800.0
2016-12-12,226.3999938964844,226.9600067138672,225.759994506836,226.25,195.30099487304688,102016100.0
2016-12-13,227.0200042724609,228.33999633789065,227.0,227.759994506836,196.6044464111328,110477500.0
2016-12-14,227.4100036621093,228.22999572753903,225.3699951171875,225.8800048828125,194.981674194336,142501800.0
2016-12-15,226.1600036621093,227.8099975585937,225.88999938964844,226.8099975585937,195.78439331054688,124972600.0
2016-12-16,226.009994506836,226.0800018310547,224.6699981689453,225.0399932861328,195.40151977539065,156420200.0
2016-12-19,225.25,226.0200042724609,225.0800018310547,225.52999877929688,195.82696533203125,90341100.0
2016-12-20,226.1499938964844,226.57000732421875,225.8800048828125,226.3999938964844,196.58238220214844,89838800.0
2016-12-21,226.25,226.4499969482422,225.7700042724609,225.7700042724609,196.0353240966797,67909000.0
2016-12-22,225.6000061035156,225.7400054931641,224.9199981689453,225.3800048828125,195.6967010498047,56219100.0
2016-12-23,225.42999267578125,225.72000122070312,225.2100067138672,225.7100067138672,195.9832305908203,36697800.0
2016-12-27,226.0200042724609,226.72999572753903,226.0,226.2700042724609,196.46954345703125,42672500.0
2016-12-28,226.57000732421875,226.58999633789065,224.2700042724609,224.3999938964844,194.8457946777344,64095000.0
2016-12-29,224.47999572753903,224.88999938964844,223.83999633789065,224.3500061035156,194.8023834228516,48696100.0
2016-12-30,224.72999572753903,224.8300018310547,222.72999572753903,223.52999877929688,194.09033203125,108998300.0
2017-01-03,225.0399932861328,225.8300018310547,223.8800048828125,225.2400054931641,195.5751495361328,91366500.0
2017-01-04,225.6199951171875,226.75,225.6100006103516,226.5800018310547,196.7386779785156,78744400.0
2017-01-05,226.2700042724609,226.5800018310547,225.47999572753903,226.3999938964844,196.58238220214844,78379000.0
2017-01-06,226.52999877929688,227.75,225.8999938964844,227.2100067138672,197.28570556640625,71559900.0
2017-01-09,226.9100036621093,227.07000732421875,226.4199981689453,226.4600067138672,196.634506225586,46939700.0
2017-01-10,226.47999572753903,227.4499969482422,226.009994506836,226.4600067138672,196.634506225586,63771900.0
2017-01-11,226.3600006103516,227.1000061035156,225.58999633789065,227.1000061035156,197.190170288086,74650000.0
2017-01-12,226.5,226.75,224.9600067138672,226.52999877929688,196.6952209472656,72113200.0
2017-01-13,226.72999572753903,227.3999938964844,226.69000244140625,227.0500030517578,197.14678955078125,62717900.0
2017-01-17,226.3099975585937,226.77999877929688,225.8000030517578,226.25,196.45211791992188,61240800.0
2017-01-18,226.5399932861328,226.8000030517578,225.8999938964844,226.75,196.8863067626953,54793300.0
2017-01-19,226.83999633789065,227.0,225.4100036621093,225.9100036621093,196.15692138671875,66608800.0
2017-01-20,226.6999969482422,227.3099975585937,225.97000122070312,226.7400054931641,196.8775634765625,129168600.0
2017-01-23,226.7400054931641,226.8099975585937,225.2700042724609,226.1499938964844,196.36529541015625,75061600.0
2017-01-24,226.3999938964844,228.0800018310547,226.2700042724609,227.6000061035156,197.62437438964844,95555300.0
2017-01-25,228.6999969482422,229.57000732421875,228.509994506836,229.57000732421875,199.33493041992188,84437700.0
2017-01-26,229.3999938964844,229.7100067138672,229.009994506836,229.3300018310547,199.1265106201172,59970700.0
2017-01-27,229.4199981689453,229.58999633789065,228.759994506836,228.97000122070312,198.8138885498047,59711100.0
2017-01-30,228.1699981689453,228.1999969482422,226.4100036621093,227.5500030517578,197.5809326171875,79737300.0
2017-01-31,226.97999572753903,227.6000061035156,226.32000732421875,227.52999877929688,197.5635681152344,75880800.0
2017-02-01,227.52999877929688,228.58999633789065,226.94000244140625,227.6199951171875,197.64170837402344,79117700.0
2017-02-02,227.6199951171875,228.1000061035156,226.82000732421875,227.7700042724609,197.7719573974609,69657600.0
2017-02-03,228.82000732421875,229.5500030517578,228.4600067138672,229.33999633789065,199.1351776123047,80563200.0
2017-02-06,228.8699951171875,229.3300018310547,228.5399932861328,228.92999267578125,198.77915954589844,57790100.0
2017-02-07,229.3800048828125,229.6600036621093,228.72000122070312,228.94000244140625,198.787826538086,57931200.0
2017-02-08,228.94000244140625,229.38999938964844,228.3099975585937,229.2400054931641,199.04837036132807,51566200.0
2017-02-09,229.2400054931641,230.9499969482422,229.2400054931641,230.6000061035156,200.2292022705078,65955200.0
2017-02-10,231.0,231.7700042724609,230.6199951171875,231.509994506836,201.01942443847656,66015900.0
2017-02-13,232.0800018310547,233.07000732421875,232.0500030517578,232.7700042724609,202.1133728027344,55182100.0
2017-02-14,232.5599975585937,233.7100067138672,232.1600036621093,233.6999969482422,202.9209747314453,71109000.0
2017-02-15,233.4499969482422,235.13999938964844,233.38999938964844,234.9199981689453,203.98028564453125,86785800.0
2017-02-16,234.9499969482422,235.1600036621093,233.8500061035156,234.72000122070312,203.80661010742188,84722400.0
2017-02-17,233.9499969482422,235.08999633789065,233.92999267578125,235.08999633789065,204.1278839111328,77204100.0
2017-02-21,235.5200042724609,236.69000244140625,235.509994506836,236.4900054931641,205.34347534179688,88946100.0
2017-02-22,236.0200042724609,236.5399932861328,235.8300018310547,236.27999877929688,205.16114807128903,62115200.0
2017-02-23,236.8800048828125,236.8999938964844,235.5599975585937,236.44000244140625,205.3000640869141,74615900.0
2017-02-24,235.4600067138672,236.7899932861328,235.4100036621093,236.7400054931641,205.560546875,82381600.0
2017-02-27,236.63999938964844,237.3099975585937,236.3500061035156,237.1100006103516,205.8818206787109,56515400.0
2017-02-28,236.6699981689453,236.9499969482422,236.0200042724609,236.47000122070312,205.3260803222656,96961900.0
2017-03-01,238.38999938964844,240.32000732421875,238.3699951171875,239.77999877929688,208.2001800537109,149158200.0
2017-03-02,239.5599975585937,239.57000732421875,238.2100067138672,238.2700042724609,206.88905334472656,70246000.0
2017-03-03,238.1699981689453,238.6100006103516,237.72999572753903,238.4199981689453,207.01934814453125,81974300.0
2017-03-06,237.5,238.1199951171875,237.009994506836,237.7100067138672,206.40280151367188,55391500.0
2017-03-07,237.3600006103516,237.7700042724609,236.759994506836,237.0,205.78634643554688,65103700.0
2017-03-08,237.33999633789065,237.63999938964844,236.3999938964844,236.5599975585937,205.4042510986328,78168800.0
2017-03-09,236.6999969482422,237.2400054931641,235.7400054931641,236.8600006103516,205.6647186279297,90683900.0
2017-03-10,237.97000122070312,238.0200042724609,236.58999633789065,237.69000244140625,206.38543701171875,81991700.0
2017-03-13,237.6199951171875,237.8600006103516,237.2400054931641,237.8099975585937,206.4896545410156,57256800.0
2017-03-14,237.17999267578125,237.2400054931641,236.19000244140625,236.8999938964844,205.69949340820312,59880800.0
2017-03-15,237.5599975585937,239.44000244140625,237.2899932861328,238.9499969482422,207.4794921875,96081800.0
2017-03-16,239.1100006103516,239.1999969482422,238.1000061035156,238.47999572753903,207.0713806152344,78344000.0
2017-03-17,237.75,237.97000122070312,237.02999877929688,237.02999877929688,206.707763671875,89002100.0
2017-03-20,237.02999877929688,237.3600006103516,236.32000732421875,236.7700042724609,206.48101806640625,52537000.0
2017-03-21,237.47000122070312,237.6100006103516,233.5800018310547,233.72999572753903,203.8299255371093,131809300.0
2017-03-22,233.7700042724609,234.6100006103516,233.0500030517578,234.27999877929688,204.3095550537109,97569200.0
2017-03-23,234.27999877929688,235.33999633789065,233.6000061035156,234.02999877929688,204.091537475586,100410300.0
2017-03-24,234.3800048828125,235.0399932861328,232.9600067138672,233.8600006103516,203.9432830810547,112504900.0
2017-03-27,231.92999267578125,233.9199981689453,231.6100006103516,233.6199951171875,203.7339782714844,87454500.0
2017-03-28,233.2700042724609,235.8099975585937,233.13999938964844,235.32000732421875,205.2164764404297,93483900.0
2017-03-29,234.9900054931641,235.8099975585937,234.72999572753903,235.5399932861328,205.4083404541016,61950400.0
2017-03-30,235.47000122070312,236.5200042724609,235.2700042724609,236.2899932861328,206.0624237060547,56737900.0
2017-03-31,235.8999938964844,236.509994506836,235.67999267578125,235.7400054931641,205.5827789306641,73733100.0
2017-04-03,235.8000030517578,236.02999877929688,233.9100036621093,235.3300018310547,205.22520446777344,85546500.0
2017-04-04,235.0,235.5800018310547,234.5599975585937,235.47999572753903,205.35595703125,56466200.0
2017-04-05,236.259994506836,237.38999938964844,234.5399932861328,234.77999877929688,204.7455902099609,108800600.0
2017-04-06,234.94000244140625,236.0399932861328,234.42999267578125,235.44000244140625,205.3211669921875,69135800.0
2017-04-07,235.1499938964844,236.0,234.63999938964844,235.1999969482422,205.1118927001953,74412300.0
2017-04-10,235.3600006103516,236.259994506836,234.72999572753903,235.33999633789065,205.2339782714844,67615300.0
2017-04-11,234.8999938964844,235.17999267578125,233.33999633789065,235.0599975585937,204.9897308349609,88045300.0
2017-04-12,234.7400054931641,234.9600067138672,233.7700042724609,234.02999877929688,204.091537475586,81864400.0
2017-04-13,233.63999938964844,234.4900054931641,232.509994506836,232.509994506836,202.7659606933593,92880400.0
2017-04-17,233.1100006103516,234.57000732421875,232.8800048828125,234.57000732421875,204.5624389648437,68405400.0
2017-04-18,233.72000122070312,234.4900054931641,233.0800018310547,233.8699951171875,203.95196533203125,83225800.0
2017-04-19,234.5200042724609,234.9499969482422,233.17999267578125,233.44000244140625,203.5770263671875,68699900.0
2017-04-20,234.1499938964844,235.8500061035156,233.77999877929688,235.33999633789065,205.2339782714844,92572200.0
2017-04-21,235.25,235.3099975585937,234.1300048828125,234.58999633789065,204.5799102783203,110389800.0
2017-04-24,237.17999267578125,237.4100036621093,234.5599975585937,237.1699981689453,206.8298492431641,119209900.0
2017-04-25,237.9100036621093,238.9499969482422,237.8099975585937,238.5500030517578,208.03330993652344,76698300.0
2017-04-26,238.509994506836,239.52999877929688,238.3500061035156,238.3999938964844,207.9024353027344,84702500.0
2017-04-27,238.7700042724609,238.9499969482422,237.97999572753903,238.6000061035156,208.07693481445312,57410300.0
2017-04-28,238.8999938964844,238.92999267578125,237.92999267578125,238.0800018310547,207.6234436035156,63532800.0
2017-05-01,238.67999267578125,239.1699981689453,238.1999969482422,238.67999267578125,208.1466522216797,66882500.0
2017-05-02,238.83999633789065,238.97999572753903,238.3000030517578,238.7700042724609,208.22515869140625,57375700.0
2017-05-03,238.7700042724609,238.8800048828125,237.6999969482422,238.47999572753903,207.9722442626953,73137700.0
2017-05-04,238.8300018310547,238.9199981689453,237.77999877929688,238.759994506836,208.21641540527344,61462700.0
2017-05-05,239.19000244140625,239.72000122070312,238.67999267578125,239.6999969482422,209.0361785888672,62001300.0
2017-05-08,239.75,239.9199981689453,239.1699981689453,239.6600036621093,209.0013427734375,48385700.0
2017-05-09,239.9600067138672,240.19000244140625,239.0399932861328,239.44000244140625,208.80943298339844,51363200.0
2017-05-10,239.38999938964844,239.8699951171875,239.1499938964844,239.8699951171875,209.18443298339844,54293800.0
2017-05-11,239.3500061035156,239.57000732421875,238.1300048828125,239.3800048828125,208.75714111328125,62358300.0
2017-05-12,239.08999633789065,239.42999267578125,238.6699981689453,238.97999572753903,208.40830993652344,53912700.0
2017-05-15,239.47000122070312,240.44000244140625,239.4499969482422,240.3000030517578,209.5594482421875,61918900.0
2017-05-16,240.63999938964844,240.6699981689453,239.6300048828125,240.0800018310547,209.3675994873047,51241800.0
2017-05-17,240.0800018310547,240.0800018310547,235.75,235.82000732421875,205.65255737304688,172174100.0
2017-05-18,235.72999572753903,237.75,235.42999267578125,236.7700042724609,206.48101806640625,107047700.0
2017-05-19,237.3300018310547,239.0800018310547,237.2700042724609,238.3099975585937,207.823959350586,115011400.0
2017-05-22,238.8999938964844,239.7100067138672,238.82000732421875,239.5200042724609,208.8792419433593,61010600.0
2017-05-23,239.9499969482422,240.2400054931641,239.509994506836,240.0500030517578,209.34141540527344,48341700.0
2017-05-24,240.32000732421875,240.72999572753903,239.92999267578125,240.6100006103516,209.82974243164065,46927700.0
2017-05-25,241.1999969482422,242.0800018310547,240.9600067138672,241.759994506836,210.8326110839844,64071700.0
2017-05-26,241.5399932861328,241.8999938964844,241.4499969482422,241.7100067138672,210.78907775878903,46629900.0
2017-05-30,241.33999633789065,241.7899932861328,241.1600036621093,241.5,210.6059417724609,35201900.0
2017-05-31,241.83999633789065,241.8800048828125,240.63999938964844,241.44000244140625,210.55357360839844,91796000.0
2017-06-01,241.97000122070312,243.3800048828125,241.63999938964844,243.3600006103516,212.2279663085937,68962000.0
2017-06-02,243.4199981689453,244.3500061035156,243.0800018310547,244.1699981689453,212.93435668945312,88666100.0
2017-06-05,243.97000122070312,244.3000030517578,243.759994506836,243.9900054931641,212.7773284912109,44698800.0
2017-06-06,243.33999633789065,243.97999572753903,243.1199951171875,243.2100067138672,212.0971527099609,50375400.0
2017-06-07,243.6000061035156,243.9199981689453,242.8300018310547,243.6600036621093,212.48960876464844,54144300.0
2017-06-08,243.7700042724609,244.3300018310547,243.1699981689453,243.77999877929688,212.5942230224609,65950700.0
2017-06-09,244.08999633789065,245.009994506836,241.9499969482422,243.4100036621093,212.27159118652344,132256400.0
2017-06-12,243.1300048828125,243.4199981689453,242.3800048828125,243.3600006103516,212.2279663085937,86108100.0
2017-06-13,243.97999572753903,244.6100006103516,243.5800018310547,244.5500030517578,213.26573181152344,60067000.0
2017-06-14,244.8600006103516,244.8699951171875,243.2899932861328,244.2400054931641,212.99539184570312,78602300.0
2017-06-15,242.67999267578125,243.9100036621093,242.3600006103516,243.7700042724609,212.5854949951172,66464900.0
2017-06-16,242.7700042724609,242.8300018310547,241.6300048828125,242.63999938964844,212.63194274902344,84553100.0
2017-06-19,243.58999633789065,244.72999572753903,243.47999572753903,244.6600036621093,214.4021453857422,65123800.0
2017-06-20,244.25,244.259994506836,242.9900054931641,243.009994506836,212.9561920166016,56906400.0
2017-06-21,243.4600067138672,243.58999633789065,242.4100036621093,242.9499969482422,212.9036407470703,55977600.0
2017-06-22,242.9600067138672,243.52999877929688,242.63999938964844,242.83999633789065,212.8072509765625,44148100.0
2017-06-23,242.9100036621093,243.509994506836,242.47000122070312,243.1300048828125,213.06138610839844,66986800.0
2017-06-26,243.8999938964844,244.3800048828125,243.0500030517578,243.2899932861328,213.2015991210937,56700500.0
2017-06-27,243.0399932861328,243.3800048828125,241.3099975585937,241.3300018310547,211.4839782714844,82247700.0
2017-06-28,242.5,243.72000122070312,242.22999572753903,243.4900054931641,213.3768768310547,70042600.0
2017-06-29,243.6600036621093,243.72000122070312,239.9600067138672,241.3500061035156,211.50152587890625,106949700.0
2017-06-30,242.27999877929688,242.7100067138672,241.5800018310547,241.8000030517578,211.89585876464844,86820700.0
2017-07-03,242.8800048828125,243.3800048828125,242.2100067138672,242.2100067138672,212.255126953125,39153800.0
2017-07-05,242.6300048828125,243.009994506836,241.6999969482422,242.7700042724609,212.7458953857422,54427600.0
2017-07-06,241.88999938964844,242.02999877929688,240.33999633789065,240.5500030517578,210.8004302978516,65400800.0
2017-07-07,241.2100067138672,242.27999877929688,240.5599975585937,242.1100006103516,212.16749572753903,57972300.0
2017-07-10,242.1100006103516,242.8000030517578,241.759994506836,242.3699951171875,212.39537048339844,36663300.0
2017-07-11,242.3699951171875,242.5500030517578,240.8500061035156,242.19000244140625,212.23760986328125,50354600.0
2017-07-12,243.3000030517578,244.1999969482422,243.3000030517578,244.009994506836,213.83251953125,59610400.0
2017-07-13,244.0200042724609,244.5500030517578,243.759994506836,244.4199981689453,214.1918182373047,39471600.0
2017-07-14,244.4199981689453,245.97000122070312,244.3099975585937,245.5599975585937,215.1908721923828,60262700.0
2017-07-17,245.47000122070312,245.9100036621093,245.3300018310547,245.52999877929688,215.16455078125,33531900.0
2017-07-18,245.0599975585937,245.72000122070312,244.6699981689453,245.6600036621093,215.2784576416016,42742500.0
2017-07-19,246.0200042724609,247.0,246.009994506836,246.9900054931641,216.44406127929688,51034300.0
2017-07-20,247.27999877929688,247.4199981689453,246.47000122070312,247.1000061035156,216.5403747558593,47135200.0
2017-07-21,246.44000244140625,246.9100036621093,246.17999267578125,246.8800048828125,216.3475799560547,82340800.0
2017-07-24,246.7899932861328,246.97999572753903,246.27999877929688,246.82000732421875,216.29498291015625,46622300.0
2017-07-25,247.67999267578125,247.8000030517578,247.1600036621093,247.4199981689453,216.82083129882807,54915600.0
2017-07-26,247.75,247.7899932861328,247.1300048828125,247.42999267578125,216.82960510253903,47575400.0
2017-07-27,247.9600067138672,248.0,245.67999267578125,247.1999969482422,216.6280212402344,70766600.0
2017-07-28,246.6499938964844,247.0599975585937,246.1300048828125,246.9100036621093,216.3739013671875,50088400.0
2017-07-31,247.3699951171875,247.47999572753903,246.52999877929688,246.7700042724609,216.251205444336,65838700.0
2017-08-01,247.4600067138672,247.5,246.72000122070312,247.32000732421875,216.7332000732422,55050400.0
2017-08-02,247.47000122070312,247.6000061035156,246.3699951171875,247.44000244140625,216.83837890625,47211200.0
2017-08-03,247.3099975585937,247.33999633789065,246.63999938964844,246.9600067138672,216.417724609375,40856000.0
2017-08-04,247.5200042724609,247.7899932861328,246.97000122070312,247.4100036621093,216.81202697753903,60191800.0
2017-08-07,247.4900054931641,247.8699951171875,247.3699951171875,247.8699951171875,217.2151336669922,31995000.0
2017-08-08,247.509994506836,248.9100036621093,246.8300018310547,247.259994506836,216.6805725097656,61719400.0
2017-08-09,246.47000122070312,247.3099975585937,246.0599975585937,247.25,216.6718597412109,62632600.0
2017-08-10,246.2899932861328,246.44000244140625,243.6999969482422,243.759994506836,213.6134490966797,120479500.0
2017-08-11,244.0200042724609,244.8000030517578,243.75,244.1199951171875,213.92892456054688,74869900.0
2017-08-14,245.58999633789065,246.7899932861328,245.5500030517578,246.5399932861328,216.04962158203125,73291900.0
2017-08-15,246.97999572753903,247.0,246.1600036621093,246.509994506836,216.0233459472656,55242700.0
2017-08-16,247.1100006103516,247.57000732421875,246.4499969482422,246.94000244140625,216.40017700195312,56715500.0
2017-08-17,246.2400054931641,246.6000061035156,243.08999633789065,243.08999633789065,213.0263214111328,128490400.0
2017-08-18,242.8999938964844,244.19000244140625,242.1999969482422,242.7100067138672,212.6932983398437,136748000.0
2017-08-21,242.63999938964844,243.1999969482422,241.8300018310547,242.8999938964844,212.8598175048828,65469700.0
2017-08-22,243.57000732421875,245.6199951171875,243.5500030517578,245.44000244140625,215.0857086181641,63140100.0
2017-08-23,244.3300018310547,245.0500030517578,244.1600036621093,244.5599975585937,214.31448364257807,50203800.0
2017-08-24,245.0,245.17999267578125,243.75,243.9900054931641,213.81495666503903,50741700.0
2017-08-25,244.8999938964844,245.6100006103516,244.38999938964844,244.5599975585937,214.31448364257807,64445900.0
2017-08-28,245.1699981689453,245.1999969482422,244.08999633789065,244.57000732421875,214.32327270507807,40565600.0
2017-08-29,243.0599975585937,245.1499938964844,242.92999267578125,244.8500061035156,214.5686798095703,51135700.0
2017-08-30,244.8300018310547,246.32000732421875,244.6199951171875,246.009994506836,215.58514404296875,62030800.0
2017-08-31,246.72000122070312,247.7700042724609,246.0500030517578,247.4900054931641,216.88218688964844,103803900.0
2017-09-01,247.9199981689453,248.3300018310547,247.6699981689453,247.83999633789065,217.1888885498047,62007000.0
2017-09-05,247.259994506836,247.5200042724609,244.9499969482422,246.0599975585937,215.62901306152344,91398800.0
2017-09-06,246.83999633789065,247.27999877929688,246.22999572753903,246.8999938964844,216.3651580810547,57916900.0
2017-09-07,247.25,247.2700042724609,246.3999938964844,246.8699951171875,216.33883666992188,58034700.0
2017-09-08,246.5399932861328,247.1100006103516,246.3000030517578,246.5800018310547,216.084716796875,63832800.0
2017-09-11,248.0399932861328,249.3000030517578,248.0200042724609,249.2100067138672,218.38943481445312,71364800.0
2017-09-12,249.6300048828125,250.08999633789065,249.4199981689453,250.0500030517578,219.12551879882807,56896000.0
2017-09-13,249.72000122070312,250.2100067138672,249.58999633789065,250.1699981689453,219.230697631836,59228000.0
2017-09-14,249.8000030517578,250.32000732421875,249.6000061035156,250.08999633789065,219.1605987548828,95446300.0
2017-09-15,248.69000244140625,249.2899932861328,248.57000732421875,249.19000244140625,219.4556579589844,95432400.0
2017-09-18,249.6100006103516,250.1199951171875,249.27999877929688,249.72000122070312,219.92239379882807,46235200.0
2017-09-19,250.0,250.07000732421875,249.6000061035156,249.97000122070312,220.1425323486328,47108100.0
2017-09-20,250.07000732421875,250.19000244140625,248.9199981689453,250.0599975585937,220.22178649902344,59574100.0
2017-09-21,249.8800048828125,249.97999572753903,249.19000244140625,249.38999938964844,219.6317749023437,48211400.0
2017-09-22,249.0500030517578,249.6300048828125,249.0200042724609,249.44000244140625,219.67578125,51214000.0
2017-09-25,249.1499938964844,249.5500030517578,248.0800018310547,248.92999267578125,219.2266082763672,57064400.0
2017-09-26,249.4199981689453,249.6999969482422,248.8099975585937,249.0800018310547,219.35874938964844,54082000.0
2017-09-27,249.8800048828125,250.4900054931641,248.8699951171875,250.0500030517578,220.21304321289065,81001400.0
2017-09-28,249.72999572753903,250.44000244140625,249.6300048828125,250.3500061035156,220.47720336914065,44778800.0
2017-09-29,250.33999633789065,251.32000732421875,250.1300048828125,251.22999572753903,221.2522888183593,85578000.0
2017-10-02,251.4900054931641,252.32000732421875,251.2899932861328,252.32000732421875,222.2121734619141,59023000.0
2017-10-03,252.32000732421875,252.88999938964844,252.22999572753903,252.8600006103516,222.68771362304688,66810200.0
2017-10-04,252.69000244140625,253.44000244140625,252.5599975585937,253.1600036621093,222.9519195556641,55953600.0
2017-10-05,253.5399932861328,254.67999267578125,253.1999969482422,254.6600036621093,224.2729034423828,63522800.0
2017-10-06,254.1499938964844,254.6999969482422,253.8500061035156,254.3699951171875,224.01754760742188,80646000.0
2017-10-09,254.6300048828125,254.6999969482422,253.6499938964844,253.9499969482422,223.64767456054688,35803100.0
2017-10-10,254.6000061035156,255.0500030517578,253.97999572753903,254.6199951171875,224.23768615722656,43057400.0
2017-10-11,254.509994506836,255.0200042724609,254.32000732421875,255.0200042724609,224.5899658203125,47674300.0
2017-10-12,254.6600036621093,255.0599975585937,254.3699951171875,254.63999938964844,224.2553100585937,47065100.0
2017-10-13,255.13999938964844,255.2700042724609,254.63999938964844,254.9499969482422,224.52833557128903,54800400.0
2017-10-16,255.2100067138672,255.509994506836,254.82000732421875,255.2899932861328,224.8277587890625,38221700.0
2017-10-17,255.22999572753903,255.5200042724609,254.97999572753903,255.47000122070312,224.98629760742188,31561000.0
2017-10-18,255.8999938964844,255.9499969482422,255.5,255.72000122070312,225.2064666748047,40888300.0
2017-10-19,254.8300018310547,255.8300018310547,254.3500061035156,255.7899932861328,225.26809692382807,61903800.0
2017-10-20,256.70001220703125,257.1400146484375,255.7700042724609,257.1099853515625,226.4305877685547,89176400.0
2017-10-23,257.4800109863281,257.510009765625,256.0199890136719,256.1099853515625,225.5499267578125,63915300.0
2017-10-24,256.6000061035156,256.8299865722656,256.1499938964844,256.5599975585937,225.9462280273437,66935900.0
2017-10-25,256.17999267578125,256.3099975585937,254.0,255.2899932861328,224.8277587890625,103715300.0
2017-10-26,255.9900054931641,256.29998779296875,255.47999572753903,255.6199951171875,225.11837768554688,69798000.0
2017-10-27,256.4700012207031,257.8900146484375,255.6300048828125,257.7099914550781,226.9589691162109,85562500.0
2017-10-30,256.4700012207031,257.6000061035156,256.4100036621094,256.75,226.11355590820312,54285700.0
2017-10-31,257.17999267578125,257.44000244140625,256.8099975585937,257.1499938964844,226.4658050537109,60304800.0
2017-11-01,258.0400085449219,258.42999267578125,257.07000732421875,257.489990234375,226.76524353027344,54202700.0
2017-11-02,257.4100036621094,257.75,256.19000244140625,257.5899963378906,226.8533477783203,56449500.0
2017-11-03,257.7699890136719,258.5,257.29998779296875,258.45001220703125,227.6107177734375,59589700.0
2017-11-06,258.29998779296875,259.0,258.2200012207031,258.8500061035156,227.9629821777344,49652600.0
2017-11-07,258.9700012207031,259.3500061035156,258.0899963378906,258.6700134277344,227.80441284179688,57502200.0
2017-11-08,258.4700012207031,259.2200012207031,258.1499938964844,259.1099853515625,228.1919403076172,50469600.0
2017-11-09,257.7300109863281,258.3900146484375,256.3599853515625,258.1700134277344,227.36412048339844,95085500.0
2017-11-10,257.7300109863281,258.2900085449219,257.3699951171875,258.0899963378906,227.2936248779297,59984700.0
2017-11-13,257.3099975585937,258.5899963378906,257.2699890136719,258.3299865722656,227.5050506591797,50228600.0
2017-11-14,257.4100036621094,257.8500061035156,256.5199890136719,257.7300109863281,226.9766540527344,61315200.0
2017-11-15,256.6199951171875,257.2200012207031,255.6300048828125,256.44000244140625,225.84051513671875,80811500.0
2017-11-16,257.5199890136719,259.0400085449219,257.4700012207031,258.6199951171875,227.7603912353516,67777000.0
2017-11-17,258.2200012207031,258.5899963378906,257.7699890136719,257.8599853515625,227.0910797119141,75756800.0
2017-11-20,258.1400146484375,258.5199890136719,257.8599853515625,258.29998779296875,227.47857666015625,48075500.0
2017-11-21,259.17999267578125,260.20001220703125,258.260009765625,259.989990234375,228.9669189453125,69176800.0
2017-11-22,260.0,260.1499938964844,259.57000732421875,259.760009765625,228.764404296875,45033400.0
2017-11-24,260.32000732421875,260.4800109863281,260.1600036621094,260.3599853515625,229.2928009033203,27856500.0
2017-11-27,260.4100036621094,260.75,260.0,260.2300109863281,229.1783447265625,52274900.0
2017-11-28,260.760009765625,262.8999938964844,260.6499938964844,262.8699951171875,231.5033416748047,98971700.0
2017-11-29,263.0199890136719,263.6300048828125,262.20001220703125,262.7099914550781,231.36241149902344,77512100.0
2017-11-30,263.760009765625,266.04998779296875,263.6700134277344,265.010009765625,233.3879547119141,127894400.0
2017-12-01,264.760009765625,265.3099975585937,260.760009765625,264.4599914550781,232.90350341796875,164390900.0
2017-12-04,266.3099975585937,266.79998779296875,264.0799865722656,264.1400146484375,232.62176513671875,94040600.0
2017-12-05,263.19000244140625,265.1499938964844,263.0400085449219,263.19000244140625,231.78501892089844,77994500.0
2017-12-06,263.29998779296875,263.7300109863281,262.7099914550781,263.239990234375,231.8291778564453,75898600.0
2017-12-07,264.07000732421875,264.42999267578125,262.94000244140625,264.07000732421875,232.56007385253903,77218600.0
2017-12-08,265.1600036621094,265.5199890136719,264.0299987792969,265.510009765625,233.82830810546875,76563900.0
2017-12-11,266.3099975585937,266.3800048828125,265.4800109863281,266.3099975585937,234.5328826904297,83077500.0
2017-12-12,267.2099914550781,267.32000732421875,266.3500061035156,266.7799987792969,234.9467163085937,85195800.0
2017-12-13,267.0599975585937,267.5599975585937,266.6499938964844,266.75,234.9202575683593,102905400.0
2017-12-14,267.0899963378906,267.2200012207031,265.6000061035156,265.6600036621094,233.9604339599609,100666700.0
2017-12-15,265.45001220703125,267.0400085449219,265.3900146484375,266.510009765625,235.9086151123047,144610300.0
2017-12-18,268.1000061035156,268.6000061035156,267.9800109863281,268.20001220703125,237.4046173095703,83653600.0
2017-12-19,268.4800109863281,268.5299987792969,267.0899963378906,267.1700134277344,236.49285888671875,82382900.0
2017-12-20,268.2699890136719,268.3299865722656,266.69000244140625,267.0299987792969,236.3689422607422,76751500.0
2017-12-21,267.739990234375,268.3900146484375,267.29998779296875,267.5799865722656,236.85577392578125,67032300.0
2017-12-22,267.6000061035156,267.6400146484375,266.8999938964844,267.510009765625,236.7938537597656,78720900.0
2017-12-26,267.04998779296875,267.44000244140625,266.8900146484375,267.19000244140625,236.51052856445312,45244400.0
2017-12-27,267.3800048828125,267.7300109863281,267.010009765625,267.32000732421875,236.62564086914065,57751000.0
2017-12-28,267.8900146484375,267.9200134277344,267.45001220703125,267.8699951171875,237.1124420166016,45116100.0
2017-12-29,268.5299987792969,268.54998779296875,266.6400146484375,266.8599853515625,236.2184295654297,96007400.0
2018-01-02,267.8399963378906,268.8099975585937,267.3999938964844,268.7699890136719,237.9091796875,86655700.0
2018-01-03,268.9599914550781,270.6400146484375,268.9599914550781,270.4700012207031,239.4139404296875,90070400.0
2018-01-04,271.20001220703125,272.1600036621094,270.5400085449219,271.6099853515625,240.4229888916016,80636400.0
2018-01-05,272.510009765625,273.5599975585937,271.95001220703125,273.4200134277344,242.02525329589844,83524000.0
2018-01-08,273.3099975585937,274.1000061035156,272.9800109863281,273.9200134277344,242.4678192138672,57319200.0
2018-01-09,274.3999938964844,275.25,274.0799865722656,274.5400085449219,243.01666259765625,57254000.0
2018-01-10,273.67999267578125,274.4200134277344,272.9200134277344,274.1199951171875,242.64488220214844,69574300.0
2018-01-11,274.75,276.1199951171875,274.5599975585937,276.1199951171875,244.4152069091797,62361500.0
2018-01-12,276.4200134277344,278.1099853515625,276.0799865722656,277.9200134277344,246.008529663086,90816100.0
2018-01-16,279.3500061035156,280.0899963378906,276.17999267578125,276.9700012207031,245.16758728027344,106555100.0
2018-01-17,278.0299987792969,280.04998779296875,276.9700012207031,279.6099853515625,247.50450134277344,113258800.0
2018-01-18,279.4800109863281,279.9599914550781,278.5799865722656,279.1400146484375,247.0884246826172,100728000.0
2018-01-19,279.79998779296875,280.4100036621094,279.1400146484375,280.4100036621094,248.212646484375,140920100.0
2018-01-22,280.1700134277344,282.69000244140625,280.1099853515625,282.69000244140625,250.23092651367188,91322400.0
2018-01-23,282.739990234375,283.6199951171875,282.3699951171875,283.2900085449219,250.76202392578125,97084700.0
2018-01-24,284.0199890136719,284.70001220703125,281.8399963378906,283.17999267578125,250.66452026367188,134816100.0
2018-01-25,284.1600036621094,284.2699890136719,282.3999938964844,283.29998779296875,250.7708435058593,84587300.0
2018-01-26,284.25,286.6300048828125,283.9599914550781,286.5799865722656,253.67417907714844,107743100.0
2018-01-29,285.92999267578125,286.42999267578125,284.5,284.67999267578125,251.9922790527344,90118300.0
2018-01-30,282.6000061035156,284.739990234375,281.2200012207031,281.760009765625,249.4075622558593,131796400.0
2018-01-31,282.7300109863281,283.29998779296875,280.67999267578125,281.8999938964844,249.531494140625,108364800.0
2018-02-01,281.07000732421875,283.0599975585937,280.67999267578125,281.5799865722656,249.2482452392578,90102500.0
2018-02-02,280.0799865722656,280.2300109863281,275.4100036621094,275.45001220703125,243.8221130371093,173174800.0
2018-02-05,273.45001220703125,275.8500061035156,263.3099975585937,263.92999267578125,233.6248779296875,294681800.0
2018-02-06,259.94000244140625,269.70001220703125,258.70001220703125,269.1300048828125,238.2277984619141,355026800.0
2018-02-07,268.5,272.3599853515625,267.5799865722656,267.6700134277344,236.93540954589844,167376100.0
2018-02-08,268.010009765625,268.1700134277344,257.5899963378906,257.6300048828125,228.0482635498047,246449500.0
2018-02-09,260.79998779296875,263.6099853515625,252.9199981689453,261.5,231.4739532470703,283565300.0
2018-02-12,263.8299865722656,267.010009765625,261.6600036621094,265.3399963378906,234.8729858398437,143736000.0
2018-02-13,263.9700012207031,266.6199951171875,263.3099975585937,266.0,235.45721435546875,81223600.0
2018-02-14,264.3099975585937,270.0,264.29998779296875,269.5899963378906,238.63497924804688,120735700.0
2018-02-15,271.57000732421875,273.0400085449219,268.7699890136719,273.0299987792969,241.67999267578125,111200300.0
2018-02-16,272.32000732421875,275.32000732421875,272.2699890136719,273.1099853515625,241.75083923339844,160420100.0
2018-02-20,272.0299987792969,273.6700134277344,270.5,271.3999938964844,240.23712158203125,86369700.0
2018-02-21,271.8999938964844,274.7200012207031,269.94000244140625,270.04998779296875,239.04209899902344,98883700.0
2018-02-22,271.1000061035156,273.04998779296875,269.6400146484375,270.3999938964844,239.3519897460937,110511300.0
2018-02-23,271.7900085449219,274.7099914550781,271.25,274.7099914550781,243.1671142578125,92766400.0
2018-02-26,275.92999267578125,278.010009765625,275.260009765625,277.8999938964844,245.99078369140625,86491400.0
2018-02-27,278.1099853515625,278.9200134277344,274.3599853515625,274.42999267578125,242.91929626464844,99099200.0
2018-02-28,275.67999267578125,276.19000244140625,271.2900085449219,271.6499938964844,240.4584808349609,121907800.0
2018-03-01,271.4100036621094,273.1700134277344,266.0,267.70001220703125,236.9619903564453,176855100.0
2018-03-02,265.79998779296875,269.7200012207031,264.82000732421875,269.0799865722656,238.18360900878903,139083200.0
2018-03-05,267.7300109863281,272.8900146484375,267.6099853515625,272.19000244140625,240.9364471435547,97307400.0
2018-03-06,273.29998779296875,273.3900146484375,271.17999267578125,272.8800048828125,241.5471954345703,79213200.0
2018-03-07,270.4200134277344,273.17999267578125,270.20001220703125,272.7799987792969,241.4586944580078,87063500.0
2018-03-08,273.54998779296875,274.239990234375,272.4200134277344,274.1000061035156,242.62710571289065,66901200.0
2018-03-09,275.70001220703125,278.8699951171875,275.3399963378906,278.8699951171875,246.8495178222656,113625300.0
2018-03-12,279.20001220703125,279.9100036621094,278.0799865722656,278.5199890136719,246.53965759277344,71924800.0
2018-03-13,279.8399963378906,280.4100036621094,276.0299987792969,276.7200012207031,244.94630432128903,91968900.0
2018-03-14,277.8099975585937,278.0199890136719,274.6700134277344,275.29998779296875,243.6893310546875,105895100.0
2018-03-15,275.8800048828125,276.6099853515625,274.42999267578125,275.0,243.42379760742188,83433000.0
2018-03-16,274.5,275.3900146484375,274.1400146484375,274.20001220703125,243.68780517578125,100343700.0
2018-03-19,273.3500061035156,274.3999938964844,268.6199951171875,270.489990234375,240.3905792236328,109208400.0
2018-03-20,270.94000244140625,271.6700134277344,270.17999267578125,270.95001220703125,240.7994842529297,59757300.0
2018-03-21,270.8999938964844,273.2699890136719,270.19000244140625,270.42999267578125,240.3372497558593,78709600.0
2018-03-22,267.9100036621094,268.8699951171875,263.3599853515625,263.6700134277344,234.3294982910156,148785900.0
2018-03-23,264.1700134277344,264.5400085449219,257.8299865722656,258.04998779296875,229.3348693847656,183534800.0
2018-03-26,262.1300048828125,265.42999267578125,259.4100036621094,265.1099853515625,235.6092071533203,141956100.0
2018-03-27,266.1700134277344,266.7699890136719,258.8399963378906,260.6000061035156,231.60113525390625,129941400.0
2018-03-28,260.75,262.6400146484375,258.5799865722656,259.8299865722656,230.91677856445312,146452300.0
2018-03-29,261.1199951171875,265.260009765625,259.8399963378906,263.1499938964844,233.86737060546875,111601600.0
2018-04-02,262.54998779296875,263.1300048828125,254.6699981689453,257.4700012207031,228.8194580078125,186286300.0
2018-04-03,258.8699951171875,261.3099975585937,256.8399963378906,260.7699890136719,231.75222778320312,119956900.0
2018-04-04,256.75,264.3599853515625,256.6000061035156,263.5599975585937,234.23175048828125,123715300.0
2018-04-05,265.54998779296875,266.6400146484375,264.32000732421875,265.6400146484375,236.0803375244141,82652600.0
2018-04-06,263.4200134277344,265.1099853515625,258.0,259.7200012207031,230.8190460205078,179521200.0
2018-04-09,261.3699951171875,264.8399963378906,259.94000244140625,261.0,231.9566192626953,105442900.0
2018-04-10,264.2699890136719,266.0400085449219,262.9800109863281,265.1499938964844,235.6448211669922,103529000.0
2018-04-11,263.4700012207031,265.6400146484375,263.3900146484375,263.760009765625,234.40948486328125,91140200.0
2018-04-12,265.260009765625,267.0,265.0599975585937,265.92999267578125,236.33807373046875,68890500.0
2018-04-13,267.4100036621094,267.5400085449219,264.010009765625,265.1499938964844,235.6448211669922,85079200.0
2018-04-16,267.0,268.20001220703125,266.07000732421875,267.3299865722656,237.582260131836,63405300.0
2018-04-17,269.3299865722656,270.8699951171875,268.75,270.19000244140625,240.1240234375,64682000.0
2018-04-18,270.69000244140625,271.29998779296875,269.8699951171875,270.3900146484375,240.30172729492188,57303900.0
2018-04-19,269.6499938964844,269.8800048828125,267.7200012207031,268.8900146484375,238.9685821533203,77655900.0
2018-04-20,268.8099975585937,269.0599975585937,265.6099853515625,266.6099853515625,236.9423370361328,99953100.0
2018-04-23,267.260009765625,267.8900146484375,265.3500061035156,266.57000732421875,236.90679931640625,65558000.0
2018-04-24,267.7300109863281,267.9800109863281,261.2799987792969,262.9800109863281,233.71627807617188,112885500.0
2018-04-25,262.9100036621094,264.1300048828125,260.8500061035156,263.6300048828125,234.2939453125,103840900.0
2018-04-26,264.7900085449219,267.25,264.2900085449219,266.3099975585937,236.67579650878903,67731900.0
2018-04-27,267.0,267.3399963378906,265.5,266.5599975585937,236.8979034423828,57053600.0
2018-04-30,267.260009765625,267.8900146484375,264.42999267578125,264.510009765625,235.07603454589844,82182300.0
2018-05-01,263.8699951171875,265.1000061035156,262.1099853515625,264.9800109863281,235.49368286132807,74203400.0
2018-05-02,264.760009765625,265.67999267578125,262.760009765625,263.20001220703125,233.91183471679688,86368900.0
2018-05-03,262.260009765625,263.3599853515625,259.04998779296875,262.6199951171875,233.3963317871093,136311500.0
2018-05-04,261.5199890136719,266.7900085449219,261.1499938964844,266.0199890136719,236.41798400878903,91222100.0
2018-05-07,266.8900146484375,268.0199890136719,266.1099853515625,266.9200134277344,237.2178497314453,55304900.0
2018-05-08,266.5,267.3299865722656,265.1499938964844,266.9200134277344,237.2178497314453,67499200.0
2018-05-09,267.67999267578125,269.8699951171875,267.0899963378906,269.5,239.51077270507807,59666100.0
2018-05-10,270.3399963378906,272.3900146484375,270.2200012207031,272.0199890136719,241.7502899169922,72063900.0
2018-05-11,272.1600036621094,273.1499938964844,271.5799865722656,272.8500061035156,242.4879913330078,59871500.0
2018-05-14,273.3399963378906,274.0799865722656,272.3599853515625,272.9800109863281,242.60353088378903,54790600.0
2018-05-15,271.5899963378906,271.6099853515625,270.0299987792969,271.1000061035156,240.9327850341797,87036100.0
2018-05-16,271.1400146484375,272.760009765625,271.1099853515625,272.239990234375,241.94586181640625,53942600.0
2018-05-17,271.94000244140625,273.2300109863281,271.1300048828125,272.010009765625,241.741455078125,56536400.0
2018-05-18,271.6199951171875,272.0299987792969,270.92999267578125,271.3299865722656,241.1371154785156,64368000.0
2018-05-21,273.010009765625,273.9800109863281,272.57000732421875,273.3699951171875,242.9501495361328,58025900.0
2018-05-22,273.9599914550781,274.25,272.239990234375,272.6099853515625,242.27471923828125,52966400.0
2018-05-23,271.1700134277344,273.3900146484375,270.989990234375,273.3599853515625,242.94126892089844,64694200.0
2018-05-24,272.9100036621094,273.2200012207031,270.7799987792969,272.79998779296875,242.44357299804688,76043800.0
2018-05-25,272.1499938964844,272.8599853515625,271.5799865722656,272.1499938964844,241.86587524414065,56374800.0
2018-05-29,270.3099975585937,271.1700134277344,267.760009765625,269.0199890136719,239.08413696289065,115908600.0
2018-05-30,270.5,273.1099853515625,270.4200134277344,272.6099853515625,242.27471923828125,69678400.0
2018-05-31,272.1499938964844,272.489990234375,270.260009765625,270.94000244140625,240.79055786132807,93519900.0
2018-06-01,272.4100036621094,273.94000244140625,272.3299865722656,273.6000061035156,243.1544647216797,71258400.0
2018-06-04,274.5299987792969,275.19000244140625,274.260009765625,274.8999938964844,244.3098602294922,45385200.0
2018-06-05,275.04998779296875,275.5299987792969,274.17999267578125,275.1000061035156,244.4876251220703,51135000.0
2018-06-06,275.7900085449219,277.5199890136719,275.0899963378906,277.3999938964844,246.5316619873047,62732200.0
2018-06-07,277.95001220703125,278.2799987792969,276.3399963378906,277.3699951171875,246.5050201416016,72969400.0
2018-06-08,276.8500061035156,278.25,276.6600036621094,278.19000244140625,247.2338409423828,72139700.0
2018-06-11,278.44000244140625,279.3699951171875,278.3099975585937,278.5599975585937,247.5625915527344,58892500.0
2018-06-12,279.0299987792969,279.3299865722656,278.19000244140625,278.9200134277344,247.8825836181641,72329000.0
2018-06-13,279.19000244140625,279.4800109863281,277.79998779296875,278.0299987792969,247.091537475586,79070600.0
2018-06-14,279.010009765625,279.3299865722656,278.0599975585937,278.7300109863281,247.7137145996093,77097600.0
2018-06-15,276.6000061035156,277.510009765625,275.3500061035156,277.1300048828125,247.39767456054688,120041600.0
2018-06-18,275.489990234375,276.70001220703125,274.95001220703125,276.5599975585937,246.8887939453125,52917600.0
2018-06-19,274.0,275.75,273.5299987792969,275.5,245.9425811767578,97531500.0
2018-06-20,276.2699890136719,276.7200012207031,275.5899963378906,275.9700012207031,246.36209106445312,53785500.0
2018-06-21,275.9599914550781,275.9800109863281,273.67999267578125,274.239990234375,244.81773376464844,71061400.0
2018-06-22,275.6600036621094,275.7900085449219,274.489990234375,274.739990234375,245.26405334472656,54898500.0
2018-06-25,273.44000244140625,273.6199951171875,269.1000061035156,271.0,241.92532348632807,137854200.0
2018-06-26,271.6400146484375,272.5599975585937,270.7900085449219,271.6000061035156,242.46090698242188,68547400.0
2018-06-27,272.260009765625,273.8699951171875,269.17999267578125,269.3500061035156,240.45236206054688,105110700.0
2018-06-28,269.2900085449219,271.75,268.489990234375,270.8900146484375,241.82716369628903,76650500.0
2018-06-29,272.1199951171875,273.6600036621094,271.1499938964844,271.2799987792969,242.17529296875,97592500.0
2018-07-02,269.510009765625,272.0400085449219,269.239990234375,271.8599853515625,242.6930694580078,63554800.0
2018-07-03,272.8699951171875,272.9800109863281,270.4200134277344,270.8999938964844,241.83609008789065,42187100.0
2018-07-05,272.1700134277344,273.17999267578125,270.9599914550781,273.1099853515625,243.8089599609375,56925900.0
2018-07-06,273.1400146484375,275.8399963378906,272.7099914550781,275.4200134277344,245.87110900878903,66493700.0
2018-07-09,276.54998779296875,277.9599914550781,276.5,277.8999938964844,248.08502197265625,50550400.0
2018-07-10,278.4100036621094,279.010009765625,278.0799865722656,278.8999938964844,248.9777374267578,51966800.0
2018-07-11,277.1499938964844,278.0400085449219,276.5199890136719,276.8599853515625,247.1565856933593,77054700.0
2018-07-12,278.2799987792969,279.42999267578125,277.6000061035156,279.3699951171875,249.3973388671875,60124700.0
2018-07-13,279.1700134277344,279.92999267578125,278.6600036621094,279.5899963378906,249.59378051757807,48216000.0
2018-07-16,279.6400146484375,279.79998779296875,278.8399963378906,279.3399963378906,249.3705596923828,48201000.0
2018-07-17,278.4700012207031,280.9100036621094,278.4100036621094,280.4700012207031,250.3793792724609,52315500.0
2018-07-18,280.5599975585937,281.17999267578125,280.0599975585937,281.0599975585937,250.90594482421875,44593500.0
2018-07-19,280.3099975585937,280.739990234375,279.4599914550781,280.0,249.959701538086,61412100.0
2018-07-20,279.7699890136719,280.4800109863281,279.5,279.67999267578125,249.6741180419922,82337700.0
2018-07-23,279.45001220703125,280.42999267578125,279.0599975585937,280.20001220703125,250.1383209228516,47047600.0
2018-07-24,281.7900085449219,282.5599975585937,280.6300048828125,281.6099853515625,251.3969573974609,68026900.0
2018-07-25,281.3299865722656,284.3699951171875,281.2799987792969,284.010009765625,253.53958129882807,78882900.0
2018-07-26,283.20001220703125,284.1099853515625,283.0899963378906,283.3399963378906,252.94140625,57919500.0
2018-07-27,283.7099914550781,283.82000732421875,280.3800048828125,281.4200134277344,251.22732543945312,76768700.0
2018-07-30,281.510009765625,281.69000244140625,279.3599853515625,279.95001220703125,249.91510009765625,63742500.0
2018-07-31,280.8099975585937,282.0199890136719,280.3800048828125,281.3299865722656,251.14700317382807,68570500.0
2018-08-01,281.5599975585937,282.1300048828125,280.1300048828125,280.8599853515625,250.7274932861328,53853300.0
2018-08-02,279.3900146484375,282.5799865722656,279.1600036621094,282.3900146484375,252.09332275390625,63426400.0
2018-08-03,282.5299987792969,283.6600036621094,282.3299865722656,283.6000061035156,253.17361450195312,53935400.0
2018-08-06,283.6400146484375,284.989990234375,283.20001220703125,284.6400146484375,254.1018829345703,39400900.0
2018-08-07,285.3900146484375,286.010009765625,285.239990234375,285.5799865722656,254.9411163330078,43196600.0
2018-08-08,285.3900146484375,285.9100036621094,284.94000244140625,285.4599914550781,254.8339233398437,42114600.0
2018-08-09,285.5299987792969,285.9700012207031,284.9200134277344,285.07000732421875,254.48580932617188,35717000.0
2018-08-10,283.45001220703125,284.0599975585937,282.3599853515625,283.1600036621094,252.78079223632807,77076000.0
2018-08-13,283.4700012207031,284.1600036621094,281.7699890136719,282.1000061035156,251.8344573974609,65732900.0
2018-08-14,282.9200134277344,284.1700134277344,282.4800109863281,283.8999938964844,253.4412384033203,43842000.0
2018-08-15,282.3800048828125,282.5400085449219,280.1600036621094,281.7799987792969,251.5487518310547,102925400.0
2018-08-16,283.3999938964844,285.0400085449219,283.3599853515625,284.0599975585937,253.584228515625,69967900.0
2018-08-17,283.8299865722656,285.5599975585937,283.3699951171875,285.0599975585937,254.47683715820312,65618500.0
2018-08-20,285.57000732421875,285.9700012207031,285.0599975585937,285.6700134277344,255.02151489257807,39807500.0
2018-08-21,286.25,287.3099975585937,285.7099914550781,286.3399963378906,255.6195068359375,67272000.0
2018-08-22,285.8800048828125,286.760009765625,285.5799865722656,286.1700134277344,255.46780395507807,44993300.0
2018-08-23,285.9700012207031,286.94000244140625,285.42999267578125,285.7900085449219,255.1285552978516,49204900.0
2018-08-24,286.44000244140625,287.6700134277344,286.3800048828125,287.510009765625,256.6640319824219,57487400.0
2018-08-27,288.8599853515625,289.8999938964844,288.67999267578125,289.7799987792969,258.69049072265625,57072400.0
2018-08-28,290.29998779296875,290.4200134277344,289.3999938964844,289.9200134277344,258.8154296875,46943500.0
2018-08-29,290.1600036621094,291.739990234375,289.8900146484375,291.4800109863281,260.2081298828125,61485500.0
2018-08-30,290.94000244140625,291.3599853515625,289.6300048828125,290.29998779296875,259.1547546386719,61229500.0
2018-08-31,289.8399963378906,290.8099975585937,289.2900085449219,290.3099975585937,259.1636657714844,66140800.0
2018-09-04,289.8399963378906,290.2099914550781,288.67999267578125,289.8099975585937,258.7172241210937,57594400.0
2018-09-05,289.4100036621094,289.6400146484375,287.8900146484375,289.0299987792969,258.02099609375,72452400.0
2018-09-06,289.1499938964844,289.489990234375,287.0,288.1600036621094,257.2442321777344,65909900.0
2018-09-07,286.9800109863281,288.70001220703125,286.7099914550781,287.6000061035156,256.744384765625,73524800.0
2018-09-10,288.739990234375,289.0400085449219,287.8800048828125,288.1000061035156,257.19073486328125,50210900.0
2018-09-11,287.3699951171875,289.54998779296875,286.9800109863281,289.04998779296875,258.038818359375,50530500.0
2018-09-12,289.0599975585937,289.79998779296875,288.2300109863281,289.1199951171875,258.10137939453125,59810800.0
2018-09-13,290.32000732421875,291.0400085449219,290.0,290.8299865722656,259.6277770996094,51034200.0
2018-09-14,291.0599975585937,291.2699890136719,290.0,290.8800048828125,259.67242431640625,55079900.0
2018-09-17,290.82000732421875,290.8599853515625,289.0299987792969,289.3399963378906,258.2976989746094,68244000.0
2018-09-18,289.5799865722656,291.5799865722656,289.54998779296875,290.9100036621094,259.69927978515625,61930400.0
2018-09-19,290.9700012207031,291.69000244140625,290.8299865722656,291.2200012207031,259.9760131835937,49080600.0
2018-09-20,292.6400146484375,293.94000244140625,291.239990234375,293.5799865722656,262.0827941894531,100360600.0
2018-09-21,293.0899963378906,293.2200012207031,291.8099975585937,291.989990234375,261.8433532714844,105479700.0
2018-09-24,291.3399963378906,291.5,290.3699951171875,291.0199890136719,260.973388671875,53409600.0
2018-09-25,291.5299987792969,291.6499938964844,290.4800109863281,290.75,260.7313537597656,44370000.0
2018-09-26,290.9100036621094,292.239990234375,289.4100036621094,289.8800048828125,259.9511413574219,79739700.0
2018-09-27,290.4100036621094,291.9100036621094,290.1000061035156,290.69000244140625,260.6776733398437,59249500.0
2018-09-28,289.989990234375,291.2799987792969,289.95001220703125,290.7200012207031,260.7044982910156,70091400.0
2018-10-01,292.1099853515625,292.92999267578125,290.9800109863281,291.7300109863281,261.6102294921875,62078900.0
2018-10-02,291.5599975585937,292.3599853515625,291.1400146484375,291.5599975585937,261.457763671875,47258200.0
2018-10-03,292.739990234375,293.2099914550781,291.32000732421875,291.7200012207031,261.6012268066406,64694600.0
2018-10-04,291.17999267578125,291.239990234375,287.6600036621094,289.44000244140625,259.556640625,111545900.0
2018-10-05,289.69000244140625,290.2699890136719,286.2200012207031,287.82000732421875,258.1039428710937,105951700.0
2018-10-08,287.04998779296875,288.2200012207031,285.5,287.82000732421875,258.1039428710937,87742200.0
2018-10-09,287.3900146484375,288.8599853515625,286.7699890136719,287.3999938964844,257.7272644042969,74339000.0
2018-10-10,286.8299865722656,286.9100036621094,277.8800048828125,278.29998779296875,249.5667266845703,214731000.0
2018-10-11,277.0799865722656,278.8999938964844,270.3599853515625,272.1700134277344,244.0697021484375,274840500.0
2018-10-12,276.7699890136719,277.0899963378906,272.3699951171875,275.95001220703125,247.45944213867188,183186500.0
2018-10-15,275.54998779296875,277.0400085449219,274.29998779296875,274.3999938964844,246.06944274902344,102263700.0
2018-10-16,276.6000061035156,280.82000732421875,276.07000732421875,280.3999938964844,251.45001220703125,118255800.0
2018-10-17,280.44000244140625,281.1499938964844,277.5599975585937,280.45001220703125,251.49484252929688,110626000.0
2018-10-18,279.3999938964844,280.07000732421875,274.9700012207031,276.3999938964844,247.86289978027344,134557500.0
2018-10-19,277.1300048828125,279.29998779296875,275.4700012207031,276.25,247.72840881347656,139901600.0
2018-10-22,277.0,277.3599853515625,274.4100036621094,275.010009765625,246.61642456054688,82415800.0
2018-10-23,270.95001220703125,274.8699951171875,268.6099853515625,273.6099853515625,245.3609771728516,146352700.0
2018-10-24,273.3299865722656,273.760009765625,264.70001220703125,265.32000732421875,237.9268951416016,177806700.0
2018-10-25,267.3800048828125,271.8099975585937,266.2300109863281,270.0799865722656,242.19546508789065,138061500.0
2018-10-26,265.9200134277344,271.0,262.2900085449219,265.3299865722656,237.9358825683593,201574600.0
2018-10-29,268.79998779296875,270.25,259.8500061035156,263.8599853515625,236.61764526367188,160749100.0
2018-10-30,263.6700134277344,268.1199951171875,263.1199951171875,267.7699890136719,240.1239318847656,157116000.0
2018-10-31,270.6499938964844,273.2300109863281,270.1199951171875,270.6300048828125,242.6886749267578,128296300.0
2018-11-01,271.6000061035156,273.7300109863281,270.3800048828125,273.510009765625,245.27134704589844,99495000.0
2018-11-02,274.75,275.2300109863281,269.5899963378906,271.8900146484375,243.8186492919922,122634100.0
2018-11-05,272.44000244140625,274.010009765625,271.3500061035156,273.3900146484375,245.1637420654297,65622500.0
2018-11-06,273.32000732421875,275.29998779296875,273.25,275.1199951171875,246.71514892578125,60085900.0
2018-11-07,277.5599975585937,281.1000061035156,277.0799865722656,281.010009765625,251.9969940185547,102752100.0
2018-11-08,280.1099853515625,281.2200012207031,279.2200012207031,280.5,251.5395965576172,65584900.0
2018-11-09,279.0299987792969,279.239990234375,276.17999267578125,277.760009765625,249.0825958251953,98812600.0
2018-11-12,277.19000244140625,277.4599914550781,271.989990234375,272.57000732421875,244.4283599853516,99673600.0
2018-11-13,273.0899963378906,275.3299865722656,271.25,272.0599975585937,243.97105407714844,98176600.0
2018-11-14,274.1600036621094,274.6099853515625,268.45001220703125,270.20001220703125,242.30308532714844,125335900.0
2018-11-15,268.7799987792969,273.5400085449219,267.010009765625,273.0199890136719,244.8318786621093,135101400.0
2018-11-16,271.7900085449219,274.75,271.2099914550781,273.7300109863281,245.46856689453125,126668000.0
2018-11-19,273.04998779296875,273.3800048828125,268.07000732421875,269.1000061035156,241.3166656494141,103061700.0
2018-11-20,265.3599853515625,267.0,263.1499938964844,264.1199951171875,236.850814819336,136021300.0
2018-11-21,265.8599853515625,267.1499938964844,265.010009765625,265.0199890136719,237.6578826904297,75563700.0
2018-11-23,263.17999267578125,264.82000732421875,263.07000732421875,263.25,236.07061767578125,42807900.0
2018-11-26,265.7799987792969,267.75,265.3399963378906,267.5,239.8818359375,79981400.0
2018-11-27,266.3399963378906,268.3999938964844,265.6600036621094,268.3999938964844,240.68893432617188,75502400.0
2018-11-28,269.6000061035156,274.5799865722656,268.3299865722656,274.5799865722656,246.2308044433593,127629600.0
2018-11-29,273.7099914550781,275.54998779296875,272.42999267578125,273.9800109863281,245.69287109375,82346400.0
2018-11-30,273.8099975585937,276.2799987792969,273.45001220703125,275.6499938964844,247.1903839111328,98204200.0
2018-12-03,280.2799987792969,280.3999938964844,277.510009765625,279.29998779296875,250.4635162353516,103176300.0
2018-12-04,278.3699951171875,278.8500061035156,269.8999938964844,270.25,242.347885131836,177986000.0
2018-12-06,265.9200134277344,269.9700012207031,262.44000244140625,269.8399963378906,241.980224609375,204185400.0
2018-12-07,269.4599914550781,271.2200012207031,262.6300048828125,263.57000732421875,236.3575897216797,161018900.0
2018-12-10,263.3699951171875,265.1600036621094,258.6199951171875,264.07000732421875,236.80593872070312,151445900.0
2018-12-11,267.6600036621094,267.8699951171875,262.4800109863281,264.1300048828125,236.8598022460937,121504400.0
2018-12-12,267.4700012207031,269.0,265.3699951171875,265.4599914550781,238.05245971679688,97976700.0
2018-12-13,266.5199890136719,267.489990234375,264.1199951171875,265.3699951171875,237.9717559814453,96662700.0
2018-12-14,262.9599914550781,264.0299987792969,259.8500061035156,260.4700012207031,233.5776824951172,116961100.0
2018-12-17,259.3999938964844,260.6499938964844,253.52999877929688,255.3600006103516,228.9952545166016,165492300.0
2018-12-18,257.20001220703125,257.95001220703125,253.27999877929688,255.0800018310547,228.74415588378903,134515100.0
2018-12-19,255.1699981689453,259.3999938964844,249.3500061035156,251.259994506836,225.31857299804688,214992800.0
2018-12-20,249.8600006103516,251.6199951171875,244.6499938964844,247.1699981689453,221.6508026123047,252053400.0
2018-12-21,246.7400054931641,249.7100067138672,239.97999572753903,240.6999969482422,217.1093139648437,255345600.0
2018-12-24,239.0399932861328,240.83999633789065,234.2700042724609,234.33999633789065,211.37261962890625,147311600.0
2018-12-26,235.97000122070312,246.17999267578125,233.759994506836,246.17999267578125,222.0521850585937,218485400.0
2018-12-27,242.57000732421875,248.2899932861328,238.9600067138672,248.07000732421875,223.7569732666016,186267300.0
2018-12-28,249.5800018310547,251.3999938964844,246.4499969482422,247.75,223.4683380126953,153100200.0
2018-12-31,249.5599975585937,250.19000244140625,247.47000122070312,249.9199981689453,225.4256591796875,144299400.0
2019-01-02,245.97999572753903,251.2100067138672,245.9499969482422,250.17999267578125,225.66017150878903,126925200.0
2019-01-03,248.22999572753903,248.57000732421875,243.6699981689453,244.2100067138672,220.2752990722656,144140700.0
2019-01-04,247.58999633789065,253.1100006103516,247.1699981689453,252.38999938964844,227.653549194336,142628800.0
2019-01-07,252.69000244140625,255.9499969482422,251.69000244140625,254.3800048828125,229.4485626220703,103139100.0
2019-01-08,256.82000732421875,257.3099975585937,254.0,256.7699890136719,231.60427856445312,102512600.0
2019-01-09,257.5599975585937,258.9100036621094,256.19000244140625,257.9700012207031,232.68667602539065,95006600.0
2019-01-10,256.260009765625,259.1600036621094,255.5,258.8800048828125,233.5075225830078,96823900.0
2019-01-11,257.67999267578125,259.010009765625,257.0299987792969,258.9800109863281,233.59771728515625,73858100.0
2019-01-14,256.8599853515625,258.29998779296875,256.4100036621094,257.3999938964844,232.17251586914065,70908200.0
2019-01-15,257.82000732421875,260.70001220703125,257.8099975585937,260.3500061035156,234.8334197998047,85208300.0
2019-01-16,260.8299865722656,261.9700012207031,260.6000061035156,260.9800109863281,235.4016876220703,77636700.0
2019-01-17,260.010009765625,263.9200134277344,259.9599914550781,262.9599914550781,237.1875915527344,96118400.0
2019-01-18,264.9800109863281,266.9800109863281,263.0,266.4599914550781,240.3445281982422,127900300.0
2019-01-22,264.82000732421875,265.0599975585937,261.0599975585937,262.8599853515625,237.09735107421875,115531200.0
2019-01-23,264.010009765625,264.7900085449219,260.6600036621094,263.4100036621094,237.5934600830078,86030300.0
2019-01-24,263.2099914550781,264.20001220703125,262.0799865722656,263.54998779296875,237.71978759765625,59204100.0
2019-01-25,265.6099853515625,266.70001220703125,263.6600036621094,265.7799987792969,239.7312469482422,96883400.0
2019-01-28,263.3900146484375,263.8299865722656,261.7900085449219,263.760009765625,237.9092254638672,85613700.0
2019-01-29,263.9200134277344,264.54998779296875,262.4800109863281,263.4100036621094,237.5934600830078,66136300.0
2019-01-30,265.1000061035156,268.5199890136719,264.25,267.5799865722656,241.3547821044922,92473700.0
2019-01-31,267.510009765625,270.4700012207031,267.2699890136719,269.92999267578125,243.4745178222656,104012100.0
2019-02-01,270.1499938964844,271.20001220703125,269.17999267578125,270.0599975585937,243.59176635742188,85782500.0
2019-02-04,270.1099853515625,272.0299987792969,269.3599853515625,271.9599914550781,245.3055114746093,60744800.0
2019-02-05,272.44000244140625,273.44000244140625,271.8800048828125,273.1000061035156,246.33387756347656,79552800.0
2019-02-06,272.7900085449219,273.3399963378906,271.9200134277344,272.739990234375,246.00909423828125,58347800.0
2019-02-07,270.94000244140625,271.54998779296875,268.2900085449219,270.1400146484375,243.66392517089844,95482000.0
2019-02-08,268.75,270.5799865722656,267.8299865722656,270.4700012207031,243.9615936279297,75788900.0
2019-02-11,271.20001220703125,271.489990234375,270.0299987792969,270.6199951171875,244.09689331054688,68021400.0
2019-02-12,272.4200134277344,274.5199890136719,272.3399963378906,274.1000061035156,247.23583984375,72270200.0
2019-02-13,275.0299987792969,275.92999267578125,274.5599975585937,274.989990234375,248.0385589599609,65277200.0
2019-02-14,273.7799987792969,275.6400146484375,272.8699951171875,274.3800048828125,247.4883575439453,83234400.0
2019-02-15,276.3599853515625,277.4100036621094,276.1300048828125,277.3699951171875,250.18533325195312,97088700.0
2019-02-19,276.4800109863281,278.5799865722656,276.4700012207031,277.8500061035156,250.61831665039065,59120800.0
2019-02-20,277.8099975585937,278.9200134277344,277.25,278.4100036621094,251.12339782714844,76610800.0
2019-02-21,277.70001220703125,278.1000061035156,276.3500061035156,277.4200134277344,250.2303924560547,64214700.0
2019-02-22,278.1099853515625,279.3599853515625,277.3999938964844,279.1400146484375,251.7818145751953,78114600.0
2019-02-25,280.7300109863281,281.3099975585937,279.42999267578125,279.5199890136719,252.1245880126953,69030700.0
2019-02-26,279.1300048828125,280.29998779296875,278.8999938964844,279.32000732421875,251.94422912597656,56844100.0
2019-02-27,278.5199890136719,279.5899963378906,277.4800109863281,279.20001220703125,251.8360290527344,56921600.0
2019-02-28,278.9599914550781,279.45001220703125,278.32000732421875,278.67999267578125,251.36691284179688,69268300.0
2019-03-01,280.44000244140625,280.8800048828125,278.82000732421875,280.4200134277344,252.9365081787109,78880500.0
2019-03-04,281.6000061035156,281.8699951171875,276.8399963378906,279.3999938964844,252.0162811279297,106494600.0
2019-03-05,279.5400085449219,279.760009765625,278.4100036621094,279.0199890136719,251.67355346679688,59114600.0
2019-03-06,279.1499938964844,279.1600036621094,276.9700012207031,277.3299865722656,250.1492156982422,75039800.0
2019-03-07,276.8299865722656,276.989990234375,274.07000732421875,275.010009765625,248.056640625,94885100.0
2019-03-08,272.94000244140625,274.6499938964844,272.4200134277344,274.4599914550781,247.5604858398437,85795800.0
2019-03-11,275.260009765625,278.6199951171875,275.2300109863281,278.44000244140625,251.1505126953125,65098900.0
2019-03-12,279.0599975585937,280.07000732421875,278.8500061035156,279.489990234375,252.0975036621093,79667500.0
2019-03-13,280.4800109863281,282.3800048828125,280.29998779296875,281.3399963378906,253.7661590576172,80639200.0
2019-03-14,281.3699951171875,281.8399963378906,280.6700134277344,281.1600036621094,253.6038513183593,67518400.0
2019-03-15,280.5400085449219,282.2099914550781,280.3299865722656,281.3099975585937,254.8567657470703,81309000.0
2019-03-18,281.54998779296875,282.6600036621094,281.29998779296875,282.3299865722656,255.7808380126953,62199800.0
2019-03-19,283.510009765625,284.3599853515625,281.4100036621094,282.3999938964844,255.84425354003903,90268100.0
2019-03-20,282.1600036621094,283.5,280.32000732421875,281.54998779296875,255.07424926757807,84609200.0
2019-03-21,280.6400146484375,285.17999267578125,280.5899963378906,284.7300109863281,257.95513916015625,79550400.0
2019-03-22,283.2200012207031,283.79998779296875,279.17999267578125,279.25,252.99058532714844,122659300.0
2019-03-25,278.8699951171875,280.19000244140625,277.6400146484375,279.0400085449219,252.8002319335937,85575200.0
2019-03-26,280.989990234375,282.17999267578125,279.5599975585937,281.1199951171875,254.68467712402344,68125900.0
2019-03-27,281.1099853515625,281.760009765625,277.92999267578125,279.6499938964844,253.35289001464844,72224700.0
2019-03-28,280.3500061035156,281.2099914550781,279.07000732421875,280.7099914550781,254.3132781982422,56238500.0
2019-03-29,282.3900146484375,282.8399963378906,281.1400146484375,282.4800109863281,255.91677856445312,82186800.0
2019-04-01,284.70001220703125,286.1600036621094,284.3999938964844,285.8299865722656,258.95172119140625,77617900.0
2019-04-02,286.0400085449219,286.2300109863281,285.0899963378906,285.9700012207031,259.0785827636719,40070400.0
2019-04-03,287.32000732421875,287.760009765625,285.75,286.4200134277344,259.4862365722656,68243200.0
2019-04-04,286.7799987792969,287.4599914550781,286.010009765625,287.17999267578125,260.1748352050781,48997500.0
2019-04-05,287.9200134277344,288.6300048828125,287.6000061035156,288.57000732421875,261.43408203125,58621700.0
2019-04-08,288.1000061035156,288.9100036621094,287.3699951171875,288.7900085449219,261.6333312988281,53566300.0
2019-04-09,287.7200012207031,288.0799865722656,286.70001220703125,287.3099975585937,260.2926330566406,66142300.0
2019-04-10,287.7699890136719,288.3900146484375,287.3099975585937,288.2900085449219,261.180419921875,52601500.0
2019-04-11,288.8299865722656,288.8399963378906,287.5799865722656,288.2099914550781,261.1078796386719,55093100.0
2019-04-12,290.0,290.4700012207031,288.260009765625,290.1600036621094,262.8746643066406,69727800.0
2019-04-15,290.239990234375,290.3500061035156,289.0799865722656,289.9700012207031,262.702392578125,49596700.0
2019-04-16,290.95001220703125,291.010009765625,289.5,290.1600036621094,262.8746643066406,52153200.0
2019-04-17,291.3999938964844,291.42999267578125,288.989990234375,289.45001220703125,262.2314147949219,58268300.0
2019-04-18,290.1000061035156,290.32000732421875,288.6600036621094,290.0199890136719,262.747802734375,68708500.0
2019-04-22,289.1700134277344,290.44000244140625,289.07000732421875,290.2699890136719,262.97418212890625,40160100.0
2019-04-23,290.67999267578125,293.1400146484375,290.4200134277344,292.8800048828125,265.3387756347656,52246600.0
2019-04-24,292.7900085449219,293.1600036621094,292.07000732421875,292.2300109863281,264.7499084472656,50392900.0
2019-04-25,292.1199951171875,292.7799987792969,290.7300109863281,292.04998779296875,264.5868225097656,57770900.0
2019-04-26,292.1000061035156,293.489990234375,291.239990234375,293.4100036621094,265.8190002441406,50916400.0
2019-04-29,293.510009765625,294.45001220703125,293.4100036621094,293.8699951171875,266.2357482910156,57197700.0
2019-04-30,293.489990234375,294.3399963378906,291.9200134277344,294.0199890136719,266.3715515136719,81111700.0
2019-05-01,294.7200012207031,294.95001220703125,291.79998779296875,291.8099975585937,264.369384765625,71671900.0
2019-05-02,291.67999267578125,292.70001220703125,289.5199890136719,291.17999267578125,263.79864501953125,65030200.0
2019-05-03,292.82000732421875,294.3399963378906,291.29998779296875,294.0299987792969,266.3807067871094,56543700.0
2019-05-06,289.25,293.3099975585937,288.8999938964844,292.82000732421875,265.28448486328125,107198100.0
2019-05-07,290.1499938964844,290.8099975585937,285.8099975585937,287.92999267578125,260.8543395996094,144729900.0
2019-05-08,287.5299987792969,289.42999267578125,286.8699951171875,287.5299987792969,260.49188232421875,91568300.0
2019-05-09,285.2300109863281,287.3299865722656,283.29998779296875,286.6600036621094,259.7037658691406,103471100.0
2019-05-10,285.6199951171875,288.94000244140625,282.29998779296875,288.1000061035156,261.00830078125,112429300.0
2019-05-13,282.4200134277344,283.489990234375,279.92999267578125,280.8599853515625,254.4490966796875,127290500.0
2019-05-14,281.989990234375,285.1000061035156,281.8500061035156,283.3999938964844,256.7503356933594,77003200.0
2019-05-15,281.5899963378906,285.7699890136719,281.3599853515625,285.0599975585937,258.2542419433594,73956400.0
2019-05-16,285.8399963378906,289.2099914550781,285.760009765625,287.70001220703125,260.6459045410156,76749600.0
2019-05-17,285.1400146484375,288.6000061035156,285.1199951171875,285.8399963378906,258.9608764648437,100353000.0
2019-05-20,284.0599975585937,285.9599914550781,283.1199951171875,283.95001220703125,257.2485656738281,62877600.0
2019-05-21,285.8299865722656,286.92999267578125,285.54998779296875,286.510009765625,259.5678405761719,46847100.0
2019-05-22,285.45001220703125,286.69000244140625,285.1000061035156,285.6300048828125,258.7705383300781,49482500.0
2019-05-23,283.1600036621094,283.2099914550781,280.57000732421875,282.1400146484375,255.60885620117188,98733800.0
2019-05-24,283.739990234375,284.20001220703125,282.0899963378906,282.7799987792969,256.1885681152344,55268100.0
2019-05-28,283.0899963378906,284.1499938964844,280.1300048828125,280.1499938964844,253.805908203125,70029400.0
2019-05-29,278.9100036621094,279.3599853515625,276.7099914550781,278.2699890136719,252.10272216796875,104972900.0
2019-05-30,279.1099853515625,280.0400085449219,277.8099975585937,279.0299987792969,252.7911529541016,62523800.0
2019-05-31,276.20001220703125,277.1199951171875,275.239990234375,275.2699890136719,249.3847503662109,86862800.0
2019-06-03,275.3099975585937,276.54998779296875,273.0899963378906,274.57000732421875,248.75064086914065,96428000.0
2019-06-04,277.1199951171875,280.67999267578125,276.6199951171875,280.5299987792969,254.15020751953125,77231900.0
2019-06-05,282.3299865722656,282.989990234375,280.32000732421875,282.9599914550781,256.3516540527344,71169700.0
2019-06-06,283.2900085449219,285.54998779296875,282.57000732421875,284.79998779296875,258.01861572265625,69430400.0
2019-06-07,285.92999267578125,288.8500061035156,285.739990234375,287.6499938964844,260.6006164550781,74272200.0
2019-06-10,289.3699951171875,290.82000732421875,288.8699951171875,288.9700012207031,261.7965087890625,60799100.0
2019-06-11,290.989990234375,291.3999938964844,288.17999267578125,288.8999938964844,261.7330627441406,58641300.0
2019-06-12,288.6400146484375,289.260009765625,287.82000732421875,288.3900146484375,261.27105712890625,47096300.0
2019-06-13,289.3999938964844,289.9800109863281,288.6199951171875,289.5799865722656,262.3490905761719,48945200.0
2019-06-14,289.260009765625,289.92999267578125,288.4100036621094,289.260009765625,262.0591735839844,52324700.0
2019-06-17,289.5199890136719,290.2200012207031,289.17999267578125,289.3699951171875,262.1588439941406,39205700.0
2019-06-18,291.3900146484375,293.57000732421875,290.989990234375,292.3999938964844,264.9039306640625,85434800.0
2019-06-19,292.54998779296875,293.6499938964844,291.4700012207031,293.0599975585937,265.5018615722656,78674400.0
2019-06-20,296.0400085449219,296.3099975585937,293.1300048828125,295.8599853515625,268.0386047363281,116570000.0
2019-06-21,294.1300048828125,295.5199890136719,293.760009765625,294.0,267.64892578125,83309500.0
2019-06-24,294.2300109863281,294.5799865722656,293.4700012207031,293.6400146484375,267.3212280273437,47582700.0
2019-06-25,293.70001220703125,293.7300109863281,290.6400146484375,290.760009765625,264.6993713378906,82028700.0
2019-06-26,291.75,292.3099975585937,290.3500061035156,290.4700012207031,264.4353942871094,51584900.0
2019-06-27,291.3099975585937,292.0599975585937,290.8900146484375,291.5,265.3729858398437,40355200.0
2019-06-28,292.5799865722656,293.54998779296875,292.010009765625,293.0,266.73858642578125,59350900.0
2019-07-01,296.67999267578125,296.9200134277344,294.3299865722656,295.6600036621094,269.16015625,78705600.0
2019-07-02,295.6099853515625,296.489990234375,294.67999267578125,296.42999267578125,269.861083984375,61504500.0
2019-07-03,297.17999267578125,298.82000732421875,297.0199890136719,298.79998779296875,272.0187072753906,40898900.0
2019-07-05,297.44000244140625,298.6400146484375,296.010009765625,298.4599914550781,271.709228515625,51677300.0
2019-07-08,297.010009765625,298.260009765625,296.2200012207031,296.82000732421875,270.2161865234375,45841800.0
2019-07-09,295.5400085449219,297.5199890136719,295.4800109863281,297.19000244140625,270.55303955078125,41101300.0
2019-07-10,298.3699951171875,299.6600036621094,297.7799987792969,298.6099853515625,271.8457336425781,58448500.0
2019-07-11,299.32000732421875,299.5799865722656,298.20001220703125,299.3099975585937,272.4830017089844,50826100.0
2019-07-12,299.8500061035156,300.7300109863281,299.510009765625,300.6499938964844,273.7029724121094,40326000.0
2019-07-15,301.1300048828125,301.1300048828125,300.19000244140625,300.75,273.7939147949219,33900000.0
2019-07-16,300.6499938964844,300.8800048828125,299.44000244140625,299.7799987792969,272.9109802246094,36650100.0
2019-07-17,299.75,299.92999267578125,297.739990234375,297.739990234375,271.0536499023437,36036300.0
2019-07-18,297.19000244140625,299.25,296.70001220703125,298.8299865722656,272.04595947265625,51392600.0
2019-07-19,300.0400085449219,300.07000732421875,296.9800109863281,297.1700134277344,270.53485107421875,58678600.0
2019-07-22,297.6099853515625,298.5,297.0400085449219,297.8999938964844,271.1993408203125,43638100.0
2019-07-23,299.1400146484375,300.0299987792969,298.2200012207031,300.0299987792969,273.1384582519531,44564500.0
2019-07-24,299.19000244140625,301.44000244140625,299.0899963378906,301.44000244140625,274.4220886230469,47213200.0
2019-07-25,300.94000244140625,301.0,299.1099853515625,300.0,273.11114501953125,55394100.0
2019-07-26,300.760009765625,302.2300109863281,300.6199951171875,302.010009765625,274.9409484863281,45084100.0
2019-07-29,301.8800048828125,302.010009765625,300.8500061035156,301.4599914550781,274.4403076171875,38126500.0
2019-07-30,299.9100036621094,301.1700134277344,299.489990234375,300.7200012207031,273.76666259765625,45849000.0
2019-07-31,300.989990234375,301.20001220703125,295.20001220703125,297.42999267578125,270.7714538574219,104245200.0
2019-08-01,297.6000061035156,300.8699951171875,293.9599914550781,294.8399963378906,268.41363525390625,142646600.0
2019-08-02,293.8500061035156,294.1199951171875,290.8999938964844,292.6199951171875,266.3926696777344,116749700.0
2019-08-05,288.0899963378906,288.2099914550781,281.7200012207031,283.82000732421875,258.38134765625,178745400.0
2019-08-06,285.9100036621094,288.0400085449219,284.2799987792969,287.79998779296875,262.004638671875,120711700.0
2019-08-07,284.3999938964844,288.82000732421875,282.0400085449219,287.9700012207031,262.159423828125,140572300.0
2019-08-08,289.6199951171875,293.6199951171875,289.010009765625,293.6199951171875,267.3029479980469,87713900.0
2019-08-09,292.5799865722656,293.239990234375,289.6499938964844,291.6199951171875,265.48223876953125,93730000.0
2019-08-12,289.9599914550781,291.6099853515625,287.0199890136719,288.07000732421875,262.2504272460937,65527600.0
2019-08-13,287.739990234375,294.1499938964844,287.3599853515625,292.54998779296875,266.32891845703125,94299800.0
2019-08-14,288.07000732421875,288.739990234375,283.760009765625,283.8999938964844,258.4541015625,135622100.0
2019-08-15,284.8800048828125,285.6400146484375,282.3900146484375,284.6499938964844,259.1369934082031,99556600.0
2019-08-16,286.4800109863281,289.3299865722656,284.7099914550781,288.8500061035156,262.9605712890625,83018300.0
2019-08-19,292.19000244140625,293.0799865722656,291.44000244140625,292.3299865722656,266.1286315917969,53571800.0
2019-08-20,291.7699890136719,292.3599853515625,289.95001220703125,290.0899963378906,264.08935546875,51596400.0
2019-08-21,292.4800109863281,292.8599853515625,291.7200012207031,292.45001220703125,266.2378234863281,49524700.0
2019-08-22,293.2300109863281,293.92999267578125,290.3999938964844,292.3599853515625,266.1558837890625,51666400.0
2019-08-23,290.9200134277344,292.760009765625,283.4700012207031,284.8500061035156,259.31915283203125,149161500.0
2019-08-26,287.2699890136719,288.0,285.5799865722656,288.0,262.1867370605469,72423800.0
2019-08-27,289.5400085449219,289.95001220703125,286.0299987792969,286.8699951171875,261.157958984375,66668900.0
2019-08-28,286.1400146484375,289.07000732421875,285.25,288.8900146484375,262.9969177246094,59696700.0
2019-08-29,291.7200012207031,293.1600036621094,290.6099853515625,292.5799865722656,266.3562316894531,57899400.0
2019-08-30,294.2200012207031,294.239990234375,291.4200134277344,292.45001220703125,266.2378234863281,62901200.0
2019-09-03,290.57000732421875,291.5799865722656,289.2699890136719,290.739990234375,264.68115234375,69101400.0
2019-09-04,293.1400146484375,294.0599975585937,292.3099975585937,294.0400085449219,267.68536376953125,46887300.0
2019-09-05,296.7900085449219,298.8299865722656,294.0,297.82000732421875,271.1265563964844,83258100.0
2019-09-06,298.1700134277344,298.760009765625,297.4200134277344,298.04998779296875,271.3359375,49584300.0
2019-09-09,299.1400146484375,299.239990234375,297.1600036621094,298.20001220703125,271.4725952148437,51260300.0
2019-09-10,297.3599853515625,298.20001220703125,295.9700012207031,298.1300048828125,271.4088134765625,57947100.0
2019-09-11,298.4700012207031,300.3399963378906,297.75,300.25,273.3387756347656,68821100.0
2019-09-12,301.25,302.4599914550781,300.4100036621094,301.2900085449219,274.2855834960937,72908700.0
2019-09-13,301.7799987792969,302.1700134277344,300.67999267578125,301.0899963378906,274.1034545898437,62104800.0
2019-09-16,299.8399963378906,301.1400146484375,299.45001220703125,300.1600036621094,273.2568359375,58191200.0
2019-09-17,299.94000244140625,301.0199890136719,299.75,300.9200134277344,273.94873046875,41475500.0
2019-09-18,300.489990234375,301.2200012207031,298.239990234375,301.1000061035156,274.11260986328125,73375800.0
2019-09-19,301.5299987792969,302.6300048828125,300.7099914550781,301.0799865722656,274.0943298339844,76560500.0
2019-09-20,300.3599853515625,300.6700134277344,297.4100036621094,298.2799987792969,272.7993469238281,89565000.0
2019-09-23,297.54998779296875,299.0,297.2699890136719,298.2099914550781,272.7352905273437,43476800.0
2019-09-24,299.4100036621094,299.8399963378906,294.8099975585937,295.8699951171875,270.59521484375,94869400.0
2019-09-25,295.9599914550781,298.1099853515625,294.3299865722656,297.6199951171875,272.1957397460937,71854000.0
2019-09-26,297.6300048828125,297.8599853515625,295.45001220703125,297.0,271.628662109375,56179700.0
2019-09-27,297.8299865722656,297.95001220703125,293.69000244140625,295.3999938964844,270.165283203125,84746600.0
2019-09-30,295.9700012207031,297.54998779296875,295.9200134277344,296.7699890136719,271.41827392578125,51662400.0
2019-10-01,297.739990234375,298.4599914550781,293.0,293.239990234375,268.1898498535156,88242400.0
2019-10-02,291.5,291.510009765625,286.6400146484375,288.0599975585937,263.452392578125,122539500.0
2019-10-03,287.8099975585937,290.45001220703125,284.82000732421875,290.4200134277344,265.6108093261719,85278800.0
2019-10-04,291.1400146484375,294.6300048828125,291.0799865722656,294.3500061035156,269.20513916015625,65091200.0
2019-10-07,293.4700012207031,295.260009765625,292.7699890136719,293.0799865722656,268.0435485839844,59610500.0
2019-10-08,291.0400085449219,291.8500061035156,288.489990234375,288.5299987792969,263.8822326660156,95708100.0
2019-10-09,290.75,292.29998779296875,290.0599975585937,291.2699890136719,266.3881530761719,62359400.0
2019-10-10,291.17999267578125,294.2099914550781,291.0,293.239990234375,268.1898498535156,55296300.0
2019-10-11,296.2699890136719,298.739990234375,296.1400146484375,296.2799987792969,270.9701538085937,98720400.0
2019-10-14,295.92999267578125,296.6700134277344,295.57000732421875,295.95001220703125,270.6684265136719,40394800.0
2019-10-15,297.1000061035156,299.70001220703125,296.9700012207031,298.8800048828125,273.3480834960937,46754500.0
2019-10-16,298.3699951171875,299.1600036621094,297.9200134277344,298.3999938964844,272.9090270996094,48928200.0
2019-10-17,299.67999267578125,300.239990234375,298.5199890136719,299.2799987792969,273.71392822265625,45736600.0
2019-10-18,298.69000244140625,299.3999938964844,297.0299987792969,297.9700012207031,272.5158386230469,64304000.0
2019-10-21,299.4200134277344,300.2099914550781,298.94000244140625,299.989990234375,274.3632202148437,39048600.0
2019-10-22,300.5799865722656,300.8999938964844,298.9100036621094,299.010009765625,273.4669189453125,48594700.0
2019-10-23,298.7300109863281,299.94000244140625,298.5,299.8800048828125,274.2626037597656,34352200.0
2019-10-24,300.9100036621094,301.07000732421875,299.4599914550781,300.3699951171875,274.7108459472656,35453100.0
2019-10-25,299.739990234375,302.20001220703125,299.67999267578125,301.6000061035156,275.8357238769531,45205400.0
2019-10-28,302.94000244140625,303.8500061035156,302.9100036621094,303.29998779296875,277.3905029296875,42147000.0
2019-10-29,303.0,304.2300109863281,302.8599853515625,303.2099914550781,277.30816650390625,44284900.0
2019-10-30,303.42999267578125,304.54998779296875,301.989990234375,304.1400146484375,278.1588134765625,49643900.0
2019-10-31,304.1300048828125,304.1300048828125,301.7300109863281,303.3299865722656,277.4178771972656,69053800.0
2019-11-01,304.9200134277344,306.19000244140625,304.739990234375,306.1400146484375,279.98785400390625,71141500.0
2019-11-04,307.8500061035156,308.0,306.9599914550781,307.3699951171875,281.11285400390625,60606900.0
2019-11-05,307.5899963378906,307.9200134277344,306.7099914550781,307.0299987792969,280.8018798828125,42933200.0
2019-11-06,307.0299987792969,307.3999938964844,306.0599975585937,307.1000061035156,280.8658142089844,46487100.0
2019-11-07,308.57000732421875,309.6499938964844,307.6600036621094,308.17999267578125,281.85357666015625,54272300.0
2019-11-08,307.79998779296875,309.0,307.0299987792969,308.94000244140625,282.5486755371094,49032100.0
2019-11-11,307.4200134277344,308.5400085449219,307.2699890136719,308.3500061035156,282.0091552734375,35797300.0
2019-11-12,308.75,309.989990234375,308.1499938964844,309.0,282.60357666015625,46484600.0
2019-11-13,307.9100036621094,309.5400085449219,307.6600036621094,309.1000061035156,282.69500732421875,53917700.0
2019-11-14,308.7900085449219,309.6400146484375,308.0899963378906,309.54998779296875,283.1065368652344,51219900.0
2019-11-15,311.0199890136719,311.8399963378906,310.260009765625,311.7900085449219,285.1552429199219,62023600.0
2019-11-18,311.5299987792969,312.2799987792969,311.0299987792969,312.0199890136719,285.36553955078125,49228000.0
2019-11-19,312.67999267578125,312.69000244140625,311.2200012207031,311.92999267578125,285.2832336425781,67804700.0
2019-11-20,311.2799987792969,311.8500061035156,309.0599975585937,310.7699890136719,284.2222900390625,79406200.0
2019-11-21,310.8900146484375,311.010009765625,309.3900146484375,310.2699890136719,283.7651062011719,54664700.0
2019-11-22,311.0899963378906,311.239990234375,309.8500061035156,310.9599914550781,284.39617919921875,44850200.0
2019-11-25,311.9800109863281,313.3699951171875,311.9800109863281,313.3699951171875,286.6002197265625,48647200.0
2019-11-26,313.4100036621094,314.2799987792969,313.0599975585937,314.0799865722656,287.2496032714844,37569000.0
2019-11-27,314.6099853515625,315.4800109863281,314.3699951171875,315.4800109863281,288.5299987792969,44444600.0
2019-11-29,314.8599853515625,315.1300048828125,314.0599975585937,314.3099975585937,287.4599609375,36592700.0
2019-12-02,314.5899963378906,314.6600036621094,311.1700134277344,311.6400146484375,285.0180053710937,75767800.0
2019-12-03,308.6499938964844,309.6400146484375,307.1300048828125,309.54998779296875,283.1065368652344,73941700.0
2019-12-04,310.70001220703125,312.1199951171875,310.32000732421875,311.4599914550781,284.8534240722656,49080000.0
2019-12-05,312.2300109863281,312.25,310.5799865722656,312.0199890136719,285.36553955078125,40709000.0
2019-12-06,314.1199951171875,315.3099975585937,314.1099853515625,314.8699951171875,287.9720764160156,48927000.0
2019-12-09,314.44000244140625,315.17999267578125,313.79998779296875,313.8800048828125,287.0667419433594,34838500.0
2019-12-10,313.82000732421875,314.54998779296875,312.8099975585937,313.5299987792969,286.74664306640625,52649800.0
2019-12-11,314.0299987792969,314.70001220703125,313.44000244140625,314.4200134277344,287.560546875,53429100.0
2019-12-12,314.42999267578125,317.989990234375,314.1700134277344,317.1300048828125,290.0390319824219,96389600.0
2019-12-13,316.8699951171875,318.6700134277344,316.0199890136719,317.32000732421875,290.2127990722656,81503900.0
2019-12-16,319.2200012207031,320.1499938964844,317.25,319.5,292.20660400390625,82749700.0
2019-12-17,319.9200134277344,320.25,319.4800109863281,319.57000732421875,292.27069091796875,61097700.0
2019-12-18,320.0,320.25,319.5299987792969,319.5899963378906,292.2889099121094,48133000.0
2019-12-19,319.79998779296875,320.9800109863281,319.5199890136719,320.8999938964844,293.4869689941406,85310500.0
2019-12-20,320.4599914550781,321.9700012207031,319.3900146484375,320.7300109863281,294.773681640625,147142100.0
2019-12-23,321.5899963378906,321.6499938964844,321.0599975585937,321.2200012207031,295.2240600585937,52990000.0
2019-12-24,321.4700012207031,321.5199890136719,320.8999938964844,321.2300109863281,295.2333068847656,20270000.0
2019-12-26,321.6499938964844,322.95001220703125,321.6400146484375,322.94000244140625,296.80487060546875,30911200.0
2019-12-27,323.739990234375,323.79998779296875,322.2799987792969,322.8599853515625,296.7312927246094,42528800.0
2019-12-30,322.95001220703125,323.1000061035156,320.54998779296875,321.0799865722656,295.0953674316406,49729100.0
2019-12-31,320.5299987792969,322.1300048828125,320.1499938964844,321.8599853515625,295.8122253417969,57077300.0
2020-01-02,323.5400085449219,324.8900146484375,322.5299987792969,324.8699951171875,298.57867431640625,59151200.0
2020-01-03,321.1600036621094,323.6400146484375,321.1000061035156,322.4100036621094,296.3178405761719,77709700.0
2020-01-06,320.489990234375,323.7300109863281,320.3599853515625,323.6400146484375,297.4481811523437,55653900.0
2020-01-07,323.0199890136719,323.5400085449219,322.239990234375,322.7300109863281,296.61187744140625,40496400.0
2020-01-08,322.94000244140625,325.7799987792969,322.6700134277344,324.45001220703125,298.1927490234375,68296000.0
2020-01-09,326.1600036621094,326.7300109863281,325.5199890136719,326.6499938964844,300.2146301269531,48473300.0
2020-01-10,327.2900085449219,327.4599914550781,325.20001220703125,325.7099914550781,299.3506164550781,53029300.0
2020-01-13,326.3900146484375,327.9599914550781,325.9200134277344,327.95001220703125,301.409423828125,47086800.0
2020-01-14,327.4700012207031,328.6199951171875,326.8399963378906,327.45001220703125,300.9498596191406,62832800.0
2020-01-15,327.3500061035156,329.0199890136719,327.260009765625,328.19000244140625,301.6299133300781,72056600.0
2020-01-16,329.70001220703125,330.9200134277344,329.45001220703125,330.9200134277344,304.1390380859375,54050300.0
2020-01-17,331.70001220703125,332.17999267578125,330.8500061035156,331.95001220703125,305.0857238769531,95846000.0
2020-01-21,330.8999938964844,332.17999267578125,330.82000732421875,331.29998779296875,304.48834228515625,77742400.0
2020-01-22,332.239990234375,332.95001220703125,331.1700134277344,331.3399963378906,304.5250244140625,48914900.0
2020-01-23,330.6300048828125,332.1700134277344,329.4100036621094,331.7200012207031,304.87432861328125,51963000.0
2020-01-24,332.44000244140625,332.5299987792969,327.3599853515625,328.7699890136719,302.1630249023437,87578400.0
2020-01-27,323.0299987792969,325.1199951171875,322.6600036621094,323.5,297.3194885253906,84062500.0
2020-01-28,325.0599975585937,327.8500061035156,323.6000061035156,326.8900146484375,300.4351806640625,63834000.0
2020-01-29,328.3800048828125,328.6300048828125,326.3999938964844,326.6199951171875,300.1870422363281,53888900.0
2020-01-30,324.3599853515625,327.9100036621094,323.5400085449219,327.67999267578125,301.1612243652344,75491800.0
2020-01-31,327.0,327.1700134277344,320.7300109863281,321.7300109863281,295.6928405761719,113845600.0
2020-02-03,323.3500061035156,326.1600036621094,323.2200012207031,324.1199951171875,297.8893127441406,69083000.0
2020-02-04,328.07000732421875,330.010009765625,327.7200012207031,329.0599975585937,302.4295959472656,62573200.0
2020-02-05,332.2699890136719,333.0899963378906,330.6700134277344,332.8599853515625,305.92205810546875,65951100.0
2020-02-06,333.9100036621094,334.19000244140625,332.79998779296875,333.9800109863281,306.95147705078125,50359700.0
2020-02-07,332.82000732421875,333.989990234375,331.6000061035156,332.20001220703125,305.3153991699219,64139400.0
2020-02-10,331.2300109863281,334.75,331.19000244140625,334.67999267578125,307.5947570800781,42070000.0
2020-02-11,336.1600036621094,337.0199890136719,334.67999267578125,335.260009765625,308.1277770996094,54864500.0
2020-02-12,336.8299865722656,337.6499938964844,336.42999267578125,337.4200134277344,310.113037109375,43992700.0
2020-02-13,335.8599853515625,338.1199951171875,335.5599975585937,337.0599975585937,309.7821044921875,54501900.0
2020-02-14,337.510009765625,337.7300109863281,336.20001220703125,337.6000061035156,310.27838134765625,64582200.0
2020-02-18,336.510009765625,337.6700134277344,335.2099914550781,336.7300109863281,309.4788513183594,57226200.0
2020-02-19,337.7900085449219,339.0799865722656,337.4800109863281,338.3399963378906,310.9584655761719,48814700.0
2020-02-20,337.739990234375,338.6400146484375,333.67999267578125,336.95001220703125,309.6810913085937,74163400.0
2020-02-21,335.4700012207031,335.8099975585937,332.5799865722656,333.4800109863281,306.4919128417969,113788200.0
2020-02-24,323.1400146484375,333.5599975585937,321.239990234375,322.4200134277344,296.32696533203125,161088400.0
2020-02-25,323.94000244140625,324.6099853515625,311.69000244140625,312.6499938964844,287.3476257324219,218913200.0
2020-02-26,314.17999267578125,318.1099853515625,310.70001220703125,311.5,286.29071044921875,194773800.0
2020-02-27,305.4599914550781,311.5599975585937,297.510009765625,297.510009765625,273.4328918457031,284353500.0
2020-02-28,288.70001220703125,297.8900146484375,285.5400085449219,296.260009765625,272.2841186523437,384975800.0
2020-03-02,298.2099914550781,309.1600036621094,294.4599914550781,309.0899963378906,284.0757141113281,238703600.0
2020-03-03,309.5,313.8399963378906,297.57000732421875,300.239990234375,275.9418640136719,300139100.0
2020-03-04,306.1199951171875,313.1000061035156,303.3299865722656,312.8599853515625,287.5406799316406,176613400.0
2020-03-05,304.9800109863281,308.4700012207031,300.010009765625,302.4599914550781,277.9822998046875,186366800.0
2020-03-06,293.1499938964844,298.7799987792969,290.2300109863281,297.4599914550781,273.386962890625,228667200.0
2020-03-09,275.29998779296875,284.19000244140625,273.45001220703125,274.2300109863281,252.0368804931641,309417300.0
2020-03-10,284.6400146484375,288.5199890136719,273.5,288.4200134277344,265.0784912109375,276444100.0
2020-03-11,280.70001220703125,281.94000244140625,270.8800048828125,274.3599853515625,252.1563415527344,255316300.0
2020-03-12,256.0,266.6600036621094,247.67999267578125,248.1100006103516,228.03077697753903,392220700.0
2020-03-13,263.0899963378906,271.4800109863281,248.5200042724609,269.32000732421875,247.5242614746093,329566100.0
2020-03-16,241.17999267578125,256.8999938964844,237.3600006103516,239.8500061035156,220.4392242431641,297240000.0
2020-03-17,245.0399932861328,256.1700134277344,237.07000732421875,252.8000030517578,232.3412322998047,262070500.0
2020-03-18,236.25,248.3699951171875,228.0200042724609,240.0,220.5770874023437,327597100.0
2020-03-19,239.25,247.3800048828125,232.22000122070312,240.509994506836,221.04579162597656,289322000.0
2020-03-20,242.52999877929688,244.47000122070312,228.5,228.8000030517578,211.5200042724609,347158800.0
2020-03-23,228.19000244140625,229.67999267578125,218.259994506836,222.9499969482422,206.1118011474609,326025200.0
2020-03-24,234.4199981689453,244.1000061035156,233.8000030517578,243.1499938964844,224.7862243652344,235494500.0
2020-03-25,244.8699951171875,256.3500061035156,239.75,246.7899932861328,228.1513519287109,299430300.0
2020-03-26,249.5200042724609,262.79998779296875,249.0500030517578,261.20001220703125,241.4730529785156,257632800.0
2020-03-27,253.2700042724609,260.8099975585937,251.0500030517578,253.4199981689453,234.2805938720703,224341200.0
2020-03-30,255.6999969482422,262.42999267578125,253.52999877929688,261.6499938964844,241.88905334472656,171369500.0
2020-03-31,260.5599975585937,263.3299865722656,256.2200012207031,257.75,238.2835693359375,194881100.0
2020-04-01,247.97999572753903,257.6600036621094,243.8999938964844,246.1499938964844,227.5596618652344,189554600.0
2020-04-02,245.19000244140625,252.67999267578125,244.58999633789065,251.8300018310547,232.8106842041016,177660400.0
2020-04-03,250.759994506836,253.32000732421875,245.22000122070312,248.19000244140625,229.4456024169922,135561200.0
2020-04-06,257.8399963378906,267.0,248.1699981689453,264.8599853515625,244.85655212402344,188061200.0
2020-04-07,274.2099914550781,275.0299987792969,264.8900146484375,265.1300048828125,245.1062469482422,201427200.0
2020-04-08,267.9599914550781,276.0,265.25,274.0299987792969,253.33401489257807,153774500.0
2020-04-09,277.5799865722656,281.20001220703125,275.4700012207031,278.20001220703125,257.1891784667969,189999200.0
2020-04-13,277.1400146484375,277.510009765625,271.4100036621094,275.6600036621094,254.8409423828125,114839100.0
2020-04-14,280.9800109863281,284.8999938964844,275.510009765625,283.7900085449219,262.3569030761719,134143400.0
2020-04-15,277.57000732421875,283.94000244140625,275.4599914550781,277.760009765625,256.78240966796875,121775000.0
2020-04-16,279.1499938964844,280.0299987792969,275.760009765625,279.1000061035156,258.0210876464844,131798300.0
2020-04-17,285.3800048828125,287.29998779296875,282.3999938964844,286.6400146484375,264.99176025390625,146684800.0
2020-04-20,282.6099853515625,286.7900085449219,281.3500061035156,281.5899963378906,260.3231506347656,100109300.0
2020-04-21,276.7300109863281,278.0400085449219,272.0199890136719,273.0400085449219,252.41880798339844,126385700.0
2020-04-22,278.3500061035156,281.0,276.9100036621094,279.1000061035156,258.0210876464844,92951600.0
2020-04-23,280.489990234375,283.94000244140625,278.75,279.0799865722656,258.00262451171875,104709700.0
2020-04-24,280.7300109863281,283.70001220703125,278.5,282.9700012207031,261.5988464355469,85063200.0
2020-04-27,285.1199951171875,288.2699890136719,284.6199951171875,287.04998779296875,265.3707275390625,77896600.0
2020-04-28,291.0199890136719,291.3999938964844,285.3999938964844,285.7300109863281,264.1504211425781,105270000.0
2020-04-29,291.5299987792969,294.8800048828125,290.4100036621094,293.2099914550781,271.0655212402344,118745600.0
2020-04-30,291.7099914550781,293.32000732421875,288.5899963378906,290.4800109863281,268.54168701171875,122901700.0
2020-05-01,285.3099975585937,290.6600036621094,281.5199890136719,282.7900085449219,261.432373046875,125180000.0
2020-05-04,280.739990234375,283.8999938964844,279.1300048828125,283.57000732421875,262.1534729003906,80873200.0
2020-05-05,286.6400146484375,289.25,283.7099914550781,286.19000244140625,264.5755615234375,79569900.0
2020-05-06,288.0400085449219,288.4599914550781,283.7799987792969,284.25,262.7821350097656,73632600.0
2020-05-07,287.75,289.7799987792969,287.1300048828125,287.67999267578125,265.9530944824219,75250400.0
2020-05-08,291.0899963378906,292.95001220703125,289.8599853515625,292.44000244140625,270.3536682128906,76452400.0
2020-05-11,290.3399963378906,294.0,289.8800048828125,292.5,270.4091186523437,79514200.0
2020-05-12,293.7900085449219,294.239990234375,286.5199890136719,286.6700134277344,265.0194091796875,95870800.0
2020-05-13,286.0599975585937,287.19000244140625,278.9599914550781,281.6000061035156,260.33233642578125,144721100.0
2020-05-14,278.95001220703125,285.1099853515625,272.989990234375,284.9700012207031,263.4477844238281,121977900.0
2020-05-15,282.3699951171875,286.3299865722656,281.3399963378906,286.2799987792969,264.6589050292969,111146300.0
2020-05-18,293.04998779296875,296.75,292.70001220703125,295.0,272.72027587890625,119703800.0
2020-05-19,294.3500061035156,296.2099914550781,291.95001220703125,291.9700012207031,269.919189453125,95189300.0
2020-05-20,295.82000732421875,297.8699951171875,295.57000732421875,296.92999267578125,274.5045166015625,85861700.0
2020-05-21,296.7900085449219,297.6700134277344,293.69000244140625,294.8800048828125,272.6093139648437,78293900.0
2020-05-22,294.57000732421875,295.6300048828125,293.2200012207031,295.44000244140625,273.1270751953125,63958200.0
2020-05-26,301.92999267578125,302.19000244140625,295.4599914550781,299.0799865722656,276.4922180175781,88951400.0
2020-05-27,302.1199951171875,303.57000732421875,296.8699951171875,303.5299987792969,280.6061096191406,104817400.0
2020-05-28,304.6499938964844,306.8399963378906,302.239990234375,302.9700012207031,280.08837890625,90405200.0
2020-05-29,302.4599914550781,304.9599914550781,299.4700012207031,304.32000732421875,281.33642578125,119090800.0
2020-06-01,303.6199951171875,306.2099914550781,303.0599975585937,305.54998779296875,282.4735107421875,55758300.0
2020-06-02,306.54998779296875,308.1300048828125,305.1000061035156,308.0799865722656,284.8124084472656,74267200.0
2020-06-03,310.239990234375,313.2200012207031,309.94000244140625,312.17999267578125,288.60284423828125,92567600.0
2020-06-04,311.1099853515625,313.0,309.0799865722656,311.3599853515625,287.8447265625,75794400.0
2020-06-05,317.2300109863281,321.2699890136719,317.1600036621094,319.3399963378906,295.22198486328125,150524700.0
2020-06-08,320.2200012207031,323.4100036621094,319.6300048828125,323.20001220703125,298.7904968261719,73641200.0
2020-06-09,320.29998779296875,323.2799987792969,319.3599853515625,320.7900085449219,296.5625,77479200.0
2020-06-10,321.4200134277344,322.3900146484375,318.2200012207031,319.0,294.90771484375,95000800.0
2020-06-11,311.4599914550781,312.1499938964844,300.010009765625,300.6099853515625,277.9066467285156,209243600.0
2020-06-12,308.239990234375,309.0799865722656,298.6000061035156,304.2099914550781,281.2347412109375,194678900.0
2020-06-15,298.0199890136719,308.2799987792969,296.739990234375,307.04998779296875,283.86016845703125,135782700.0
2020-06-16,315.4800109863281,315.6400146484375,307.6700134277344,312.9599914550781,289.32391357421875,137627500.0
2020-06-17,314.07000732421875,314.3900146484375,310.8599853515625,311.6600036621094,288.1220397949219,83398900.0
2020-06-18,310.010009765625,312.29998779296875,309.510009765625,311.7799987792969,288.2330322265625,80828700.0
2020-06-19,314.1700134277344,314.3800048828125,306.5299987792969,308.6400146484375,286.5858764648437,135549600.0
2020-06-22,307.989990234375,311.04998779296875,306.75,310.6199951171875,288.42431640625,74649400.0
2020-06-23,313.489990234375,314.5,311.6099853515625,312.04998779296875,289.7519836425781,68471200.0
2020-06-24,309.8399963378906,310.510009765625,302.1000061035156,304.0899963378906,282.36083984375,132813500.0
2020-06-25,303.4700012207031,307.6400146484375,301.2799987792969,307.3500061035156,285.3879699707031,89468000.0
2020-06-26,306.1600036621094,306.3900146484375,299.4200134277344,300.04998779296875,278.6095886230469,127961000.0
2020-06-29,301.4100036621094,304.6099853515625,298.92999267578125,304.4599914550781,282.7043762207031,79773300.0
2020-06-30,303.989990234375,310.20001220703125,303.82000732421875,308.3599853515625,286.3257751464844,113394800.0
2020-07-01,309.57000732421875,311.8900146484375,309.07000732421875,310.5199890136719,288.3314208984375,72396500.0
2020-07-02,314.239990234375,315.70001220703125,311.510009765625,312.2300109863281,289.9192199707031,69344200.0
2020-07-06,316.3699951171875,317.67999267578125,315.5599975585937,317.04998779296875,294.39483642578125,61713800.0
2020-07-07,315.3800048828125,317.5199890136719,313.3699951171875,313.7799987792969,291.3584899902344,82910000.0
2020-07-08,314.6099853515625,316.29998779296875,312.70001220703125,316.17999267578125,293.5869445800781,54638600.0
2020-07-09,316.8399963378906,317.1000061035156,310.67999267578125,314.3800048828125,291.9156188964844,83354200.0
2020-07-10,314.3099975585937,317.8800048828125,312.760009765625,317.5899963378906,294.896240234375,57550400.0
2020-07-13,320.1300048828125,322.7099914550781,314.1300048828125,314.8399963378906,292.3427734375,102997500.0
2020-07-14,313.29998779296875,319.760009765625,312.0,318.9200134277344,296.1312561035156,93657000.0
2020-07-15,322.4100036621094,323.0400085449219,319.2699890136719,321.8500061035156,298.851806640625,87196500.0
2020-07-16,319.7900085449219,321.2799987792969,319.0899963378906,320.7900085449219,297.8675842285156,54622500.0
2020-07-17,321.8800048828125,322.57000732421875,319.739990234375,321.7200012207031,298.73114013671875,62774900.0
2020-07-20,321.42999267578125,325.1300048828125,320.6199951171875,324.32000732421875,301.1453552246094,56308800.0
2020-07-21,326.45001220703125,326.92999267578125,323.94000244140625,325.010009765625,301.7860107421875,57292200.0
2020-07-22,324.6199951171875,327.20001220703125,324.5,326.8599853515625,303.5038146972656,57792900.0
2020-07-23,326.4700012207031,327.2300109863281,321.4800109863281,322.9599914550781,299.8825378417969,75738000.0
2020-07-24,320.95001220703125,321.989990234375,319.25,320.8800048828125,297.9512023925781,73766600.0
2020-07-27,321.6300048828125,323.4100036621094,320.7699890136719,323.2200012207031,300.1239318847656,48293000.0
2020-07-28,322.42999267578125,323.6400146484375,320.8500061035156,321.1700134277344,298.2204895019531,57495000.0
2020-07-29,322.1199951171875,325.7300109863281,322.0799865722656,325.1199951171875,301.88818359375,48454200.0
2020-07-30,321.8999938964844,324.4100036621094,319.6400146484375,323.9599914550781,300.81103515625,61861700.0
2020-07-31,325.8999938964844,326.6300048828125,321.3299865722656,326.5199890136719,303.1880798339844,84986800.0
2020-08-03,328.32000732421875,329.6199951171875,327.7300109863281,328.7900085449219,305.2958679199219,53077900.0
2020-08-04,327.8599853515625,330.0599975585937,327.8599853515625,330.0599975585937,306.4751892089844,41917900.0
2020-08-05,331.4700012207031,332.3900146484375,331.17999267578125,332.1099853515625,308.378662109375,42697700.0
2020-08-06,331.4800109863281,334.4599914550781,331.1300048828125,334.3299865722656,310.4400329589844,43679400.0
2020-08-07,333.2799987792969,334.8800048828125,332.29998779296875,334.57000732421875,310.662841796875,57308300.0
2020-08-10,335.0599975585937,335.7699890136719,332.9599914550781,335.57000732421875,311.5914001464844,44282100.0
2020-08-11,336.8500061035156,337.5400085449219,332.010009765625,332.79998779296875,309.0193176269531,69601100.0
2020-08-12,335.44000244140625,338.2799987792969,335.4100036621094,337.44000244140625,313.3277893066406,53774400.0
2020-08-13,336.6099853515625,338.25,335.8299865722656,336.8299865722656,312.7613830566406,41816100.0
2020-08-14,336.4100036621094,337.4200134277344,335.6199951171875,336.8399963378906,312.7706298828125,47260400.0
2020-08-17,337.94000244140625,338.3399963378906,336.8500061035156,337.9100036621094,313.7642517089844,35481000.0
2020-08-18,338.3399963378906,339.1000061035156,336.6099853515625,338.6400146484375,314.4421081542969,38733900.0
2020-08-19,339.04998779296875,339.6099853515625,336.6199951171875,337.2300109863281,313.1328125,68054200.0
2020-08-20,335.3599853515625,338.79998779296875,335.2200012207031,338.2799987792969,314.1078491210937,42207800.0
2020-08-21,337.9200134277344,339.7200012207031,337.54998779296875,339.4800109863281,315.2220458984375,55106600.0
2020-08-24,342.1199951171875,343.0,339.45001220703125,342.9200134277344,318.416259765625,48588700.0
2020-08-25,343.5299987792969,344.2099914550781,342.2699890136719,344.1199951171875,319.5304870605469,38463400.0
2020-08-26,344.760009765625,347.8599853515625,344.1700134277344,347.57000732421875,322.73394775390625,50790200.0
2020-08-27,348.510009765625,349.8999938964844,346.5299987792969,348.3299865722656,323.43963623046875,58034100.0
2020-08-28,349.44000244140625,350.7200012207031,348.1499938964844,350.5799865722656,325.52886962890625,48588900.0
2020-08-31,350.3500061035156,351.29998779296875,349.0599975585937,349.3099975585937,324.3495788574219,66099200.0
2020-09-01,350.2099914550781,352.7099914550781,349.239990234375,352.6000061035156,327.404541015625,54908700.0
2020-09-02,354.6700134277344,358.75,353.42999267578125,357.70001220703125,332.1401672363281,69540000.0
2020-09-03,355.8699951171875,356.3800048828125,342.5899963378906,345.3900146484375,320.7097473144531,148011100.0
2020-09-04,346.1300048828125,347.8299865722656,334.8699951171875,342.57000732421875,318.0912475585937,139156300.0
2020-09-08,336.7099914550781,342.6400146484375,332.8800048828125,333.2099914550781,309.3999938964844,114465300.0
2020-09-09,337.54998779296875,342.4599914550781,336.6099853515625,339.7900085449219,315.5099182128906,91462300.0
2020-09-10,341.82000732421875,342.5299987792969,332.8500061035156,333.8900146484375,310.03155517578125,90569500.0
2020-09-11,335.82000732421875,336.9700012207031,331.0,334.0599975585937,310.1893920898437,84680200.0
2020-09-14,337.489990234375,340.3800048828125,334.2200012207031,338.4599914550781,314.2749938964844,65605700.0
2020-09-15,341.1199951171875,342.0199890136719,338.4700012207031,340.1700134277344,315.8627624511719,52920900.0
2020-09-16,341.510009765625,343.0599975585937,338.5199890136719,338.82000732421875,314.60919189453125,82096000.0
2020-09-17,333.5599975585937,337.70001220703125,332.989990234375,335.8399963378906,311.8421630859375,91523300.0
2020-09-18,335.3699951171875,335.489990234375,327.9700012207031,330.6499938964844,308.251953125,105877900.0
2020-09-21,325.70001220703125,327.1300048828125,321.7300109863281,326.9700012207031,304.8212890625,99450800.0
2020-09-22,328.57000732421875,330.8999938964844,325.8599853515625,330.29998779296875,307.9256286621094,63612100.0
2020-09-23,330.8999938964844,331.20001220703125,322.1000061035156,322.6400146484375,300.7846069335937,93112200.0
2020-09-24,321.2200012207031,326.79998779296875,319.79998779296875,323.5,301.5863037109375,76681300.0
2020-09-25,322.5799865722656,329.5799865722656,321.6400146484375,328.7300109863281,306.4620666503906,71069400.0
2020-09-28,333.2200012207031,334.9599914550781,332.1499938964844,334.19000244140625,311.5522766113281,64584600.0
2020-09-29,333.9700012207031,334.7699890136719,331.6199951171875,332.3699951171875,309.85552978515625,51304000.0
2020-09-30,333.0899963378906,338.2900085449219,332.8800048828125,334.8900146484375,312.2048645019531,104081100.0
2020-10-01,337.69000244140625,338.739990234375,335.010009765625,337.0400085449219,314.20916748046875,88698700.0
2020-10-02,331.70001220703125,337.010009765625,331.19000244140625,333.8399963378906,311.2259521484375,89431100.0
2020-10-05,336.0599975585937,339.9599914550781,336.010009765625,339.760009765625,316.74493408203125,45713100.0
2020-10-06,339.9100036621094,342.1700134277344,334.3800048828125,334.92999267578125,312.2421264648437,90128900.0
2020-10-07,338.1199951171875,341.6300048828125,338.0899963378906,340.760009765625,317.6771850585937,56999600.0
2020-10-08,342.8500061035156,343.8500061035156,341.8599853515625,343.7799987792969,320.49249267578125,45242500.0
2020-10-09,345.5599975585937,347.3500061035156,344.8900146484375,346.8500061035156,323.3545837402344,59528600.0
2020-10-12,349.5899963378906,354.0199890136719,349.0599975585937,352.42999267578125,328.55670166015625,80388500.0
2020-10-13,352.2799987792969,352.4700012207031,349.0899963378906,350.1300048828125,326.4125061035156,73255500.0
2020-10-14,350.75,351.92999267578125,347.1400146484375,347.92999267578125,324.3614807128906,57727900.0
2020-10-15,343.7099914550781,348.0199890136719,343.1300048828125,347.5,323.9606018066406,60357700.0
2020-10-16,348.9599914550781,350.75,347.1000061035156,347.2900085449219,323.7648620605469,89501900.0
2020-10-19,348.6499938964844,349.3299865722656,341.0400085449219,342.010009765625,318.842529296875,68425600.0
2020-10-20,343.4599914550781,346.8800048828125,342.6400146484375,343.3800048828125,320.1197509765625,60051900.0
2020-10-21,343.3299865722656,345.6700134277344,342.3999938964844,342.7300109863281,319.51373291015625,63575000.0
2020-10-22,342.9599914550781,345.239990234375,340.6499938964844,344.6099853515625,321.2663269042969,55399300.0
2020-10-23,345.92999267578125,345.989990234375,343.1300048828125,345.7799987792969,322.3570861816406,49143900.0
2020-10-26,342.1300048828125,342.9800109863281,335.6199951171875,339.3900146484375,316.39996337890625,91473000.0
2020-10-27,339.760009765625,340.1199951171875,337.989990234375,338.2200012207031,315.3092041015625,65994100.0
2020-10-28,332.1000061035156,338.25,326.1300048828125,326.6600036621094,304.5322265625,127094300.0
2020-10-29,326.9100036621094,333.3999938964844,325.0899963378906,329.9800109863281,307.62744140625,90597700.0
2020-10-30,328.2799987792969,329.69000244140625,322.6000061035156,326.5400085449219,304.42041015625,120287300.0
2020-11-02,330.20001220703125,332.3599853515625,327.239990234375,330.20001220703125,307.8325500488281,86068300.0
2020-11-03,333.69000244140625,338.25,330.2900085449219,336.0299987792969,313.2676086425781,93294200.0
2020-11-04,340.8599853515625,347.94000244140625,339.5899963378906,343.5400085449219,320.2689208984375,126959700.0
2020-11-05,349.239990234375,352.19000244140625,348.8599853515625,350.239990234375,326.5150146484375,82039700.0
2020-11-06,349.92999267578125,351.510009765625,347.6499938964844,350.1600036621094,326.4403991699219,74973000.0
2020-11-09,363.9700012207031,364.3800048828125,354.0599975585937,354.5599975585937,330.5423889160156,172304200.0
2020-11-10,353.489990234375,355.17999267578125,350.510009765625,354.0400085449219,330.0575866699219,85552000.0
2020-11-11,356.3999938964844,357.5599975585937,355.0599975585937,356.6700134277344,332.5094299316406,58649000.0
2020-11-12,355.5799865722656,356.7200012207031,351.260009765625,353.2099914550781,329.2838439941406,67546200.0
2020-11-13,355.2699890136719,358.8999938964844,354.7099914550781,358.1000061035156,333.84259033203125,62892200.0
2020-11-16,360.9800109863281,362.7799987792969,359.5899963378906,362.5700073242188,338.009765625,74541100.0
2020-11-17,359.9700012207031,361.9200134277344,358.3399963378906,360.6199951171875,336.19189453125,66111000.0
2020-11-18,360.9100036621094,361.5,356.239990234375,356.2799987792969,332.1459045410156,70591300.0
2020-11-19,355.6000061035156,358.17999267578125,354.1499938964844,357.7799987792969,333.5442810058594,59940900.0
2020-11-20,357.5,357.7200012207031,355.25,355.3299865722656,331.2601928710937,70417300.0
2020-11-23,357.2799987792969,358.82000732421875,354.8699951171875,357.4599914550781,333.2459411621094,63230600.0
2020-11-24,360.2099914550781,363.80999755859375,359.2900085449219,363.2200012207031,338.6157531738281,62415900.0
2020-11-25,363.1300048828125,363.1600036621094,361.4800109863281,362.6600036621094,338.09375,45330900.0
2020-11-27,363.8399963378906,364.1799926757813,362.5799865722656,363.6700134277344,339.0352478027344,28514100.0
2020-11-30,362.8299865722656,363.1199951171875,359.1700134277344,362.05999755859375,337.5343322753906,83872700.0
2020-12-01,365.5700073242188,367.6799926757813,364.9299926757813,366.0199890136719,341.22613525390625,74231400.0
2020-12-02,364.8200073242188,366.9599914550781,364.2000122070313,366.7900085449219,341.9439392089844,45927000.0
2020-12-03,366.6799926757813,368.1900024414063,365.5,366.6900024414063,341.8507385253906,62882000.0
2020-12-04,367.3200073242188,369.8500061035156,367.2200012207031,369.8500061035156,344.7966613769531,50749900.0
2020-12-07,369.0199890136719,369.6199951171875,367.7200012207031,369.0899963378906,344.0881042480469,48944300.0
2020-12-08,367.7200012207031,370.7799987792969,367.6700134277344,370.1700134277344,345.0949401855469,42458900.0
2020-12-09,370.8800048828125,371.0499877929688,365.9500122070313,366.8500061035156,341.9998779296875,74098300.0
2020-12-10,365.3699951171875,367.8599853515625,364.4299926757813,366.7300109863281,341.8880310058594,57735400.0
2020-12-11,364.8999938964844,366.739990234375,363.260009765625,366.2999877929688,341.48712158203125,57698600.0
2020-12-14,368.6400146484375,369.7999877929688,364.4700012207031,364.6600036621094,339.958251953125,69216200.0
2020-12-15,367.3999938964844,369.5899963378906,365.9200134277344,369.5899963378906,344.5543212890625,63865300.0
2020-12-16,369.8200073242188,371.1600036621094,368.8699951171875,370.1700134277344,345.0949401855469,58420500.0
2020-12-17,371.9400024414063,372.4599914550781,371.0499877929688,372.239990234375,347.0246887207031,64119500.0
2020-12-18,370.9700012207031,371.1499938964844,367.0199890136719,369.1799926757813,345.6390686035156,136542300.0
2020-12-21,364.9700012207031,378.4599914550781,362.0299987792969,367.8599853515625,344.4032592773437,96386700.0
2020-12-22,368.2099914550781,368.3299865722656,366.0299987792969,367.239990234375,343.82275390625,47949000.0
2020-12-23,368.2799987792969,369.6199951171875,367.2200012207031,367.5700073242188,344.1317443847656,46201400.0
2020-12-24,368.0799865722656,369.0299987792969,367.4500122070313,369.0,345.4705810546875,26457900.0
2020-12-28,371.739990234375,372.5899963378906,371.0700073242188,372.1700134277344,348.4385070800781,39000400.0
2020-12-29,373.80999755859375,374.0,370.8299865722656,371.4599914550781,347.77374267578125,53680500.0
2020-12-30,372.3399963378906,373.1000061035156,371.5700073242188,371.989990234375,348.26983642578125,49455300.0
2020-12-31,371.7799987792969,374.6600036621094,371.2300109863281,373.8800048828125,350.0394287109375,78520700.0
2021-01-04,375.30999755859375,375.4500122070313,364.8200073242188,368.7900085449219,345.2740173339844,110210800.0
2021-01-05,368.1000061035156,372.5,368.0499877929688,371.3299865722656,347.6520080566406,66426200.0
2021-01-06,369.7099914550781,376.9800109863281,369.1199951171875,373.5499877929688,349.7304077148437,107997700.0
2021-01-07,376.1000061035156,379.8999938964844,375.9100036621094,379.1000061035156,354.9266052246094,68766800.0
2021-01-08,380.5899963378906,381.489990234375,377.1000061035156,381.260009765625,356.9488220214844,71677200.0
2021-01-11,377.8500061035156,380.5799865722656,377.7200012207031,378.6900024414063,354.542724609375,51034700.0
2021-01-12,378.8900146484375,379.8599853515625,376.3599853515625,378.7699890136719,354.6175842285156,52547700.0
2021-01-13,378.6900024414063,380.8599853515625,377.8500061035156,379.7900085449219,355.5726318359375,45303600.0
2021-01-14,380.5899963378906,381.1300048828125,378.1000061035156,378.4599914550781,354.327392578125,49989100.0
2021-01-15,376.7200012207031,377.5799865722656,373.7000122070313,375.7000122070313,351.7434387207031,107160000.0
2021-01-19,378.3399963378906,379.2300109863281,376.75,378.6499938964844,354.5052795410156,51233300.0
2021-01-20,381.1099853515625,384.7900085449219,380.6900024414063,383.8900146484375,359.4111633300781,61836100.0
2021-01-21,384.489990234375,384.9500122070313,383.25,384.239990234375,359.73883056640625,47840100.0
2021-01-22,382.25,384.1300048828125,381.8399963378906,382.8800048828125,358.46551513671875,52860500.0
2021-01-25,383.6700134277344,384.7699890136719,378.4599914550781,384.3900146484375,359.87921142578125,70402000.0
2021-01-26,385.4100036621094,385.8500061035156,383.5400085449219,383.7900085449219,359.3174743652344,42665300.0
2021-01-27,380.2200012207031,380.3200073242188,372.010009765625,374.4100036621094,350.5355834960937,123351100.0
2021-01-28,376.3599853515625,381.9299926757813,375.8900146484375,377.6300048828125,353.5503234863281,94198100.0
2021-01-29,375.6300048828125,376.6700134277344,368.2699890136719,370.0700073242188,346.4723205566406,126765100.0
2021-02-01,373.7200012207031,377.3399963378906,370.3800048828125,376.2300109863281,352.2396545410156,75817600.0
2021-02-02,379.6499938964844,383.2200012207031,376.3200073242188,381.5499877929688,357.2203674316406,64450700.0
2021-02-03,382.4400024414063,383.7000122070313,380.4800109863281,381.8500061035156,357.501220703125,52427100.0
2021-02-04,382.9599914550781,386.239990234375,381.9700012207031,386.1900024414063,361.5643615722656,47142600.0
2021-02-05,388.2000122070313,388.4700012207031,386.1400146484375,387.7099914550781,362.9875183105469,48669800.0
2021-02-08,389.2699890136719,390.55999755859375,388.3500061035156,390.510009765625,365.6090087890625,38365200.0
2021-02-09,389.6099853515625,390.8900146484375,389.1700134277344,390.25,365.3656005859375,35551100.0
2021-02-10,392.1199951171875,392.2799987792969,387.5,390.0799865722656,365.2064514160156,59154400.0
2021-02-11,391.239990234375,391.6900024414063,388.1000061035156,390.7099914550781,365.7962341308594,42913300.0
2021-02-12,389.8500061035156,392.8999938964844,389.7699890136719,392.6400146484375,367.6031494140625,50593300.0
2021-02-16,393.9599914550781,394.1700134277344,391.5299987792969,392.2999877929688,367.2848815917969,50972400.0
2021-02-17,390.4200134277344,392.6600036621094,389.3299865722656,392.3900146484375,367.369140625,52290600.0
2021-02-18,389.5899963378906,391.5199890136719,387.739990234375,390.7200012207031,365.8056335449219,59712800.0
2021-02-19,392.0700073242188,392.3800048828125,389.5499877929688,390.0299987792969,365.15960693359375,83241000.0
2021-02-22,387.05999755859375,389.6199951171875,386.739990234375,387.0299987792969,362.3509216308594,67414200.0
2021-02-23,384.6600036621094,388.9500122070313,380.2000122070313,387.5,362.7909851074219,107284100.0
2021-02-24,386.3299865722656,392.2300109863281,385.2699890136719,391.7699890136719,366.7886657714844,72433900.0
2021-02-25,390.4100036621094,391.8800048828125,380.7799987792969,382.3299865722656,357.9505615234375,146670500.0
2021-02-26,384.3500061035156,385.5799865722656,378.2300109863281,380.3599853515625,356.106201171875,152701600.0
2021-03-01,385.5899963378906,390.9200134277344,380.5700073242188,389.5799865722656,364.7382507324219,105348800.0
2021-03-02,389.8200073242188,390.0700073242188,386.0,386.5400085449219,361.8921508789063,79595300.0
2021-03-03,385.7900085449219,386.8299865722656,381.30999755859375,381.4200134277344,357.0986633300781,119940200.0
2021-03-04,381.2200012207031,384.0,371.8800048828125,376.7000122070313,352.6796264648437,183433000.0
2021-03-05,380.4599914550781,384.760009765625,372.6400146484375,383.6300048828125,359.1677551269531,152039600.0
2021-03-08,384.6600036621094,387.6799926757813,381.4200134277344,381.7200012207031,357.3795166015625,123149200.0
2021-03-09,385.8500061035156,389.9100036621094,385.30999755859375,387.1700134277344,362.4819641113281,113633600.0
2021-03-10,389.6900024414063,391.3999938964844,388.1700134277344,389.5799865722656,364.7382507324219,109899400.0
2021-03-11,392.2300109863281,395.6499938964844,391.739990234375,393.5299987792969,368.4364013671875,86245000.0
2021-03-12,392.0700073242188,394.2099914550781,391.2000122070313,394.05999755859375,368.9325866699219,64653600.0
2021-03-15,394.3299865722656,396.6900024414063,392.0299987792969,396.4100036621094,371.1327819824219,73427200.0
2021-03-16,397.0700073242188,397.8299865722656,395.0799865722656,395.9100036621094,370.6646728515625,73722500.0
2021-03-17,394.5299987792969,398.1199951171875,393.2999877929688,397.260009765625,371.9285583496094,97959300.0
2021-03-18,394.4800109863281,396.7200012207031,390.75,391.4800109863281,366.5171203613281,115349100.0
2021-03-19,389.8800048828125,391.5700073242188,387.1499938964844,389.4800109863281,365.8389587402344,113624500.0
2021-03-22,390.0299987792969,394.0700073242188,389.9700012207031,392.5899963378906,368.76019287109375,73778600.0
2021-03-23,391.9100036621094,393.4599914550781,388.6600036621094,389.5,365.8577575683594,90686600.0
2021-03-24,391.0,392.75,387.4700012207031,387.5199890136719,363.99798583984375,97588600.0
2021-03-25,385.9800109863281,390.5499877929688,383.8999938964844,389.7000122070313,366.0455627441406,116128600.0
2021-03-26,390.9299926757813,396.4100036621094,390.2900085449219,395.9800109863281,371.9443664550781,114409100.0
2021-03-29,394.3999938964844,396.75,392.80999755859375,395.7799987792969,371.756591796875,108107600.0
2021-03-30,394.4200134277344,395.4500122070313,393.0199890136719,394.7300109863281,370.770263671875,76262200.0
2021-03-31,395.3399963378906,398.0,395.30999755859375,396.3299865722656,372.2731018066406,112734200.0
2021-04-01,398.3999938964844,400.6700134277344,398.1799926757813,400.6099853515625,376.29339599609375,99682900.0
2021-04-05,403.4599914550781,406.9400024414063,403.3800048828125,406.3599853515625,381.6943054199219,91684800.0
2021-04-06,405.760009765625,407.239990234375,405.3999938964844,406.1199951171875,381.4689636230469,62021000.0
2021-04-07,405.9400024414063,406.9599914550781,405.4500122070313,406.5899963378906,381.910400390625,55836300.0
2021-04-08,407.9299926757813,408.5799865722656,406.9299926757813,408.5199890136719,383.7232666015625,57863100.0
2021-04-09,408.3900146484375,411.6700134277344,408.260009765625,411.489990234375,386.5129699707031,61104600.0
2021-04-12,410.8500061035156,411.9299926757813,410.2000122070313,411.6400146484375,386.6539001464844,56704900.0
2021-04-13,411.5299987792969,413.5299987792969,411.1199951171875,412.8599853515625,387.7998046875,56551000.0
2021-04-14,412.8299865722656,413.9599914550781,410.8699951171875,411.4500122070313,386.4754638671875,61659900.0
2021-04-15,413.739990234375,416.1600036621094,413.6900024414063,415.8699951171875,390.6271667480469,60229800.0
2021-04-16,417.25,417.9100036621094,415.7300109863281,417.260009765625,391.9328308105469,82037300.0
2021-04-19,416.260009765625,416.739990234375,413.7900085449219,415.2099914550781,390.0072326660156,78498500.0
2021-04-20,413.9100036621094,415.0899963378906,410.5899963378906,412.1700134277344,387.1517028808594,81851800.0
2021-04-21,411.510009765625,416.2900085449219,411.3599853515625,416.0700073242188,390.8149719238281,66793000.0
2021-04-22,415.8900146484375,416.7799987792969,411.1300048828125,412.2699890136719,387.2456359863281,97582800.0
2021-04-23,412.8699951171875,418.25,412.7900085449219,416.739990234375,391.44427490234375,73209200.0
2021-04-26,417.4400024414063,418.2200012207031,416.80999755859375,417.6099853515625,392.261474609375,52182400.0
2021-04-27,417.9299926757813,418.1400146484375,416.2999877929688,417.5199890136719,392.1769714355469,51303100.0
2021-04-28,417.80999755859375,419.010009765625,416.8999938964844,417.3999938964844,392.0642395019531,51238900.0
2021-04-29,420.3200073242188,420.7200012207031,416.4400024414063,420.05999755859375,394.5628662109375,78544300.0
2021-04-30,417.6300048828125,418.5400085449219,416.3399963378906,417.2999877929688,391.9703369140625,85527000.0
2021-05-03,419.4299926757813,419.8399963378906,417.6700134277344,418.2000122070313,392.815673828125,68128300.0
2021-05-04,416.0700073242188,416.6000061035156,411.6700134277344,415.6199951171875,390.3923034667969,101591200.0
2021-05-05,417.3800048828125,417.6300048828125,415.1499938964844,415.75,390.514404296875,60162200.0
2021-05-06,415.8299865722656,419.2099914550781,413.6799926757813,419.0700073242188,393.6329040527344,74321400.0
2021-05-07,419.8900146484375,422.8200073242188,419.1600036621094,422.1199951171875,396.4977416992188,67733800.0
2021-05-10,422.5,422.739990234375,417.80999755859375,417.9400024414063,392.5714721679688,81852400.0
2021-05-11,413.1000061035156,415.2699890136719,410.05999755859375,414.2099914550781,389.0679016113281,116888000.0
2021-05-12,411.2300109863281,412.5899963378906,404.0,405.4100036621094,380.8020629882813,134811000.0
2021-05-13,407.0700073242188,412.3500061035156,407.0199890136719,410.2799987792969,385.37640380859375,106394000.0
2021-05-14,413.2099914550781,417.489990234375,413.1799926757813,416.5799865722656,391.29400634765625,82201600.0
2021-05-17,415.3900146484375,416.3900146484375,413.3599853515625,415.5199890136719,390.2983703613281,65129200.0
2021-05-18,415.7999877929688,416.05999755859375,411.7699890136719,411.9400024414063,386.9356384277344,59810200.0
2021-05-19,406.9200134277344,411.0499877929688,405.3299865722656,410.8599853515625,385.9212951660156,106467100.0
2021-05-20,411.7999877929688,416.6300048828125,411.6700134277344,415.2799987792969,390.0728759765625,78022200.0
2021-05-21,416.8699951171875,418.2000122070313,414.4500122070313,414.9400024414063,389.7535705566406,76578700.0
2021-05-24,417.3399963378906,420.3200073242188,417.0799865722656,419.1700134277344,393.7268676757813,51376700.0
2021-05-25,420.3299865722656,420.7099914550781,417.6199951171875,418.239990234375,392.8532409667969,57451400.0
2021-05-26,418.8699951171875,419.6099853515625,417.760009765625,419.0700073242188,393.6329040527344,43088600.0
2021-05-27,420.1700134277344,420.7200012207031,418.989990234375,419.2900085449219,393.8395385742188,56707700.0
2021-05-28,420.9700012207031,421.25,419.7900085449219,420.0400085449219,394.54400634765625,58520200.0
2021-06-01,422.5700073242188,422.7200012207031,419.2000122070313,419.6700134277344,394.1964721679688,54216600.0
2021-06-02,420.3699951171875,421.2300109863281,419.2900085449219,420.3299865722656,394.81646728515625,49097100.0
2021-06-03,417.8500061035156,419.989990234375,416.2799987792969,418.7699890136719,393.3509826660156,58138800.0
2021-06-04,420.75,422.9200134277344,418.8399963378906,422.6000061035156,396.9486389160156,55938800.0
2021-06-07,422.5899963378906,422.7799987792969,421.1900024414063,422.1900024414063,396.5635070800781,51555000.0
2021-06-08,423.1099853515625,423.2099914550781,420.3200073242188,422.2799987792969,396.6480407714844,47134300.0
2021-06-09,423.1799926757813,423.260009765625,421.4100036621094,421.6499938964844,396.0562744140625,48436300.0
2021-06-10,422.9599914550781,424.6300048828125,421.5499877929688,423.6099853515625,397.8973083496094,51020100.0
2021-06-11,424.2000122070313,424.4299926757813,422.8200073242188,424.30999755859375,398.5548400878906,45570800.0
2021-06-14,424.4299926757813,425.3699951171875,423.1000061035156,425.260009765625,399.44720458984375,42358500.0
2021-06-15,425.4200134277344,425.4599914550781,423.5400085449219,424.4800109863281,398.7145690917969,51508500.0
2021-06-16,424.6300048828125,424.8699951171875,419.9200134277344,422.1099853515625,396.48828125,80386100.0
2021-06-17,421.6700134277344,423.0199890136719,419.3200073242188,421.9700012207031,396.3568115234375,90949700.0
2021-06-18,417.0899963378906,417.8299865722656,414.7000122070313,414.9200134277344,391.0098571777344,118676300.0
2021-06-21,416.7999877929688,421.05999755859375,415.9299926757813,420.8599853515625,396.6075744628906,72822000.0
2021-06-22,420.8500061035156,424.0,420.0799865722656,423.1099853515625,398.7278747558594,57700300.0
2021-06-23,423.1900024414063,424.0499877929688,422.510009765625,422.6000061035156,398.2472839355469,49445400.0
2021-06-24,424.8900146484375,425.5499877929688,424.6199951171875,425.1000061035156,400.6031799316406,45110300.0
2021-06-25,425.8999938964844,427.0899963378906,425.5499877929688,426.6099853515625,402.026123046875,58129500.0
2021-06-28,427.1700134277344,427.6499938964844,425.8900146484375,427.4700012207031,402.8366088867188,53159600.0
2021-06-29,427.8800048828125,428.55999755859375,427.1300048828125,427.7000122070313,403.0534362792969,35970500.0
2021-06-30,427.2099914550781,428.7799987792969,427.1799926757813,428.05999755859375,403.3926696777344,64827900.0
2021-07-01,428.8699951171875,430.6000061035156,428.7999877929688,430.4299926757813,405.62603759765625,53441000.0
2021-07-02,431.6700134277344,434.1000061035156,430.5199890136719,433.7200012207031,408.7264709472656,57697700.0
2021-07-06,433.7799987792969,434.010009765625,430.010009765625,432.9299926757813,407.9819946289063,68710400.0
2021-07-07,433.6600036621094,434.760009765625,431.510009765625,434.4599914550781,409.4237976074219,63549500.0
2021-07-08,428.7799987792969,431.7300109863281,427.5199890136719,430.9200134277344,406.0878601074219,97595200.0
2021-07-09,432.5299987792969,435.8399963378906,430.7099914550781,435.5199890136719,410.4227294921875,76238600.0
2021-07-12,435.4299926757813,437.3500061035156,434.9700012207031,437.0799865722656,411.892822265625,52889600.0
2021-07-13,436.239990234375,437.8399963378906,435.30999755859375,435.5899963378906,410.4887390136719,52911300.0
2021-07-14,437.3999938964844,437.9200134277344,434.9100036621094,436.239990234375,411.1011657714844,64130400.0
2021-07-15,434.80999755859375,435.5299987792969,432.7200012207031,434.75,409.6971740722656,55126400.0
2021-07-16,436.010009765625,436.05999755859375,430.9200134277344,431.3399963378906,406.4835815429688,75874700.0
2021-07-19,426.1900024414063,431.4100036621094,421.9700012207031,424.9700012207031,400.4806823730469,147987000.0
2021-07-20,425.6799926757813,432.4200134277344,424.8299865722656,431.05999755859375,406.2197265625,99608200.0
2021-07-21,432.3399963378906,434.7000122070313,431.010009765625,434.5499877929688,409.5086059570313,64724400.0
2021-07-22,434.739990234375,435.7200012207031,433.6900024414063,435.4599914550781,410.3661804199219,47878500.0
2021-07-23,437.5199890136719,440.2999877929688,436.7900085449219,439.9400024414063,414.5880432128906,63766600.0
2021-07-26,439.30999755859375,441.0299987792969,439.260009765625,441.0199890136719,415.6058044433594,43719200.0
2021-07-27,439.9100036621094,439.9400024414063,435.989990234375,439.010009765625,413.711669921875,67397100.0
2021-07-28,439.6799926757813,440.2999877929688,437.30999755859375,438.8299865722656,413.5419616699219,52472400.0
2021-07-29,439.8200073242188,441.7999877929688,439.80999755859375,440.6499938964844,415.2571105957031,47435300.0
2021-07-30,437.9100036621094,440.05999755859375,437.7699890136719,438.510009765625,413.240478515625,68951200.0
2021-08-02,440.3399963378906,440.9299926757813,437.2099914550781,437.5899963378906,412.3734436035156,58783300.0
2021-08-03,438.4400024414063,441.2799987792969,436.1000061035156,441.1499938964844,415.728271484375,58053900.0
2021-08-04,439.7799987792969,441.1199951171875,438.7300109863281,438.9800109863281,413.6833190917969,46732200.0
2021-08-05,440.2200012207031,441.8500061035156,439.8800048828125,441.760009765625,416.3031921386719,38969700.0
2021-08-06,442.1000061035156,442.9400024414063,441.7999877929688,442.489990234375,416.9910278320313,46930000.0
2021-08-09,442.4599914550781,442.7999877929688,441.30999755859375,442.1300048828125,416.65179443359375,41222600.0
2021-08-10,442.6099853515625,443.4400024414063,441.8800048828125,442.6799926757813,417.170166015625,43339300.0
2021-08-11,443.8200073242188,443.8800048828125,442.6199951171875,443.7799987792969,418.2067565917969,44034300.0
2021-08-12,443.6199951171875,445.260009765625,442.6600036621094,445.1099853515625,419.4601440429688,38909400.0
2021-08-13,445.5899963378906,445.9400024414063,445.0700073242188,445.9200134277344,420.2234191894531,39470300.0
2021-08-16,444.5299987792969,447.1099853515625,442.8699951171875,446.9700012207031,421.2129821777344,73740000.0
2021-08-17,444.239990234375,444.9599914550781,440.8500061035156,444.0400085449219,418.4517517089844,92673900.0
2021-08-18,442.9599914550781,444.6300048828125,438.9200134277344,439.1799926757813,413.8717956542969,89351900.0
2021-08-19,436.2699890136719,441.1400146484375,436.1199951171875,439.8599853515625,414.5126037597656,92812200.0
2021-08-20,440.2300109863281,443.7099914550781,439.7099914550781,443.3599853515625,417.81097412109375,72008700.0
2021-08-23,445.1600036621094,448.2300109863281,443.4400024414063,447.260009765625,421.4861755371094,54973000.0
2021-08-24,447.9700012207031,448.5400085449219,447.4200134277344,447.9700012207031,422.1553039550781,38744700.0
2021-08-25,448.1700134277344,449.4599914550781,447.7699890136719,448.9100036621094,423.0411682128906,40529700.0
2021-08-26,448.6099853515625,448.8599853515625,446.1600036621094,446.260009765625,420.5438232421875,57829600.0
2021-08-27,447.1199951171875,450.6499938964844,447.05999755859375,450.25,424.3038940429688,77235100.0
2021-08-30,450.9700012207031,453.0700073242188,450.7099914550781,452.2300109863281,426.16986083984375,48357400.0
2021-08-31,452.1300048828125,452.489990234375,450.9200134277344,451.55999755859375,425.5384826660156,59300200.0
2021-09-01,452.55999755859375,453.1099853515625,451.5499877929688,451.7999877929688,425.7645568847656,48721400.0
2021-09-02,453.3200073242188,454.0499877929688,451.9100036621094,453.1900024414063,427.0744934082031,42501000.0
2021-09-03,451.9800109863281,453.6300048828125,451.5499877929688,453.0799865722656,426.9708251953125,47170500.0
2021-09-07,452.7099914550781,452.80999755859375,450.739990234375,451.4599914550781,425.4441528320313,51671500.0
2021-09-08,450.8900146484375,451.6700134277344,448.8599853515625,450.9100036621094,424.9258728027344,56181900.0
2021-09-09,450.7000122070313,452.5700073242188,448.7200012207031,448.9800109863281,423.1071166992188,57970400.0
2021-09-10,451.0400085449219,451.489990234375,445.30999755859375,445.4400024414063,419.7710876464844,89948200.0
2021-09-13,448.6400146484375,448.9200134277344,444.1099853515625,446.5799865722656,420.8453674316406,83738600.0
2021-09-14,448.1199951171875,448.3399963378906,443.2200012207031,444.1700134277344,418.57427978515625,78197100.0
2021-09-15,444.6199951171875,448.4100036621094,443.4400024414063,447.8800048828125,422.0705261230469,78792200.0
2021-09-16,447.3200073242188,448.3599853515625,444.0199890136719,447.1700134277344,421.4014587402344,77786700.0
2021-09-17,444.9200134277344,445.3699951171875,441.0199890136719,441.3999938964844,417.2965087890625,118425000.0
2021-09-20,434.8800048828125,436.55999755859375,428.8599853515625,434.0400085449219,410.3384094238281,166445500.0
2021-09-21,436.5299987792969,437.9100036621094,433.0700073242188,433.6300048828125,409.9508361816406,92526100.0
2021-09-22,436.0499877929688,440.0299987792969,433.75,437.8599853515625,413.9498291015625,102350100.0
2021-09-23,439.8500061035156,444.8900146484375,439.6000061035156,443.1799926757813,418.9793090820313,76396000.0
2021-09-24,441.4400024414063,444.6700134277344,441.2099914550781,443.9100036621094,419.6694641113281,62094800.0
2021-09-27,442.80999755859375,444.0499877929688,441.8999938964844,442.6400146484375,418.4688415527344,61371100.0
2021-09-28,439.6900024414063,440.0400085449219,432.9400024414063,433.7200012207031,410.0359191894531,130436300.0
2021-09-29,435.1900024414063,437.0400085449219,433.8500061035156,434.4500122070313,410.7260437011719,82329200.0
2021-09-30,436.0199890136719,436.7699890136719,428.7799987792969,429.1400146484375,405.7059020996094,140506000.0
2021-10-01,430.9800109863281,436.0299987792969,427.2300109863281,434.239990234375,410.5274963378906,129240100.0
2021-10-04,433.0,433.9599914550781,426.3599853515625,428.6400146484375,405.2333068847656,128570000.0
2021-10-05,430.239990234375,435.489990234375,429.3900146484375,433.1000061035156,409.4497680664063,90682500.0
2021-10-06,429.2699890136719,435.1199951171875,427.5400085449219,434.8999938964844,411.1514587402344,113032200.0
2021-10-07,438.3900146484375,441.6799926757813,438.2000122070313,438.6600036621094,414.7061462402344,72437500.0
2021-10-08,439.4800109863281,439.8900146484375,437.1900024414063,437.8599853515625,413.9498291015625,74557400.0
2021-10-11,437.1600036621094,440.260009765625,434.6199951171875,434.6900024414063,410.9529724121094,65233300.0
2021-10-12,435.6700134277344,436.1000061035156,432.7799987792969,433.6199951171875,409.94140625,71181200.0
2021-10-13,434.7099914550781,436.0499877929688,431.5400085449219,435.1799926757813,411.4161682128906,72974000.0
2021-10-14,439.0799865722656,442.6600036621094,438.5799865722656,442.5,418.3364562988281,70236800.0
2021-10-15,444.75,446.260009765625,444.0899963378906,445.8699951171875,421.5223693847656,66260200.0
2021-10-18,443.9700012207031,447.5499877929688,443.2699890136719,447.1900024414063,422.7703552246094,62213200.0
2021-10-19,448.9200134277344,450.7099914550781,448.2699890136719,450.6400146484375,426.0319519042969,46996800.0
2021-10-20,451.1300048828125,452.7300109863281,451.010009765625,452.4100036621094,427.7052612304688,49571600.0
2021-10-21,451.7699890136719,453.8299865722656,451.30999755859375,453.5899963378906,428.8208618164063,41305400.0
2021-10-22,453.1300048828125,454.6700134277344,451.0499877929688,453.1199951171875,428.3765258789063,58845100.0
2021-10-25,454.2799987792969,455.8999938964844,452.3900146484375,455.5499877929688,430.6737976074219,45214500.0
2021-10-26,457.2000122070313,458.489990234375,455.55999755859375,455.9599914550781,431.0614318847656,56075100.0
2021-10-27,456.4500122070313,457.1600036621094,453.8599853515625,453.9400024414063,429.15179443359375,72438000.0
2021-10-28,455.4599914550781,458.3999938964844,455.4500122070313,458.3200073242188,433.2926330566406,51437900.0
2021-10-29,455.8699951171875,459.55999755859375,455.55999755859375,459.25,434.1717224121094,70162400.0
2021-11-01,460.2999877929688,460.7000122070313,458.2000122070313,460.0400085449219,434.9186096191406,48433600.0
2021-11-02,460.2200012207031,462.2300109863281,460.0799865722656,461.8999938964844,436.6770629882813,48908400.0
2021-11-03,461.2999877929688,465.1499938964844,460.8299865722656,464.7200012207031,439.3431091308594,52509800.0
2021-11-04,465.3599853515625,467.0,464.989990234375,466.9100036621094,441.4134521484375,52847100.0
2021-11-05,469.2799987792969,470.6499938964844,466.9200134277344,468.5299987792969,442.945068359375,66390600.0
2021-11-08,469.7000122070313,470.2300109863281,468.2000122070313,468.9299926757813,443.3232421875,50405200.0
2021-11-09,469.3200073242188,469.5700073242188,465.8800048828125,467.3800048828125,441.8578186035156,51149100.0
2021-11-10,465.5799865722656,467.3800048828125,462.0400085449219,463.6199951171875,438.30316162109375,69429700.0
2021-11-11,465.2099914550781,465.2900085449219,463.75,463.7699890136719,438.4449768066406,34848500.0
2021-11-12,465.1199951171875,467.8599853515625,464.1099853515625,467.2699890136719,441.7538146972656,53466700.0
2021-11-15,468.6400146484375,468.80999755859375,466.2300109863281,467.4299926757813,441.9051513671875,46980500.0
2021-11-16,467.1499938964844,470.489990234375,467.0700073242188,469.2799987792969,443.654052734375,48857500.0
2021-11-17,469.0,469.1900024414063,467.4800109863281,468.1400146484375,442.5763549804688,47858300.0
2021-11-18,469.239990234375,470.010009765625,466.3399963378906,469.7300109863281,444.07952880859375,50625600.0
2021-11-19,469.6099853515625,470.9400024414063,468.5,468.8900146484375,443.2853698730469,57315600.0
2021-11-22,470.8900146484375,473.5400085449219,467.3500061035156,467.5700073242188,442.0374755859375,72762000.0
2021-11-23,467.2200012207031,469.1000061035156,464.4500122070313,468.1900024414063,442.6235961914063,73206500.0
2021-11-24,466.05999755859375,469.5700073242188,465.1900024414063,469.4400024414063,443.8053588867188,61858800.0
2021-11-26,462.3399963378906,463.8999938964844,457.7699890136719,458.9700012207031,433.9070434570313,112669600.0
2021-11-29,464.0700073242188,466.55999755859375,461.7300109863281,464.6000061035156,439.2296142578125,86268800.0
2021-11-30,462.0,464.0299987792969,455.2999877929688,455.55999755859375,430.6833190917969,148559600.0
2021-12-01,461.6400146484375,464.6700134277344,450.2900085449219,450.5,425.8995971679688,131939200.0
2021-12-02,450.7300109863281,459.0700073242188,450.30999755859375,457.3999938964844,432.4227600097656,127637800.0
2021-12-03,459.1700134277344,460.2999877929688,448.9200134277344,453.4200134277344,428.66009521484375,137331600.0
2021-12-06,456.1300048828125,460.7900085449219,453.55999755859375,458.7900085449219,433.7369079589844,98977500.0
2021-12-07,464.4100036621094,468.8800048828125,458.6499938964844,468.2799987792969,442.708740234375,95484700.0
2021-12-08,468.7000122070313,470.0,466.8299865722656,469.5199890136719,443.8809509277344,72238800.0
2021-12-09,468.1499938964844,469.6300048828125,466.1400146484375,466.3500061035156,440.8840942382813,61272600.0
2021-12-10,469.2300109863281,470.8999938964844,466.510009765625,470.739990234375,445.0343322753906,77159800.0
2021-12-13,470.1900024414063,470.55999755859375,466.2699890136719,466.5700073242188,441.092041015625,87724700.0
2021-12-14,463.0899963378906,465.739990234375,460.25,463.3599853515625,438.0573425292969,97264100.0
2021-12-15,463.4200134277344,470.8599853515625,460.739990234375,470.6000061035156,444.9020385742188,116899300.0
2021-12-16,472.5700073242188,472.8699951171875,464.7999877929688,466.4500122070313,440.9786682128906,116568600.0
2021-12-17,461.5499877929688,464.739990234375,458.05999755859375,459.8699951171875,436.2853088378906,135511600.0
2021-12-20,454.4800109863281,455.3999938964844,451.1400146484375,454.9800109863281,431.6461486816406,107134800.0
2021-12-21,458.6099853515625,463.2099914550781,456.30999755859375,463.05999755859375,439.3116760253906,69806300.0
2021-12-22,462.7900085449219,467.80999755859375,462.5799865722656,467.6900024414063,443.7043151855469,58890200.0
2021-12-23,468.75,472.1900024414063,468.6400146484375,470.6000061035156,446.4650268554688,56439700.0
2021-12-27,472.05999755859375,477.30999755859375,472.010009765625,477.260009765625,452.7835083007813,56808600.0
2021-12-28,477.7200012207031,478.80999755859375,476.05999755859375,476.8699951171875,452.4134521484375,47274600.0
2021-12-29,476.9800109863281,478.55999755859375,475.9200134277344,477.4800109863281,452.9922790527344,54503000.0
2021-12-30,477.9299926757813,479.0,475.6700134277344,476.1600036621094,451.7399291992188,55329000.0
2021-12-31,475.6400146484375,476.8599853515625,474.6700134277344,474.9599914550781,450.6014404296875,65237400.0
2022-01-03,476.2999877929688,477.8500061035156,473.8500061035156,477.7099914550781,453.21038818359375,72668200.0
2022-01-04,479.2200012207031,479.9800109863281,475.5799865722656,477.5499877929688,453.05859375,71178700.0
2022-01-05,477.1600036621094,477.9800109863281,468.2799987792969,468.3800048828125,444.3589172363281,104538900.0
2022-01-06,467.8900146484375,470.8200073242188,465.4299926757813,467.9400024414063,443.9414978027344,86858900.0
2022-01-07,467.9500122070313,469.2000122070313,464.6499938964844,466.0899963378906,442.1863098144531,85111600.0
2022-01-10,462.7000122070313,465.739990234375,456.6000061035156,465.510009765625,441.6360778808594,119362000.0
2022-01-11,465.2300109863281,469.8500061035156,462.0499877929688,469.75,445.6586608886719,74303100.0
2022-01-12,471.5899963378906,473.2000122070313,468.9400024414063,471.0199890136719,446.8634948730469,67605400.0
2022-01-13,472.1900024414063,472.8800048828125,463.4400024414063,464.5299987792969,440.7063293457031,91173100.0
2022-01-14,461.1900024414063,465.0899963378906,459.8999938964844,464.7200012207031,440.8866271972656,95890900.0
2022-01-18,459.739990234375,459.9599914550781,455.30999755859375,456.489990234375,433.0787048339844,109709100.0
2022-01-19,458.1300048828125,459.6099853515625,451.4599914550781,451.75,428.581787109375,109357600.0
2022-01-20,453.75,458.739990234375,444.5,446.75,423.8382263183594,122379700.0
2022-01-21,445.55999755859375,448.05999755859375,437.9500122070313,437.9800109863281,415.51800537109375,202271200.0
2022-01-24,432.0299987792969,440.3800048828125,420.760009765625,439.8399963378906,417.2825927734375,251783900.0
2022-01-25,433.05999755859375,439.7200012207031,427.1499938964844,434.4700012207031,412.1880187988281,167997300.0
2022-01-26,440.7200012207031,444.0400085449219,428.8599853515625,433.3800048828125,411.1538696289063,186391100.0
2022-01-27,438.260009765625,441.5899963378906,429.4500122070313,431.239990234375,409.1237182617188,149878300.0
2022-01-28,432.6799926757813,442.0,427.8200073242188,441.9500122070313,419.2843627929688,164457400.0
2022-01-31,441.239990234375,450.2799987792969,439.80999755859375,449.9100036621094,426.8360900878906,152251400.0
2022-02-01,450.6799926757813,453.6300048828125,446.9400024414063,452.9500122070313,429.72021484375,123155400.0
2022-02-02,455.5,458.1199951171875,453.0499877929688,457.3500061035156,433.89459228515625,117361000.0
2022-02-03,450.9500122070313,452.9700012207031,445.7099914550781,446.6000061035156,423.6959228515625,118024400.0
2022-02-04,446.3500061035156,452.7799987792969,443.8299865722656,448.7000122070313,425.6882629394531,118454400.0
2022-02-07,449.510009765625,450.989990234375,445.8500061035156,447.260009765625,424.3219909667969,84472900.0
2022-02-08,446.7300109863281,451.9200134277344,445.2200012207031,450.9400024414063,427.8133239746094,81012000.0
2022-02-09,455.2200012207031,457.8800048828125,455.010009765625,457.5400085449219,434.0748291015625,92589900.0
2022-02-10,451.3399963378906,457.7099914550781,447.2000122070313,449.3200073242188,426.2763366699219,140103700.0
2022-02-11,449.4100036621094,451.6099853515625,438.9400024414063,440.4599914550781,417.8707885742188,153214600.0
2022-02-14,439.9200134277344,441.6000061035156,435.3399963378906,439.0199890136719,416.5046081542969,123006300.0
2022-02-15,443.7300109863281,446.2799987792969,443.1799926757813,446.1000061035156,423.221435546875,88482700.0
2022-02-16,443.9299926757813,448.05999755859375,441.9400024414063,446.6000061035156,423.6959228515625,84863600.0
2022-02-17,443.2200012207031,446.5700073242188,436.4200134277344,437.05999755859375,414.6451721191406,102259100.0
2022-02-18,437.3299865722656,438.6600036621094,431.8200073242188,434.2300109863281,411.9603271484375,132642900.0
2022-02-22,431.8900146484375,435.5,425.8599853515625,429.5700073242188,407.539306640625,124391800.0
2022-02-23,432.6600036621094,433.260009765625,421.3500061035156,421.9500122070313,400.3100891113281,132578000.0
2022-02-24,411.0199890136719,428.760009765625,410.6400146484375,428.2999877929688,406.33447265625,213942900.0
2022-02-25,429.6099853515625,437.8399963378906,427.8599853515625,437.75,415.2997741699219,121804500.0
2022-02-28,432.0299987792969,438.2000122070313,430.7000122070313,436.6300048828125,414.2371826171875,145615000.0
2022-03-01,435.0400085449219,437.1700134277344,427.1099853515625,429.9800109863281,407.9282836914063,137785900.0
2022-03-02,432.3699951171875,439.7200012207031,431.5700073242188,437.8900146484375,415.4325866699219,117726500.0
2022-03-03,440.4700012207031,441.1099853515625,433.7999877929688,435.7099914550781,413.3644104003906,105501700.0
2022-03-04,431.75,433.3699951171875,427.8800048828125,432.1700134277344,410.0059509277344,113978200.0
2022-03-07,431.5499877929688,432.2999877929688,419.3599853515625,419.4299926757813,397.9193115234375,137896600.0
2022-03-08,419.6199951171875,427.2099914550781,415.1199951171875,416.25,394.9024353027344,164772700.0
2022-03-09,425.1400146484375,429.510009765625,422.8200073242188,427.4100036621094,405.4900207519531,116990800.0
2022-03-10,422.5199890136719,426.4299926757813,420.4400024414063,425.4800109863281,403.6590881347656,93972700.0
2022-03-11,428.1199951171875,428.7699890136719,419.5299987792969,420.0700073242188,398.5264587402344,95636300.0
2022-03-14,420.8900146484375,424.5499877929688,415.7900085449219,417.0,395.6139221191406,95729200.0
2022-03-15,419.7699890136719,426.8399963378906,418.4200134277344,426.1700134277344,404.3136596679688,106219100.0
2022-03-16,429.8900146484375,435.6799926757813,424.7999877929688,435.6199951171875,413.2790222167969,144954800.0
2022-03-17,433.5899963378906,441.0700073242188,433.1900024414063,441.0700073242188,418.4495239257813,102676900.0
2022-03-18,438.0,444.8599853515625,437.2200012207031,444.5199890136719,423.0327453613281,106345500.0
2022-03-21,444.3399963378906,446.4599914550781,440.6799926757813,444.3900146484375,422.9090270996094,88349800.0
2022-03-22,445.8599853515625,450.5799865722656,445.8599853515625,449.5899963378906,427.8575744628906,74650400.0
2022-03-23,446.9100036621094,448.489990234375,443.7099914550781,443.7999877929688,422.3475646972656,79426100.0
2022-03-24,445.9400024414063,450.5,444.760009765625,450.489990234375,428.7140808105469,64736900.0
2022-03-25,451.1600036621094,452.9800109863281,448.4299926757813,452.6900024414063,430.8078308105469,77101300.0
2022-03-28,452.05999755859375,455.9100036621094,450.05999755859375,455.9100036621094,433.87213134765625,68529800.0
2022-03-29,460.0199890136719,462.0700073242188,457.1799926757813,461.5499877929688,439.239501953125,86581500.0
2022-03-30,460.3399963378906,461.2000122070313,456.4700012207031,458.7000122070313,436.5273132324219,79666900.0
2022-03-31,457.8900146484375,458.760009765625,451.1600036621094,451.6400146484375,429.8085632324219,121699900.0
2022-04-01,453.30999755859375,453.4599914550781,449.1400146484375,452.9200134277344,431.0266723632813,89048800.0
2022-04-04,453.1300048828125,456.9100036621094,452.260009765625,456.7999877929688,434.7190856933594,59601000.0
2022-04-05,455.2200012207031,457.8299865722656,449.8200073242188,451.0299987792969,429.22802734375,74214500.0
2022-04-06,446.8900146484375,448.9299926757813,443.4700012207031,446.5199890136719,424.9360046386719,106898000.0
2022-04-07,445.5899963378906,450.6900024414063,443.5299987792969,448.7699890136719,427.0773010253906,78097200.0
2022-04-08,447.9700012207031,450.6300048828125,445.9400024414063,447.5700073242188,425.9352722167969,79272700.0
2022-04-11,444.1099853515625,445.0,439.3900146484375,439.9200134277344,418.6551208496094,89770500.0
2022-04-12,443.0799865722656,445.75,436.6499938964844,438.2900085449219,417.1038513183594,84363600.0
2022-04-13,438.0299987792969,444.1099853515625,437.8399963378906,443.30999755859375,421.8811950683594,74070400.0
2022-04-14,443.5499877929688,444.7300109863281,437.6799926757813,437.7900085449219,416.6280212402344,97869500.0
2022-04-18,436.80999755859375,439.75,435.6099853515625,437.9700012207031,416.7992858886719,66002500.0
2022-04-19,437.8599853515625,445.7999877929688,437.6799926757813,445.0400085449219,423.527587890625,77821000.0
2022-04-20,446.9200134277344,447.5700073242188,443.4800109863281,444.7099914550781,423.2134399414063,65224400.0
2022-04-21,448.5400085449219,450.010009765625,437.1000061035156,438.05999755859375,416.8849182128906,85417300.0
2022-04-22,436.9100036621094,438.0799865722656,425.4400024414063,426.0400085449219,405.4460144042969,132471800.0
2022-04-25,423.6700134277344,428.6900024414063,418.8399963378906,428.510009765625,407.796630859375,119647700.0
2022-04-26,425.8299865722656,426.0400085449219,416.0700073242188,416.1000061035156,395.9864807128906,103996300.0
2022-04-27,417.239990234375,422.9200134277344,415.010009765625,417.2699890136719,397.0999145507813,122030000.0
2022-04-28,422.2900085449219,429.6400146484375,417.6000061035156,427.80999755859375,407.1304016113281,105449100.0
2022-04-29,423.5899963378906,425.8699951171875,411.2099914550781,412.0,392.084716796875,145491100.0
2022-05-02,412.0700073242188,415.9200134277344,405.0199890136719,414.4800109863281,394.44476318359375,158312500.0
2022-05-03,415.010009765625,418.9299926757813,413.3599853515625,416.3800048828125,396.2528991699219,100028200.0
2022-05-04,417.0799865722656,429.6600036621094,413.7099914550781,429.05999755859375,408.3199768066406,144247900.0
2022-05-05,424.5499877929688,425.0,409.4400024414063,413.80999755859375,393.8071899414063,172929100.0
2022-05-06,411.1000061035156,414.7999877929688,405.7300109863281,411.3399963378906,391.4565734863281,151770800.0
2022-05-09,405.1000061035156,406.4100036621094,396.5,398.1700134277344,378.9231567382813,155586100.0
2022-05-10,404.489990234375,406.0799865722656,394.8200073242188,399.0899963378906,379.7987060546875,132497200.0
2022-05-11,398.0700073242188,404.0400085449219,391.9599914550781,392.75,373.7651977539063,142361000.0
2022-05-12,389.3699951171875,395.7999877929688,385.1499938964844,392.3399963378906,373.375,125090800.0
2022-05-13,396.7099914550781,403.1799926757813,395.6099853515625,401.7200012207031,382.3015441894531,104174400.0
2022-05-16,399.9800109863281,403.9700012207031,397.6000061035156,400.0899963378906,380.7503662109375,78622400.0
2022-05-17,406.5299987792969,408.5700073242188,402.5799865722656,408.3200073242188,388.5825805664063,83029700.0
2022-05-18,403.5,403.7999877929688,390.5499877929688,391.8599853515625,372.9181823730469,117674500.0
2022-05-19,388.6199951171875,394.1400146484375,387.1099853515625,389.4599914550781,370.63421630859375,98510700.0
2022-05-20,393.25,397.0299987792969,380.5400085449219,389.6300048828125,370.7959899902344,131432200.0
2022-05-23,392.8299865722656,397.7300109863281,390.3800048828125,396.9200134277344,377.7336730957031,76414900.0
2022-05-24,392.55999755859375,395.1499938964844,386.9599914550781,393.8900146484375,374.8500671386719,91448800.0
2022-05-25,392.30999755859375,399.4500122070313,391.8900146484375,397.3699951171875,378.1618347167969,91472900.0
2022-05-26,398.6700134277344,407.0400085449219,398.4500122070313,405.30999755859375,385.7179870605469,82168300.0
2022-05-27,407.9100036621094,415.3800048828125,407.7000122070313,415.260009765625,395.1870422363281,84768700.0
2022-05-31,413.5499877929688,416.4599914550781,410.0299987792969,412.9299926757813,392.9696960449219,95937000.0
2022-06-01,415.1700134277344,416.239990234375,406.9299926757813,409.5899963378906,389.7911376953125,86585800.0
2022-06-02,409.4200134277344,417.4400024414063,407.0400085449219,417.3900146484375,397.2141418457031,79609600.0
2022-06-03,412.3999938964844,414.0400085449219,409.510009765625,410.5400085449219,390.6951904296875,71874300.0
2022-06-06,414.7799987792969,416.6099853515625,410.5499877929688,411.7900085449219,391.88482666015625,57508900.0
2022-06-07,408.1000061035156,416.2200012207031,407.6099853515625,415.739990234375,395.6438598632813,59272400.0
2022-06-08,413.9299926757813,415.8200073242188,410.3800048828125,411.2200012207031,391.3423767089844,64350000.0
2022-06-09,409.3399963378906,411.739990234375,401.4400024414063,401.4400024414063,382.0351257324219,86289800.0
2022-06-10,394.8800048828125,395.7799987792969,389.75,389.7999877929688,370.957763671875,132893900.0
2022-06-13,379.8500061035156,381.80999755859375,373.2999877929688,375.0,356.8731689453125,170004900.0
2022-06-14,376.8500061035156,377.9400024414063,370.5899963378906,373.8699951171875,355.7977600097656,104011800.0
2022-06-15,377.3599853515625,383.8999938964844,372.1199951171875,379.2000122070313,360.87017822265625,125666800.0
2022-06-16,370.510009765625,370.9400024414063,364.0799865722656,366.6499938964844,348.92681884765625,134473300.0
2022-06-17,365.510009765625,369.3800048828125,362.1700134277344,365.8599853515625,349.678955078125,111113900.0
2022-06-21,371.8900146484375,376.5299987792969,371.80999755859375,375.0700073242188,358.48162841796875,76811900.0
2022-06-22,370.6199951171875,378.7200012207031,370.1799926757813,374.3900146484375,357.831787109375,90059400.0
2022-06-23,376.6400146484375,378.8299865722656,372.8900146484375,378.05999755859375,361.33935546875,79292100.0
2022-06-24,381.3999938964844,390.0899963378906,381.3699951171875,390.0799865722656,372.8278198242188,98050300.0
2022-06-27,391.0499877929688,391.3599853515625,387.4400024414063,388.5899963378906,371.4037170410156,66009600.0
2022-06-28,390.2300109863281,393.1600036621094,380.5299987792969,380.6499938964844,363.81488037109375,86548900.0
2022-06-29,381.2300109863281,382.2699890136719,378.4200134277344,380.3399963378906,363.51861572265625,65676000.0
2022-06-30,376.239990234375,380.6600036621094,372.55999755859375,377.25,360.5652770996094,112508300.0
2022-07-01,376.55999755859375,381.7000122070313,373.7999877929688,381.239990234375,364.3787536621094,74839700.0
2022-07-05,375.8800048828125,381.9800109863281,372.8999938964844,381.9599914550781,365.0669250488281,81438000.0
2022-07-06,382.1099853515625,385.8699951171875,379.6000061035156,383.25,366.2998352050781,70426200.0
2022-07-07,385.1199951171875,389.8299865722656,383.2699890136719,388.989990234375,371.7860107421875,64525900.0
2022-07-08,387.2699890136719,390.6400146484375,385.6600036621094,388.6700134277344,371.4801940917969,72397800.0
2022-07-11,385.8500061035156,386.8699951171875,383.5,384.2300109863281,367.236572265625,58366900.0
2022-07-12,383.6499938964844,386.1600036621094,378.989990234375,380.8299865722656,363.9868469238281,62219200.0
2022-07-13,375.1000061035156,381.9200134277344,374.6600036621094,378.8299865722656,362.0753784179688,84224600.0
2022-07-14,373.6099853515625,379.0499877929688,371.0400085449219,377.9100036621094,361.1961059570313,89704800.0
2022-07-15,382.5499877929688,385.25,380.5400085449219,385.1300048828125,368.09674072265625,79060400.0
2022-07-18,388.3800048828125,389.0899963378906,380.6600036621094,381.9500122070313,365.0573425292969,63203600.0
2022-07-19,386.0799865722656,392.8699951171875,385.3900146484375,392.2699890136719,374.9209289550781,78506000.0
2022-07-20,392.4700012207031,396.260009765625,391.0299987792969,394.7699890136719,377.3103332519531,71843800.0
2022-07-21,394.1600036621094,398.8399963378906,391.6300048828125,398.7900085449219,381.1526184082031,64903900.0
2022-07-22,398.9200134277344,400.1799926757813,392.75,395.0899963378906,377.6162414550781,72197300.0
2022-07-25,395.75,396.4700012207031,393.2099914550781,395.5700073242188,378.0749816894531,53631500.0
2022-07-26,393.8399963378906,394.05999755859375,389.9500122070313,390.8900146484375,373.60198974609375,52946400.0
2022-07-27,394.3599853515625,402.8800048828125,394.0499877929688,401.0400085449219,383.3030700683594,82342100.0
2022-07-28,401.8900146484375,406.7999877929688,398.1499938964844,406.0700073242188,388.1106262207031,73966600.0
2022-07-29,407.5799865722656,413.0299987792969,406.7699890136719,411.989990234375,393.7687683105469,87003700.0
2022-08-01,409.1499938964844,413.4100036621094,408.3999938964844,410.7699890136719,392.602783203125,69997500.0
2022-08-02,409.1199951171875,413.0,406.8200073242188,408.05999755859375,390.01263427734375,63435400.0
2022-08-03,410.2999877929688,415.6799926757813,410.0,414.4500122070313,396.1199951171875,67820600.0
2022-08-04,414.3699951171875,415.0899963378906,412.4400024414063,414.1700134277344,395.8523864746094,45656600.0
2022-08-05,409.6600036621094,414.1499938964844,409.6000061035156,413.4700012207031,395.1833190917969,56814900.0
2022-08-08,415.25,417.6199951171875,411.8299865722656,412.989990234375,394.724609375,53886100.0
2022-08-09,412.2200012207031,412.75,410.2200012207031,411.3500061035156,393.1571350097656,44931800.0
2022-08-10,418.7799987792969,420.1400146484375,416.7200012207031,419.989990234375,401.4148864746094,68665700.0
2022-08-11,422.989990234375,424.9500122070313,419.2099914550781,419.989990234375,401.4148864746094,59489700.0
2022-08-12,422.0299987792969,427.2099914550781,421.0299987792969,427.1000061035156,408.2104797363281,61694500.0
2022-08-15,424.7699890136719,429.4100036621094,424.7099914550781,428.8599853515625,409.89263916015625,54048300.0
2022-08-16,427.7300109863281,431.7300109863281,426.8800048828125,429.7000122070313,410.6954650878906,59289000.0
2022-08-17,425.9100036621094,429.5,424.5400085449219,426.6499938964844,407.78033447265625,63563400.0
2022-08-18,426.8599853515625,428.6099853515625,425.5,427.8900146484375,408.9655456542969,49023200.0
2022-08-19,424.9800109863281,425.260009765625,421.2200012207031,422.1400146484375,403.4699096679688,68016900.0
2022-08-22,417.0499877929688,417.2300109863281,412.3999938964844,413.3500061035156,395.0686645507813,77695600.0
2022-08-23,412.8999938964844,415.4200134277344,411.7699890136719,412.3500061035156,394.1128234863281,49105200.0
2022-08-24,412.1099853515625,415.1099853515625,411.3900146484375,413.6700134277344,395.37451171875,49177800.0
2022-08-25,415.239990234375,419.55999755859375,414.0899963378906,419.510009765625,400.9562072753906,50942300.0
2022-08-26,419.3900146484375,419.9599914550781,405.25,405.30999755859375,387.38421630859375,103087000.0
2022-08-29,402.2000122070313,405.8399963378906,401.2000122070313,402.6300048828125,384.8227844238281,65370800.0
2022-08-30,403.8500061035156,404.1000061035156,396.0,398.2099914550781,380.5982666015625,85652400.0
2022-08-31,399.9299926757813,401.239990234375,395.0400085449219,395.1799926757813,377.7022705078125,76029700.0
2022-09-01,392.8900146484375,396.7799987792969,390.0400085449219,396.4200134277344,378.887451171875,78740100.0
2022-09-02,400.2799987792969,401.55999755859375,390.3299865722656,392.239990234375,374.8922729492188,99632100.0
2022-09-06,393.1300048828125,394.1199951171875,388.4200134277344,390.760009765625,373.477783203125,76637400.0
2022-09-07,390.4299926757813,398.5899963378906,390.2000122070313,397.7799987792969,380.1872863769531,70964200.0
2022-09-08,395.3900146484375,400.8599853515625,394.1199951171875,400.3800048828125,382.67236328125,80821700.0
2022-09-09,402.739990234375,407.510009765625,402.4599914550781,406.6000061035156,388.6172180175781,76706900.0
2022-09-12,408.7799987792969,411.7300109863281,408.4599914550781,410.9700012207031,392.7939147949219,69256300.0
2022-09-13,401.8299865722656,403.1000061035156,391.9200134277344,393.1000061035156,375.7142333984375,122947100.0
2022-09-14,394.4700012207031,396.2000122070313,391.1199951171875,394.6000061035156,377.1479187011719,85023700.0
2022-09-15,392.9599914550781,395.9599914550781,388.7799987792969,390.1199951171875,372.8660278320313,87633800.0
2022-09-16,384.1400146484375,386.25,382.1099853515625,385.55999755859375,370.0215148925781,103084800.0
2022-09-19,382.260009765625,388.5499877929688,382.1799926757813,388.5499877929688,372.8909606933594,73278500.0
2022-09-20,385.05999755859375,386.1199951171875,381.2000122070313,384.0899963378906,368.6107177734375,77274900.0
2022-09-21,386.1099853515625,389.30999755859375,377.3800048828125,377.3900146484375,362.18072509765625,106746600.0
2022-09-22,376.5799865722656,378.2999877929688,373.4400024414063,374.2200012207031,359.1385192871094,89472600.0
2022-09-23,370.5799865722656,370.6199951171875,363.2900085449219,367.9500122070313,353.1212463378906,122346900.0
2022-09-26,366.4100036621094,370.2099914550781,363.0299987792969,364.30999755859375,349.6278686523437,92581200.0
2022-09-27,368.0199890136719,370.3999938964844,360.8699951171875,363.3800048828125,348.7353515625,108294100.0
2022-09-28,364.3800048828125,372.2999877929688,362.6000061035156,370.5299987792969,355.59716796875,110802200.0
2022-09-29,366.80999755859375,367.1099853515625,359.70001220703125,362.7900085449219,348.16912841796875,112952300.0
2022-09-30,361.7999877929688,365.9100036621094,357.0400085449219,357.17999267578125,342.78521728515625,153711200.0
2022-10-03,361.0799865722656,368.5499877929688,359.2099914550781,366.6099853515625,351.83514404296875,89756500.0
2022-10-04,372.3999938964844,378.0,366.5700073242188,377.9700012207031,362.73736572265625,103602800.0
2022-10-05,373.3900146484375,379.4599914550781,370.9500122070313,377.0899963378906,361.8928527832031,88065700.0
2022-10-06,375.6199951171875,378.7200012207031,372.6799926757813,373.2000122070313,358.1596374511719,82333500.0
2022-10-07,368.9700012207031,373.2900085449219,360.9400024414063,362.7900085449219,348.16912841796875,107789500.0
2022-10-10,363.9599914550781,364.2099914550781,357.6700134277344,360.0199890136719,345.5107421875,76042800.0
2022-10-11,358.239990234375,363.0299987792969,355.7099914550781,357.739990234375,343.3226318359375,92482800.0
2022-10-12,358.1700134277344,359.82000732421875,356.29998779296875,356.5599975585937,342.190185546875,76991800.0
2022-10-13,349.2099914550781,367.510009765625,348.1099853515625,365.9700012207031,351.2210388183594,147254500.0
2022-10-14,368.5499877929688,370.260009765625,356.9599914550781,357.6300048828125,343.2171630859375,123737000.0
2022-10-17,364.010009765625,367.9800109863281,357.2799987792969,366.8200073242188,352.0367431640625,93168200.0
2022-10-18,375.1300048828125,375.4500122070313,367.5199890136719,371.1300048828125,356.1730041503906,97162900.0
2022-10-19,368.989990234375,371.8500061035156,365.5499877929688,368.5,353.64898681640625,79746900.0
2022-10-20,368.0299987792969,372.6700134277344,364.6099853515625,365.4100036621094,350.6835632324219,88283100.0
2022-10-21,365.1199951171875,374.7999877929688,363.5400085449219,374.2900085449219,359.2057189941406,131038400.0
2022-10-24,375.8900146484375,380.05999755859375,373.1099853515625,378.8699951171875,363.60107421875,85436900.0
2022-10-25,378.7900085449219,385.25,378.6700134277344,384.9200134277344,369.40728759765625,78846300.0
2022-10-26,381.6199951171875,387.5799865722656,381.3500061035156,382.0199890136719,366.6241455078125,104087300.0
2022-10-27,383.0700073242188,385.0,379.3299865722656,379.9800109863281,364.66644287109375,81971800.0
2022-10-28,379.8699951171875,389.5199890136719,379.6799926757813,389.0199890136719,373.342041015625,100302000.0
2022-10-31,386.4400024414063,388.3999938964844,385.260009765625,386.2099914550781,370.645263671875,96631300.0
2022-11-01,390.1400146484375,390.3900146484375,383.2900085449219,384.5199890136719,369.0233459472656,85407600.0
2022-11-02,383.8999938964844,388.6300048828125,374.760009765625,374.8699951171875,359.76226806640625,126990400.0
2022-11-03,371.4700012207031,374.2000122070313,368.7900085449219,371.010009765625,356.057861328125,87100100.0
2022-11-04,377.0,378.8699951171875,370.0,376.3500061035156,361.1826171875,103505200.0
2022-11-07,377.7099914550781,380.5700073242188,375.5299987792969,379.9500122070313,364.6375732421875,68286900.0
2022-11-08,381.1099853515625,385.1199951171875,377.7200012207031,382.0,366.6050109863281,84641100.0
2022-11-09,379.9299926757813,381.1400146484375,373.6099853515625,374.1300048828125,359.0520935058594,78495500.0
2022-11-10,388.0499877929688,395.0400085449219,385.6400146484375,394.6900024414063,378.7835388183594,141455800.0
2022-11-11,395.5899963378906,399.3500061035156,393.6099853515625,398.510009765625,382.4495849609375,93839900.0
2022-11-14,396.6600036621094,400.1799926757813,394.8299865722656,395.1199951171875,379.1961975097656,71903500.0
2022-11-15,401.1499938964844,402.30999755859375,394.489990234375,398.489990234375,382.4303588867188,93194500.0
2022-11-16,396.7799987792969,397.7799987792969,394.7900085449219,395.4500122070313,379.5129089355469,68508500.0
2022-11-17,390.4599914550781,394.9500122070313,390.1400146484375,394.239990234375,378.35162353515625,74496300.0
2022-11-18,397.739990234375,397.80999755859375,393.0400085449219,396.0299987792969,380.069580078125,92922500.0
2022-11-21,394.6400146484375,395.8200073242188,392.6600036621094,394.5899963378906,378.68756103515625,51243200.0
2022-11-22,396.6300048828125,400.0700073242188,395.1499938964844,399.8999938964844,383.7835693359375,60429000.0
2022-11-23,399.5499877929688,402.9299926757813,399.30999755859375,402.4200134277344,386.2020263671875,68261600.0
2022-11-25,401.8299865722656,402.9100036621094,401.5400085449219,402.3299865722656,386.1155700683594,30545400.0
2022-11-28,399.0899963378906,400.80999755859375,395.1099853515625,395.9100036621094,379.9543762207031,67881600.0
2022-11-29,396.0499877929688,397.2999877929688,393.2999877929688,395.2300109863281,379.3017578125,52310000.0
2022-11-30,395.489990234375,407.6799926757813,393.4800109863281,407.6799926757813,391.25,144566700.0
2022-12-01,408.7699890136719,410.0,404.75,407.3800048828125,390.9621887207031,76398200.0
2022-12-02,402.25,407.8599853515625,402.1400146484375,406.9100036621094,390.5110168457031,85342700.0
2022-12-05,403.9500122070313,404.9299926757813,398.1700134277344,399.5899963378906,383.486083984375,77289800.0
2022-12-06,399.4200134277344,399.989990234375,391.6400146484375,393.8299865722656,377.9581604003906,77972200.0
2022-12-07,392.9400024414063,395.6400146484375,391.9700012207031,393.1600036621094,377.3152160644531,65927900.0
2022-12-08,395.1400146484375,397.3599853515625,393.2699890136719,396.239990234375,380.2711181640625,60737900.0
2022-12-09,394.9400024414063,397.6199951171875,393.1499938964844,393.2799987792969,377.4303283691406,81447700.0
2022-12-12,394.1099853515625,398.9500122070313,393.4100036621094,398.9500122070313,382.871826171875,75405800.0
2022-12-13,410.2200012207031,410.489990234375,399.0700073242188,401.9700012207031,385.7701110839844,123782500.0
2022-12-14,401.6099853515625,405.5,396.30999755859375,399.3999938964844,383.3037109375,108111300.0
2022-12-15,394.2999877929688,395.25,387.8900146484375,389.6300048828125,373.9274291992188,117705900.0
2022-12-16,385.1799926757813,386.5799865722656,381.0400085449219,383.2699890136719,369.5127868652344,119858000.0
2022-12-19,383.4700012207031,383.8200073242188,378.2799987792969,380.0199890136719,366.3794555664063,79878100.0
2022-12-20,379.2300109863281,382.2300109863281,377.8500061035156,380.5400085449219,366.880859375,74427200.0
2022-12-21,383.25,387.4100036621094,382.6900024414063,386.2300109863281,372.3665771484375,78167400.0
2022-12-22,383.0499877929688,386.2099914550781,374.7699890136719,380.7200012207031,367.0543518066406,100120900.0
2022-12-23,379.6499938964844,383.05999755859375,378.0299987792969,382.9100036621094,369.1658020019531,59857300.0
2022-12-27,382.7900085449219,383.1499938964844,379.6499938964844,381.3999938964844,367.7099304199219,51638200.0
2022-12-28,381.3299865722656,383.3900146484375,376.4200134277344,376.6600036621094,363.1401062011719,70911500.0
2022-12-29,379.6300048828125,384.3500061035156,379.0799865722656,383.4400024414063,369.6767578125,66970900.0
2022-12-30,380.6400146484375,382.5799865722656,378.4299926757813,382.4299926757813,368.7030029296875,84022200.0
2023-01-03,384.3699951171875,386.4299926757813,377.8299865722656,380.8200073242188,367.15081787109375,74850700.0
2023-01-04,383.1799926757813,385.8800048828125,380.0,383.760009765625,369.9852600097656,85934100.0
2023-01-05,381.7200012207031,381.8399963378906,378.760009765625,379.3800048828125,365.762451171875,76970500.0
2023-01-06,382.6099853515625,389.25,379.4100036621094,388.0799865722656,374.150146484375,104189600.0
2023-01-09,390.3699951171875,393.7000122070313,387.6700134277344,387.8599853515625,373.9380187988281,73978100.0
2023-01-10,387.25,390.6499938964844,386.2699890136719,390.5799865722656,376.5604553222656,65358100.0
2023-01-11,392.2300109863281,395.6000061035156,391.3800048828125,395.5199890136719,381.3230895996094,68881100.0
2023-01-12,396.6700134277344,398.489990234375,392.4200134277344,396.9599914550781,382.7114562988281,90157700.0
2023-01-13,393.6199951171875,399.1000061035156,393.3399963378906,398.5,384.1961059570313,63903900.0
2023-01-17,398.4800109863281,400.2300109863281,397.05999755859375,397.7699890136719,383.4923400878906,62677300.0
2023-01-18,399.010009765625,400.1199951171875,391.2799987792969,391.489990234375,377.4377746582031,99632300.0
2023-01-19,389.3599853515625,391.0799865722656,387.260009765625,388.6400146484375,374.6900634765625,86958900.0
2023-01-20,390.1000061035156,396.0400085449219,388.3800048828125,395.8800048828125,381.6702880859375,91806400.0
2023-01-23,396.7200012207031,402.6499938964844,395.7200012207031,400.6300048828125,386.2497253417969,84178800.0
2023-01-24,398.8800048828125,401.1499938964844,397.6400146484375,400.2000122070313,385.8351745605469,59524900.0
2023-01-25,395.9500122070313,400.7000122070313,393.55999755859375,400.3500061035156,385.9797973632813,84800300.0
2023-01-26,403.1300048828125,404.9200134277344,400.0299987792969,404.75,390.2218322753906,72287400.0
2023-01-27,403.6600036621094,408.1600036621094,403.4400024414063,405.6799926757813,391.1184387207031,68346200.0
2023-01-30,402.7999877929688,405.1300048828125,400.2799987792969,400.5899963378906,386.2111511230469,74202000.0
2023-01-31,401.1300048828125,406.5299987792969,400.7699890136719,406.4800109863281,391.88970947265625,86811800.0
2023-02-01,405.2099914550781,413.6700134277344,402.3500061035156,410.7999877929688,396.05462646484375,101459200.0
2023-02-02,414.8599853515625,418.30999755859375,412.8800048828125,416.7799987792969,401.8200073242188,101654500.0
2023-02-03,411.5899963378906,416.9700012207031,411.0899963378906,412.3500061035156,397.5490417480469,94736800.0
2023-02-06,409.7900085449219,411.2900085449219,408.1000061035156,409.8299865722656,395.1194458007813,60295300.0
2023-02-07,408.8699951171875,416.489990234375,407.5700073242188,415.1900024414063,400.2870788574219,90990700.0
2023-02-08,413.1300048828125,414.5299987792969,409.9299926757813,410.6499938964844,395.9100036621094,76227500.0
2023-02-09,414.4100036621094,414.5700073242188,405.80999755859375,407.0899963378906,392.4778442382813,78694900.0
2023-02-10,405.8599853515625,408.4400024414063,405.010009765625,408.0400085449219,393.3937377929688,70769700.0
2023-02-13,408.7200012207031,412.9700012207031,408.239990234375,412.8299865722656,398.0117492675781,64913500.0
2023-02-14,411.239990234375,415.0499877929688,408.510009765625,412.6400146484375,397.8286743164063,88389300.0
2023-02-15,410.3500061035156,414.05999755859375,409.4700012207031,413.9800109863281,399.1205139160156,61555700.0
2023-02-16,408.7900085449219,412.9100036621094,408.1400146484375,408.2799987792969,393.6250915527344,76431500.0
2023-02-17,406.05999755859375,407.510009765625,404.0499877929688,407.260009765625,392.6417236328125,89257800.0
2023-02-21,403.05999755859375,404.1600036621094,398.8200073242188,399.0899963378906,384.7650146484375,82655900.0
2023-02-22,399.5199890136719,401.1300048828125,397.0199890136719,398.5400085449219,384.2347412109375,83742300.0
2023-02-23,401.55999755859375,402.2000122070313,396.25,400.6600036621094,386.2786254882813,96242400.0
2023-02-24,395.4200134277344,397.25,393.6400146484375,396.3800048828125,382.15228271484375,108194400.0
2023-02-27,399.8699951171875,401.2900085449219,396.75,397.7300109863281,383.4538269042969,80444700.0
2023-02-28,397.2300109863281,399.2799987792969,396.1499938964844,396.260009765625,382.0365905761719,96438600.0
2023-03-01,395.4100036621094,396.6900024414063,393.3800048828125,394.739990234375,380.5711059570313,99706800.0
2023-03-02,392.6799926757813,398.6900024414063,392.3299865722656,397.80999755859375,383.5308837890625,85127800.0
2023-03-03,399.7099914550781,404.4500122070313,399.0299987792969,404.1900024414063,389.6819152832031,90120000.0
2023-03-06,405.0499877929688,407.4500122070313,404.010009765625,404.4700012207031,389.9518737792969,72795900.0
2023-03-07,404.4200134277344,404.6700134277344,397.6300048828125,398.2699890136719,383.9743957519531,108310600.0
2023-03-08,398.3900146484375,399.7099914550781,396.5899963378906,398.9200134277344,384.60107421875,74746600.0
2023-03-09,399.739990234375,401.4800109863281,390.5299987792969,391.55999755859375,377.5052490234375,111945300.0
2023-03-10,390.989990234375,393.1600036621094,384.3200073242188,385.9100036621094,372.05810546875,189253000.0
2023-03-13,381.80999755859375,390.3900146484375,380.6499938964844,385.3599853515625,371.52777099609375,157790000.0
2023-03-14,390.5,393.4500122070313,387.0499877929688,391.7300109863281,377.6692199707031,149752400.0
2023-03-15,385.8900146484375,389.489990234375,383.7099914550781,389.2799987792969,375.3070373535156,172996900.0
2023-03-16,386.8200073242188,396.4700012207031,386.2900085449219,396.1099853515625,381.8919067382813,143254200.0
2023-03-17,393.2200012207031,394.3999938964844,388.5499877929688,389.989990234375,377.4266357421875,140553400.0
2023-03-20,390.7999877929688,394.1700134277344,390.0700073242188,393.739990234375,381.0557861328125,93055800.0
2023-03-21,397.239990234375,399.4100036621094,395.5799865722656,398.9100036621094,386.0592346191406,91524200.0
2023-03-22,398.7300109863281,402.489990234375,392.0700073242188,392.1099853515625,379.4783020019531,111746600.0
2023-03-23,395.0899963378906,399.2900085449219,390.3500061035156,393.1700134277344,380.504150390625,119351300.0
2023-03-24,391.8399963378906,395.8399963378906,389.3999938964844,395.75,383.00103759765625,107682400.0
2023-03-27,398.1199951171875,398.9200134277344,395.55999755859375,396.489990234375,383.7171325683594,74010400.0
2023-03-28,395.7699890136719,396.489990234375,393.6900024414063,395.6000061035156,382.8558349609375,62871700.0
2023-03-29,399.9299926757813,401.6000061035156,398.6799926757813,401.3500061035156,388.4206237792969,77497900.0
2023-03-30,404.0899963378906,404.3500061035156,401.760009765625,403.7000122070313,390.6949157714844,69840000.0
2023-03-31,404.6600036621094,409.7000122070313,404.5499877929688,409.3900146484375,396.20159912109375,112062600.0
2023-04-03,408.8500061035156,411.3699951171875,408.4400024414063,410.9500122070313,397.7113952636719,67391100.0
2023-04-04,411.6199951171875,411.9200134277344,407.239990234375,408.6700134277344,395.50482177734375,66601500.0
2023-04-05,407.9100036621094,408.7000122070313,405.8800048828125,407.6000061035156,394.4692687988281,65200200.0
2023-04-06,406.7699890136719,409.4800109863281,405.6799926757813,409.1900024414063,396.008056640625,63743300.0
2023-04-10,406.6099853515625,409.6900024414063,405.9700012207031,409.6099853515625,396.4145202636719,63681000.0
2023-04-11,410.260009765625,411.1799926757813,408.9200134277344,409.7200012207031,396.5210266113281,59297900.0
2023-04-12,411.8699951171875,412.1700134277344,407.4400024414063,408.0499877929688,394.90478515625,86420400.0
2023-04-13,409.1799926757813,413.8399963378906,407.989990234375,413.4700012207031,400.150146484375,85814800.0
2023-04-14,412.80999755859375,415.0899963378906,410.05999755859375,412.4599914550781,399.1727600097656,78161500.0
2023-04-17,412.3699951171875,413.9599914550781,411.0899963378906,413.9400024414063,400.6050720214844,66436400.0
2023-04-18,415.5799865722656,415.7200012207031,412.7799987792969,414.2099914550781,400.8663330078125,63560000.0
2023-04-19,412.2200012207031,415.0799865722656,412.1600036621094,414.1400146484375,400.798583984375,55227300.0
2023-04-20,411.2099914550781,413.7000122070313,410.2699890136719,411.8800048828125,398.6114501953125,75840400.0
2023-04-21,412.1900024414063,412.6799926757813,410.1700134277344,412.2000122070313,398.9210815429688,73457400.0
2023-04-24,411.989990234375,413.0700073242188,410.6000061035156,412.6300048828125,399.3372802734375,64332100.0
2023-04-25,410.5799865722656,411.1600036621094,406.0199890136719,406.0799865722656,392.9982299804688,97766700.0
2023-04-26,406.7200012207031,407.8399963378906,403.7799987792969,404.3599853515625,391.3336791992188,80447000.0
2023-04-27,407.0,412.6900024414063,406.739990234375,412.4100036621094,399.1243286132813,92968400.0
2023-04-28,411.489990234375,415.9400024414063,411.4299926757813,415.9299926757813,402.531005859375,89433100.0
2023-05-01,415.4700012207031,417.6199951171875,415.2699890136719,415.510009765625,402.12445068359375,62122300.0
2023-05-02,414.7699890136719,414.8200073242188,407.8200073242188,410.8399963378906,397.60491943359375,103998500.0
2023-05-03,411.3599853515625,413.8699951171875,407.7699890136719,408.0199890136719,394.875732421875,91531800.0
2023-05-04,406.9299926757813,407.2699890136719,403.739990234375,405.1300048828125,392.0788879394531,94901900.0
2023-05-05,408.9100036621094,413.7200012207031,408.6400146484375,412.6300048828125,399.3372802734375,87891800.0
2023-05-08,412.9700012207031,413.239990234375,411.2799987792969,412.739990234375,399.4436950683594,50046800.0
2023-05-09,411.1300048828125,412.0899963378906,410.6900024414063,410.9299926757813,397.6920471191406,49220100.0
2023-05-10,413.8800048828125,414.5400085449219,408.8699951171875,412.8500061035156,399.5501708984375,96142900.0
2023-05-11,411.9500122070313,412.4299926757813,409.9700012207031,412.1300048828125,398.8533630371094,70157100.0
2023-05-12,413.4200134277344,413.6400146484375,409.0700073242188,411.5899963378906,398.3307495117188,70481500.0
2023-05-15,412.2200012207031,413.4299926757813,410.2300109863281,413.010009765625,399.7049560546875,54289400.0
2023-05-16,411.8599853515625,412.8200073242188,410.239990234375,410.25,397.0339660644531,57705500.0
2023-05-17,412.3500061035156,415.8599853515625,410.6400146484375,415.2300109863281,401.853515625,87287000.0
2023-05-18,414.8999938964844,419.6700134277344,414.6700134277344,419.2300109863281,405.72467041015625,97177200.0
2023-05-19,420.1700134277344,420.7200012207031,417.3500061035156,418.6199951171875,405.13427734375,103793300.0
2023-05-22,418.6400146484375,420.3900146484375,417.3500061035156,418.7900085449219,405.29876708984375,60745400.0
2023-05-23,417.0799865722656,418.7200012207031,413.6799926757813,414.0899963378906,400.7501831054688,86383500.0
2023-05-24,412.4200134277344,412.8200073242188,409.8800048828125,411.0899963378906,397.8468627929688,89213700.0
2023-05-25,414.739990234375,416.1600036621094,412.4100036621094,414.6499938964844,401.2921752929688,90961600.0
2023-05-26,415.3299865722656,420.7699890136719,415.25,420.0199890136719,406.48919677734375,93830000.0
2023-05-30,422.0299987792969,422.5799865722656,418.739990234375,420.1799926757813,406.6440124511719,72216000.0
2023-05-31,418.2799987792969,419.2200012207031,416.2200012207031,417.8500061035156,404.3891296386719,110811800.0
2023-06-01,418.0899963378906,422.9200134277344,416.7900085449219,421.8200073242188,408.231201171875,88865000.0
2023-06-02,424.5,428.739990234375,423.9500122070313,427.9200134277344,414.13470458984375,91426200.0
2023-06-05,428.2799987792969,429.6199951171875,426.3699951171875,427.1000061035156,413.3410949707031,65460200.0
2023-06-06,426.6700134277344,428.5799865722656,425.989990234375,428.0299987792969,414.24114990234375,64022200.0
2023-06-07,428.4400024414063,429.6199951171875,426.1099853515625,426.5499877929688,412.8087768554688,85373300.0
2023-06-08,426.6199951171875,429.6000061035156,425.8200073242188,429.1300048828125,415.30572509765625,61952800.0
2023-06-09,429.9599914550781,431.989990234375,428.8699951171875,429.8999938964844,416.0509033203125,85742800.0
2023-06-12,430.9200134277344,433.8800048828125,430.1700134277344,433.7999877929688,419.82525634765625,76104300.0
2023-06-13,435.3200073242188,437.3299865722656,434.6300048828125,436.6600036621094,422.5931091308594,95899700.0
2023-06-14,437.010009765625,439.05999755859375,433.5899963378906,437.1799926757813,423.0963745117188,100612100.0
2023-06-15,436.3299865722656,443.8999938964844,436.2300109863281,442.6000061035156,428.34173583984375,110303100.0
2023-06-16,443.0199890136719,443.6099853515625,438.9700012207031,439.4599914550781,426.88275146484375,114165800.0
2023-06-20,437.4500122070313,438.3699951171875,435.0299987792969,437.1799926757813,424.6680603027344,76160400.0
2023-06-21,436.1600036621094,436.989990234375,434.3299865722656,434.9400024414063,422.4921569824219,76982300.0
2023-06-22,433.9500122070313,436.6199951171875,433.6000061035156,436.510009765625,424.0171813964844,70637200.0
2023-06-23,432.9299926757813,435.05999755859375,432.4700012207031,433.2099914550781,420.8116149902344,92074500.0
2023-06-26,432.6199951171875,434.6099853515625,431.1900024414063,431.4400024414063,419.0923156738281,72823600.0
2023-06-27,432.3500061035156,436.80999755859375,431.8800048828125,436.1700134277344,423.6869812011719,72813700.0
2023-06-28,435.0499877929688,437.4400024414063,434.4100036621094,436.3900146484375,423.900634765625,75636000.0
2023-06-29,435.9599914550781,438.2799987792969,435.5400085449219,438.1099853515625,425.5714111328125,67882300.0
2023-06-30,441.4400024414063,444.2999877929688,441.1099853515625,443.2799987792969,430.5934448242188,104964000.0
2023-07-03,442.9200134277344,444.0799865722656,442.6300048828125,443.7900085449219,431.0888366699219,32793400.0
2023-07-05,441.9100036621094,443.8900146484375,441.8999938964844,443.1300048828125,430.44769287109375,58418400.0
2023-07-06,439.4200134277344,440.1000061035156,437.05999755859375,439.6600036621094,427.0770568847656,80658300.0
2023-07-07,438.6300048828125,442.6400146484375,438.2999877929688,438.5499877929688,425.9987487792969,86134200.0
2023-07-10,438.1799926757813,439.8399963378906,437.5899963378906,439.6600036621094,427.0770568847656,62443500.0
2023-07-11,440.4500122070313,442.9700012207031,439.4400024414063,442.4599914550781,429.7969055175781,64463800.0
2023-07-12,446.3900146484375,447.4800109863281,444.9100036621094,446.0199890136719,433.2550048828125,91924500.0
2023-07-13,447.8999938964844,450.3800048828125,447.4500122070313,449.55999755859375,436.6937255859375,72425200.0
2023-07-14,450.4800109863281,451.3599853515625,448.489990234375,449.2799987792969,436.4217224121094,69815800.0
2023-07-17,449.1300048828125,451.9299926757813,449.0799865722656,450.8399963378906,437.9370727539063,52680200.0
2023-07-18,450.5,454.8599853515625,450.0499877929688,454.1900024414063,441.1911926269531,80668200.0
2023-07-19,455.010009765625,456.4299926757813,454.1099853515625,455.2000122070313,442.17230224609375,65891700.0
2023-07-20,454.1700134277344,455.1000061035156,451.4400024414063,452.1799926757813,439.23870849609375,70591600.0
2023-07-21,453.9599914550781,454.1700134277344,452.1700134277344,452.1799926757813,439.23870849609375,71275600.0
2023-07-24,453.3699951171875,455.0400085449219,452.2999877929688,454.2000122070313,441.200927734375,54023400.0
2023-07-25,453.9200134277344,456.739990234375,453.8699951171875,455.4400024414063,442.4054260253906,55191200.0
2023-07-26,454.4700012207031,456.989990234375,453.3800048828125,455.510009765625,442.4734497070313,71052900.0
2023-07-27,459.0199890136719,459.4400024414063,451.5499877929688,452.489990234375,439.5398559570313,92194400.0
2023-07-28,455.8800048828125,457.7799987792969,452.489990234375,456.9200134277344,443.8430786132813,80011800.0
2023-07-31,457.4100036621094,458.1600036621094,456.0499877929688,457.7900085449219,444.6881713867188,62040400.0
2023-08-01,456.2699890136719,457.25,455.489990234375,456.4800109863281,443.4156494140625,55291500.0
2023-08-02,453.25,453.5199890136719,449.3500061035156,450.1300048828125,437.2473449707031,93933400.0
2023-08-03,448.0400085449219,450.7900085449219,447.3699951171875,448.8399963378906,435.9943237304688,64276100.0
2023-08-04,450.7200012207031,452.8999938964844,446.2699890136719,446.80999755859375,434.0224304199219,100128900.0
2023-08-07,448.7099914550781,450.8699951171875,447.989990234375,450.7099914550781,437.810791015625,58357500.0
2023-08-08,448.0799865722656,450.7000122070313,445.2699890136719,448.75,435.9069519042969,71361300.0
2023-08-09,449.0299987792969,449.2000122070313,444.9599914550781,445.75,432.9927368164063,78789600.0
2023-08-10,448.1900024414063,451.7000122070313,444.7000122070313,445.9100036621094,433.148193359375,93005500.0
2023-08-11,443.9700012207031,446.7000122070313,443.3500061035156,445.6499938964844,432.8955993652344,68690900.0
2023-08-14,444.7000122070313,448.1099853515625,444.3800048828125,448.1099853515625,435.28521728515625,47867400.0
2023-08-15,446.2699890136719,446.6400146484375,442.2999877929688,442.8900146484375,430.214599609375,75707500.0
2023-08-16,442.4599914550781,444.1799926757813,439.5299987792969,439.6400146484375,427.0576171875,80107200.0
2023-08-17,441.1600036621094,441.4299926757813,435.75,436.2900085449219,423.8034973144531,95711300.0
2023-08-18,433.3699951171875,437.5700073242188,433.010009765625,436.5,424.0074462890625,98852000.0
2023-08-21,437.5499877929688,440.1099853515625,435.3200073242188,439.3399963378906,426.7662048339844,68719000.0
2023-08-22,441.1799926757813,441.1799926757813,437.5700073242188,438.1499938964844,425.6102600097656,64994200.0
2023-08-23,439.25,443.6700134277344,439.1000061035156,443.0299987792969,430.3505554199219,68441000.0
2023-08-24,444.6900024414063,445.2200012207031,436.8599853515625,436.8900146484375,424.3863525390625,88517300.0
2023-08-25,438.6799926757813,441.2999877929688,435.0,439.9700012207031,427.378173828125,102325100.0
2023-08-28,442.239990234375,443.3999938964844,439.9700012207031,442.760009765625,430.0883483886719,61595400.0
2023-08-29,442.6499938964844,449.4500122070313,442.4599914550781,449.1600036621094,436.3051452636719,83081900.0
2023-08-30,449.510009765625,451.6700134277344,448.7799987792969,451.010009765625,438.1021728515625,69053900.0
2023-08-31,451.6499938964844,452.8299865722656,450.1600036621094,450.3500061035156,437.4611206054688,66084600.0
2023-09-01,453.1700134277344,453.6700134277344,449.6799926757813,451.1900024414063,438.277099609375,58944100.0
2023-09-05,450.7300109863281,451.05999755859375,449.1700134277344,449.239990234375,436.3828430175781,55166200.0
2023-09-06,448.3999938964844,448.510009765625,443.80999755859375,446.2200012207031,433.44927978515625,70758500.0
2023-09-07,443.1099853515625,445.5499877929688,442.75,444.8500061035156,432.1184692382813,70355400.0
2023-09-08,444.8999938964844,447.1099853515625,444.5299987792969,445.5199890136719,432.769287109375,61659700.0
2023-09-11,448.239990234375,448.7699890136719,446.4700012207031,448.4500122070313,435.615478515625,60180100.0
2023-09-12,446.9500122070313,448.5299987792969,445.3900146484375,445.989990234375,433.2258605957031,67565400.0
2023-09-13,446.2200012207031,447.7099914550781,445.0799865722656,446.510009765625,433.7309875488281,60199300.0
2023-09-14,449.0700073242188,451.0799865722656,447.7200012207031,450.3599853515625,437.4707946777344,83430800.0
2023-09-15,447.1400146484375,447.4800109863281,442.9200134277344,443.3699951171875,432.2000122070313,111848900.0
2023-09-18,443.0499877929688,444.9700012207031,442.55999755859375,443.6300048828125,432.4534912109375,55752200.0
2023-09-19,442.6799926757813,443.2900085449219,439.9400024414063,442.7099914550781,431.5566711425781,66514600.0
2023-09-20,444.010009765625,444.4400024414063,438.4299926757813,438.6400146484375,427.5892028808594,82562600.0
2023-09-21,435.7000122070313,435.9700012207031,431.2300109863281,431.3900146484375,420.5218505859375,104095800.0
2023-09-22,432.4500122070313,434.1000061035156,429.989990234375,430.4200134277344,419.5762939453125,100829700.0
2023-09-25,429.1700134277344,432.2699890136719,428.7200012207031,432.2300109863281,421.3406982421875,70874500.0
2023-09-26,429.0899963378906,429.8200073242188,425.0199890136719,425.8800048828125,415.1506652832031,96168400.0
2023-09-27,427.0899963378906,427.6700134277344,422.2900085449219,426.0499877929688,415.31634521484375,104705800.0
2023-09-28,425.4800109863281,430.25,424.8699951171875,428.5199890136719,417.7240905761719,92258300.0
2023-09-29,431.6700134277344,431.8500061035156,425.9100036621094,427.4800109863281,416.7103271484375,115111300.0
2023-10-02,426.6199951171875,428.6000061035156,424.4599914550781,427.30999755859375,416.5446472167969,83798600.0
2023-10-03,425.05999755859375,427.3699951171875,420.1799926757813,421.5899963378906,410.96868896484375,103760600.0
2023-10-04,422.0700073242188,425.4299926757813,420.55999755859375,424.6600036621094,413.9613952636719,87453000.0
2023-10-05,424.3599853515625,425.3699951171875,421.1700134277344,424.5,413.805419921875,70142700.0
2023-10-06,421.9700012207031,431.1300048828125,420.6000061035156,429.5400085449219,418.7184448242188,113273300.0
2023-10-09,427.5799865722656,432.8800048828125,427.010009765625,432.2900085449219,421.399169921875,80374400.0
2023-10-10,432.9400024414063,437.2200012207031,432.5299987792969,434.5400085449219,423.592529296875,78607300.0
2023-10-11,435.6400146484375,436.5799865722656,433.1799926757813,436.3200073242188,425.3276672363281,62451700.0
2023-10-12,436.9500122070313,437.3399963378906,431.2300109863281,433.6600036621094,422.7346801757813,81154200.0
2023-10-13,435.2099914550781,436.4500122070313,429.8800048828125,431.5,420.6290588378906,95143100.0
2023-10-16,433.8200073242188,437.1400146484375,433.5700073242188,436.0400085449219,425.0547180175781,75433200.0
2023-10-17,432.80999755859375,438.1400146484375,432.4500122070313,436.0199890136719,425.03521728515625,75324700.0
2023-10-18,434.1900024414063,435.1799926757813,429.0899963378906,430.2099914550781,419.3715515136719,93559800.0
2023-10-19,430.9500122070313,432.8200073242188,425.7300109863281,426.4299926757813,415.686767578125,121323000.0
2023-10-20,425.9800109863281,426.5400085449219,421.0799865722656,421.1900024414063,410.5787658691406,123919900.0
2023-10-23,419.6099853515625,424.4500122070313,417.7999877929688,420.4599914550781,409.8671569824219,92035100.0
2023-10-24,422.6499938964844,424.8200073242188,420.739990234375,423.6300048828125,412.9573364257813,78564200.0
2023-10-25,421.8900146484375,421.9200134277344,417.0199890136719,417.5499877929688,407.030517578125,94223200.0
2023-10-26,416.4500122070313,417.3299865722656,411.6000061035156,412.5499877929688,402.156494140625,115156800.0
2023-10-27,414.1900024414063,414.6000061035156,409.2099914550781,410.6799926757813,400.3335571289063,107367700.0
2023-10-30,413.55999755859375,416.6799926757813,412.2200012207031,415.5899963378906,405.119873046875,86562700.0
2023-10-31,416.1799926757813,418.5299987792969,414.2099914550781,418.2000122070313,407.6641845703125,79665200.0
2023-11-01,419.2000122070313,423.5,418.6499938964844,422.6600036621094,412.01177978515625,98068100.0
2023-11-02,426.5799865722656,430.9200134277344,426.55999755859375,430.760009765625,419.90771484375,94938900.0
2023-11-03,433.1400146484375,436.2900085449219,433.010009765625,434.6900024414063,423.73870849609375,100167800.0
2023-11-06,435.4700012207031,436.1499938964844,433.6799926757813,435.6900024414063,424.7135009765625,67831700.0
2023-11-07,435.6900024414063,437.5899963378906,434.510009765625,436.9299926757813,425.9222412109375,64256100.0
2023-11-08,437.5499877929688,438.0899963378906,434.8699951171875,437.25,426.2342224121094,61746000.0
2023-11-09,438.4299926757813,438.4700012207031,433.3999938964844,433.8399963378906,422.9101257324219,83174400.0
2023-11-10,435.9800109863281,440.9299926757813,433.8299865722656,440.6099853515625,429.5095520019531,89462200.0
2023-11-13,439.2300109863281,441.3299865722656,438.4200134277344,440.1900024414063,429.1001281738281,52236100.0
2023-11-14,446.3200073242188,450.05999755859375,446.0899963378906,448.7300109863281,437.4249877929688,97176900.0
2023-11-15,450.1099853515625,451.3800048828125,448.7999877929688,449.6799926757813,438.3510437011719,77327600.0
2023-11-16,449.2200012207031,450.55999755859375,448.1199951171875,450.2300109863281,438.88720703125,66665800.0
2023-11-17,450.239990234375,451.4200134277344,449.2900085449219,450.7900085449219,439.4331359863281,83133200.0
2023-11-20,450.5299987792969,455.1300048828125,450.5199890136719,454.260009765625,442.8157043457031,69936200.0
2023-11-21,453.1799926757813,454.1300048828125,451.9599914550781,453.2699890136719,441.8505859375,49244600.0
2023-11-22,454.9800109863281,456.3800048828125,453.8900146484375,455.0199890136719,443.5565185546875,59394900.0
2023-11-24,455.0700073242188,455.5,454.7300109863281,455.2999877929688,443.8294067382813,29737400.0
2023-11-27,454.6499938964844,455.489990234375,454.0799865722656,454.4800109863281,443.0301513671875,50506000.0
2023-11-28,454.0799865722656,456.2699890136719,453.5,454.9299926757813,443.4688415527344,62115000.0
2023-11-29,457.1499938964844,458.3200073242188,454.2000122070313,454.6099853515625,443.1568298339844,63146000.0
2023-11-30,455.4800109863281,456.760009765625,453.3399963378906,456.3999938964844,444.9017333984375,79752700.0
2023-12-01,455.7699890136719,459.6499938964844,455.1600036621094,459.1000061035156,447.5337219238281,89183400.0
2023-12-04,455.6000061035156,459.1199951171875,454.3399963378906,456.6900024414063,445.1844482421875,72430900.0
2023-12-05,455.260009765625,457.5899963378906,454.8699951171875,456.6000061035156,445.09674072265625,69793500.0
2023-12-06,458.80999755859375,458.8399963378906,454.30999755859375,454.760009765625,443.3030700683594,69124700.0
2023-12-07,456.9100036621094,458.8999938964844,456.2900085449219,458.2300109863281,446.6856689453125,66995400.0
2023-12-08,457.4599914550781,460.75,457.2099914550781,460.2000122070313,448.6060485839844,83194400.0
2023-12-11,459.6900024414063,462.1700134277344,459.4700012207031,461.989990234375,450.3509216308594,65002200.0
2023-12-12,461.6300048828125,464.2000122070313,460.6000061035156,464.1000061035156,452.4078063964844,68327600.0
2023-12-13,464.489990234375,470.760009765625,464.1199951171875,470.5,458.6465759277344,93278000.0
2023-12-14,472.5,473.7300109863281,469.25,472.010009765625,460.1184692382813,119026000.0
2023-12-15,469.489990234375,470.7000122070313,467.4299926757813,469.3299865722656,459.3609008789063,141553700.0
2023-12-18,470.9800109863281,472.9800109863281,469.8900146484375,471.9700012207031,461.94482421875,70375300.0
2023-12-19,472.5299987792969,474.9200134277344,472.4500122070313,474.8399963378906,464.75390625,55761800.0
2023-12-20,473.9599914550781,475.8999938964844,467.8200073242188,468.260009765625,458.3136596679688,102921000.0
2023-12-21,471.3299865722656,472.9800109863281,468.8399963378906,472.7000122070313,462.6593322753906,86667500.0
2023-12-22,473.8599853515625,475.3800048828125,471.7000122070313,473.6499938964844,463.5891418457031,67160400.0
2023-12-26,474.0700073242188,476.5799865722656,473.989990234375,475.6499938964844,465.5466613769531,55387000.0
2023-12-27,475.4400024414063,476.6600036621094,474.8900146484375,476.510009765625,466.388427734375,68000300.0
2023-12-28,476.8800048828125,477.5499877929688,476.260009765625,476.6900024414063,466.5645751953125,77158100.0
2023-12-29,476.489990234375,477.0299987792969,473.2999877929688,475.30999755859375,465.2138977050781,122283100.0
2024-01-02,472.1600036621094,473.6700134277344,470.489990234375,472.6499938964844,462.6103515625,123623700.0
2024-01-03,470.4299926757813,471.1900024414063,468.1700134277344,468.7900085449219,458.8323974609375,103585900.0
2024-01-04,468.2999877929688,470.9599914550781,467.0499877929688,467.2799987792969,457.35443115234375,84232200.0
2024-01-05,467.489990234375,470.4400024414063,466.4299926757813,467.9200134277344,457.98089599609375,86118900.0
2024-01-08,468.4299926757813,474.75,468.2999877929688,474.6000061035156,464.5190124511719,74879100.0
2024-01-09,471.8699951171875,474.9299926757813,471.3500061035156,473.8800048828125,463.8142395019531,65931400.0
2024-01-10,474.1600036621094,477.4500122070313,473.8699951171875,476.55999755859375,466.4372863769531,67310600.0
2024-01-11,477.5899963378906,478.1199951171875,472.260009765625,476.3500061035156,466.2317810058594,77940700.0
2024-01-12,477.8399963378906,478.6000061035156,475.2300109863281,476.6799926757813,466.5547790527344,58026400.0
2024-01-16,475.260009765625,476.6099853515625,473.05999755859375,474.9299926757813,464.8419494628906,85014900.0
2024-01-17,471.8200073242188,472.7900085449219,469.8699951171875,472.2900085449219,462.2580871582031,68843900.0
2024-01-18,474.010009765625,477.05999755859375,472.4200134277344,476.489990234375,466.3688354492188,91856200.0
2024-01-19,477.6499938964844,482.7200012207031,476.5400085449219,482.4299926757813,472.1826171875,110834500.0
2024-01-22,484.010009765625,485.2200012207031,482.7799987792969,483.4500122070313,473.1810607910156,75844900.0
2024-01-23,484.010009765625,485.1099853515625,482.8900146484375,484.8599853515625,474.5610046386719,49945300.0
2024-01-24,487.80999755859375,488.7699890136719,484.8800048828125,485.3900146484375,475.0798034667969,81765000.0
2024-01-25,487.5799865722656,488.30999755859375,485.3900146484375,488.0299987792969,477.6637268066406,72525000.0
2024-01-26,487.5899963378906,489.1199951171875,486.5400085449219,487.4100036621094,477.056884765625,76641600.0
2024-01-29,487.7300109863281,491.4200134277344,487.1700134277344,491.2699890136719,480.83489990234375,61322800.0
2024-01-30,490.55999755859375,491.6199951171875,490.1099853515625,490.8900146484375,480.46295166015625,58618400.0
2024-01-31,488.6199951171875,489.0799865722656,482.8599853515625,482.8800048828125,472.62310791015625,126011100.0
2024-02-01,484.6300048828125,489.2300109863281,483.7999877929688,489.2000122070313,478.8088684082031,91891600.0
2024-02-02,489.6499938964844,496.0499877929688,489.2999877929688,494.3500061035156,483.8494873046875,99228200.0
2024-02-05,493.7000122070313,494.3800048828125,490.2300109863281,492.5499877929688,482.0877075195313,75757100.0
2024-02-06,493.5199890136719,494.3200073242188,492.0499877929688,493.9800109863281,483.4873046875,55918600.0
2024-02-07,496.2900085449219,498.5299987792969,495.3599853515625,498.1000061035156,487.5198364257813,70556500.0
2024-02-08,498.1000061035156,498.7099914550781,497.260009765625,498.3200073242188,487.7351379394531,52343600.0
2024-02-09,498.8399963378906,501.6499938964844,498.489990234375,501.2000122070313,490.553955078125,63979400.0
2024-02-12,501.1700134277344,503.5,500.239990234375,500.9800109863281,490.338623046875,56502300.0
2024-02-13,494.5299987792969,497.0899963378906,490.7200012207031,494.0799865722656,483.585205078125,113099200.0
2024-02-14,496.7900085449219,499.0700073242188,494.3999938964844,498.5700073242188,487.9798278808594,68387800.0
2024-02-15,499.2900085449219,502.2000122070313,498.7999877929688,502.010009765625,491.34674072265625,61683000.0
2024-02-16,501.7000122070313,502.8699951171875,498.75,499.510009765625,488.89984130859375,75532900.0
2024-02-20,497.7200012207031,498.4100036621094,494.4500122070313,496.760009765625,486.2082824707031,71736700.0
2024-02-21,495.4200134277344,497.3699951171875,493.55999755859375,497.2099914550781,486.6487426757813,59293400.0
2024-02-22,504.010009765625,508.489990234375,503.0199890136719,507.5,496.7201232910156,76402500.0
2024-02-23,509.2699890136719,510.1300048828125,507.1000061035156,507.8500061035156,497.0627136230469,61321800.0
2024-02-26,508.2999877929688,508.75,505.8599853515625,505.989990234375,495.2422180175781,50386700.0
2024-02-27,506.7000122070313,507.1600036621094,504.75,506.9299926757813,496.1622619628906,48854500.0
2024-02-28,505.3299865722656,506.8599853515625,504.9599914550781,506.260009765625,495.5065307617188,56506600.0
2024-02-29,508.0700073242188,509.739990234375,505.3500061035156,508.0799865722656,497.2877807617188,83924800.0
2024-03-01,508.9800109863281,513.2899780273438,508.55999755859375,512.8499755859375,501.9564208984375,76844800.0
2024-03-04,512.030029296875,514.2000122070312,512.0,512.2999877929688,501.418212890625,49799300.0
2024-03-05,510.239990234375,510.7000122070313,504.9100036621094,507.1799926757813,496.4069213867188,72855600.0
2024-03-06,510.5499877929688,512.0700073242188,508.4200134277344,509.75,498.9223327636719,68382400.0
2024-03-07,513.1400146484375,515.8900146484375,509.80999755859375,514.8099975585938,503.8748779296875,58652100.0
2024-03-08,515.4600219726562,518.219970703125,511.1300048828125,511.7200012207031,500.85052490234375,86532500.0
2024-03-11,510.4800109863281,511.8800048828125,508.5,511.2799987792969,500.41986083984375,62557200.0
2024-03-12,513.4500122070312,517.3800048828125,510.8599853515625,516.780029296875,505.8030090332031,73114400.0
2024-03-13,517.1099853515625,517.2899780273438,514.489990234375,515.969970703125,505.01019287109375,55104100.0
2024-03-14,516.969970703125,517.1300048828125,511.8200073242188,514.9500122070312,504.0119018554688,110171800.0
2024-03-15,510.2099914550781,511.7000122070313,508.1199951171875,509.8299865722656,500.551025390625,107646300.0
2024-03-18,514.0,515.47998046875,512.4400024414062,512.8599853515625,503.5258483886719,88893300.0
2024-03-19,512.1500244140625,516.0,511.1199951171875,515.7100219726562,506.3241271972656,60755300.0
2024-03-20,515.77001953125,520.6199951171875,515.0800170898438,520.47998046875,511.0072326660156,69594600.0
2024-03-21,523.3900146484375,524.1099853515625,521.9099731445312,522.2000122070312,512.6959228515625,60256100.0
2024-03-22,522.1099853515625,522.6099853515625,520.969970703125,521.2100219726562,511.7239074707031,79070800.0
2024-03-25,519.7999877929688,520.9500122070312,519.6099853515625,519.77001953125,510.3101501464844,48512100.0
2024-03-26,521.22998046875,521.5800170898438,518.4000244140625,518.8099975585938,509.3676452636719,65463700.0
2024-03-27,521.7100219726562,523.2100219726562,519.489990234375,523.1699829101562,513.6483154296875,82999800.0
2024-03-28,523.2100219726562,524.6099853515625,522.780029296875,523.0700073242188,513.5501098632812,96294900.0
2024-04-01,523.8300170898438,524.3800048828125,520.969970703125,522.1599731445312,512.6566772460938,62477500.0
2024-04-02,518.239990234375,518.97998046875,516.47998046875,518.8400268554688,509.3970947265625,74230300.0
2024-04-03,517.719970703125,520.9500122070312,517.6699829101562,519.4099731445312,509.9566955566406,59155800.0
2024-04-04,523.52001953125,523.8699951171875,512.760009765625,513.0700073242188,503.7320861816406,96858100.0
2024-04-05,514.4600219726562,520.4400024414062,514.010009765625,518.4299926757812,508.99456787109375,74546500.0
2024-04-08,519.1500244140625,520.1799926757812,517.8900146484375,518.719970703125,509.2792663574219,48401800.0
2024-04-09,520.5,520.75,514.3499755859375,519.3200073242188,509.8683166503906,68049200.0
2024-04-10,513.47998046875,516.1599731445312,512.0900268554688,514.1199951171875,504.7630004882813,82652800.0
2024-04-11,515.6799926757812,519.47998046875,512.0800170898438,518.0,508.57232666015625,70099000.0
2024-04-12,514.3699951171875,515.8200073242188,509.0799865722656,510.8500061035156,501.5525207519531,92561100.0
2024-04-15,515.1300048828125,515.2999877929688,503.5799865722656,504.4500122070313,495.26898193359375,92101400.0
2024-04-16,504.9400024414063,506.5,502.2099914550781,503.5299987792969,494.3656921386719,73484000.0
2024-04-17,506.0499877929688,506.2200012207031,499.1199951171875,500.5499877929688,491.4399108886719,75910300.0
2024-04-18,501.9800109863281,504.1300048828125,498.55999755859375,499.5199890136719,490.4287109375,74548100.0
2024-04-19,499.4400024414063,500.4599914550781,493.8599853515625,495.1600036621094,486.1480712890625,102212600.0
2024-04-22,497.8299865722656,502.3800048828125,495.4299926757813,499.7200012207031,490.6250915527344,67961000.0
2024-04-23,501.7799987792969,506.0899963378906,499.5299987792969,505.6499938964844,496.4471740722656,64633600.0
2024-04-24,506.55999755859375,507.3699951171875,503.1300048828125,505.4100036621094,496.2115478515625,55928100.0
2024-04-25,499.1799926757813,504.2699890136719,497.489990234375,503.489990234375,494.3264465332031,69122400.0
2024-04-26,506.3500061035156,509.8800048828125,505.7000122070313,508.260009765625,499.0096435546875,64306100.0
2024-04-29,510.0899963378906,510.75,507.25,510.05999755859375,500.7768859863281,46415400.0
2024-04-30,508.55999755859375,509.55999755859375,501.9800109863281,501.9800109863281,492.8439331054688,77483600.0
2024-05-01,501.3800048828125,508.1900024414063,499.8699951171875,500.3500061035156,491.2436218261719,80242800.0
2024-05-02,504.1499938964844,505.8900146484375,499.5499877929688,505.0299987792969,495.8384399414063,62550200.0
2024-05-03,511.1600036621094,512.5499877929688,508.55999755859375,511.2900085449219,501.9844970703125,72756700.0
2024-05-06,513.75,516.6099853515625,513.2999877929688,516.5700073242188,507.16839599609375,47264700.0
2024-05-07,517.5599975585938,518.5700073242188,516.4500122070312,517.1400146484375,507.7280578613281,52561300.0
2024-05-08,515.260009765625,517.739990234375,515.1400146484375,517.1900024414062,507.7771301269531,42047200.0
2024-05-09,517.3800048828125,520.2100219726562,516.7100219726562,520.1699829101562,510.702880859375,43643700.0
2024-05-10,521.8099975585938,522.6400146484375,519.5900268554688,520.8400268554688,511.36077880859375,52233200.0
2024-05-13,522.5599975585938,522.6699829101562,519.739990234375,520.9099731445312,511.4294128417969,36716400.0
2024-05-14,521.1099853515625,523.8300170898438,520.5599975585938,523.2999877929688,513.7760009765625,57535900.0
2024-05-15,525.8300170898438,530.0800170898438,525.1799926757812,529.780029296875,520.137939453125,59504900.0
2024-05-16,529.8800048828125,531.52001953125,528.5399780273438,528.6900024414062,519.0677490234375,50244800.0
2024-05-17,528.8099975585938,529.52001953125,527.3200073242188,529.4500122070312,519.8140258789062,59187600.0
2024-05-20,529.5700073242188,531.5599975585938,529.1699829101562,530.0599975585938,520.4129028320312,37764200.0
2024-05-21,529.280029296875,531.52001953125,529.0700073242188,531.3599853515625,521.6892700195312,33437000.0
2024-05-22,530.6500244140625,531.3800048828125,527.5999755859375,529.8300170898438,520.1870727539062,48390000.0
2024-05-23,532.9600219726562,533.0700073242188,524.719970703125,525.9600219726562,516.3875122070312,57211200.0
2024-05-24,527.8499755859375,530.27001953125,526.8800048828125,529.4400024414062,519.80419921875,41291100.0
2024-05-28,530.27001953125,530.510009765625,527.1099853515625,529.8099975585938,520.1674194335938,36269600.0
2024-05-29,525.6799926757812,527.3099975585938,525.3699951171875,526.0999755859375,516.5248413085938,45190300.0
2024-05-30,524.52001953125,525.2000122070312,521.3300170898438,522.6099853515625,513.0985107421875,46377600.0
2024-05-31,523.5900268554688,527.5,518.3599853515625,527.3699951171875,517.7718505859375,90785800.0
2024-06-03,529.02001953125,529.3099975585938,522.5999755859375,527.7999877929688,518.1940307617188,46835700.0
2024-06-04,526.4600219726562,529.1500244140625,524.9600219726562,528.3900146484375,518.7733154296875,34632700.0
2024-06-05,530.77001953125,534.6900024414062,528.72998046875,534.6699829101562,524.93896484375,47610400.0
2024-06-06,534.97998046875,535.4199829101562,532.6799926757812,534.6599731445312,524.92919921875,30808500.0
2024-06-07,533.6599731445312,536.8900146484375,532.5399780273438,534.010009765625,524.291015625,43224500.0
2024-06-10,533.1799926757812,535.989990234375,532.5700073242188,535.6599731445312,525.9109497070312,35686100.0
2024-06-11,534.0700073242188,537.010009765625,532.0499877929688,536.9500122070312,527.1774291992188,36383400.0
2024-06-12,541.6300048828125,544.1199951171875,540.2999877929688,541.3599853515625,531.5072021484375,63251300.0
2024-06-13,543.1500244140625,543.3300170898438,539.5900268554688,542.4500122070312,532.5774536132812,44760900.0
2024-06-14,540.8800048828125,542.8099975585938,539.8499755859375,542.780029296875,532.9013671875,40089900.0
2024-06-17,542.0800170898438,548.530029296875,541.6099853515625,547.0999755859375,537.1427001953125,55839500.0
2024-06-18,547.1599731445312,548.6199951171875,546.72998046875,548.489990234375,538.5074462890625,41376400.0
2024-06-20,549.4400024414062,550.1199951171875,545.1799926757812,547.0,537.0444946289062,70328200.0
2024-06-21,544.4000244140625,545.6500244140625,543.02001953125,544.510009765625,536.3245849609375,64338600.0
2024-06-24,544.3300170898438,546.9500122070312,542.6199951171875,542.739990234375,534.5811767578125,45528700.0
2024-06-25,543.989990234375,545.2000122070312,542.4400024414062,544.8300170898438,536.6398315429688,37936200.0
2024-06-26,543.6900024414062,546.239990234375,543.030029296875,545.510009765625,537.3095092773438,38550600.0
2024-06-27,545.3699951171875,546.9600219726562,544.6099853515625,546.3699951171875,538.1565551757812,35041500.0
2024-06-28,547.1599731445312,550.280029296875,542.9500122070312,544.219970703125,536.0389404296875,76144500.0
2024-07-01,545.6300048828125,545.8800048828125,542.52001953125,545.3400268554688,537.14208984375,40297800.0
2024-07-02,543.7000122070312,549.010009765625,543.6500244140625,549.010009765625,540.7569580078125,40434800.0
2024-07-03,548.6900024414062,551.8300170898438,548.6500244140625,551.4600219726562,543.1700439453125,32789900.0
2024-07-05,551.77001953125,555.0499877929688,551.1199951171875,554.6400146484375,546.3023071289062,41488400.0
2024-07-08,555.4400024414062,556.25,554.1900024414062,555.280029296875,546.9326782226562,36110500.0
2024-07-09,556.260009765625,557.1799926757812,555.52001953125,555.8200073242188,547.464599609375,27289700.0
2024-07-10,557.0700073242188,561.6699829101562,556.77001953125,561.3200073242188,552.8818969726562,38701200.0
2024-07-11,561.4400024414062,562.3300170898438,555.8300170898438,556.47998046875,548.1145629882812,53054200.0
2024-07-12,557.6300048828125,563.6699829101562,557.1500244140625,559.989990234375,551.5718383789062,53084400.0
2024-07-15,562.030029296875,564.8400268554688,559.6300048828125,561.530029296875,553.0887451171875,40584300.0
2024-07-16,562.8699951171875,565.1599731445312,562.0999755859375,564.8599853515625,556.36865234375,36475300.0
2024-07-17,558.7999877929688,560.510009765625,556.6099853515625,556.9400024414062,548.5676879882812,57119000.0
2024-07-18,558.510009765625,559.52001953125,550.4299926757812,552.6599731445312,544.35205078125,56270400.0
2024-07-19,552.4199829101562,554.0800170898438,547.9099731445312,548.989990234375,540.7372436523438,65509100.0
2024-07-22,553.0,555.27001953125,551.02001953125,554.6500244140625,546.3121337890625,43346700.0
2024-07-23,554.5399780273438,556.739990234375,553.280029296875,553.780029296875,545.4552612304688,34439600.0
2024-07-24,548.8599853515625,549.1699829101562,540.2899780273438,541.22998046875,533.0938720703125,74515300.0
2024-07-25,541.3499755859375,547.4600219726562,537.4500122070312,538.4099731445312,530.316162109375,61158300.0
2024-07-26,542.280029296875,547.1900024414062,541.489990234375,544.4400024414062,536.255615234375,53763800.0
2024-07-29,546.02001953125,547.0499877929688,542.719970703125,544.760009765625,536.57080078125,39515800.0
2024-07-30,546.260009765625,547.3400268554688,538.52001953125,542.0,533.852294921875,46853600.0
2024-07-31,548.97998046875,553.5,547.5800170898438,550.8099975585938,542.5299072265625,65663400.0
2024-08-01,552.5700073242188,554.8699951171875,539.4299926757812,543.010009765625,534.84716796875,76428700.0
2024-08-02,535.75,536.989990234375,528.5999755859375,532.9000244140625,524.8890991210938,82789100.0
2024-08-05,511.6400146484375,523.5800170898438,510.2699890136719,517.3800048828125,509.6024169921875,146267400.0
2024-08-06,519.219970703125,529.75,517.8699951171875,522.1500244140625,514.3007202148438,84826300.0
2024-08-07,528.469970703125,531.5900268554688,518.0499877929688,518.6599731445312,510.8631591796875,70698300.0
2024-08-08,523.9099731445312,531.2899780273438,521.8400268554688,530.6500244140625,522.6729125976562,63276600.0
2024-08-09,529.8099975585938,534.510009765625,528.5599975585938,532.989990234375,524.977783203125,45619600.0
2024-08-12,534.2100219726562,535.72998046875,530.9500122070312,533.27001953125,525.2535400390625,42542100.0
2024-08-13,536.530029296875,542.280029296875,536.280029296875,542.0399780273438,533.8916625976562,52333100.0
2024-08-14,542.8499755859375,544.9600219726562,540.1199951171875,543.75,535.5759887695312,42446900.0
2024-08-15,549.5,553.3599853515625,548.8800048828125,553.0700073242188,544.755859375,60846800.0
2024-08-16,551.4199829101562,555.02001953125,551.260009765625,554.3099975585938,545.9772338867188,44430700.0
2024-08-19,554.72998046875,559.6099853515625,553.8599853515625,559.6099853515625,551.1975708007812,39121800.0
2024-08-20,559.1500244140625,560.8400268554688,557.3300170898438,558.7000122070312,550.30126953125,33732300.0
2024-08-21,559.77001953125,562.1099853515625,554.72998046875,560.6199951171875,552.1923828125,41514600.0
2024-08-22,562.5599975585938,563.1799926757812,554.97998046875,556.219970703125,547.8585205078125,56121500.0
2024-08-23,559.530029296875,563.0900268554688,557.2899780273438,562.1300048828125,553.6796875,50639400.0
2024-08-26,563.1799926757812,563.9099731445312,559.0499877929688,560.7899780273438,552.35986328125,35788600.0
2024-08-27,559.489990234375,562.0599975585938,558.3200073242188,561.5599975585938,553.1182250976562,32693900.0
2024-08-28,561.2100219726562,561.6500244140625,555.0399780273438,558.2999877929688,549.9072875976562,41066000.0
2024-08-29,560.3099975585938,563.6799926757812,557.1799926757812,558.3499755859375,549.9564819335938,38715200.0
2024-08-30,560.77001953125,564.2000122070312,557.1400146484375,563.6799926757812,555.2064819335938,62700100.0
2024-09-03,560.469970703125,560.8099975585938,549.510009765625,552.0800170898438,543.7808227539062,60600100.0
2024-09-04,550.2000122070312,554.4299926757812,549.4600219726562,550.9500122070312,542.6677856445312,47224900.0
2024-09-05,550.8900146484375,553.7999877929688,547.0999755859375,549.6099853515625,541.347900390625,44264300.0
2024-09-06,549.9400024414062,551.5999755859375,539.4400024414062,540.3599853515625,532.2369384765625,68493800.0
2024-09-09,544.6500244140625,547.7100219726562,542.6799926757812,546.4099731445312,538.1959228515625,40445800.0
2024-09-10,548.3599853515625,549.1500244140625,543.3800048828125,548.7899780273438,540.5402221679688,36394600.0
2024-09-11,548.7000122070312,555.3599853515625,539.9600219726562,554.4199829101562,546.0856323242188,75248600.0
2024-09-12,555.010009765625,559.4000244140625,552.739990234375,559.0900268554688,550.6853637695312,51819600.0
2024-09-13,559.7100219726562,563.030029296875,559.4500122070312,562.010009765625,553.5615844726562,39310500.0
2024-09-16,561.739990234375,563.1099853515625,559.9000244140625,562.8400268554688,554.3790283203125,36656100.0
2024-09-17,565.0999755859375,566.5800170898438,560.7899780273438,563.0700073242188,554.6055908203125,49321000.0
2024-09-18,563.739990234375,568.6900024414062,560.8300170898438,561.4000244140625,552.960693359375,59044900.0
2024-09-19,571.010009765625,572.8800048828125,568.0800170898438,570.97998046875,562.3966064453125,75315500.0
2024-09-20,567.8400268554688,569.3099975585938,565.1699829101562,568.25,561.4244995117188,77503100.0
2024-09-23,569.3400268554688,570.3300170898438,568.0999755859375,569.6699829101562,562.827392578125,44116900.0
2024-09-24,570.47998046875,571.3599853515625,567.5999755859375,571.2999877929688,564.4378051757812,46805700.0
2024-09-25,571.1400146484375,571.8900146484375,568.9099731445312,570.0399780273438,563.1929321289062,38428600.0
2024-09-26,574.3800048828125,574.7100219726562,569.9000244140625,572.2999877929688,565.4258422851562,48336000.0
2024-09-27,573.3900146484375,574.219970703125,570.4199829101562,571.469970703125,564.6057739257812,42100900.0
2024-09-30,570.4199829101562,574.3800048828125,568.0800170898438,573.760009765625,566.8682861328125,63557400.0
2024-10-01,573.4000244140625,574.0599975585938,566.0,568.6199951171875,561.7900390625,72668800.0
2024-10-02,567.7100219726562,569.9000244140625,565.27001953125,568.8599853515625,562.0271606445312,38097800.0
2024-10-03,567.3599853515625,569.7999877929688,565.489990234375,567.8200073242188,560.9996337890625,40846500.0
2024-10-04,572.3499755859375,573.3599853515625,568.0999755859375,572.97998046875,566.09765625,42939100.0
2024-10-07,571.2999877929688,571.9600219726562,566.6300048828125,567.7999877929688,560.9798583984375,49964700.0
2024-10-08,570.4199829101562,573.780029296875,569.530029296875,573.1699829101562,566.285400390625,37398700.0
2024-10-09,573.1599731445312,577.7100219726562,572.5499877929688,577.1400146484375,570.2077026367188,37912200.0
2024-10-10,575.77001953125,577.5800170898438,574.489990234375,576.1300048828125,569.2098388671875,44138100.0
2024-10-11,576.0499877929688,580.3300170898438,575.9099731445312,579.5800170898438,572.618408203125,42268000.0
2024-10-14,581.219970703125,585.27001953125,580.72998046875,584.3200073242188,577.3014526367188,36217200.0
2024-10-15,584.5900268554688,584.9000244140625,578.5399780273438,579.780029296875,572.8159790039062,54203600.0
2024-10-16,579.780029296875,582.8300170898438,578.9600219726562,582.2999877929688,575.3057250976562,30725400.0
2024-10-17,585.9099731445312,586.1199951171875,582.1599731445312,582.3499755859375,575.3550415039062,34393700.0
2024-10-18,584.0700073242188,585.3900146484375,582.5800170898438,584.5900268554688,577.5682373046875,37416800.0
2024-10-21,583.8499755859375,584.8499755859375,580.5999755859375,583.6300048828125,576.6196899414062,36439000.0
2024-10-22,581.0499877929688,584.5,580.3800048828125,583.3200073242188,576.3134155273438,34183800.0
2024-10-23,581.260009765625,581.7100219726562,574.4199829101562,577.989990234375,571.0474853515625,49314600.0
2024-10-24,579.97998046875,580.0599975585938,576.5700073242188,579.239990234375,572.2824096679688,34979900.0
2024-10-25,581.510009765625,584.4600219726562,578.0800170898438,579.0399780273438,572.0848388671875,47268200.0
2024-10-28,582.5800170898438,582.7100219726562,580.52001953125,580.8300170898438,573.8533935546875,30174700.0
2024-10-29,579.8499755859375,582.9099731445312,578.4299926757812,581.77001953125,574.7821044921875,42899700.0
2024-10-30,581.2899780273438,583.3200073242188,579.2899780273438,580.010009765625,573.043212890625,41435800.0
2024-10-31,575.5599975585938,575.6300048828125,568.4400024414062,568.6400146484375,561.809814453125,60182500.0
2024-11-01,571.3200073242188,575.5499877929688,570.6199951171875,571.0399780273438,564.180908203125,45667500.0
2024-11-04,571.1799926757812,572.5,567.8900146484375,569.8099975585938,562.9656982421875,38217000.0
2024-11-05,570.739990234375,576.739990234375,570.52001953125,576.7000122070312,569.7730102539062,39478300.0
2024-11-06,589.2000122070312,591.9299926757812,585.3900146484375,591.0399780273438,583.940673828125,68182000.0
2024-11-07,593.0800170898438,596.6500244140625,593.0,595.6099853515625,588.4558715820312,47233200.0
2024-11-08,596.1699829101562,599.6400146484375,596.1699829101562,598.1900024414062,591.0048828125,46444900.0
2024-11-11,599.8099975585938,600.1699829101562,597.0,598.760009765625,591.5680541992188,37586800.0
2024-11-12,598.6799926757812,599.2899780273438,594.3699951171875,596.9000244140625,589.7303466796875,43006100.0
2024-11-13,597.3699951171875,599.22998046875,594.9600219726562,597.1900024414062,590.0169067382812,47388600.0
2024-11-14,597.3200073242188,597.8099975585938,592.6500244140625,593.3499755859375,586.2229614257812,38904100.0
2024-11-15,589.719970703125,590.2000122070312,583.8599853515625,585.75,578.7142944335938,75988800.0
2024-11-18,586.219970703125,589.489990234375,585.3400268554688,588.1500244140625,581.08544921875,37001700.0
2024-11-19,584.7100219726562,591.0399780273438,584.030029296875,590.2999877929688,583.2095947265625,49412000.0
2024-11-20,590.3800048828125,590.7899780273438,584.6300048828125,590.5,583.4072265625,50032600.0
2024-11-21,593.4000244140625,595.1199951171875,587.4500122070312,593.6699829101562,586.5391845703125,46750300.0
2024-11-22,593.6599731445312,596.1500244140625,593.1500244140625,595.510009765625,588.3569946289062,38226400.0
2024-11-25,599.52001953125,600.8599853515625,595.2000122070312,597.530029296875,590.352783203125,42441400.0
2024-11-26,598.7999877929688,601.3300170898438,598.0700073242188,600.6500244140625,593.435302734375,45621300.0
2024-11-27,600.4600219726562,600.8499755859375,597.280029296875,598.8300170898438,591.63720703125,34000200.0
2024-11-29,599.6599731445312,603.3499755859375,599.3800048828125,602.5499877929688,595.3125,30177400.0
2024-12-02,602.969970703125,604.3200073242188,602.469970703125,603.6300048828125,596.3795166015625,31746000.0
2024-12-03,603.3900146484375,604.1599731445312,602.3400268554688,603.9099731445312,596.6561279296875,26906600.0
2024-12-04,605.6300048828125,607.9099731445312,604.9500122070312,607.6599731445312,600.3610229492188,42787600.0
2024-12-05,607.6599731445312,608.47998046875,606.2999877929688,606.6599731445312,599.3731079101562,28762200.0
2024-12-06,607.4400024414062,609.0700073242188,607.02001953125,607.8099975585938,600.50927734375,31241500.0
2024-12-09,607.6900024414062,607.8599853515625,604.0800170898438,604.6799926757812,597.4168701171875,34742700.0
2024-12-10,605.3699951171875,605.7999877929688,602.1300048828125,602.7999877929688,595.5594482421875,37234500.0
2024-12-11,605.780029296875,608.4299926757812,605.5,607.4600219726562,600.1635131835938,28677700.0
2024-12-12,606.5800170898438,607.1599731445312,604.3300170898438,604.3300170898438,597.071044921875,31543800.0
2024-12-13,606.4000244140625,607.1300048828125,602.8099975585938,604.2100219726562,596.9525756835938,35904700.0
2024-12-16,606.0,607.780029296875,605.2100219726562,606.7899780273438,599.5015258789062,43695200.0
2024-12-17,604.1900024414062,605.1699829101562,602.8900146484375,604.2899780273438,597.0315551757812,55773500.0
2024-12-18,603.97998046875,606.4099731445312,585.8900146484375,586.280029296875,579.2379150390625,108248700.0
2024-12-19,591.3599853515625,593.0,585.8499755859375,586.0999755859375,579.0601196289062,85919500.0
2024-12-20,581.77001953125,595.75,580.9099731445312,591.1500244140625,586.01513671875,125716700.0
2024-12-23,590.8900146484375,595.2999877929688,587.6599731445312,594.6900024414062,589.5244140625,57635800.0
2024-12-24,596.0599975585938,601.3400268554688,595.469970703125,601.2999877929688,596.0769653320312,33160100.0
2024-12-26,599.5,602.47998046875,598.0800170898438,601.3400268554688,596.1166381835938,41219100.0
2024-12-27,597.5399780273438,597.780029296875,590.760009765625,595.010009765625,589.8416137695312,64969300.0
2024-12-30,587.8900146484375,591.739990234375,584.4099731445312,588.219970703125,583.110595703125,56578800.0
2024-12-31,589.9099731445312,590.6400146484375,584.4199829101562,586.0800170898438,580.9891357421875,57052700.0
2025-01-02,589.3900146484375,591.1300048828125,580.5,584.6400146484375,579.5617065429688,50204000.0
2025-01-03,587.530029296875,592.5999755859375,586.4299926757812,591.9500122070312,586.8081665039062,37888500.0
2025-01-06,596.27001953125,599.7000122070312,593.5999755859375,595.3599853515625,590.1885375976562,47679400.0
2025-01-07,597.4199829101562,597.75,586.780029296875,588.6300048828125,583.5170288085938,60393100.0
2025-01-08,588.7000122070312,590.5800170898438,585.2000122070312,589.489990234375,584.3695068359375,47304700.0
2025-01-10,585.8800048828125,585.9500122070312,578.5499877929688,580.489990234375,575.4476928710938,73105000.0
2025-01-13,575.77001953125,581.75,575.3499755859375,581.3900146484375,576.3399047851562,47910100.0
2025-01-14,584.3599853515625,585.0,578.3499755859375,582.1900024414062,577.1329345703125,48420600.0
2025-01-15,590.3300170898438,593.9400024414062,589.2000122070312,592.780029296875,587.6310424804688,56900200.0
2025-01-16,594.1699829101562,594.3499755859375,590.9299926757812,591.6400146484375,586.5008544921875,43319700.0
2025-01-17,596.9600219726562,599.3599853515625,595.6099853515625,597.5800170898438,592.3892822265625,58070600.0
2025-01-21,600.6699829101562,603.0599975585938,598.6699829101562,603.0499877929688,597.811767578125,42532900.0
2025-01-22,605.9199829101562,607.8200073242188,605.3599853515625,606.4400024414062,601.1723022460938,48196000.0
2025-01-23,605.7999877929688,609.75,605.52001953125,609.75,604.4535522460938,41152100.0
2025-01-24,609.8099975585938,610.780029296875,606.7999877929688,607.969970703125,602.68896484375,34604700.0
2025-01-27,594.8099975585938,599.6900024414062,594.6400146484375,599.3699951171875,594.1636962890625,70361100.0
2025-01-28,600.6199951171875,605.3699951171875,597.25,604.52001953125,599.26904296875,44433300.0
2025-01-29,603.719970703125,604.1300048828125,599.219970703125,601.8099975585938,596.58251953125,37177400.0
2025-01-30,603.9600219726562,606.5999755859375,600.719970703125,605.0399780273438,599.784423828125,39281300.0
2025-01-31,607.5,609.9600219726562,601.0499877929688,601.8200073242188,596.5924682617188,66566900.0
2025-02-03,592.6699829101562,600.2899780273438,590.489990234375,597.77001953125,592.57763671875,65857200.0
2025-02-04,597.8300170898438,602.2999877929688,597.280029296875,601.780029296875,596.5527954101562,33457800.0
2025-02-05,600.6400146484375,604.3699951171875,598.5800170898438,604.219970703125,598.9714965820312,30653100.0
2025-02-06,605.989990234375,606.4500122070312,602.6300048828125,606.3200073242188,601.0533447265625,35771500.0
2025-02-07,606.8900146484375,608.1300048828125,600.0499877929688,600.77001953125,595.5515747070312,50788500.0
2025-02-10,604.030029296875,605.5,602.739990234375,604.8499755859375,599.5960693359375,26048700.0
2025-02-11,602.5499877929688,605.8599853515625,602.4299926757812,605.3099975585938,600.0521240234375,30056700.0
2025-02-12,599.2000122070312,604.5499877929688,598.510009765625,603.3599853515625,598.1190795898438,45076100.0
2025-02-13,604.47998046875,609.9400024414062,603.2000122070312,609.72998046875,604.4337158203125,40921300.0
2025-02-14,609.9400024414062,610.989990234375,609.0700073242188,609.7000122070312,604.4039916992188,26910400.0
2025-02-18,610.8800048828125,611.489990234375,608.3800048828125,611.489990234375,606.1784057617188,26749000.0
2025-02-19,610.0800170898438,613.22998046875,609.5599975585938,612.9299926757812,607.6058959960938,31011100.0
2025-02-20,611.5399780273438,611.6799926757812,607.02001953125,610.3800048828125,605.078125,36554000.0
2025-02-21,610.1599731445312,610.2999877929688,599.469970703125,599.9400024414062,594.7288208007812,76519800.0
2025-02-24,602.02001953125,603.030029296875,596.489990234375,597.2100219726562,592.0225219726562,50737200.0
2025-02-25,597.1500244140625,597.8900146484375,589.5599975585938,594.239990234375,589.0783081054688,58266500.0
2025-02-26,595.9299926757812,599.5800170898438,591.8599853515625,594.5399780273438,589.3756103515625,43321600.0
2025-02-27,596.8499755859375,598.02001953125,584.6500244140625,585.0499877929688,579.9680786132812,74196700.0
2025-02-28,585.5599975585938,594.719970703125,582.4400024414062,594.1799926757812,589.018798828125,88744100.0
2025-03-03,596.1799926757812,597.3400268554688,579.9000244140625,583.77001953125,578.69921875,74249200.0
2025-03-04,579.7100219726562,585.3900146484375,572.25,576.8599853515625,571.8492431640625,109648200.0
2025-03-05,576.6900024414062,584.8800048828125,573.0800170898438,583.0599975585938,577.995361328125,71230500.0
2025-03-06,575.47998046875,580.1699829101562,570.1199951171875,572.7100219726562,567.7352905273438,80094900.0
2025-03-07,570.9000244140625,577.3900146484375,565.6300048828125,575.9199829101562,570.9173583984375,81158800.0
2025-03-10,567.5900268554688,569.5399780273438,555.5900268554688,560.5800170898438,555.710693359375,99326600.0
2025-03-11,559.4000244140625,564.02001953125,552.02001953125,555.9199829101562,551.0911254882812,88102100.0
2025-03-12,562.1699829101562,563.1099853515625,553.6900024414062,558.8699951171875,554.0155029296875,69588200.0
2025-03-13,558.489990234375,559.1099853515625,549.6799926757812,551.4199829101562,546.6302490234375,74079400.0
2025-03-14,556.1099853515625,563.8300170898438,551.489990234375,562.8099975585938,557.9212646484375,62660300.0
2025-03-17,562.7899780273438,569.7100219726562,562.3499755859375,567.1500244140625,562.2235717773438,49008700.0
2025-03-18,564.7999877929688,565.02001953125,559.0599975585938,561.02001953125,556.1468505859375,66041400.0
2025-03-19,562.8300170898438,570.9500122070312,561.6300048828125,567.1300048828125,562.2037353515625,66556000.0
2025-03-20,563.3300170898438,570.5700073242188,562.5999755859375,565.489990234375,560.5780029296875,62958200.0
2025-03-21,559.280029296875,564.8900146484375,558.030029296875,563.97998046875,560.762939453125,83763000.0
2025-03-24,570.7999877929688,575.1500244140625,570.2000122070312,574.0800170898438,570.8053588867188,58766800.0
2025-03-25,575.2999877929688,576.4099731445312,573.6900024414062,575.4600219726562,572.177490234375,38355700.0
2025-03-26,575.1900024414062,576.3300170898438,567.1900024414062,568.5900268554688,565.3466796875,51848300.0
2025-03-27,567.1799926757812,570.9000244140625,564.9400024414062,567.0800170898438,563.8452758789062,42164200.0
2025-03-28,565.530029296875,566.27001953125,555.0700073242188,555.6599731445312,552.4904174804688,71662700.0
2025-03-31,549.8300170898438,560.7100219726562,546.8699951171875,559.3900146484375,556.1991577148438,95328200.0
2025-04-01,557.4500122070312,562.9400024414062,553.6799926757812,560.969970703125,557.7700805664062,54609600.0
2025-04-02,555.0499877929688,567.4199829101562,554.8099975585938,564.52001953125,561.2998657226562,76014500.0
2025-04-03,545.1099853515625,547.969970703125,536.7000122070312,536.7000122070312,533.6386108398438,125986000.0
2025-04-04,523.6699829101562,525.8699951171875,505.05999755859375,505.2799987792969,502.3977966308594,217965100.0
2025-04-07,489.1900024414063,523.1699829101562,481.7999877929688,504.3800048828125,501.5029296875,256611400.0
2025-04-08,521.8599853515625,524.97998046875,489.1600036621094,496.4800109863281,493.6480102539063,165816600.0
2025-04-09,493.4400024414063,548.6199951171875,493.0499877929688,548.6199951171875,545.4906005859375,241867300.0
2025-04-10,532.1699829101562,533.5,509.3200073242188,524.5800170898438,521.5877685546875,162331200.0
2025-04-11,523.010009765625,536.4299926757812,520.0700073242188,533.9400024414062,530.8943481445312,97866300.0
2025-04-14,544.0499877929688,544.280029296875,533.8599853515625,539.1199951171875,536.0447387695312,68034000.0
2025-04-15,539.6699829101562,543.22998046875,536.8099975585938,537.6099853515625,534.5433349609375,56892900.0
2025-04-16,531.6799926757812,537.8900146484375,520.2899780273438,525.6599731445312,522.6615600585938,83484800.0
2025-04-17,527.6400146484375,531.1699829101562,523.9099731445312,526.4099731445312,523.4072265625,79868100.0
2025-04-21,521.1599731445312,521.7000122070312,508.4599914550781,513.8800048828125,510.94873046875,69368100.0
2025-04-22,520.1400146484375,529.2999877929688,519.1900024414062,527.25,524.2424926757812,75948100.0
2025-04-23,540.4299926757812,545.4299926757812,533.8800048828125,535.4199829101562,532.3658447265625,90590700.0
2025-04-24,536.719970703125,547.4299926757812,535.4500122070312,546.6900024414062,543.5715942382812,64150400.0
2025-04-25,546.6500244140625,551.0499877929688,543.6900024414062,550.6400146484375,547.4990234375,61119600.0
2025-04-28,551.3900146484375,553.5499877929688,545.02001953125,550.8499755859375,547.7078247070312,47613800.0
2025-04-29,548.9099731445312,555.4500122070312,548.5499877929688,554.3200073242188,551.1580200195312,47775100.0
2025-04-30,547.5700073242188,556.52001953125,541.52001953125,554.5399780273438,551.3768310546875,93101500.0
2025-05-01,560.3699951171875,564.0700073242188,557.8599853515625,558.469970703125,555.2843627929688,63186100.0
2025-05-02,564.72998046875,568.3800048828125,562.3800048828125,566.760009765625,563.527099609375,60717300.0
2025-05-05,562.5700073242188,566.6500244140625,561.7000122070312,563.510009765625,560.295654296875,38659200.0
2025-05-06,557.9299926757812,563.3499755859375,556.9600219726562,558.7999877929688,555.6124877929688,48264700.0
2025-05-07,560.1500244140625,563.8200073242188,556.0399780273438,561.1500244140625,557.9490966796875,55588000.0
2025-05-08,565.239990234375,570.3099975585938,561.7000122070312,565.0599975585938,561.8367919921875,65130800.0
2025-05-09,566.47998046875,567.5,562.760009765625,564.3400268554688,561.1209716796875,37603400.0
2025-05-12,581.469970703125,583.0,577.0399780273438,582.989990234375,579.66455078125,78993600.0
2025-05-13,583.4099731445312,589.0800170898438,582.8400268554688,586.8400268554688,583.4925537109375,67947200.0
2025-05-14,587.8099975585938,588.97998046875,585.5399780273438,587.5900268554688,584.23828125,66283500.0
2025-05-15,585.5599975585938,590.969970703125,585.0999755859375,590.4600219726562,587.0919189453125,71268100.0
2025-05-16,591.25,594.5,589.280029296875,594.2000122070312,590.8106079101562,76052100.0
2025-05-19,588.0999755859375,595.5399780273438,588.0999755859375,594.8499755859375,591.4568481445312,68168500.0
2025-05-20,593.0900268554688,594.0499877929688,589.5999755859375,592.8499755859375,589.46826171875,60614500.0
2025-05-21,588.4400024414062,592.5800170898438,581.8200073242188,582.8599853515625,579.5352783203125,95197700.0
2025-05-22,582.6599731445312,586.6199951171875,581.4099731445312,583.0900268554688,579.7639770507812,70860400.0
2025-05-23,575.97998046875,581.8099975585938,575.5999755859375,579.1099853515625,575.806640625,76029000.0
2025-05-27,586.0700073242188,591.3099975585938,578.4299926757812,591.1500244140625,587.7780151367188,72588500.0
2025-05-28,591.5599975585938,592.77001953125,586.989990234375,587.72998046875,584.37744140625,68445500.0
2025-05-29,593.0599975585938,593.2000122070312,586.0700073242188,590.0499877929688,586.6842651367188,69973300.0
2025-05-30,588.9299926757812,591.1300048828125,583.239990234375,589.3900146484375,586.0280151367188,90601200.0
2025-06-02,587.760009765625,592.7899780273438,585.0599975585938,592.7100219726562,589.3291015625,61630500.0
2025-06-03,592.3400268554688,597.0800170898438,591.8499755859375,596.0900268554688,592.6898193359375,63606200.0
2025-06-04,596.9600219726562,597.9500122070312,595.489990234375,595.9299926757812,592.5307006835938,57314200.0
2025-06-05,597.6300048828125,599.0,591.0499877929688,593.0499877929688,589.6671142578125,92278700.0
2025-06-06,598.6599731445312,600.8300170898438,596.8599853515625,599.1400146484375,595.722412109375,66588700.0
2025-06-09,599.719970703125,601.25,598.489990234375,599.6799926757812,596.2593383789062,53016400.0
2025-06-10,600.219970703125,603.469970703125,599.0900268554688,603.0800170898438,599.6399536132812,66247000.0
2025-06-11,604.1900024414062,605.0599975585938,599.27001953125,601.3599853515625,597.9297485351562,73658200.0
2025-06-12,600.010009765625,603.75,599.52001953125,603.75,600.3060913085938,64129000.0
2025-06-13,598.5,601.8499755859375,595.47998046875,597.0,593.5946044921875,89506000.0
2025-06-16,600.4000244140625,604.4500122070312,600.219970703125,602.6799926757812,599.2421875,79984100.0
2025-06-17,600.2100219726562,601.75,596.760009765625,597.530029296875,594.12158203125,82209400.0
2025-06-18,598.4400024414062,601.219970703125,596.469970703125,597.4400024414062,594.0321044921875,76605000.0
2025-06-20,598.3800048828125,599.4600219726562,592.8599853515625,594.280029296875,592.636962890625,94051400.0
2025-06-23,595.0399780273438,600.5399780273438,591.8900146484375,600.1500244140625,598.49072265625,87426000.0
2025-06-24,604.3300170898438,607.8499755859375,603.4099731445312,606.780029296875,605.1024169921875,67735300.0
2025-06-25,607.9099731445312,608.6099853515625,605.5399780273438,607.1199951171875,605.4414672851562,62114800.0
2025-06-26,608.989990234375,612.3099975585938,608.3699951171875,611.8699951171875,610.1783447265625,78548400.0
2025-06-27,612.8800048828125,616.3900146484375,610.8300170898438,614.9099731445312,613.2098999023438,86258400.0
2025-06-30,617.3800048828125,619.219970703125,615.0399780273438,617.8499755859375,616.1417846679688,92502500.0
2025-07-01,616.3599853515625,618.8300170898438,615.52001953125,617.6500244140625,615.9423828125,70030100.0
2025-07-02,617.239990234375,620.489990234375,616.6099853515625,620.4500122070312,618.734619140625,66510400.0
2025-07-03,622.4500122070312,626.280029296875,622.4299926757812,625.3400268554688,623.611083984375,51065800.0
2025-07-07,623.3599853515625,624.030029296875,617.8699951171875,620.6799926757812,618.9639892578125,74814500.0
2025-07-08,621.3499755859375,622.1099853515625,619.52001953125,620.3400268554688,618.6249389648438,59024600.0
2025-07-09,622.77001953125,624.719970703125,620.9099731445312,624.0599975585938,622.3345947265625,66113300.0
2025-07-10,624.2000122070312,626.8699951171875,623.010009765625,625.8200073242188,624.0897827148438,57529000.0
2025-07-11,622.739990234375,624.8599853515625,621.530029296875,623.6199951171875,621.8958129882812,63670200.0
2025-07-14,623.1599731445312,625.1599731445312,621.7999877929688,624.8099975585938,623.08251953125,51898500.0
2025-07-15,627.52001953125,627.8599853515625,622.0599975585938,622.1400146484375,620.419921875,74317300.0
2025-07-16,623.739990234375,624.72998046875,618.0499877929688,624.219970703125,622.494140625,88987500.0
2025-07-17,624.4000244140625,628.4000244140625,624.1799926757812,628.0399780273438,626.3035888671875,68885700.0
2025-07-18,629.2999877929688,629.469970703125,626.4600219726562,627.5800170898438,625.8449096679688,65621600.0
2025-07-21,628.77001953125,631.5399780273438,628.3400268554688,628.77001953125,627.0316162109375,63375000.0
2025-07-22,629.0999755859375,629.72998046875,626.1900024414062,628.8599853515625,627.121337890625,60046300.0
2025-07-23,631.5499877929688,634.2100219726562,629.72998046875,634.2100219726562,632.4566040039062,70511000.0
2025-07-24,634.5999755859375,636.1500244140625,633.989990234375,634.4199829101562,632.6659545898438,71307100.0
2025-07-25,635.0900268554688,637.5800170898438,634.8400268554688,637.0999755859375,635.3385620117188,56865400.0
2025-07-28,637.47998046875,638.0399780273438,635.5399780273438,636.9400024414062,635.1790161132812,54917100.0
2025-07-29,638.3499755859375,638.6699829101562,634.3400268554688,635.260009765625,633.503662109375,60556300.0
2025-07-30,635.9199829101562,637.6799926757812,631.5399780273438,634.4600219726562,632.7058715820312,80418900.0
2025-07-31,639.4600219726562,639.8499755859375,630.77001953125,632.0800170898438,630.3324584960938,103385200.0
2025-08-01,626.2999877929688,626.3400268554688,619.2899780273438,621.719970703125,620.0010375976562,140103600.0
2025-08-04,625.6699829101562,631.219970703125,625.5800170898438,631.1699829101562,629.4249267578125,73218000.0
2025-08-05,631.7899780273438,632.6099853515625,627.0399780273438,627.969970703125,626.2337646484375,68051400.0
2025-08-06,629.0499877929688,633.4400024414062,628.1300048828125,632.780029296875,631.030517578125,64357500.0
2025-08-07,636.239990234375,636.97998046875,629.1099853515625,632.25,630.501953125,74205800.0
2025-08-08,634.0599975585938,637.6500244140625,633.739990234375,637.1799926757812,635.4183349609375,64051600.0
2025-08-11,637.4600219726562,638.9500122070312,634.6599731445312,635.9199829101562,634.1618041992188,58742300.0
2025-08-12,638.2899780273438,642.8499755859375,636.7899780273438,642.6900024414062,640.9131469726562,64730800.0
2025-08-13,644.9099731445312,646.1900024414062,642.6799926757812,644.8900146484375,643.1070556640625,60092800.0
2025-08-14,642.7899780273438,645.6199951171875,642.3400268554688,644.9500122070312,643.1668701171875,59327500.0
2025-08-15,645.989990234375,646.0900268554688,642.52001953125,643.4400024414062,641.6610717773438,68592500.0
2025-08-18,642.8599853515625,644.0,642.1799926757812,643.2999877929688,641.5214233398438,43804900.0
2025-08-19,643.1199951171875,644.1099853515625,638.47998046875,639.8099975585938,638.0410766601562,69750700.0
2025-08-20,639.4000244140625,639.6599731445312,632.9500122070312,638.1099853515625,636.3457641601562,88890300.0
2025-08-21,636.280029296875,637.969970703125,633.8099975585938,635.5499877929688,633.7928466796875,54805800.0
2025-08-22,637.760009765625,646.5,637.25,645.3099975585938,643.52587890625,84083200.0
2025-08-25,644.0399780273438,645.2899780273438,642.3499755859375,642.469970703125,640.6936645507812,51274300.0
2025-08-26,642.2000122070312,645.510009765625,641.5700073242188,645.1599731445312,643.3762817382812,51581600.0
2025-08-27,644.5700073242188,647.3699951171875,644.4199829101562,646.6300048828125,644.8422241210938,48341100.0
2025-08-28,647.239990234375,649.47998046875,645.3400268554688,648.9199829101562,647.1258544921875,61519500.0
2025-08-29,647.469970703125,647.8400268554688,643.1400146484375,645.0499877929688,643.2666015625,74522200.0
2025-09-02,637.5,640.489990234375,634.9199829101562,640.27001953125,638.4998168945312,81983500.0
2025-09-03,642.6699829101562,644.2100219726562,640.4600219726562,643.739990234375,641.960205078125,70820900.0
2025-09-04,644.4199829101562,649.1500244140625,643.510009765625,649.1199951171875,647.3253173828125,65219200.0
2025-09-05,651.47998046875,652.2100219726562,643.3300170898438,647.239990234375,645.4505004882812,85178900.0
2025-09-08,648.6199951171875,649.8400268554688,647.22998046875,648.8300170898438,647.0361328125,63133100.0
2025-09-09,648.969970703125,650.8599853515625,647.219970703125,650.3300170898438,648.531982421875,66133900.0
2025-09-10,653.6199951171875,654.5499877929688,650.6300048828125,652.2100219726562,650.4067993164062,78034500.0
2025-09-11,654.1799926757812,658.3300170898438,653.5900268554688,657.6300048828125,655.8118286132812,69934400.0
2025-09-12,657.5999755859375,659.1099853515625,656.9000244140625,657.4099731445312,655.5924072265625,72780100.0
2025-09-15,659.6400146484375,661.0399780273438,659.3400268554688,660.9099731445312,659.0827026367188,63772400.0
2025-09-16,661.469970703125,661.780029296875,659.2100219726562,660.0,658.1752319335938,61169000.0
2025-09-17,660.010009765625,661.719970703125,654.2999877929688,659.1799926757812,657.3575439453125,101952200.0
2025-09-18,661.8900146484375,664.8900146484375,660.27001953125,662.260009765625,660.4290161132812,90459200.0
2025-09-19,662.3300170898438,664.5499877929688,660.3699951171875,663.7000122070312,663.7000122070312,97945600.0
2025-09-22,662.2000122070312,667.2899780273438,662.1699829101562,666.8400268554688,666.8400268554688,69452200.0
2025-09-23,666.719970703125,667.3400268554688,661.97998046875,663.2100219726562,663.2100219726562,81708900.0
2025-09-24,664.510009765625,664.6099853515625,659.6699829101562,661.0999755859375,661.0999755859375,68082200.0
2025-09-25,657.9400024414062,659.4099731445312,654.4099731445312,658.0499877929688,658.0499877929688,89622100.0
2025-09-26,659.510009765625,662.3699951171875,657.8800048828125,661.8200073242188,661.8200073242188,69179200.0
2025-09-29,664.3599853515625,665.280029296875,661.8599853515625,663.6799926757812,663.6799926757812,73499000.0
2025-09-30,662.9299926757812,666.6500244140625,661.6099853515625,666.1799926757812,666.1799926757812,86288000.0
2025-10-01,663.1699829101562,669.3699951171875,663.0599975585938,668.4500122070312,668.4500122070312,72545400.0
2025-10-02,670.4500122070312,670.5700073242188,666.780029296875,669.219970703125,669.219970703125,56896000.0
2025-10-03,669.989990234375,672.6799926757812,668.1599731445312,669.2100219726562,669.2100219726562,70494400.0
2025-10-06,671.6199951171875,672.510009765625,669.4600219726562,671.6099853515625,671.6099853515625,54623300.0
2025-10-07,672.5399780273438,672.989990234375,667.6699829101562,669.1199951171875,669.1199951171875,72020100.0
2025-10-08,670.25,673.2100219726562,669.4199829101562,673.1099853515625,673.1099853515625,60702200.0
2025-10-09,673.530029296875,673.9400024414062,669.2100219726562,671.1599731445312,671.1599731445312,66501900.0
2025-10-10,672.1300048828125,673.9500122070312,652.8400268554688,653.02001953125,653.02001953125,159422600.0
2025-10-13,660.6500244140625,665.1300048828125,659.77001953125,663.0399780273438,663.0399780273438,79560500.0
2025-10-14,657.1699829101562,665.8300170898438,653.1699829101562,662.22998046875,662.22998046875,88779600.0
2025-10-15,666.8200073242188,670.22998046875,658.9299926757812,665.1699829101562,665.1699829101562,81702600.0
2025-10-16,666.8200073242188,668.7100219726562,657.1099853515625,660.6400146484375,660.6400146484375,110563300.0
2025-10-17,659.5,665.760009765625,658.1400146484375,664.3900146484375,664.3900146484375,96500900.0
2025-10-20,667.3200073242188,672.2100219726562,667.27001953125,671.2999877929688,671.2999877929688,60493400.0
2025-10-21,671.4400024414062,672.989990234375,669.97998046875,671.2899780273438,671.2899780273438,56249000.0
2025-10-22,672.0,672.0,663.2999877929688,667.7999877929688,667.7999877929688,80564000.0
2025-10-23,668.1199951171875,672.7100219726562,667.7999877929688,671.760009765625,671.760009765625,65604500.0
2025-10-24,676.4600219726562,678.469970703125,675.6500244140625,677.25,677.25,74356500.0
2025-10-27,682.72998046875,685.5399780273438,682.1199951171875,685.239990234375,685.239990234375,63339800.0
2025-10-28,687.0499877929688,688.9099731445312,684.8300170898438,687.0599975585938,687.0599975585938,61738100.0
2025-10-29,688.719970703125,689.7000122070312,682.8699951171875,687.3900146484375,687.3900146484375,85657100.0
2025-10-30,683.9000244140625,685.9400024414062,679.8300170898438,679.8300170898438,679.8300170898438,76335800.0
2025-10-31,685.0399780273438,685.0800170898438,679.239990234375,682.0599975585938,682.0599975585938,87164100.0
2025-11-03,685.6699829101562,685.7999877929688,679.9400024414062,683.3400268554688,683.3400268554688,57315000.0
2025-11-04,676.1099853515625,679.9600219726562,674.5800170898438,675.239990234375,675.239990234375,78427000.0
2025-11-05,674.97998046875,680.8599853515625,674.1699829101562,677.5800170898438,677.5800170898438,72773754.0
