Date,Open,High,Low,Close,Adj Close,Volume
2007-03-01,24.93000030517578,25.0,24.93000030517578,24.96999931335449,21.25101661682129,4600.0
2007-03-02,25.020000457763672,25.26000022888184,24.950000762939453,24.959999084472656,21.24250221252441,2400.0
2007-03-05,25.11000061035156,25.1299991607666,25.100000381469727,25.1200008392334,21.37867546081543,1100.0
2007-03-06,25.100000381469727,25.100000381469727,25.100000381469727,25.100000381469727,21.36165428161621,400.0
2007-03-07,25.07999992370605,25.07999992370605,24.989999771118164,25.0,21.276546478271484,2800.0
2007-03-08,25.14999961853028,25.14999961853028,25.1200008392334,25.1200008392334,21.37867546081543,42200.0
2007-03-09,25.200000762939453,25.200000762939453,25.15999984741211,25.15999984741211,21.412721633911133,700.0
2007-03-12,25.07999992370605,25.07999992370605,25.07999992370605,25.07999992370605,21.34463119506836,200.0
2007-03-13,25.0,25.020000457763672,25.0,25.020000457763672,21.293567657470703,1100.0
2007-03-14,25.040000915527344,25.040000915527344,24.959999084472656,24.959999084472656,21.24250221252441,2000.0
2007-03-15,24.959999084472656,24.959999084472656,24.959999084472656,24.959999084472656,21.24250221252441,0.0
2007-03-16,24.86000061035156,24.88999938964844,24.86000061035156,24.8700008392334,21.16590881347656,4000.0
2007-03-19,24.8700008392334,25.0,24.8700008392334,25.0,21.276546478271484,2200.0
2007-03-20,24.8799991607666,24.8799991607666,24.850000381469727,24.850000381469727,21.148887634277344,1400.0
2007-03-21,24.780000686645508,24.780000686645508,24.780000686645508,24.780000686645508,21.08931350708008,200.0
2007-03-22,24.799999237060547,24.799999237060547,24.600000381469727,24.780000686645508,21.08931350708008,17500.0
2007-03-23,24.8700008392334,24.93000030517578,24.8700008392334,24.93000030517578,21.21697235107422,4100.0
2007-03-26,24.90999984741211,24.90999984741211,24.850000381469727,24.850000381469727,21.148887634277344,3100.0
2007-03-27,24.8700008392334,24.8700008392334,24.84000015258789,24.84000015258789,21.140378952026367,200.0
2007-03-28,24.799999237060547,24.850000381469727,24.799999237060547,24.84000015258789,21.140378952026367,3400.0
2007-03-29,24.8700008392334,24.8700008392334,24.8700008392334,24.8700008392334,21.16590881347656,100.0
2007-03-30,24.799999237060547,24.799999237060547,24.790000915527344,24.790000915527344,21.097824096679688,200.0
2007-04-02,24.82999992370605,24.850000381469727,24.76000022888184,24.850000381469727,21.148887634277344,4100.0
2007-04-03,24.88999938964844,24.88999938964844,24.8799991607666,24.8799991607666,21.17441749572754,5200.0
2007-04-04,24.850000381469727,24.850000381469727,24.850000381469727,24.850000381469727,21.148887634277344,500.0
2007-04-05,24.770000457763672,24.770000457763672,24.770000457763672,24.770000457763672,21.08080291748047,1100.0
2007-04-09,24.93000030517578,24.959999084472656,24.920000076293945,24.93000030517578,21.21697235107422,22700.0
2007-04-10,24.84000015258789,24.8700008392334,24.82999992370605,24.850000381469727,21.148887634277344,30500.0
2007-04-11,24.850000381469727,25.26000022888184,24.81999969482422,24.850000381469727,21.148887634277344,172000.0
2007-04-12,24.780000686645508,24.780000686645508,24.700000762939453,24.700000762939453,21.02123260498047,8900.0
2007-04-13,24.65999984741211,24.709999084472656,24.63999938964844,24.690000534057617,21.012720108032227,8300.0
2007-04-16,24.690000534057617,24.690000534057617,24.59000015258789,24.59000015258789,20.9276123046875,22600.0
2007-04-17,24.600000381469727,24.600000381469727,24.549999237060547,24.57999992370605,20.91910171508789,23600.0
2007-04-18,24.520000457763672,24.559999465942383,24.459999084472656,24.549999237060547,20.89356803894043,18300.0
2007-04-19,24.540000915527344,24.559999465942383,24.51000022888184,24.549999237060547,20.89356803894043,26800.0
2007-04-20,24.549999237060547,24.549999237060547,24.43000030517578,24.459999084472656,20.81697463989257,24200.0
2007-04-23,24.6299991607666,24.6299991607666,24.549999237060547,24.59000015258789,20.9276123046875,29300.0
2007-04-24,24.59000015258789,24.6299991607666,24.5,24.559999465942383,20.90207862854004,42300.0
2007-04-25,24.540000915527344,24.549999237060547,24.5,24.520000457763672,20.868038177490234,7600.0
2007-04-26,24.6299991607666,24.63999938964844,24.600000381469727,24.6200008392334,20.95314598083496,40800.0
2007-04-27,24.5,24.600000381469727,24.440000534057617,24.540000915527344,20.88505744934082,55800.0
2007-04-30,24.51000022888184,24.530000686645508,24.46999931335449,24.489999771118164,20.842504501342773,6300.0
2007-05-01,24.5,24.64999961853028,24.5,24.63999938964844,20.97016334533692,2500.0
2007-05-02,24.64999961853028,24.670000076293945,24.57999992370605,24.65999984741211,20.9871883392334,21300.0
2007-05-03,24.65999984741211,24.75,24.65999984741211,24.690000534057617,21.012720108032227,13100.0
2007-05-04,24.63999938964844,24.65999984741211,24.559999465942383,24.600000381469727,20.93612289428711,90800.0
2007-05-07,24.600000381469727,24.75,24.600000381469727,24.65999984741211,20.9871883392334,52500.0
2007-05-08,24.65999984741211,24.739999771118164,24.65999984741211,24.729999542236328,21.0467586517334,147000.0
2007-05-09,24.68000030517578,24.76000022888184,24.68000030517578,24.76000022888184,21.07229232788086,9700.0
2007-05-10,24.790000915527344,24.86000061035156,24.76000022888184,24.790000915527344,21.097824096679688,15000.0
2007-05-11,24.81999969482422,24.82999992370605,24.770000457763672,24.809999465942383,21.114845275878903,24100.0
2007-05-14,24.739999771118164,24.799999237060547,24.38999938964844,24.790000915527344,21.097824096679688,15400.0
2007-05-15,24.809999465942383,24.809999465942383,24.63999938964844,24.709999084472656,21.02973747253418,31100.0
2007-05-16,24.780000686645508,24.82999992370605,24.68000030517578,24.81999969482422,21.12335586547852,13000.0
2007-05-17,24.8799991607666,24.88999938964844,24.86000061035156,24.8799991607666,21.17441749572754,8100.0
2007-05-18,24.8700008392334,24.8799991607666,24.81999969482422,24.82999992370605,21.13186454772949,10400.0
2007-05-21,24.920000076293945,24.940000534057617,24.88999938964844,24.89999961853028,21.19144058227539,16400.0
2007-05-22,24.90999984741211,24.920000076293945,24.8799991607666,24.90999984741211,21.199954986572266,7800.0
2007-05-23,24.850000381469727,24.89999961853028,24.600000381469727,24.88999938964844,21.18292999267578,9900.0
2007-05-24,24.8799991607666,24.93000030517578,24.8799991607666,24.93000030517578,21.21697235107422,6100.0
2007-05-25,24.920000076293945,24.920000076293945,24.8700008392334,24.90999984741211,21.199954986572266,10700.0
2007-05-29,24.82999992370605,24.920000076293945,24.809999465942383,24.920000076293945,21.20846366882324,9600.0
2007-05-30,24.920000076293945,24.96999931335449,24.88999938964844,24.959999084472656,21.24250221252441,22600.0
2007-05-31,24.8799991607666,24.920000076293945,24.8799991607666,24.920000076293945,21.20846366882324,2400.0
2007-06-01,24.959999084472656,24.979999542236328,24.89999961853028,24.93000030517578,21.21697235107422,12500.0
2007-06-04,24.82999992370605,24.82999992370605,24.81999969482422,24.82999992370605,21.13186454772949,8000.0
2007-06-05,24.75,24.799999237060547,24.600000381469727,24.76000022888184,21.07229232788086,95700.0
2007-06-06,24.84000015258789,24.8799991607666,24.46999931335449,24.799999237060547,21.106334686279297,54500.0
2007-06-07,24.8799991607666,24.959999084472656,24.86000061035156,24.959999084472656,21.24250221252441,16300.0
2007-06-08,25.09000015258789,25.09000015258789,24.559999465942383,25.040000915527344,21.310590744018555,8400.0
2007-06-11,25.09000015258789,25.1200008392334,25.059999465942383,25.100000381469727,21.36165428161621,9700.0
2007-06-12,25.1200008392334,25.14999961853028,25.06999969482422,25.14999961853028,21.40420722961425,156700.0
2007-06-13,25.209999084472656,25.21999931335449,25.170000076293945,25.200000762939453,21.446762084960938,10200.0
2007-06-14,25.209999084472656,25.229999542236328,25.170000076293945,25.229999542236328,21.472291946411133,12100.0
2007-06-15,25.14999961853028,25.170000076293945,25.09000015258789,25.09000015258789,21.353145599365234,52500.0
2007-06-18,25.06999969482422,25.14999961853028,25.059999465942383,25.059999465942383,21.32761001586914,54900.0
2007-06-19,25.11000061035156,25.11000061035156,25.06999969482422,25.06999969482422,21.33612060546875,2500.0
2007-06-20,25.049999237060547,28.96999931335449,24.07999992370605,24.1200008392334,20.527612686157227,4300.0
2007-06-21,25.100000381469727,25.21999931335449,25.040000915527344,25.100000381469727,21.36165428161621,3300.0
2007-06-22,25.0,25.049999237060547,24.950000762939453,24.950000762939453,21.23399543762207,46800.0
2007-06-25,25.01000022888184,25.049999237060547,25.0,25.030000686645508,21.302080154418945,9400.0
2007-06-26,24.979999542236328,25.020000457763672,24.93000030517578,24.989999771118164,21.268035888671875,17800.0
2007-06-27,25.01000022888184,25.030000686645508,25.01000022888184,25.030000686645508,21.302080154418945,2400.0
2007-06-28,24.96999931335449,25.030000686645508,24.96999931335449,25.030000686645508,21.302080154418945,5900.0
2007-06-29,24.920000076293945,24.989999771118164,24.8799991607666,24.8799991607666,21.17441749572754,3600.0
2007-07-02,24.84000015258789,24.850000381469727,24.6200008392334,24.75,21.063783645629883,15800.0
2007-07-03,24.709999084472656,24.809999465942383,24.709999084472656,24.709999084472656,21.02973747253418,6500.0
2007-07-05,24.809999465942383,24.82999992370605,24.809999465942383,24.82999992370605,21.13186454772949,12100.0
2007-07-06,24.809999465942383,24.809999465942383,24.780000686645508,24.780000686645508,21.08931350708008,500.0
2007-07-09,24.790000915527344,24.81999969482422,24.780000686645508,24.790000915527344,21.097824096679688,8800.0
2007-07-10,24.700000762939453,24.700000762939453,24.6200008392334,24.6200008392334,20.95314598083496,4900.0
2007-07-11,24.57999992370605,24.6200008392334,24.57999992370605,24.59000015258789,20.9276123046875,4900.0
2007-07-12,24.559999465942383,24.57999992370605,24.540000915527344,24.549999237060547,20.89356803894043,73000.0
2007-07-13,24.549999237060547,24.56999969482422,24.549999237060547,24.56999969482422,20.91059112548828,600.0
2007-07-16,24.559999465942383,24.57999992370605,24.530000686645508,24.559999465942383,20.90207862854004,3800.0
2007-07-17,24.559999465942383,24.56999969482422,24.559999465942383,24.559999465942383,20.90207862854004,700.0
2007-07-18,24.5,24.540000915527344,24.5,24.540000915527344,20.88505744934082,1100.0
2007-07-19,24.5,24.530000686645508,24.489999771118164,24.530000686645508,20.87655067443848,11200.0
2007-07-20,24.479999542236328,24.489999771118164,24.459999084472656,24.489999771118164,20.842504501342773,600.0
2007-07-23,24.5,24.540000915527344,24.489999771118164,24.540000915527344,20.88505744934082,16800.0
2007-07-24,24.479999542236328,24.5,24.350000381469727,24.350000381469727,20.72335624694824,18100.0
2007-07-25,24.540000915527344,24.59000015258789,24.540000915527344,24.559999465942383,20.90207862854004,6100.0
2007-07-26,24.559999465942383,24.559999465942383,24.440000534057617,24.450000762939453,20.80846405029297,3000.0
2007-07-27,24.63999938964844,26.5,24.63999938964844,24.64999961853028,20.97867584228516,26500.0
2007-07-30,24.670000076293945,24.690000534057617,24.670000076293945,24.690000534057617,21.012720108032227,5200.0
2007-07-31,24.670000076293945,24.670000076293945,24.299999237060547,24.64999961853028,20.97867584228516,6600.0
2007-08-01,24.709999084472656,24.709999084472656,24.61000061035156,24.65999984741211,20.9871883392334,11200.0
2007-08-02,24.670000076293945,24.700000762939453,24.63999938964844,24.700000762939453,21.02123260498047,900.0
2007-08-03,24.59000015258789,24.59000015258789,24.46999931335449,24.46999931335449,20.82548713684082,20100.0
2007-08-06,24.479999542236328,24.520000457763672,24.479999542236328,24.520000457763672,20.868038177490234,3300.0
2007-08-07,24.530000686645508,24.61000061035156,24.530000686645508,24.59000015258789,20.9276123046875,13700.0
2007-08-08,24.489999771118164,24.530000686645508,24.489999771118164,24.520000457763672,20.868038177490234,4300.0
2007-08-09,24.709999084472656,24.709999084472656,24.68000030517578,24.709999084472656,21.02973747253418,6200.0
2007-08-10,24.739999771118164,24.75,24.709999084472656,24.729999542236328,21.0467586517334,40500.0
2007-08-13,24.75,24.82999992370605,24.71999931335449,24.799999237060547,21.106334686279297,25400.0
2007-08-14,24.8799991607666,24.959999084472656,24.8799991607666,24.959999084472656,21.24250221252441,39600.0
2007-08-15,25.059999465942383,25.100000381469727,25.020000457763672,25.06999969482422,21.33612060546875,26800.0
2007-08-16,25.020000457763672,25.049999237060547,24.989999771118164,25.0,21.276546478271484,30800.0
2007-08-17,24.64999961853028,25.0,24.64999961853028,24.93000030517578,21.21697235107422,16300.0
2007-08-20,24.979999542236328,25.0,24.950000762939453,24.989999771118164,21.268035888671875,13300.0
2007-08-21,24.979999542236328,25.0,24.979999542236328,25.0,21.276546478271484,6800.0
2007-08-22,24.940000534057617,24.96999931335449,24.93000030517578,24.93000030517578,21.21697235107422,21200.0
2007-08-23,24.920000076293945,24.920000076293945,24.8799991607666,24.88999938964844,21.18292999267578,1200.0
2007-08-24,24.81999969482422,24.81999969482422,24.729999542236328,24.780000686645508,21.08931350708008,52000.0
2007-08-27,24.739999771118164,24.76000022888184,24.739999771118164,24.76000022888184,21.07229232788086,2500.0
2007-08-28,24.75,24.76000022888184,24.729999542236328,24.76000022888184,21.07229232788086,17200.0
2007-08-29,24.76000022888184,24.780000686645508,24.729999542236328,24.739999771118164,21.055269241333008,3900.0
2007-08-30,24.82999992370605,24.850000381469727,24.76000022888184,24.850000381469727,21.148887634277344,27500.0
2007-08-31,24.729999542236328,24.82999992370605,24.729999542236328,24.790000915527344,21.097824096679688,5700.0
2007-09-04,24.88999938964844,24.89999961853028,24.82999992370605,24.82999992370605,21.13186454772949,4700.0
2007-09-05,24.729999542236328,24.739999771118164,24.709999084472656,24.739999771118164,21.055269241333008,900.0
2007-09-06,24.76000022888184,24.76000022888184,24.65999984741211,24.670000076293945,20.99569702148437,40600.0
2007-09-07,24.540000915527344,24.559999465942383,24.520000457763672,24.530000686645508,20.87655067443848,3000.0
2007-09-10,24.520000457763672,24.530000686645508,24.479999542236328,24.5,20.851016998291016,49600.0
2007-09-11,24.540000915527344,24.540000915527344,24.46999931335449,24.530000686645508,20.87655067443848,3500.0
2007-09-12,24.459999084472656,24.489999771118164,24.38999938964844,24.40999984741211,20.774423599243164,8200.0
2007-09-13,24.489999771118164,24.51000022888184,24.479999542236328,24.479999542236328,20.8339958190918,2500.0
2007-09-14,24.479999542236328,24.540000915527344,24.479999542236328,24.540000915527344,20.88505744934082,2400.0
2007-09-17,24.5,24.549999237060547,24.5,24.520000457763672,20.868038177490234,2500.0
2007-09-18,24.559999465942383,24.56999969482422,24.3799991607666,24.440000534057617,20.79995346069336,10700.0
2007-09-19,24.440000534057617,24.489999771118164,24.420000076293945,24.43000030517578,20.79144287109375,28000.0
2007-09-20,24.290000915527344,24.299999237060547,24.170000076293945,24.25,20.63825225830078,53900.0
2007-09-21,24.280000686645508,24.290000915527344,24.25,24.26000022888184,20.64676284790039,7500.0
2007-09-24,24.21999931335449,24.26000022888184,24.209999084472656,24.25,20.63825225830078,33800.0
2007-09-25,24.15999984741211,24.200000762939453,24.1299991607666,24.190000534057617,20.58719062805176,27800.0
2007-09-26,24.21999931335449,25.09000015258789,24.200000762939453,24.270000457763672,20.655271530151367,17700.0
2007-09-27,24.15999984741211,24.229999542236328,24.13999938964844,24.229999542236328,20.62123107910156,128700.0
2007-09-28,24.1200008392334,24.13999938964844,24.0,24.049999237060547,20.46803855895996,44800.0
2007-10-01,24.100000381469727,24.11000061035156,23.549999237060547,24.07999992370605,20.49357032775879,44600.0
2007-10-02,24.200000762939453,24.239999771118164,24.18000030517578,24.229999542236328,20.62123107910156,99700.0
2007-10-03,24.18000030517578,24.309999465942383,24.14999961853028,24.299999237060547,20.680803298950195,48800.0
2007-10-04,24.31999969482422,24.31999969482422,24.25,24.270000457763672,20.655271530151367,16600.0
2007-10-05,24.25,24.25,24.14999961853028,24.229999542236328,20.62123107910156,29000.0
2007-10-08,24.280000686645508,24.39999961853028,24.270000457763672,24.3799991607666,20.748889923095703,48600.0
2007-10-09,24.3700008392334,24.3799991607666,24.25,24.290000915527344,20.672292709350582,92800.0
2007-10-10,24.190000534057617,24.239999771118164,24.14999961853028,24.21999931335449,20.61271858215332,49800.0
2007-10-11,24.18000030517578,24.239999771118164,24.07999992370605,24.239999771118164,20.62974166870117,90600.0
2007-10-12,24.190000534057617,24.209999084472656,24.14999961853028,24.200000762939453,20.59569931030273,14100.0
2007-10-15,24.14999961853028,24.170000076293945,24.100000381469727,24.170000076293945,20.57016563415528,18400.0
2007-10-16,24.18000030517578,24.21999931335449,24.170000076293945,24.200000762939453,20.59569931030273,295500.0
2007-10-17,24.13999938964844,24.200000762939453,24.1200008392334,24.190000534057617,20.58719062805176,44200.0
2007-10-18,24.01000022888184,24.040000915527344,23.979999542236328,24.040000915527344,20.459529876708984,22600.0
2007-10-19,23.989999771118164,24.06999969482422,23.96999931335449,23.989999771118164,20.416975021362305,51100.0
2007-10-22,24.13999938964844,24.26000022888184,24.1299991607666,24.190000534057617,20.58719062805176,96800.0
2007-10-23,24.030000686645508,24.049999237060547,23.989999771118164,24.040000915527344,20.459529876708984,39600.0
2007-10-24,24.049999237060547,24.06999969482422,23.989999771118164,24.0,20.42548561096192,37100.0
2007-10-25,23.959999084472656,23.989999771118164,23.920000076293945,23.950000762939453,20.3829345703125,19500.0
2007-10-26,23.86000061035156,23.8799991607666,23.809999465942383,23.850000381469727,20.297826766967773,67100.0
2007-10-29,23.850000381469727,23.850000381469727,23.75,23.809999465942383,20.263784408569336,26400.0
2007-10-30,23.84000015258789,23.89999961853028,23.75,23.86000061035156,20.306337356567383,245300.0
2007-10-31,23.86000061035156,23.96999931335449,23.71999931335449,23.75,20.212722778320312,72500.0
2007-11-01,23.84000015258789,23.86000061035156,23.76000022888184,23.82999992370605,20.28080368041992,92600.0
2007-11-02,23.76000022888184,23.76000022888184,23.530000686645508,23.600000381469727,20.08506202697754,65000.0
2007-11-05,23.729999542236328,23.76000022888184,23.690000534057617,23.71999931335449,20.187191009521484,83300.0
2007-11-06,23.61000061035156,23.64999961853028,23.600000381469727,23.63999938964844,20.119102478027344,28100.0
2007-11-07,23.600000381469727,23.600000381469727,23.39999961853028,23.520000457763672,20.01697540283203,134400.0
2007-11-08,23.5,23.51000022888184,23.40999984741211,23.5,19.999956130981445,150000.0
2007-11-09,24.40999984741211,24.40999984741211,23.420000076293945,23.5,19.999956130981445,130500.0
2007-11-12,25.0,25.0,23.520000457763672,23.71999931335449,20.187191009521484,186300.0
2007-11-13,24.0,24.0,23.489999771118164,23.6299991607666,20.11059188842773,154800.0
2007-11-14,25.780000686645508,25.780000686645508,23.5,23.63999938964844,20.119102478027344,123100.0
2007-11-15,23.6299991607666,23.71999931335449,23.59000015258789,23.700000762939453,20.1701717376709,117100.0
2007-11-16,23.75,23.75,23.61000061035156,23.670000076293945,20.144636154174805,79400.0
2007-11-19,23.61000061035156,23.68000030517578,23.5,23.600000381469727,20.08506202697754,597100.0
2007-11-20,23.86000061035156,23.86000061035156,21.850000381469727,23.3799991607666,19.897825241088867,216600.0
2007-11-21,23.34000015258789,23.3799991607666,23.26000022888184,23.26000022888184,19.795700073242188,97900.0
2007-11-23,23.3799991607666,23.440000534057617,23.350000381469727,23.43000030517578,19.940380096435547,25300.0
2007-11-26,23.690000534057617,23.690000534057617,23.290000915527344,23.309999465942383,19.8382511138916,110600.0
2007-11-27,23.25,23.5,23.25,23.440000534057617,19.94889068603516,140600.0
2007-11-28,23.82999992370605,23.82999992370605,23.479999542236328,23.51000022888184,20.008468627929688,231200.0
2007-11-29,24.209999084472656,24.209999084472656,23.57999992370605,23.63999938964844,20.119102478027344,75900.0
2007-11-30,25.0,25.0,23.61000061035156,23.81999969482422,20.272294998168945,105100.0
2007-12-03,24.229999542236328,24.229999542236328,23.709999084472656,23.770000457763672,20.229740142822266,120200.0
2007-12-04,23.600000381469727,23.6299991607666,23.56999969482422,23.600000381469727,20.08506202697754,103200.0
2007-12-05,23.600000381469727,23.89999961853028,23.600000381469727,23.88999938964844,20.33186912536621,108500.0
2007-12-06,24.309999465942383,24.309999465942383,23.82999992370605,23.8799991607666,20.323354721069336,1259400.0
2007-12-07,24.239999771118164,24.239999771118164,23.81999969482422,23.920000076293945,20.357402801513672,278000.0
2007-12-10,23.51000022888184,23.850000381469727,23.51000022888184,23.75,20.212722778320312,482100.0
2007-12-11,23.540000915527344,23.8799991607666,23.540000915527344,23.700000762939453,20.1701717376709,213600.0
2007-12-12,24.059999465942383,24.059999465942383,23.75,23.790000915527344,20.24676322937012,83600.0
2007-12-13,23.82999992370605,23.90999984741211,23.799999237060547,23.8700008392334,20.314847946166992,181700.0
2007-12-14,24.420000076293945,24.420000076293945,24.059999465942383,24.170000076293945,20.57016563415528,312600.0
2007-12-17,24.3700008392334,24.3700008392334,24.020000457763672,24.170000076293945,20.741798400878903,188800.0
2007-12-18,23.989999771118164,24.020000457763672,23.93000030517578,23.940000534057617,20.54442596435547,174300.0
2007-12-19,24.0,24.059999465942383,23.96999931335449,24.01000022888184,20.60449409484864,76900.0
2007-12-20,24.049999237060547,24.09000015258789,24.01000022888184,24.049999237060547,20.638818740844727,117800.0
2007-12-21,23.96999931335449,24.32999992370605,23.96999931335449,24.11000061035156,20.690309524536133,255400.0
2007-12-24,24.0,24.13999938964844,23.950000762939453,23.950000762939453,20.553003311157227,32700.0
2007-12-26,23.89999961853028,24.100000381469727,23.82999992370605,23.86000061035156,20.47576904296875,117500.0
2007-12-27,23.84000015258789,23.84000015258789,23.68000030517578,23.709999084472656,20.347043991088867,224700.0
2007-12-28,23.6299991607666,23.65999984741211,22.799999237060547,23.549999237060547,20.209735870361328,194700.0
2007-12-31,23.530000686645508,23.75,23.520000457763672,23.700000762939453,20.33846664428711,112600.0
2008-01-02,23.84000015258789,23.84000015258789,23.43000030517578,23.489999771118164,20.158246994018555,97700.0
2008-01-03,23.46999931335449,23.56999969482422,23.440000534057617,23.540000915527344,20.201154708862305,70000.0
2008-01-04,23.170000076293945,23.5,23.15999984741211,23.290000915527344,19.986618041992188,1094600.0
2008-01-07,23.600000381469727,23.6200008392334,23.51000022888184,23.520000457763672,20.18399238586425,313200.0
2008-01-08,23.559999465942383,23.56999969482422,23.39999961853028,23.489999771118164,20.158246994018555,86000.0
2008-01-09,23.459999084472656,23.82999992370605,23.459999084472656,23.670000076293945,20.31271743774414,98800.0
2008-01-10,23.81999969482422,23.81999969482422,23.40999984741211,23.440000534057617,20.11534118652344,131900.0
2008-01-11,23.40999984741211,23.549999237060547,23.40999984741211,23.549999237060547,20.209735870361328,34400.0
2008-01-14,23.450000762939453,23.450000762939453,23.350000381469727,23.43000030517578,20.10675811767578,128300.0
2008-01-15,23.14999961853028,23.479999542236328,23.1299991607666,23.40999984741211,20.089597702026367,153900.0
2008-01-16,23.479999542236328,23.709999084472656,23.440000534057617,23.700000762939453,20.33846664428711,322200.0
2008-01-17,23.76000022888184,23.76000022888184,23.559999465942383,23.65999984741211,20.304134368896484,86900.0
2008-01-18,23.690000534057617,23.739999771118164,23.670000076293945,23.729999542236328,20.364208221435547,102200.0
2008-01-22,23.670000076293945,23.8799991607666,23.61000061035156,23.770000457763672,20.39853286743164,169000.0
2008-01-23,24.0,24.0,23.600000381469727,23.700000762939453,20.33846664428711,158100.0
2008-01-24,23.549999237060547,23.61000061035156,23.450000762939453,23.5,20.16683006286621,135500.0
2008-01-25,23.57999992370605,23.65999984741211,23.520000457763672,23.559999465942383,20.218320846557617,161200.0
2008-01-28,23.559999465942383,23.56999969482422,23.3799991607666,23.40999984741211,20.089597702026367,378900.0
2008-01-29,23.190000534057617,23.5,23.190000534057617,23.39999961853028,20.08101272583008,240900.0
2008-01-30,23.600000381469727,23.64999961853028,23.26000022888184,23.26000022888184,19.96087074279785,47000.0
2008-01-31,23.25,23.479999542236328,23.25,23.440000534057617,20.11534118652344,443700.0
2008-02-01,23.600000381469727,23.600000381469727,23.38999938964844,23.530000686645508,20.192577362060547,209300.0
2008-02-04,23.280000686645508,23.51000022888184,23.280000686645508,23.489999771118164,20.158246994018555,225600.0
2008-02-05,23.64999961853028,23.76000022888184,23.440000534057617,23.739999771118164,20.372787475585938,298000.0
2008-02-06,23.700000762939453,23.739999771118164,23.65999984741211,23.739999771118164,20.372787475585938,180000.0
2008-02-07,24.020000457763672,24.020000457763672,23.850000381469727,23.96999931335449,20.570167541503903,231800.0
2008-02-08,23.96999931335449,23.96999931335449,23.82999992370605,23.89999961853028,20.51009750366211,187600.0
2008-02-11,23.989999771118164,23.989999771118164,23.799999237060547,23.850000381469727,20.467187881469727,155800.0
2008-02-12,23.65999984741211,23.780000686645508,23.65999984741211,23.770000457763672,20.39853286743164,72800.0
2008-02-13,23.770000457763672,23.8700008392334,23.770000457763672,23.809999465942383,20.432861328125,118800.0
2008-02-14,23.89999961853028,23.89999961853028,23.65999984741211,23.729999542236328,20.364208221435547,166500.0
2008-02-15,23.64999961853028,23.729999542236328,23.59000015258789,23.729999542236328,20.364208221435547,141900.0
2008-02-19,23.75,23.75,23.59000015258789,23.690000534057617,20.329883575439453,108900.0
2008-02-20,23.920000076293945,23.920000076293945,23.530000686645508,23.700000762939453,20.33846664428711,144300.0
2008-02-21,23.790000915527344,23.790000915527344,23.459999084472656,23.530000686645508,20.192577362060547,109400.0
2008-02-22,23.459999084472656,23.489999771118164,23.26000022888184,23.26000022888184,19.96087074279785,224900.0
2008-02-25,23.40999984741211,23.5,23.350000381469727,23.3799991607666,20.0638484954834,55500.0
2008-02-26,23.270000457763672,23.3799991607666,23.200000762939453,23.21999931335449,19.926544189453125,176500.0
2008-02-27,23.200000762939453,23.200000762939453,23.01000022888184,23.06999969482422,19.79781913757324,176700.0
2008-02-28,23.049999237060547,23.09000015258789,22.809999465942383,22.940000534057617,19.686260223388672,196600.0
2008-02-29,22.920000076293945,23.01000022888184,22.89999961853028,22.950000762939453,19.69484138488769,195300.0
2008-03-03,23.0,23.0,22.799999237060547,22.89999961853028,19.651933670043945,96300.0
2008-03-04,22.8700008392334,22.96999931335449,22.86000061035156,22.959999084472656,19.70342063903809,52300.0
2008-03-05,22.920000076293945,22.96999931335449,22.81999969482422,22.850000381469727,19.60902404785156,74200.0
2008-03-06,22.799999237060547,22.799999237060547,22.709999084472656,22.729999542236328,19.50604248046875,76300.0
2008-03-07,22.68000030517578,22.86000061035156,21.920000076293945,22.799999237060547,19.56611633300781,181600.0
2008-03-10,22.88999938964844,22.88999938964844,22.690000534057617,22.729999542236328,19.50604248046875,83700.0
2008-03-11,22.93000030517578,22.93000030517578,22.540000915527344,22.8799991607666,19.63476753234864,140500.0
2008-03-12,23.21999931335449,23.700000762939453,22.479999542236328,22.479999542236328,19.291501998901367,114300.0
2008-03-13,22.34000015258789,22.5,22.299999237060547,22.420000076293945,19.2400131225586,113600.0
2008-03-14,22.71999931335449,22.76000022888184,22.270000457763672,22.459999084472656,19.27434158325196,203500.0
2008-03-17,22.020000457763672,22.459999084472656,22.0,22.270000457763672,19.111291885375977,155700.0
2008-03-18,22.459999084472656,22.530000686645508,22.299999237060547,22.530000686645508,19.334413528442383,360700.0
2008-03-19,22.6299991607666,22.6299991607666,22.39999961853028,22.549999237060547,19.351577758789062,332100.0
2008-03-20,22.920000076293945,22.940000534057617,22.709999084472656,22.790000915527344,19.557537078857425,793700.0
2008-03-24,22.88999938964844,23.1299991607666,22.88999938964844,23.1299991607666,19.849308013916016,491100.0
2008-03-25,23.06999969482422,23.06999969482422,22.530000686645508,22.6200008392334,19.41164779663086,164400.0
2008-03-26,22.309999465942383,22.459999084472656,22.26000022888184,22.299999237060547,19.137035369873047,216300.0
2008-03-27,22.299999237060547,22.489999771118164,22.299999237060547,22.34000015258789,19.171363830566406,77400.0
2008-03-28,22.549999237060547,22.559999465942383,22.31999969482422,22.36000061035156,19.188526153564453,121400.0
2008-03-31,22.299999237060547,22.86000061035156,22.270000457763672,22.39999961853028,19.22284889221192,255500.0
2008-04-01,22.75,22.780000686645508,22.559999465942383,22.75,19.52321052551269,1428500.0
2008-04-02,22.809999465942383,22.809999465942383,22.5,22.530000686645508,19.334413528442383,306200.0
2008-04-03,22.36000061035156,22.64999961853028,22.36000061035156,22.61000061035156,19.40306663513184,504600.0
2008-04-04,22.61000061035156,22.61000061035156,22.309999465942383,22.38999938964844,19.21426773071289,1336500.0
2008-04-07,22.64999961853028,22.64999961853028,22.440000534057617,22.549999237060547,19.351577758789062,309100.0
2008-04-08,22.600000381469727,22.600000381469727,22.440000534057617,22.549999237060547,19.351577758789062,144200.0
2008-04-09,22.64999961853028,22.64999961853028,22.34000015258789,22.39999961853028,19.22284889221192,152500.0
2008-04-10,22.51000022888184,22.51000022888184,22.299999237060547,22.5,19.30866813659668,190300.0
2008-04-11,22.56999969482422,22.56999969482422,22.34000015258789,22.420000076293945,19.2400131225586,325700.0
2008-04-14,22.15999984741211,22.440000534057617,22.14999961853028,22.420000076293945,19.2400131225586,298700.0
2008-04-15,22.530000686645508,22.530000686645508,22.43000030517578,22.450000762939453,19.265758514404297,162000.0
2008-04-16,22.440000534057617,22.440000534057617,22.14999961853028,22.229999542236328,19.076961517333984,300400.0
2008-04-17,22.26000022888184,22.3799991607666,22.229999542236328,22.350000381469727,19.179941177368164,117300.0
2008-04-18,22.68000030517578,22.68000030517578,22.46999931335449,22.5,19.30866813659668,751500.0
2008-04-21,22.6299991607666,22.6299991607666,22.25,22.32999992370605,19.16277885437012,186600.0
2008-04-22,22.290000915527344,22.489999771118164,22.170000076293945,22.25,19.094125747680664,225900.0
2008-04-23,22.420000076293945,22.459999084472656,22.3700008392334,22.39999961853028,19.22284889221192,316900.0
2008-04-24,22.780000686645508,22.780000686645508,22.549999237060547,22.64999961853028,19.43739128112793,1365700.0
2008-04-25,22.82999992370605,22.82999992370605,22.56999969482422,22.709999084472656,19.488882064819336,924800.0
2008-04-28,22.809999465942383,22.809999465942383,22.61000061035156,22.68000030517578,19.46313667297364,1325200.0
2008-04-29,22.790000915527344,22.8700008392334,22.64999961853028,22.770000457763672,19.54036903381348,2241800.0
2008-04-30,22.850000381469727,22.850000381469727,22.549999237060547,22.61000061035156,19.40306663513184,3543000.0
2008-05-01,22.8799991607666,22.8799991607666,22.729999542236328,22.799999237060547,19.56611633300781,2696800.0
2008-05-02,22.950000762939453,22.950000762939453,22.86000061035156,22.920000076293945,19.669095993041992,2295700.0
2008-05-05,22.93000030517578,22.93000030517578,22.770000457763672,22.809999465942383,19.57469749450684,797000.0
2008-05-06,22.799999237060547,22.8799991607666,22.600000381469727,22.729999542236328,19.50604248046875,1646800.0
2008-05-07,22.88999938964844,22.940000534057617,22.8700008392334,22.8799991607666,19.63476753234864,1196300.0
2008-05-08,22.93000030517578,22.93000030517578,22.790000915527344,22.8799991607666,19.63476753234864,808000.0
2008-05-09,22.8799991607666,22.8799991607666,22.700000762939453,22.729999542236328,19.50604248046875,586000.0
2008-05-12,22.90999984741211,22.920000076293945,22.65999984741211,22.700000762939453,19.480300903320312,655500.0
2008-05-13,22.700000762939453,22.82999992370605,22.700000762939453,22.799999237060547,19.56611633300781,511200.0
2008-05-14,22.850000381469727,22.86000061035156,22.770000457763672,22.82999992370605,19.59186172485352,837400.0
2008-05-15,22.81999969482422,22.8700008392334,22.709999084472656,22.809999465942383,19.57469749450684,538200.0
2008-05-16,22.700000762939453,22.780000686645508,22.5,22.59000015258789,19.38590240478516,886700.0
2008-05-19,22.520000457763672,22.71999931335449,22.520000457763672,22.709999084472656,19.488882064819336,750200.0
2008-05-20,22.56999969482422,22.56999969482422,22.450000762939453,22.479999542236328,19.291501998901367,770400.0
2008-05-21,22.40999984741211,22.450000762939453,22.290000915527344,22.31999969482422,19.154197692871094,571700.0
2008-05-22,22.280000686645508,22.459999084472656,22.280000686645508,22.459999084472656,19.27434158325196,339100.0
2008-05-23,22.34000015258789,22.3799991607666,22.299999237060547,22.32999992370605,19.16277885437012,255500.0
2008-05-27,22.40999984741211,22.5,22.40999984741211,22.459999084472656,19.27434158325196,476300.0
2008-05-28,22.65999984741211,22.65999984741211,22.479999542236328,22.559999465942383,19.36015892028809,331400.0
2008-05-29,22.65999984741211,22.75,22.61000061035156,22.739999771118164,19.51462745666504,835300.0
2008-05-30,22.790000915527344,22.790000915527344,22.63999938964844,22.709999084472656,19.488882064819336,571300.0
2008-06-02,22.75,22.75,22.6200008392334,22.68000030517578,19.46313667297364,238200.0
2008-06-03,22.75,22.84000015258789,22.739999771118164,22.799999237060547,19.56611633300781,725600.0
2008-06-04,22.84000015258789,22.8700008392334,22.76000022888184,22.86000061035156,19.617605209350582,606500.0
2008-06-05,22.8799991607666,22.8799991607666,22.68000030517578,22.75,19.52321052551269,1365200.0
2008-06-06,22.6200008392334,22.64999961853028,22.459999084472656,22.489999771118164,19.300085067749023,664300.0
2008-06-09,22.43000030517578,22.68000030517578,22.43000030517578,22.68000030517578,19.46313667297364,338500.0
2008-06-10,22.809999465942383,22.920000076293945,22.780000686645508,22.920000076293945,19.669095993041992,760700.0
2008-06-11,22.89999961853028,22.89999961853028,22.700000762939453,22.770000457763672,19.54036903381348,589800.0
2008-06-12,22.93000030517578,23.0,22.8799991607666,22.959999084472656,19.70342063903809,854800.0
2008-06-13,23.049999237060547,23.06999969482422,22.989999771118164,22.989999771118164,19.729167938232425,1118800.0
2008-06-16,22.96999931335449,22.96999931335449,22.809999465942383,22.88999938964844,19.643348693847656,570800.0
2008-06-17,22.8799991607666,22.8799991607666,22.809999465942383,22.84000015258789,19.60044479370117,278500.0
2008-06-18,22.780000686645508,22.88999938964844,22.780000686645508,22.81999969482422,19.58327865600586,387100.0
2008-06-19,22.850000381469727,22.88999938964844,22.799999237060547,22.84000015258789,19.60044479370117,299500.0
2008-06-20,22.809999465942383,22.809999465942383,22.6299991607666,22.690000534057617,19.471717834472656,350700.0
2008-06-23,22.850000381469727,22.86000061035156,22.770000457763672,22.81999969482422,19.58327865600586,379200.0
2008-06-24,22.75,22.799999237060547,22.65999984741211,22.76000022888184,19.531787872314453,770400.0
2008-06-25,22.780000686645508,22.799999237060547,22.600000381469727,22.64999961853028,19.43739128112793,490800.0
2008-06-26,22.540000915527344,22.56999969482422,22.3700008392334,22.51000022888184,19.317251205444336,755400.0
2008-06-27,22.459999084472656,22.520000457763672,22.38999938964844,22.440000534057617,19.25717735290528,445300.0
2008-06-30,22.479999542236328,22.51000022888184,22.38999938964844,22.489999771118164,19.300085067749023,359900.0
2008-07-01,22.549999237060547,22.549999237060547,22.36000061035156,22.46999931335449,19.282922744750977,331700.0
2008-07-02,22.38999938964844,22.39999961853028,22.31999969482422,22.36000061035156,19.188526153564453,198000.0
2008-07-03,22.6299991607666,22.6299991607666,22.459999084472656,22.57999992370605,19.377321243286133,256900.0
2008-07-07,22.6200008392334,22.709999084472656,22.5,22.559999465942383,19.36015892028809,445400.0
2008-07-08,22.520000457763672,22.670000076293945,22.520000457763672,22.65999984741211,19.44597244262696,267900.0
2008-07-09,22.739999771118164,22.739999771118164,22.489999771118164,22.5,19.30866813659668,227600.0
2008-07-10,22.440000534057617,22.559999465942383,22.440000534057617,22.479999542236328,19.291501998901367,295300.0
2008-07-11,22.36000061035156,22.39999961853028,22.229999542236328,22.32999992370605,19.16277885437012,883400.0
2008-07-14,22.559999465942383,22.559999465942383,22.100000381469727,22.290000915527344,19.128454208374023,665700.0
2008-07-15,22.11000061035156,22.290000915527344,22.100000381469727,22.270000457763672,19.111291885375977,1314400.0
2008-07-16,22.25,22.38999938964844,22.14999961853028,22.3799991607666,19.205686569213867,357000.0
2008-07-17,22.450000762939453,22.479999542236328,22.270000457763672,22.420000076293945,19.2400131225586,415100.0
2008-07-18,22.39999961853028,22.459999084472656,22.36000061035156,22.420000076293945,19.2400131225586,319600.0
2008-07-21,22.39999961853028,22.420000076293945,22.309999465942383,22.34000015258789,19.171363830566406,117400.0
2008-07-22,22.200000762939453,22.5,22.200000762939453,22.5,19.30866813659668,272100.0
2008-07-23,22.520000457763672,22.61000061035156,22.5,22.59000015258789,19.38590240478516,291500.0
2008-07-24,22.57999992370605,22.63999938964844,22.540000915527344,22.56999969482422,19.36873817443848,216100.0
2008-07-25,22.549999237060547,22.6200008392334,22.549999237060547,22.600000381469727,19.39448356628418,144200.0
2008-07-28,22.600000381469727,22.600000381469727,22.489999771118164,22.549999237060547,19.351577758789062,159300.0
2008-07-29,22.559999465942383,22.770000457763672,22.559999465942383,22.739999771118164,19.51462745666504,465600.0
2008-07-30,22.8700008392334,22.8700008392334,22.690000534057617,22.71999931335449,19.497461318969727,457000.0
2008-07-31,22.600000381469727,22.86000061035156,22.520000457763672,22.71999931335449,19.497461318969727,201500.0
2008-08-01,22.850000381469727,22.850000381469727,22.690000534057617,22.790000915527344,19.557537078857425,412300.0
2008-08-04,22.81999969482422,22.81999969482422,22.700000762939453,22.799999237060547,19.56611633300781,170100.0
2008-08-05,22.8799991607666,23.040000915527344,22.8700008392334,22.96999931335449,19.712003707885746,922400.0
2008-08-06,23.020000457763672,23.06999969482422,22.979999542236328,23.040000915527344,19.772077560424805,957900.0
2008-08-07,23.0,23.15999984741211,23.0,23.15999984741211,19.87505531311035,1697100.0
2008-08-08,23.59000015258789,23.89999961853028,23.450000762939453,23.530000686645508,20.192577362060547,2911000.0
2008-08-11,23.700000762939453,23.799999237060547,23.479999542236328,23.65999984741211,20.304134368896484,2393100.0
2008-08-12,23.63999938964844,23.68000030517578,23.559999465942383,23.61000061035156,20.261228561401367,1078400.0
2008-08-13,23.600000381469727,23.690000534057617,23.40999984741211,23.61000061035156,20.261228561401367,1106600.0
2008-08-14,23.670000076293945,23.790000915527344,23.59000015258789,23.75,20.381372451782227,969500.0
2008-08-15,23.8799991607666,23.940000534057617,23.81999969482422,23.93000030517578,20.53584098815918,1891900.0
2008-08-18,23.89999961853028,23.89999961853028,23.790000915527344,23.86000061035156,20.47576904296875,1111500.0
2008-08-19,23.89999961853028,23.89999961853028,23.71999931335449,23.75,20.381372451782227,899500.0
2008-08-20,23.81999969482422,23.89999961853028,23.76000022888184,23.81999969482422,20.441442489624023,570300.0
2008-08-21,23.600000381469727,23.63999938964844,23.520000457763672,23.549999237060547,20.209735870361328,985000.0
2008-08-22,23.670000076293945,23.790000915527344,23.670000076293945,23.790000915527344,20.41569709777832,703400.0
2008-08-25,23.729999542236328,23.780000686645508,23.68000030517578,23.780000686645508,20.407115936279297,492500.0
2008-08-26,23.89999961853028,23.940000534057617,23.86000061035156,23.920000076293945,20.52725982666016,1442900.0
2008-08-27,23.799999237060547,23.920000076293945,23.780000686645508,23.850000381469727,20.467187881469727,1064500.0
2008-08-28,23.729999542236328,23.93000030517578,23.71999931335449,23.93000030517578,20.53584098815918,977500.0
2008-08-29,23.82999992370605,23.959999084472656,23.81999969482422,23.940000534057617,20.54442596435547,557400.0
2008-09-02,24.200000762939453,24.21999931335449,24.07999992370605,24.170000076293945,20.741798400878903,4217400.0
2008-09-03,24.190000534057617,24.239999771118164,24.1299991607666,24.14999961853028,20.72463798522949,2612800.0
2008-09-04,24.13999938964844,24.350000381469727,24.13999938964844,24.34000015258789,20.88768768310547,2249100.0
2008-09-05,24.299999237060547,24.43000030517578,24.26000022888184,24.43000030517578,20.964921951293945,2403800.0
2008-09-08,24.46999931335449,24.75,24.43000030517578,24.559999465942383,21.07648277282715,3389300.0
2008-09-09,24.6299991607666,24.64999961853028,24.38999938964844,24.56999969482422,21.08506393432617,2818700.0
2008-09-10,24.549999237060547,24.729999542236328,24.520000457763672,24.729999542236328,21.222368240356445,1179600.0
2008-09-11,24.82999992370605,24.82999992370605,24.75,24.799999237060547,21.282442092895508,1997400.0
2008-09-12,24.5,24.549999237060547,24.32999992370605,24.32999992370605,20.87910461425781,2134700.0
2008-09-15,24.309999465942383,24.36000061035156,23.790000915527344,24.11000061035156,20.690309524536133,3414700.0
2008-09-16,24.1299991607666,24.51000022888184,23.959999084472656,24.459999084472656,20.99066734313965,1613200.0
2008-09-17,24.39999961853028,24.39999961853028,23.89999961853028,23.93000030517578,20.53584098815918,1605500.0
2008-09-18,23.739999771118164,24.09000015258789,23.700000762939453,24.030000686645508,20.621658325195312,2039600.0
2008-09-19,23.86000061035156,24.07999992370605,23.64999961853028,23.84000015258789,20.458606719970703,2924700.0
2008-09-22,23.459999084472656,23.96999931335449,22.790000915527344,23.299999237060547,19.995195388793945,6980400.0
2008-09-23,23.229999542236328,23.6200008392334,23.229999542236328,23.450000762939453,20.123924255371094,1320600.0
2008-09-24,23.280000686645508,23.700000762939453,23.280000686645508,23.68000030517578,20.32130241394043,646400.0
2008-09-25,23.39999961853028,23.76000022888184,23.350000381469727,23.63999938964844,20.286970138549805,1124400.0
2008-09-26,23.489999771118164,23.670000076293945,23.489999771118164,23.63999938964844,20.286970138549805,725700.0
2008-09-29,23.709999084472656,23.940000534057617,23.520000457763672,23.81999969482422,20.441442489624023,840500.0
2008-09-30,24.01000022888184,24.479999542236328,24.0,24.440000534057617,20.97350311279297,679900.0
2008-10-01,24.799999237060547,24.799999237060547,24.350000381469727,24.540000915527344,21.05931854248047,679100.0
2008-10-02,24.96999931335449,25.46999931335449,24.700000762939453,24.8799991607666,21.351093292236328,1859100.0
2008-10-03,25.020000457763672,25.020000457763672,24.600000381469727,24.780000686645508,21.265277862548828,797800.0
2008-10-06,25.01000022888184,25.229999542236328,24.959999084472656,25.07999992370605,21.5227279663086,1779800.0
2008-10-07,24.809999465942383,25.040000915527344,24.739999771118164,24.89999961853028,21.368257522583008,1067200.0
2008-10-08,24.770000457763672,25.059999465942383,24.68000030517578,24.81999969482422,21.299604415893555,1246700.0
2008-10-09,24.770000457763672,24.989999771118164,24.76000022888184,24.950000762939453,21.41116714477539,650200.0
2008-10-10,24.950000762939453,25.520000457763672,24.84000015258789,24.989999771118164,21.445491790771484,1533300.0
2008-10-13,24.950000762939453,25.100000381469727,24.65999984741211,24.96999931335449,21.42833137512207,1838900.0
2008-10-14,24.940000534057617,25.01000022888184,24.739999771118164,24.959999084472656,21.41974639892578,1099500.0
2008-10-15,25.07999992370605,25.270000457763672,25.0,25.25,21.66861724853516,557100.0
2008-10-16,25.790000915527344,25.790000915527344,25.280000686645508,25.3799991607666,21.78017807006836,497600.0
2008-10-17,25.350000381469727,25.459999084472656,25.299999237060547,25.420000076293945,21.81450462341309,535100.0
2008-10-20,25.51000022888184,25.63999938964844,25.459999084472656,25.6200008392334,21.98613739013672,489500.0
2008-10-21,25.739999771118164,26.040000915527344,25.709999084472656,26.040000915527344,22.34656524658203,751700.0
2008-10-22,26.36000061035156,26.489999771118164,26.270000457763672,26.350000381469727,22.61259651184082,1315200.0
2008-10-23,26.450000762939453,26.479999542236328,26.14999961853028,26.200000762939453,22.483869552612305,1329300.0
2008-10-24,26.600000381469727,26.8799991607666,26.3799991607666,26.8799991607666,23.067420959472656,911700.0
2008-10-27,27.190000534057617,27.190000534057617,26.700000762939453,26.8799991607666,23.067420959472656,949300.0
2008-10-28,26.979999542236328,27.030000686645508,26.56999969482422,26.56999969482422,22.8013916015625,1148000.0
2008-10-29,26.40999984741211,26.420000076293945,26.01000022888184,26.13999938964844,22.43238067626953,1968800.0
2008-10-30,26.020000457763672,26.309999465942383,25.920000076293945,26.11000061035156,22.40663719177246,1491800.0
2008-10-31,26.479999542236328,26.6200008392334,26.39999961853028,26.5,22.741321563720703,723300.0
2008-11-03,26.46999931335449,26.690000534057617,26.39999961853028,26.6299991607666,22.85288047790528,697100.0
2008-11-04,26.32999992370605,26.34000015258789,26.040000915527344,26.06999969482422,22.3723087310791,1084300.0
2008-11-05,26.1200008392334,26.190000534057617,25.86000061035156,26.15999984741211,22.44954490661621,601400.0
2008-11-06,26.3799991607666,26.549999237060547,26.21999931335449,26.530000686645508,22.76706314086914,845100.0
2008-11-07,26.39999961853028,26.51000022888184,26.309999465942383,26.46999931335449,22.71557807922364,279700.0
2008-11-10,26.309999465942383,26.520000457763672,26.290000915527344,26.489999771118164,22.73273658752441,408100.0
2008-11-11,26.540000915527344,26.89999961853028,26.520000457763672,26.89999961853028,23.08458137512207,732700.0
2008-11-12,26.89999961853028,27.0,26.81999969482422,26.959999084472656,23.13607406616211,727200.0
2008-11-13,26.96999931335449,27.06999969482422,26.520000457763672,26.530000686645508,22.76706314086914,858400.0
2008-11-14,26.71999931335449,26.770000457763672,26.559999465942383,26.75,22.95585823059082,425400.0
2008-11-17,26.770000457763672,26.780000686645508,26.600000381469727,26.729999542236328,22.938697814941406,321500.0
2008-11-18,26.75,26.8799991607666,26.670000076293945,26.809999465942383,23.00735092163086,559000.0
2008-11-19,26.56999969482422,26.940000534057617,26.450000762939453,26.89999961853028,23.08458137512207,672600.0
2008-11-20,26.86000061035156,27.09000015258789,26.84000015258789,27.07999992370605,23.23905372619629,1364100.0
2008-11-21,26.8700008392334,27.14999961853028,26.850000381469727,26.950000762939453,23.12749481201172,811800.0
2008-11-24,26.530000686645508,26.549999237060547,26.280000686645508,26.290000915527344,22.56110572814941,1552400.0
2008-11-25,26.049999237060547,26.229999542236328,25.959999084472656,25.979999542236328,22.295072555541992,1348600.0
2008-11-26,26.200000762939453,26.39999961853028,26.1299991607666,26.270000457763672,22.543943405151367,590800.0
2008-11-28,26.520000457763672,26.6200008392334,26.450000762939453,26.549999237060547,22.78422737121582,293600.0
2008-12-01,26.65999984741211,26.76000022888184,26.559999465942383,26.700000762939453,22.912952423095703,723500.0
2008-12-02,26.530000686645508,26.6200008392334,26.440000534057617,26.549999237060547,22.78422737121582,338500.0
2008-12-03,26.71999931335449,26.71999931335449,26.57999992370605,26.59000015258789,22.818553924560547,694900.0
2008-12-04,26.64999961853028,26.700000762939453,26.3700008392334,26.520000457763672,22.758485794067383,707600.0
2008-12-05,26.65999984741211,26.799999237060547,26.600000381469727,26.6299991607666,22.85288047790528,389000.0
2008-12-08,26.280000686645508,26.32999992370605,26.170000076293945,26.18000030517578,22.466705322265625,699000.0
2008-12-09,26.38999938964844,26.43000030517578,26.1200008392334,26.25,22.52678108215332,652300.0
2008-12-10,26.15999984741211,26.200000762939453,26.049999237060547,26.100000381469727,22.398054122924805,492800.0
2008-12-11,25.209999084472656,25.729999542236328,24.06999969482422,25.520000457763672,21.900320053100582,2303800.0
2008-12-12,25.36000061035156,25.6200008392334,25.36000061035156,25.459999084472656,21.848827362060547,854300.0
2008-12-15,25.059999465942383,25.09000015258789,24.809999465942383,24.850000381469727,21.468700408935547,1893300.0
2008-12-16,24.25,24.8799991607666,24.18000030517578,24.25,20.950342178344727,2074300.0
2008-12-17,24.21999931335449,24.280000686645508,23.88999938964844,23.959999084472656,20.699800491333008,1866600.0
2008-12-18,23.979999542236328,24.43000030517578,23.96999931335449,24.3700008392334,21.05401611328125,1063300.0
2008-12-19,24.670000076293945,24.88999938964844,24.65999984741211,24.739999771118164,21.37366485595703,606100.0
2008-12-22,24.63999938964844,24.790000915527344,24.6200008392334,24.729999542236328,21.365026473999023,712200.0
2008-12-23,24.670000076293945,24.790000915527344,24.64999961853028,24.709999084472656,21.34774780273437,693500.0
2008-12-24,24.64999961853028,24.729999542236328,24.6299991607666,24.700000762939453,21.33911323547364,133700.0
2008-12-26,24.6200008392334,24.63999938964844,24.540000915527344,24.56999969482422,21.22679901123047,165000.0
2008-12-29,24.290000915527344,24.709999084472656,24.280000686645508,24.690000534057617,21.330472946166992,592200.0
2008-12-30,24.520000457763672,24.61000061035156,24.479999542236328,24.57999992370605,21.23543930053711,221000.0
2008-12-31,24.709999084472656,24.850000381469727,24.65999984741211,24.690000534057617,21.330472946166992,365700.0
2009-01-02,24.81999969482422,24.93000030517578,24.65999984741211,24.920000076293945,21.529176712036133,318200.0
2009-01-05,25.190000534057617,25.229999542236328,25.11000061035156,25.190000534057617,21.76243782043457,737100.0
2009-01-06,25.39999961853028,25.459999084472656,25.1299991607666,25.14999961853028,21.72787857055664,994500.0
2009-01-07,24.93000030517578,25.040000915527344,24.81999969482422,24.989999771118164,21.589649200439453,613400.0
2009-01-08,24.709999084472656,24.82999992370605,24.700000762939453,24.739999771118164,21.37366485595703,518200.0
2009-01-09,24.979999542236328,25.13999938964844,24.940000534057617,25.1200008392334,21.701961517333984,712800.0
2009-01-12,25.18000030517578,25.309999465942383,25.13999938964844,25.239999771118164,21.80563163757324,915100.0
2009-01-13,25.540000915527344,25.61000061035156,25.459999084472656,25.530000686645508,22.05617332458496,1041600.0
2009-01-14,25.68000030517578,25.68000030517578,25.540000915527344,25.6299991607666,22.142566680908203,1083200.0
2009-01-15,25.6299991607666,25.809999465942383,25.549999237060547,25.6200008392334,22.133928298950195,570600.0
2009-01-16,25.309999465942383,25.520000457763672,25.290000915527344,25.39999961853028,21.94386100769043,358200.0
2009-01-20,26.09000015258789,26.14999961853028,26.0,26.1299991607666,22.57453346252441,671800.0
2009-01-21,26.040000915527344,26.170000076293945,25.850000381469727,25.89999961853028,22.37582778930664,917100.0
2009-01-22,26.01000022888184,26.040000915527344,25.850000381469727,25.8799991607666,22.358549118041992,492100.0
2009-01-23,26.100000381469727,26.21999931335449,25.809999465942383,25.8700008392334,22.34990882873535,611800.0
2009-01-26,25.64999961853028,25.68000030517578,25.479999542236328,25.530000686645508,22.05617332458496,585600.0
2009-01-27,25.489999771118164,25.6200008392334,25.459999084472656,25.5,22.030256271362305,312200.0
2009-01-28,25.31999969482422,25.670000076293945,25.309999465942383,25.59000015258789,22.108009338378903,540000.0
2009-01-29,25.530000686645508,25.799999237060547,25.530000686645508,25.790000915527344,22.280797958374023,368000.0
2009-01-30,25.82999992370605,26.0,25.82999992370605,25.950000762939453,22.41902542114257,671200.0
2009-02-02,26.06999969482422,26.07999992370605,25.86000061035156,25.93000030517578,22.401744842529297,681600.0
2009-02-03,25.790000915527344,25.81999969482422,25.57999992370605,25.61000061035156,22.125289916992188,730100.0
2009-02-04,25.81999969482422,25.90999984741211,25.709999084472656,25.850000381469727,22.332632064819336,360400.0
2009-02-05,25.86000061035156,25.950000762939453,25.799999237060547,25.93000030517578,22.401744842529297,306000.0
2009-02-06,25.8799991607666,25.88999938964844,25.6299991607666,25.709999084472656,22.211679458618164,558700.0
2009-02-09,25.46999931335449,25.56999969482422,25.420000076293945,25.540000915527344,22.0648136138916,715500.0
2009-02-10,25.6299991607666,25.90999984741211,25.520000457763672,25.84000015258789,22.32399177551269,616200.0
2009-02-11,25.799999237060547,25.979999542236328,25.729999542236328,25.8799991607666,22.358549118041992,280000.0
2009-02-12,26.059999465942383,26.14999961853028,25.950000762939453,25.979999542236328,22.4449405670166,453000.0
2009-02-13,25.950000762939453,25.989999771118164,25.86000061035156,25.89999961853028,22.37582778930664,371100.0
2009-02-17,26.3799991607666,26.479999542236328,26.32999992370605,26.40999984741211,22.81643295288086,473600.0
2009-02-18,26.479999542236328,26.57999992370605,26.440000534057617,26.530000686645508,22.92010498046875,575900.0
2009-02-19,26.190000534057617,26.39999961853028,26.18000030517578,26.3799991607666,22.790515899658203,345900.0
2009-02-20,26.540000915527344,26.540000915527344,25.940000534057617,26.01000022888184,22.470861434936523,722500.0
2009-02-23,26.1299991607666,26.26000022888184,26.06999969482422,26.25,22.678207397460938,432200.0
2009-02-24,26.290000915527344,26.36000061035156,26.09000015258789,26.11000061035156,22.55725479125977,1189400.0
2009-02-25,26.239999771118164,26.450000762939453,26.229999542236328,26.43000030517578,22.833709716796875,522800.0
2009-02-26,26.309999465942383,26.40999984741211,26.290000915527344,26.40999984741211,22.81643295288086,432300.0
2009-02-27,26.549999237060547,26.59000015258789,26.39999961853028,26.479999542236328,22.876909255981445,418400.0
2009-03-02,26.65999984741211,26.75,26.6299991607666,26.75,23.11016845703125,770000.0
2009-03-03,26.670000076293945,26.82999992370605,26.6299991607666,26.739999771118164,23.10153007507324,677500.0
2009-03-04,26.75,26.780000686645508,26.549999237060547,26.59000015258789,22.97194099426269,366600.0
2009-03-05,26.809999465942383,26.82999992370605,26.68000030517578,26.729999542236328,23.092891693115234,337100.0
2009-03-06,26.440000534057617,26.670000076293945,26.3799991607666,26.600000381469727,22.980579376220703,818500.0
2009-03-09,26.82999992370605,26.82999992370605,26.65999984741211,26.75,23.11016845703125,423200.0
2009-03-10,26.450000762939453,26.71999931335449,26.3700008392334,26.600000381469727,22.980579376220703,540800.0
2009-03-11,26.3799991607666,26.46999931335449,26.239999771118164,26.309999465942383,22.730037689208984,808400.0
2009-03-12,26.38999938964844,26.56999969482422,26.170000076293945,26.18000030517578,22.61772727966309,471500.0
2009-03-13,26.190000534057617,26.280000686645508,26.15999984741211,26.209999084472656,22.643644332885746,1653800.0
2009-03-16,25.989999771118164,26.13999938964844,25.989999771118164,26.1299991607666,22.57453346252441,668300.0
2009-03-17,26.170000076293945,26.209999084472656,26.040000915527344,26.09000015258789,22.539974212646484,246700.0
2009-03-18,25.8700008392334,25.940000534057617,25.229999542236328,25.25,21.81427383422852,1188400.0
2009-03-19,24.89999961853028,25.040000915527344,24.799999237060547,24.950000762939453,21.55509376525879,1708400.0
2009-03-20,25.09000015258789,25.239999771118164,25.030000686645508,25.15999984741211,21.73652076721192,575500.0
2009-03-23,25.18000030517578,25.280000686645508,25.0,25.030000686645508,21.624208450317383,559000.0
2009-03-24,25.21999931335449,25.309999465942383,25.11000061035156,25.309999465942383,21.86610984802246,411200.0
2009-03-25,25.26000022888184,25.299999237060547,24.979999542236328,25.11000061035156,21.693323135375977,516900.0
2009-03-26,25.1200008392334,25.299999237060547,25.1200008392334,25.270000457763672,21.83155059814453,228300.0
2009-03-27,25.549999237060547,25.6299991607666,25.51000022888184,25.56999969482422,22.09073257446289,386600.0
2009-03-30,25.790000915527344,25.84000015258789,25.700000762939453,25.729999542236328,22.22895812988281,738100.0
2009-03-31,25.600000381469727,25.729999542236328,25.57999992370605,25.63999938964844,22.15120506286621,341400.0
2009-04-01,25.64999961853028,25.75,25.6299991607666,25.65999984741211,22.16848564147949,291400.0
2009-04-02,25.3799991607666,25.38999938964844,25.209999084472656,25.31999969482422,21.87474632263184,633400.0
2009-04-03,25.36000061035156,25.3799991607666,25.239999771118164,25.239999771118164,21.80563163757324,543600.0
2009-04-06,25.26000022888184,25.450000762939453,25.26000022888184,25.36000061035156,21.90930557250977,357300.0
2009-04-07,25.520000457763672,25.600000381469727,25.5,25.549999237060547,22.07345199584961,674800.0
2009-04-08,25.559999465942383,25.6299991607666,25.46999931335449,25.559999465942383,22.08209228515625,274200.0
2009-04-09,25.51000022888184,25.729999542236328,25.489999771118164,25.65999984741211,22.16848564147949,339400.0
2009-04-13,25.51000022888184,25.520000457763672,25.280000686645508,25.31999969482422,21.87474632263184,400200.0
2009-04-14,25.40999984741211,25.450000762939453,25.32999992370605,25.3799991607666,21.92658424377441,209300.0
2009-04-15,25.540000915527344,25.559999465942383,25.40999984741211,25.420000076293945,21.96114158630371,120000.0
2009-04-16,25.43000030517578,25.600000381469727,25.43000030517578,25.51000022888184,22.03889274597168,127000.0
2009-04-17,25.690000534057617,25.770000457763672,25.68000030517578,25.770000457763672,22.26351928710937,577800.0
2009-04-20,25.88999938964844,26.020000457763672,25.8700008392334,25.96999931335449,22.4363021850586,377800.0
2009-04-21,25.950000762939453,25.959999084472656,25.82999992370605,25.90999984741211,22.38446998596192,129800.0
2009-04-22,25.8700008392334,25.8700008392334,25.770000457763672,25.84000015258789,22.32399177551269,150000.0
2009-04-23,25.81999969482422,25.81999969482422,25.530000686645508,25.549999237060547,22.07345199584961,214100.0
2009-04-24,25.31999969482422,25.3700008392334,25.270000457763672,25.350000381469727,21.90066719055176,344200.0
2009-04-27,25.520000457763672,25.690000534057617,25.440000534057617,25.64999961853028,22.15984344482422,287100.0
2009-04-28,25.600000381469727,25.6200008392334,25.440000534057617,25.489999771118164,22.02161407470703,229900.0
2009-04-29,25.32999992370605,25.350000381469727,25.170000076293945,25.309999465942383,21.86610984802246,534100.0
2009-04-30,25.36000061035156,25.40999984741211,25.280000686645508,25.34000015258789,21.892024993896484,114600.0
2009-05-01,25.309999465942383,25.34000015258789,25.270000457763672,25.280000686645508,21.840192794799805,193300.0
2009-05-04,25.26000022888184,25.290000915527344,25.030000686645508,25.049999237060547,21.6414852142334,383600.0
2009-05-05,24.979999542236328,25.200000762939453,24.979999542236328,25.1299991607666,21.710601806640625,521100.0
2009-05-06,25.06999969482422,25.209999084472656,25.049999237060547,25.07999992370605,21.667404174804688,177800.0
2009-05-07,25.0,25.13999938964844,24.93000030517578,25.07999992370605,21.667404174804688,274400.0
2009-05-08,24.89999961853028,24.950000762939453,24.559999465942383,24.6299991607666,21.27863502502441,779900.0
2009-05-11,24.75,24.76000022888184,24.65999984741211,24.76000022888184,21.390945434570312,225200.0
2009-05-12,24.56999969482422,24.690000534057617,24.559999465942383,24.6299991607666,21.27863502502441,479000.0
2009-05-13,24.68000030517578,24.739999771118164,24.6200008392334,24.71999931335449,21.35638999938965,224100.0
2009-05-14,24.71999931335449,24.729999542236328,24.57999992370605,24.63999938964844,21.287273406982425,374700.0
2009-05-15,24.65999984741211,24.850000381469727,24.59000015258789,24.809999465942383,21.43414306640625,337900.0
2009-05-18,24.71999931335449,24.790000915527344,24.65999984741211,24.68000030517578,21.32183074951172,273700.0
2009-05-19,24.600000381469727,24.6299991607666,24.46999931335449,24.549999237060547,21.209518432617188,272200.0
2009-05-20,24.420000076293945,24.420000076293945,24.190000534057617,24.25,20.950342178344727,775800.0
2009-05-21,24.280000686645508,24.31999969482422,24.030000686645508,24.09000015258789,20.81211280822754,612600.0
2009-05-22,23.940000534057617,23.989999771118164,23.8700008392334,23.920000076293945,20.665245056152344,901900.0
2009-05-26,24.09000015258789,24.11000061035156,23.93000030517578,23.96999931335449,20.70844078063965,387800.0
2009-05-27,23.93000030517578,24.100000381469727,23.93000030517578,24.049999237060547,20.77755355834961,434000.0
2009-05-28,24.100000381469727,24.13999938964844,24.0,24.06999969482422,20.79483222961425,427500.0
2009-05-29,23.790000915527344,23.84000015258789,23.700000762939453,23.729999542236328,20.501096725463867,717300.0
2009-06-01,23.61000061035156,23.709999084472656,23.549999237060547,23.670000076293945,20.44926071166992,1017800.0
2009-06-02,23.57999992370605,23.6200008392334,23.43000030517578,23.450000762939453,20.259197235107425,861600.0
2009-06-03,23.65999984741211,23.82999992370605,23.63999938964844,23.799999237060547,20.561573028564453,1080100.0
2009-06-04,23.809999465942383,23.84000015258789,23.68000030517578,23.75,20.51837730407715,780000.0
2009-06-05,23.959999084472656,24.18000030517578,23.959999084472656,24.15999984741211,20.872589111328125,1046600.0
2009-06-08,24.21999931335449,24.309999465942383,24.1200008392334,24.170000076293945,20.8812255859375,1448000.0
2009-06-09,23.96999931335449,24.0,23.81999969482422,23.86000061035156,20.61340713500977,537000.0
2009-06-10,23.8700008392334,24.1200008392334,23.86000061035156,24.0,20.734357833862305,586800.0
2009-06-11,23.920000076293945,23.920000076293945,23.68000030517578,23.76000022888184,20.527013778686523,511100.0
2009-06-12,23.979999542236328,24.059999465942383,23.89999961853028,23.989999771118164,20.725717544555664,451200.0
2009-06-15,24.1200008392334,24.43000030517578,24.1200008392334,24.43000030517578,21.10584831237793,1460600.0
2009-06-16,24.11000061035156,24.13999938964844,24.01000022888184,24.11000061035156,20.829389572143555,837700.0
2009-06-17,24.09000015258789,24.14999961853028,23.90999984741211,23.96999931335449,20.70844078063965,595400.0
2009-06-18,23.979999542236328,24.1299991607666,23.93000030517578,24.07999992370605,20.8034725189209,257800.0
2009-06-19,24.049999237060547,24.059999465942383,23.8799991607666,23.96999931335449,20.70844078063965,516000.0
2009-06-22,24.14999961853028,24.170000076293945,24.059999465942383,24.1299991607666,20.846668243408203,559400.0
2009-06-23,23.959999084472656,23.989999771118164,23.780000686645508,23.850000381469727,20.60476875305176,640000.0
2009-06-24,23.809999465942383,24.11000061035156,23.809999465942383,23.989999771118164,20.725717544555664,835300.0
2009-06-25,24.100000381469727,24.14999961853028,23.940000534057617,23.96999931335449,20.70844078063965,470000.0
2009-06-26,23.799999237060547,23.86000061035156,23.739999771118164,23.82999992370605,20.58748817443848,439700.0
2009-06-29,23.81999969482422,23.86000061035156,23.790000915527344,23.809999465942383,20.57021141052246,313100.0
2009-06-30,23.82999992370605,23.959999084472656,23.82999992370605,23.89999961853028,20.64796638488769,215300.0
2009-07-01,23.700000762939453,23.780000686645508,23.63999938964844,23.780000686645508,20.54429244995117,918700.0
2009-07-02,23.8700008392334,23.940000534057617,23.8700008392334,23.90999984741211,20.656606674194336,346800.0
2009-07-06,24.07999992370605,24.07999992370605,23.940000534057617,23.950000762939453,20.691162109375,358800.0
2009-07-07,23.950000762939453,24.059999465942383,23.920000076293945,24.049999237060547,20.77755355834961,446900.0
2009-07-08,24.040000915527344,24.100000381469727,24.0,24.020000457763672,20.75163650512696,332200.0
2009-07-09,23.84000015258789,23.89999961853028,23.739999771118164,23.81999969482422,20.57884979248047,768700.0
2009-07-10,23.959999084472656,23.959999084472656,23.86000061035156,23.8799991607666,20.63068199157715,294200.0
2009-07-13,23.88999938964844,23.959999084472656,23.81999969482422,23.84000015258789,20.59613037109375,264000.0
2009-07-14,23.790000915527344,23.89999961853028,23.780000686645508,23.86000061035156,20.61340713500977,286600.0
2009-07-15,23.64999961853028,23.690000534057617,23.59000015258789,23.6299991607666,20.414701461791992,996500.0
2009-07-16,23.59000015258789,23.63999938964844,23.56999969482422,23.61000061035156,20.397424697875977,520800.0
2009-07-17,23.63999938964844,23.690000534057617,23.61000061035156,23.65999984741211,20.44062042236328,197100.0
2009-07-20,23.479999542236328,23.549999237060547,23.450000762939453,23.5,20.302392959594727,481600.0
2009-07-21,23.420000076293945,23.559999465942383,23.38999938964844,23.51000022888184,20.311033248901367,1464100.0
2009-07-22,23.520000457763672,23.540000915527344,23.39999961853028,23.46999931335449,20.27647590637207,257500.0
2009-07-23,23.51000022888184,23.520000457763672,23.350000381469727,23.46999931335449,20.27647590637207,337900.0
2009-07-24,23.440000534057617,23.489999771118164,23.40999984741211,23.440000534057617,20.25055694580078,131600.0
2009-07-27,23.39999961853028,23.46999931335449,23.3799991607666,23.420000076293945,20.2332763671875,284800.0
2009-07-28,23.479999542236328,23.559999465942383,23.450000762939453,23.489999771118164,20.293750762939453,852200.0
2009-07-29,23.559999465942383,23.729999542236328,23.549999237060547,23.65999984741211,20.44062042236328,754400.0
2009-07-30,23.61000061035156,23.68000030517578,23.57999992370605,23.6299991607666,20.414701461791992,557300.0
2009-07-31,23.540000915527344,23.540000915527344,23.280000686645508,23.31999969482422,20.14688301086425,1076700.0
2009-08-03,23.200000762939453,23.229999542236328,23.06999969482422,23.1299991607666,19.98273658752441,916500.0
2009-08-04,23.1200008392334,23.170000076293945,23.07999992370605,23.1299991607666,19.98273658752441,516700.0
2009-08-05,23.1200008392334,23.18000030517578,23.040000915527344,23.100000381469727,19.956817626953125,800900.0
2009-08-06,23.14999961853028,23.270000457763672,23.14999961853028,23.209999084472656,20.051851272583008,1258900.0
2009-08-07,23.34000015258789,23.549999237060547,23.299999237060547,23.479999542236328,20.28511428833008,1820500.0
2009-08-10,23.540000915527344,23.6299991607666,23.5,23.559999465942383,20.354228973388672,2331900.0
2009-08-11,23.600000381469727,23.6200008392334,23.520000457763672,23.57999992370605,20.37150764465332,1350900.0
2009-08-12,23.540000915527344,23.59000015258789,23.39999961853028,23.46999931335449,20.27647590637207,1706000.0
2009-08-13,23.34000015258789,23.3700008392334,23.290000915527344,23.36000061035156,20.18144416809082,867400.0
2009-08-14,23.299999237060547,23.5,23.299999237060547,23.450000762939453,20.259197235107425,775200.0
2009-08-17,23.6299991607666,23.68000030517578,23.57999992370605,23.59000015258789,20.380146026611328,2538400.0
2009-08-18,23.6200008392334,23.6200008392334,23.479999542236328,23.530000686645508,20.328311920166016,1729900.0
2009-08-19,23.540000915527344,23.549999237060547,23.299999237060547,23.3799991607666,20.198719024658203,1064400.0
2009-08-20,23.39999961853028,23.40999984741211,23.290000915527344,23.309999465942383,20.13824462890625,652700.0
2009-08-21,23.190000534057617,23.299999237060547,23.1299991607666,23.229999542236328,20.06913185119629,880600.0
2009-08-24,23.229999542236328,23.299999237060547,23.209999084472656,23.280000686645508,20.112329483032227,1089500.0
2009-08-25,23.209999084472656,23.290000915527344,23.18000030517578,23.280000686645508,20.112329483032227,685100.0
2009-08-26,23.3799991607666,23.450000762939453,23.3700008392334,23.3700008392334,20.190082550048828,1010000.0
2009-08-27,23.3799991607666,23.420000076293945,23.13999938964844,23.239999771118164,20.07777214050293,879300.0
2009-08-28,23.18000030517578,23.31999969482422,23.15999984741211,23.280000686645508,20.112329483032227,1452400.0
2009-08-31,23.34000015258789,23.350000381469727,23.190000534057617,23.26000022888184,20.095048904418945,944800.0
2009-09-01,23.309999465942383,23.489999771118164,23.239999771118164,23.40999984741211,20.224639892578125,2118400.0
2009-09-02,23.40999984741211,23.440000534057617,23.270000457763672,23.31999969482422,20.14688301086425,2107300.0
2009-09-03,23.270000457763672,23.36000061035156,23.270000457763672,23.34000015258789,20.16416549682617,821000.0
2009-09-04,23.3700008392334,23.38999938964844,23.200000762939453,23.25,20.086410522460938,1273800.0
2009-09-08,22.979999542236328,22.989999771118164,22.89999961853028,22.989999771118164,19.861787796020508,2140600.0
2009-09-09,22.8799991607666,22.940000534057617,22.82999992370605,22.90999984741211,19.79267120361328,1904000.0
2009-09-10,22.88999938964844,22.96999931335449,22.799999237060547,22.86000061035156,19.749475479125977,1325900.0
2009-09-11,22.770000457763672,22.850000381469727,22.729999542236328,22.809999465942383,19.706279754638672,1558500.0
2009-09-14,22.86000061035156,22.86000061035156,22.75,22.790000915527344,19.689002990722656,1119700.0
2009-09-15,22.850000381469727,22.8799991607666,22.709999084472656,22.709999084472656,19.61988639831543,1399900.0
2009-09-16,22.709999084472656,22.76000022888184,22.63999938964844,22.63999938964844,19.55940818786621,1243000.0
2009-09-17,22.690000534057617,22.71999931335449,22.61000061035156,22.68000030517578,19.593969345092773,1339800.0
2009-09-18,22.709999084472656,22.790000915527344,22.68000030517578,22.76000022888184,19.66308212280273,3574400.0
2009-09-21,22.90999984741211,23.170000076293945,22.780000686645508,22.84000015258789,19.73219871520996,2285600.0
2009-09-22,22.6200008392334,22.670000076293945,22.59000015258789,22.600000381469727,19.52485466003418,3452500.0
2009-09-23,22.63999938964844,22.71999931335449,22.540000915527344,22.700000762939453,19.611248016357425,2267600.0
2009-09-24,22.690000534057617,22.89999961853028,22.65999984741211,22.8700008392334,19.758115768432617,4276300.0
2009-09-25,22.850000381469727,22.86000061035156,22.729999542236328,22.809999465942383,19.706279754638672,1945500.0
2009-09-28,22.86000061035156,22.89999961853028,22.770000457763672,22.8799991607666,19.766752243041992,1531300.0
2009-09-29,22.940000534057617,23.0,22.90999984741211,22.920000076293945,19.80131149291992,1740900.0
2009-09-30,22.809999465942383,22.8799991607666,22.739999771118164,22.790000915527344,19.689002990722656,1564000.0
2009-10-01,22.86000061035156,22.959999084472656,22.84000015258789,22.950000762939453,19.82723045349121,1340700.0
2009-10-02,22.920000076293945,22.920000076293945,22.780000686645508,22.89999961853028,19.784034729003903,2019600.0
2009-10-05,22.850000381469727,22.8700008392334,22.76000022888184,22.770000457763672,19.671720504760746,795600.0
2009-10-06,22.700000762939453,22.700000762939453,22.600000381469727,22.670000076293945,19.585329055786133,2633500.0
2009-10-07,22.700000762939453,22.75,22.670000076293945,22.690000534057617,19.60260772705078,1319200.0
2009-10-08,22.600000381469727,22.65999984741211,22.489999771118164,22.540000915527344,19.473018646240234,4580500.0
2009-10-09,22.6299991607666,22.739999771118164,22.6200008392334,22.71999931335449,19.62852478027344,2509300.0
2009-10-12,22.6200008392334,22.63999938964844,22.56999969482422,22.6200008392334,19.542133331298828,1555900.0
2009-10-13,22.559999465942383,22.61000061035156,22.51000022888184,22.56999969482422,19.49893569946289,3072700.0
2009-10-14,22.440000534057617,22.479999542236328,22.3700008392334,22.39999961853028,19.352066040039062,4504800.0
2009-10-15,22.440000534057617,22.459999084472656,22.3700008392334,22.40999984741211,19.360706329345703,1935200.0
2009-10-16,22.489999771118164,22.520000457763672,22.440000534057617,22.46999931335449,19.41254234313965,1991300.0
2009-10-19,22.459999084472656,22.46999931335449,22.350000381469727,22.36000061035156,19.31751251220703,1616700.0
2009-10-20,22.350000381469727,22.520000457763672,22.34000015258789,22.459999084472656,19.40390396118164,3970700.0
2009-10-21,22.39999961853028,22.39999961853028,22.26000022888184,22.31999969482422,19.2829532623291,3670600.0
2009-10-22,22.38999938964844,22.43000030517578,22.290000915527344,22.309999465942383,19.274314880371094,2454600.0
2009-10-23,22.3799991607666,22.440000534057617,22.34000015258789,22.43000030517578,19.37798500061035,3610500.0
2009-10-26,22.40999984741211,22.61000061035156,22.36000061035156,22.57999992370605,19.50757598876953,6861400.0
2009-10-27,22.57999992370605,22.670000076293945,22.549999237060547,22.63999938964844,19.55940818786621,5984700.0
2009-10-28,22.6299991607666,22.75,22.59000015258789,22.729999542236328,19.637163162231445,6781100.0
2009-10-29,22.6200008392334,22.6299991607666,22.520000457763672,22.56999969482422,19.49893569946289,4342500.0
2009-10-30,22.61000061035156,22.700000762939453,22.59000015258789,22.700000762939453,19.611248016357425,5804400.0
2009-11-02,22.6299991607666,22.700000762939453,22.540000915527344,22.6200008392334,19.542133331298828,4952000.0
2009-11-03,22.809999465942383,22.809999465942383,22.63999938964844,22.68000030517578,19.593969345092773,5590000.0
2009-11-04,22.57999992370605,22.59000015258789,22.450000762939453,22.51000022888184,19.44710159301757,10913500.0
2009-11-05,22.5,23.14999961853028,22.450000762939453,22.940000534057617,19.818592071533203,13281500.0
2009-11-06,22.989999771118164,22.989999771118164,22.739999771118164,22.82999992370605,19.72355842590332,6841400.0
2009-11-09,22.670000076293945,22.670000076293945,22.489999771118164,22.540000915527344,19.473018646240234,3541300.0
2009-11-10,22.57999992370605,22.57999992370605,22.25,22.440000534057617,19.386625289916992,5252000.0
2009-11-11,22.36000061035156,22.57999992370605,22.31999969482422,22.479999542236328,19.421180725097656,4285400.0
2009-11-12,22.61000061035156,22.940000534057617,22.540000915527344,22.799999237060547,19.697641372680664,7572000.0
2009-11-13,22.40999984741211,22.450000762939453,22.299999237060547,22.31999969482422,19.2829532623291,8880100.0
2009-11-16,22.26000022888184,22.350000381469727,22.14999961853028,22.21999931335449,19.19655990600586,6236600.0
2009-11-17,22.350000381469727,22.440000534057617,22.32999992370605,22.36000061035156,19.31751251220703,5152400.0
2009-11-18,22.25,22.31999969482422,22.21999931335449,22.280000686645508,19.24839782714844,3051000.0
2009-11-19,22.3700008392334,22.420000076293945,22.32999992370605,22.350000381469727,19.30887031555176,3793100.0
2009-11-20,22.489999771118164,22.489999771118164,22.40999984741211,22.440000534057617,19.386625289916992,4063500.0
2009-11-23,22.25,22.299999237060547,22.21999931335449,22.270000457763672,19.23975944519043,3869700.0
2009-11-24,22.270000457763672,22.34000015258789,22.25,22.290000915527344,19.257036209106445,3221600.0
2009-11-25,22.1299991607666,22.15999984741211,22.020000457763672,22.030000686645508,19.032413482666016,6839000.0
2009-11-27,22.39999961853028,22.40999984741211,22.21999931335449,22.26000022888184,19.23111724853516,5706700.0
2009-11-30,22.21999931335449,22.229999542236328,22.13999938964844,22.170000076293945,19.153364181518555,3144300.0
2009-12-01,22.049999237060547,22.09000015258789,22.020000457763672,22.06999969482422,19.066970825195312,4075000.0
2009-12-02,22.07999992370605,22.15999984741211,22.059999465942383,22.13999938964844,19.127445220947266,3581100.0
2009-12-03,22.170000076293945,22.170000076293945,22.11000061035156,22.14999961853028,19.136085510253903,2810700.0
2009-12-04,22.299999237060547,22.520000457763672,22.270000457763672,22.479999542236328,19.421180725097656,12900300.0
2009-12-07,22.540000915527344,22.540000915527344,22.36000061035156,22.479999542236328,19.421180725097656,6668900.0
2009-12-08,22.51000022888184,22.6200008392334,22.5,22.59000015258789,19.51621437072754,6778700.0
2009-12-09,22.559999465942383,22.600000381469727,22.46999931335449,22.5,19.438461303710938,4979000.0
2009-12-10,22.489999771118164,22.559999465942383,22.459999084472656,22.5,19.438461303710938,2473500.0
2009-12-11,22.6299991607666,22.739999771118164,22.6200008392334,22.68000030517578,19.593969345092773,15164200.0
2009-12-14,22.64999961853028,22.670000076293945,22.600000381469727,22.6299991607666,19.550769805908203,4768100.0
2009-12-15,22.76000022888184,22.84000015258789,22.75,22.790000915527344,19.689002990722656,14616400.0
2009-12-16,22.76000022888184,22.809999465942383,22.670000076293945,22.770000457763672,19.671720504760746,5668900.0
2009-12-17,22.96999931335449,23.049999237060547,22.959999084472656,23.01000022888184,19.87906646728516,11718000.0
2009-12-18,23.01000022888184,23.200000762939453,23.01000022888184,23.01000022888184,19.87906646728516,13168800.0
2009-12-21,22.96999931335449,23.11000061035156,22.96999931335449,23.07999992370605,19.93954086303711,6847200.0
2009-12-22,23.07999992370605,23.190000534057617,23.059999465942383,23.15999984741211,20.008655548095703,7170900.0
2009-12-23,23.09000015258789,23.1200008392334,22.979999542236328,23.030000686645508,19.89634704589844,4524400.0
2009-12-24,22.989999771118164,23.040000915527344,22.989999771118164,23.030000686645508,19.89634704589844,1335200.0
2009-12-28,22.959999084472656,22.989999771118164,22.940000534057617,22.96999931335449,19.84450912475586,2958200.0
2009-12-29,22.90999984741211,23.049999237060547,22.88999938964844,23.040000915527344,19.904985427856445,3863900.0
2009-12-30,23.100000381469727,23.1299991607666,23.01000022888184,23.040000915527344,19.904985427856445,3216900.0
2009-12-31,22.979999542236328,23.09000015258789,22.959999084472656,23.07999992370605,19.93954086303711,2822600.0
2010-01-04,22.8700008392334,22.93000030517578,22.84000015258789,22.920000076293945,19.80131149291992,5083600.0
2010-01-05,22.88999938964844,22.959999084472656,22.84000015258789,22.90999984741211,19.79267120361328,6185000.0
2010-01-06,22.950000762939453,22.96999931335449,22.82999992370605,22.850000381469727,19.74083709716797,5693300.0
2010-01-07,22.959999084472656,23.030000686645508,22.959999084472656,23.0,19.87042808532715,5844100.0
2010-01-08,22.88999938964844,23.030000686645508,22.82999992370605,22.84000015258789,19.73219871520996,7371900.0
2010-01-11,22.739999771118164,22.75,22.64999961853028,22.71999931335449,19.62852478027344,8037200.0
2010-01-12,22.71999931335449,22.729999542236328,22.6299991607666,22.71999931335449,19.62852478027344,10486900.0
2010-01-13,22.6299991607666,22.71999931335449,22.6200008392334,22.700000762939453,19.611248016357425,4659400.0
2010-01-14,22.68000030517578,22.709999084472656,22.600000381469727,22.63999938964844,19.55940818786621,7799800.0
2010-01-15,22.75,22.82999992370605,22.75,22.770000457763672,19.671720504760746,3053400.0
2010-01-19,22.86000061035156,22.90999984741211,22.82999992370605,22.84000015258789,19.73219871520996,3527200.0
2010-01-20,23.06999969482422,23.14999961853028,23.059999465942383,23.1200008392334,19.97410011291504,8332600.0
2010-01-21,23.15999984741211,23.209999084472656,23.040000915527344,23.1200008392334,19.97410011291504,7817500.0
2010-01-22,23.1200008392334,23.15999984741211,23.020000457763672,23.07999992370605,19.93954086303711,3961500.0
2010-01-25,23.100000381469727,23.100000381469727,23.030000686645508,23.049999237060547,19.913623809814453,4221400.0
2010-01-26,23.18000030517578,23.190000534057617,23.100000381469727,23.14999961853028,20.000015258789062,7508800.0
2010-01-27,23.170000076293945,23.26000022888184,23.1299991607666,23.229999542236328,20.06913185119629,7955000.0
2010-01-28,23.229999542236328,23.290000915527344,23.21999931335449,23.270000457763672,20.10368728637696,5930300.0
2010-01-29,23.350000381469727,23.450000762939453,23.32999992370605,23.450000762939453,20.259197235107425,8886700.0
2010-02-01,23.36000061035156,23.40999984741211,23.34000015258789,23.350000381469727,20.172801971435547,5346900.0
2010-02-02,23.31999969482422,23.34000015258789,23.270000457763672,23.270000457763672,20.10368728637696,4624700.0
2010-02-03,23.32999992370605,23.43000030517578,23.309999465942383,23.39999961853028,20.21599769592285,7748900.0
2010-02-04,23.5,23.559999465942383,23.479999542236328,23.549999237060547,20.3455867767334,9522800.0
2010-02-05,23.6200008392334,23.770000457763672,23.61000061035156,23.64999961853028,20.43198204040528,17374200.0
2010-02-08,23.63999938964844,23.670000076293945,23.57999992370605,23.63999938964844,20.42333984375,10965400.0
2010-02-09,23.549999237060547,23.6299991607666,23.40999984741211,23.489999771118164,20.293750762939453,11684600.0
2010-02-10,23.549999237060547,23.63999938964844,23.520000457763672,23.559999465942383,20.354228973388672,6164200.0
2010-02-11,23.600000381469727,23.690000534057617,23.520000457763672,23.549999237060547,20.3455867767334,6182500.0
2010-02-12,23.700000762939453,23.739999771118164,23.61000061035156,23.6299991607666,20.414701461791992,4336300.0
2010-02-16,23.59000015258789,23.600000381469727,23.40999984741211,23.43000030517578,20.24191665649414,5956700.0
2010-02-17,23.530000686645508,23.68000030517578,23.51000022888184,23.64999961853028,20.43198204040528,4796600.0
2010-02-18,23.64999961853028,23.729999542236328,23.56999969482422,23.64999961853028,20.43198204040528,3961800.0
2010-02-19,23.82999992370605,23.8799991607666,23.690000534057617,23.71999931335449,20.49245834350586,5482400.0
2010-02-22,23.65999984741211,23.71999931335449,23.63999938964844,23.68000030517578,20.457902908325195,3619000.0
2010-02-23,23.729999542236328,23.809999465942383,23.68000030517578,23.809999465942383,20.57021141052246,3647400.0
2010-02-24,23.739999771118164,23.780000686645508,23.6200008392334,23.76000022888184,20.527013778686523,5542600.0
2010-02-25,23.850000381469727,23.850000381469727,23.700000762939453,23.709999084472656,20.48381805419922,4687800.0
2010-02-26,23.709999084472656,23.739999771118164,23.559999465942383,23.63999938964844,20.42333984375,4837100.0
2010-03-01,23.790000915527344,23.88999938964844,23.700000762939453,23.71999931335449,20.49245834350586,6130600.0
2010-03-02,23.709999084472656,23.780000686645508,23.6200008392334,23.64999961853028,20.43198204040528,4698800.0
2010-03-03,23.600000381469727,23.6200008392334,23.450000762939453,23.51000022888184,20.311033248901367,6455000.0
2010-03-04,23.56999969482422,23.700000762939453,23.559999465942383,23.63999938964844,20.42333984375,4037300.0
2010-03-05,23.700000762939453,23.71999931335449,23.6200008392334,23.6299991607666,20.414701461791992,3555100.0
2010-03-08,23.540000915527344,23.65999984741211,23.530000686645508,23.6200008392334,20.406064987182617,4168100.0
2010-03-09,23.700000762939453,23.709999084472656,23.6299991607666,23.65999984741211,20.44062042236328,2696900.0
2010-03-10,23.670000076293945,23.690000534057617,23.57999992370605,23.6200008392334,20.406064987182617,2315800.0
2010-03-11,23.6200008392334,23.65999984741211,23.559999465942383,23.56999969482422,20.36286735534668,3525800.0
2010-03-12,23.46999931335449,23.5,23.40999984741211,23.420000076293945,20.2332763671875,5689400.0
2010-03-15,23.51000022888184,23.600000381469727,23.5,23.549999237060547,20.3455867767334,3116600.0
2010-03-16,23.46999931335449,23.489999771118164,23.3799991607666,23.3799991607666,20.198719024658203,5086700.0
2010-03-17,23.39999961853028,23.440000534057617,23.34000015258789,23.38999938964844,20.207359313964844,4740400.0
2010-03-18,23.46999931335449,23.61000061035156,23.450000762939453,23.549999237060547,20.3455867767334,5246900.0
2010-03-19,23.709999084472656,23.75,23.6299991607666,23.709999084472656,20.48381805419922,6911200.0
2010-03-22,23.780000686645508,23.790000915527344,23.63999938964844,23.64999961853028,20.43198204040528,4476300.0
2010-03-23,23.729999542236328,23.75,23.63999938964844,23.729999542236328,20.501096725463867,3182100.0
2010-03-24,24.0,24.049999237060547,23.940000534057617,24.049999237060547,20.77755355834961,6944000.0
2010-03-25,24.01000022888184,24.13999938964844,23.959999084472656,24.1299991607666,20.846668243408203,7722800.0
2010-03-26,24.049999237060547,24.06999969482422,23.940000534057617,23.959999084472656,20.699800491333008,3919600.0
2010-03-29,23.89999961853028,23.920000076293945,23.84000015258789,23.84000015258789,20.59613037109375,3267200.0
2010-03-30,23.84000015258789,23.940000534057617,23.82999992370605,23.93000030517578,20.67388343811035,6498400.0
2010-03-31,23.790000915527344,23.809999465942383,23.729999542236328,23.799999237060547,20.561573028564453,3890100.0
2010-04-01,23.780000686645508,23.799999237060547,23.65999984741211,23.65999984741211,20.44062042236328,3173700.0
2010-04-05,23.75,23.799999237060547,23.71999931335449,23.780000686645508,20.54429244995117,1792100.0
2010-04-06,23.88999938964844,23.90999984741211,23.84000015258789,23.850000381469727,20.60476875305176,3353700.0
2010-04-07,23.920000076293945,23.93000030517578,23.850000381469727,23.89999961853028,20.64796638488769,6376200.0
2010-04-08,23.950000762939453,23.96999931335449,23.8700008392334,23.8799991607666,20.63068199157715,4863200.0
2010-04-09,23.86000061035156,23.8700008392334,23.700000762939453,23.700000762939453,20.475181579589844,6529400.0
2010-04-12,23.61000061035156,23.6299991607666,23.56999969482422,23.600000381469727,20.38878631591797,5244300.0
2010-04-13,23.549999237060547,23.64999961853028,23.540000915527344,23.600000381469727,20.38878631591797,3626800.0
2010-04-14,23.530000686645508,23.56999969482422,23.440000534057617,23.479999542236328,20.28511428833008,11851800.0
2010-04-15,23.59000015258789,23.6200008392334,23.549999237060547,23.56999969482422,20.36286735534668,1795100.0
2010-04-16,23.63999938964844,23.700000762939453,23.600000381469727,23.64999961853028,20.43198204040528,3078000.0
2010-04-19,23.770000457763672,23.790000915527344,23.690000534057617,23.690000534057617,20.466541290283203,1276100.0
2010-04-20,23.700000762939453,23.75,23.690000534057617,23.729999542236328,20.501096725463867,1551600.0
2010-04-21,23.75,23.81999969482422,23.75,23.780000686645508,20.54429244995117,3057400.0
2010-04-22,23.850000381469727,23.950000762939453,23.850000381469727,23.88999938964844,20.639324188232425,2696600.0
2010-04-23,23.989999771118164,23.989999771118164,23.809999465942383,23.84000015258789,20.59613037109375,2684800.0
2010-04-26,23.88999938964844,23.920000076293945,23.82999992370605,23.82999992370605,20.58748817443848,1501400.0
2010-04-27,23.950000762939453,24.1200008392334,23.8799991607666,24.1200008392334,20.838029861450195,5873800.0
2010-04-28,24.07999992370605,24.21999931335449,24.06999969482422,24.11000061035156,20.829389572143555,3993200.0
2010-04-29,24.059999465942383,24.07999992370605,23.979999542236328,24.0,20.734357833862305,1994200.0
2010-04-30,23.920000076293945,24.030000686645508,23.90999984741211,23.959999084472656,20.699800491333008,1674000.0
2010-05-03,24.059999465942383,24.15999984741211,24.049999237060547,24.11000061035156,20.829389572143555,1618200.0
2010-05-04,24.290000915527344,24.38999938964844,24.290000915527344,24.3799991607666,21.062652587890625,5771400.0
2010-05-05,24.65999984741211,24.65999984741211,24.5,24.61000061035156,21.2613582611084,22279700.0
2010-05-06,24.75,24.950000762939453,24.65999984741211,24.809999465942383,21.43414306640625,10922000.0
2010-05-07,24.809999465942383,24.90999984741211,24.65999984741211,24.700000762939453,21.33911323547364,7668700.0
2010-05-10,24.46999931335449,24.690000534057617,24.43000030517578,24.63999938964844,21.287273406982425,7777100.0
2010-05-11,24.71999931335449,24.770000457763672,24.63999938964844,24.75,21.382308959960938,3656300.0
2010-05-12,24.75,24.82999992370605,24.690000534057617,24.81999969482422,21.44278144836425,3318500.0
2010-05-13,24.90999984741211,24.96999931335449,24.850000381469727,24.959999084472656,21.563730239868164,3893000.0
2010-05-14,25.020000457763672,25.229999542236328,25.01000022888184,25.190000534057617,21.76243782043457,5043500.0
2010-05-17,25.229999542236328,25.3700008392334,25.15999984741211,25.190000534057617,21.76243782043457,3893700.0
2010-05-18,25.1200008392334,25.540000915527344,25.11000061035156,25.459999084472656,21.995695114135746,6966500.0
2010-05-19,25.3799991607666,25.40999984741211,25.200000762939453,25.21999931335449,21.7883529663086,7345400.0
2010-05-20,25.309999465942383,25.3700008392334,24.959999084472656,25.09000015258789,21.67604637145996,9121600.0
2010-05-21,25.049999237060547,25.07999992370605,24.940000534057617,24.979999542236328,21.58100891113281,6179500.0
2010-05-24,25.21999931335449,25.280000686645508,25.170000076293945,25.229999542236328,21.796993255615234,2736000.0
2010-05-25,25.479999542236328,25.5,25.290000915527344,25.299999237060547,21.85746955871582,6295400.0
2010-05-26,25.3799991607666,25.489999771118164,25.34000015258789,25.46999931335449,22.00433921813965,3516700.0
2010-05-27,25.3799991607666,25.450000762939453,25.14999961853028,25.200000762939453,21.77107620239257,3287800.0
2010-05-28,25.209999084472656,25.34000015258789,25.18000030517578,25.34000015258789,21.892024993896484,2520300.0
2010-06-01,25.420000076293945,25.43000030517578,25.15999984741211,25.350000381469727,21.90066719055176,2820800.0
2010-06-02,25.3799991607666,25.450000762939453,25.309999465942383,25.34000015258789,21.892024993896484,3214000.0
2010-06-03,25.32999992370605,25.489999771118164,25.31999969482422,25.46999931335449,22.00433921813965,4739300.0
2010-06-04,25.6200008392334,25.780000686645508,25.57999992370605,25.770000457763672,22.26351928710937,3850400.0
2010-06-07,25.799999237060547,25.84000015258789,25.739999771118164,25.82999992370605,22.315353393554688,2386800.0
2010-06-08,25.790000915527344,25.81999969482422,25.670000076293945,25.75,22.24623680114746,3156000.0
2010-06-09,25.57999992370605,25.65999984741211,25.5,25.64999961853028,22.15984344482422,3190700.0
2010-06-10,25.440000534057617,25.46999931335449,25.36000061035156,25.3799991607666,21.92658424377441,3290400.0
2010-06-11,25.479999542236328,25.559999465942383,25.40999984741211,25.459999084472656,21.995695114135746,2557600.0
2010-06-14,25.170000076293945,25.239999771118164,25.100000381469727,25.229999542236328,21.796993255615234,4114000.0
2010-06-15,25.100000381469727,25.14999961853028,25.01000022888184,25.020000457763672,21.615568161010746,3993800.0
2010-06-16,25.09000015258789,25.11000061035156,25.020000457763672,25.100000381469727,21.684682846069336,2259100.0
2010-06-17,24.940000534057617,25.020000457763672,24.89999961853028,24.950000762939453,21.55509376525879,2443900.0
2010-06-18,24.950000762939453,24.979999542236328,24.920000076293945,24.940000534057617,21.54645729064941,2724000.0
2010-06-21,24.920000076293945,25.059999465942383,24.88999938964844,25.030000686645508,21.624208450317383,3589200.0
2010-06-22,25.030000686645508,25.09000015258789,24.979999542236328,25.06999969482422,21.658763885498047,2555800.0
2010-06-23,25.09000015258789,25.15999984741211,24.93000030517578,24.96999931335449,21.57237243652344,1969000.0
2010-06-24,24.96999931335449,25.0,24.8700008392334,24.96999931335449,21.57237243652344,1669700.0
2010-06-25,24.979999542236328,25.0,24.81999969482422,24.82999992370605,21.451419830322266,2246300.0
2010-06-28,24.8799991607666,24.96999931335449,24.850000381469727,24.959999084472656,21.563730239868164,2390300.0
2010-06-29,25.06999969482422,25.1299991607666,25.030000686645508,25.07999992370605,21.667404174804688,2982500.0
2010-06-30,25.040000915527344,25.059999465942383,24.950000762939453,25.059999465942383,21.65012550354004,1887000.0
2010-07-01,24.799999237060547,24.799999237060547,24.559999465942383,24.600000381469727,21.25271797180176,5147100.0
2010-07-02,24.520000457763672,24.61000061035156,24.5,24.56999969482422,21.22679901123047,3738500.0
2010-07-06,24.5,24.549999237060547,24.38999938964844,24.489999771118164,21.15768241882324,5670200.0
2010-07-07,24.479999542236328,24.489999771118164,24.3700008392334,24.40999984741211,21.08857154846192,2385100.0
2010-07-08,24.3799991607666,24.440000534057617,24.36000061035156,24.3799991607666,21.062652587890625,2430200.0
2010-07-09,24.440000534057617,24.450000762939453,24.39999961853028,24.440000534057617,21.11448860168457,1964800.0
2010-07-12,24.530000686645508,24.549999237060547,24.489999771118164,24.51000022888184,21.174962997436523,1727600.0
2010-07-13,24.40999984741211,24.40999984741211,24.25,24.299999237060547,20.9935359954834,4354600.0
2010-07-14,24.309999465942383,24.31999969482422,24.190000534057617,24.25,20.950342178344727,2252600.0
2010-07-15,24.06999969482422,24.07999992370605,23.950000762939453,23.96999931335449,20.70844078063965,5089100.0
2010-07-16,23.93000030517578,24.030000686645508,23.920000076293945,24.01000022888184,20.742998123168945,3920400.0
2010-07-19,24.01000022888184,24.040000915527344,23.96999931335449,24.030000686645508,20.760278701782227,1528600.0
2010-07-20,24.13999938964844,24.13999938964844,24.040000915527344,24.06999969482422,20.79483222961425,4164000.0
2010-07-21,24.1299991607666,24.280000686645508,24.1299991607666,24.229999542236328,20.93306350708008,2954800.0
2010-07-22,24.09000015258789,24.11000061035156,23.989999771118164,24.030000686645508,20.760278701782227,1705400.0
2010-07-23,24.1200008392334,24.14999961853028,23.96999931335449,23.989999771118164,20.725717544555664,2370600.0
2010-07-26,23.93000030517578,23.959999084472656,23.84000015258789,23.86000061035156,20.61340713500977,2145700.0
2010-07-27,23.8700008392334,23.959999084472656,23.86000061035156,23.89999961853028,20.64796638488769,1691900.0
2010-07-28,23.8799991607666,23.89999961853028,23.81999969482422,23.88999938964844,20.639324188232425,2006900.0
2010-07-29,23.729999542236328,23.76000022888184,23.690000534057617,23.729999542236328,20.501096725463867,2504100.0
2010-07-30,23.799999237060547,23.799999237060547,23.68000030517578,23.739999771118164,20.50973320007324,1285200.0
2010-08-02,23.600000381469727,23.61000061035156,23.489999771118164,23.520000457763672,20.319669723510746,2919300.0
2010-08-03,23.450000762939453,23.5,23.40999984741211,23.420000076293945,20.2332763671875,2652500.0
2010-08-04,23.450000762939453,23.59000015258789,23.440000534057617,23.549999237060547,20.3455867767334,6548500.0
2010-08-05,23.51000022888184,23.559999465942383,23.46999931335449,23.46999931335449,20.27647590637207,3025400.0
2010-08-06,23.3700008392334,23.38999938964844,23.280000686645508,23.350000381469727,20.172801971435547,2938500.0
2010-08-09,23.420000076293945,23.479999542236328,23.40999984741211,23.46999931335449,20.27647590637207,1497300.0
2010-08-10,23.63999938964844,23.700000762939453,23.450000762939453,23.520000457763672,20.319669723510746,3830200.0
2010-08-11,23.790000915527344,23.959999084472656,23.780000686645508,23.93000030517578,20.67388343811035,7122600.0
2010-08-12,23.989999771118164,24.030000686645508,23.950000762939453,24.01000022888184,20.742998123168945,4587500.0
2010-08-13,24.030000686645508,24.11000061035156,23.979999542236328,24.11000061035156,20.829389572143555,2758600.0
2010-08-16,23.979999542236328,23.989999771118164,23.89999961853028,23.959999084472656,20.699800491333008,1788300.0
2010-08-17,23.8799991607666,23.959999084472656,23.86000061035156,23.8799991607666,20.63068199157715,2259000.0
2010-08-18,23.850000381469727,23.93000030517578,23.84000015258789,23.90999984741211,20.656606674194336,1187100.0
2010-08-19,23.86000061035156,24.0,23.81999969482422,23.959999084472656,20.699800491333008,1582100.0
2010-08-20,24.14999961853028,24.209999084472656,24.1200008392334,24.1299991607666,20.846668243408203,4274600.0
2010-08-23,24.1200008392334,24.190000534057617,24.06999969482422,24.18000030517578,20.88986587524414,3078500.0
2010-08-24,24.209999084472656,24.21999931335449,24.049999237060547,24.13999938964844,20.85531044006348,4447000.0
2010-08-25,24.190000534057617,24.21999931335449,24.1200008392334,24.18000030517578,20.88986587524414,2598500.0
2010-08-26,24.07999992370605,24.100000381469727,23.979999542236328,24.030000686645508,20.760278701782227,3139400.0
2010-08-27,24.07999992370605,24.13999938964844,23.989999771118164,24.06999969482422,20.79483222961425,4012200.0
2010-08-30,24.06999969482422,24.14999961853028,24.049999237060547,24.13999938964844,20.85531044006348,1738200.0
2010-08-31,24.07999992370605,24.14999961853028,24.049999237060547,24.1200008392334,20.838029861450195,1783400.0
2010-09-01,23.89999961853028,23.950000762939453,23.8799991607666,23.93000030517578,20.67388343811035,3436700.0
2010-09-02,23.920000076293945,23.96999931335449,23.89999961853028,23.90999984741211,20.656606674194336,1842500.0
2010-09-03,23.88999938964844,23.88999938964844,23.790000915527344,23.790000915527344,20.55293273925781,2943600.0
2010-09-07,23.940000534057617,24.049999237060547,23.920000076293945,24.040000915527344,20.768917083740234,1444600.0
2010-09-08,24.0,24.0,23.89999961853028,23.959999084472656,20.699800491333008,1817900.0
2010-09-09,23.90999984741211,24.0,23.89999961853028,23.959999084472656,20.699800491333008,1564100.0
2010-09-10,23.989999771118164,24.020000457763672,23.950000762939453,23.979999542236328,20.717077255249023,616300.0
2010-09-13,23.809999465942383,23.81999969482422,23.700000762939453,23.71999931335449,20.49245834350586,1699300.0
2010-09-14,23.729999542236328,23.739999771118164,23.479999542236328,23.520000457763672,20.319669723510746,2215500.0
2010-09-15,23.6299991607666,23.670000076293945,23.559999465942383,23.6200008392334,20.406064987182617,1103300.0
2010-09-16,23.549999237060547,23.600000381469727,23.5,23.540000915527344,20.33694839477539,4234800.0
2010-09-17,23.540000915527344,23.6200008392334,23.520000457763672,23.600000381469727,20.38878631591797,1661900.0
2010-09-20,23.59000015258789,23.59000015258789,23.51000022888184,23.56999969482422,20.36286735534668,1923300.0
2010-09-21,23.459999084472656,23.51000022888184,23.239999771118164,23.309999465942383,20.13824462890625,4914100.0
2010-09-22,23.100000381469727,23.190000534057617,23.059999465942383,23.13999938964844,19.99137687683105,4480900.0
2010-09-23,23.15999984741211,23.229999542236328,23.13999938964844,23.209999084472656,20.051851272583008,2624000.0
2010-09-24,23.030000686645508,23.040000915527344,22.96999931335449,22.96999931335449,19.84450912475586,3329500.0
2010-09-27,22.979999542236328,23.040000915527344,22.96999931335449,23.0,19.87042808532715,5305500.0
2010-09-28,23.01000022888184,23.06999969482422,22.850000381469727,22.8799991607666,19.766752243041992,5065400.0
2010-09-29,22.850000381469727,22.8799991607666,22.799999237060547,22.84000015258789,19.73219871520996,2850000.0
2010-09-30,22.780000686645508,22.90999984741211,22.770000457763672,22.84000015258789,19.73219871520996,3536400.0
2010-10-01,22.700000762939453,22.729999542236328,22.63999938964844,22.64999961853028,19.568050384521484,2995700.0
2010-10-04,22.729999542236328,22.76000022888184,22.700000762939453,22.75,19.65444564819336,2082800.0
2010-10-05,22.600000381469727,22.6299991607666,22.520000457763672,22.559999465942383,19.49029922485352,3393500.0
2010-10-06,22.530000686645508,22.540000915527344,22.420000076293945,22.450000762939453,19.395263671875,3956700.0
2010-10-07,22.3700008392334,22.549999237060547,22.36000061035156,22.479999542236328,19.421180725097656,5534100.0
2010-10-08,22.43000030517578,22.459999084472656,22.3799991607666,22.39999961853028,19.352066040039062,2977200.0
2010-10-11,22.39999961853028,22.5,22.39999961853028,22.489999771118164,19.429821014404297,2644000.0
2010-10-12,22.51000022888184,22.56999969482422,22.39999961853028,22.420000076293945,19.36934471130371,3458200.0
2010-10-13,22.38999938964844,22.420000076293945,22.32999992370605,22.36000061035156,19.31751251220703,3574300.0
2010-10-14,22.25,22.270000457763672,22.190000534057617,22.209999084472656,19.187917709350582,4090500.0
2010-10-15,22.18000030517578,22.3799991607666,22.170000076293945,22.34000015258789,19.300233840942383,8807200.0
2010-10-18,22.3799991607666,22.40999984741211,22.299999237060547,22.31999969482422,19.2829532623291,3236300.0
2010-10-19,22.6200008392334,22.71999931335449,22.56999969482422,22.700000762939453,19.611248016357425,10822800.0
2010-10-20,22.559999465942383,22.56999969482422,22.350000381469727,22.38999938964844,19.34342765808105,8742200.0
2010-10-21,22.3700008392334,22.5,22.299999237060547,22.46999931335449,19.41254234313965,9596700.0
2010-10-22,22.440000534057617,22.5,22.40999984741211,22.46999931335449,19.41254234313965,4695700.0
2010-10-25,22.299999237060547,22.38999938964844,22.280000686645508,22.3700008392334,19.32615089416504,5641400.0
2010-10-26,22.489999771118164,22.559999465942383,22.459999084472656,22.520000457763672,19.455739974975582,5790100.0
2010-10-27,22.56999969482422,22.700000762939453,22.559999465942383,22.64999961853028,19.568050384521484,15417300.0
2010-10-28,22.440000534057617,22.479999542236328,22.3700008392334,22.40999984741211,19.360706329345703,5232300.0
2010-10-29,22.420000076293945,22.440000534057617,22.36000061035156,22.3700008392334,19.32615089416504,4144900.0
2010-11-01,22.32999992370605,22.440000534057617,22.309999465942383,22.40999984741211,19.360706329345703,3610600.0
2010-11-02,22.25,22.270000457763672,22.209999084472656,22.25,19.22247695922852,4533900.0
2010-11-03,22.26000022888184,22.31999969482422,22.0,22.13999938964844,19.127445220947266,11546800.0
2010-11-04,21.950000762939453,22.01000022888184,21.90999984741211,21.96999931335449,18.98057556152344,14712400.0
2010-11-05,22.11000061035156,22.190000534057617,22.06999969482422,22.18000030517578,19.16200256347656,5827400.0
2010-11-08,22.290000915527344,22.34000015258789,22.270000457763672,22.309999465942383,19.274314880371094,4274100.0
2010-11-09,22.239999771118164,22.549999237060547,22.229999542236328,22.5,19.438461303710938,5428700.0
2010-11-10,22.520000457763672,22.63999938964844,22.450000762939453,22.479999542236328,19.421180725097656,6243300.0
2010-11-11,22.549999237060547,22.670000076293945,22.549999237060547,22.63999938964844,19.55940818786621,5170700.0
2010-11-12,22.549999237060547,22.65999984741211,22.489999771118164,22.61000061035156,19.53349494934082,5481200.0
2010-11-15,22.64999961853028,22.790000915527344,22.63999938964844,22.790000915527344,19.689002990722656,4708100.0
2010-11-16,22.770000457763672,22.989999771118164,22.739999771118164,22.920000076293945,19.80131149291992,6354000.0
2010-11-17,22.8799991607666,22.89999961853028,22.809999465942383,22.89999961853028,19.784034729003903,4547000.0
2010-11-18,22.739999771118164,22.809999465942383,22.709999084472656,22.739999771118164,19.64580535888672,3587900.0
2010-11-19,22.700000762939453,22.76000022888184,22.670000076293945,22.670000076293945,19.585329055786133,2623400.0
2010-11-22,22.71999931335449,22.81999969482422,22.700000762939453,22.739999771118164,19.64580535888672,2035600.0
2010-11-23,22.89999961853028,23.059999465942383,22.88999938964844,23.040000915527344,19.904985427856445,7245400.0
2010-11-24,23.0,23.09000015258789,22.950000762939453,23.06999969482422,19.93090057373047,3561400.0
2010-11-26,23.209999084472656,23.26000022888184,23.190000534057617,23.209999084472656,20.051851272583008,6484300.0
2010-11-29,23.38999938964844,23.450000762939453,23.34000015258789,23.350000381469727,20.172801971435547,7682700.0
2010-11-30,23.51000022888184,23.520000457763672,23.39999961853028,23.5,20.302392959594727,6908700.0
2010-12-01,23.3700008392334,23.43000030517578,23.25,23.299999237060547,20.12960433959961,5591900.0
2010-12-02,23.32999992370605,23.34000015258789,23.1299991607666,23.15999984741211,20.008655548095703,5658500.0
2010-12-03,22.959999084472656,23.0,22.86000061035156,22.8799991607666,19.766752243041992,10896200.0
2010-12-06,23.059999465942383,23.07999992370605,22.959999084472656,22.989999771118164,19.861787796020508,3287700.0
2010-12-07,22.88999938964844,23.100000381469727,22.8799991607666,23.09000015258789,19.94818115234375,3274200.0
2010-12-08,23.13999938964844,23.190000534057617,23.06999969482422,23.100000381469727,19.956817626953125,3977900.0
2010-12-09,23.11000061035156,23.21999931335449,23.07999992370605,23.1200008392334,19.97410011291504,3275700.0
2010-12-10,23.1299991607666,23.18000030517578,23.09000015258789,23.1200008392334,19.97410011291504,2232000.0
2010-12-13,22.989999771118164,23.020000457763672,22.809999465942383,22.8700008392334,19.758115768432617,8888500.0
2010-12-14,22.8799991607666,22.940000534057617,22.799999237060547,22.90999984741211,19.79267120361328,3055900.0
2010-12-15,22.96999931335449,23.15999984741211,22.940000534057617,23.14999961853028,20.000015258789062,5926900.0
2010-12-16,23.11000061035156,23.200000762939453,23.09000015258789,23.09000015258789,19.94818115234375,4830300.0
2010-12-17,23.1299991607666,23.26000022888184,23.1200008392334,23.190000534057617,20.034574508666992,6085700.0
2010-12-20,23.200000762939453,23.290000915527344,23.18000030517578,23.239999771118164,20.07777214050293,5458800.0
2010-12-21,23.200000762939453,23.31999969482422,23.18000030517578,23.290000915527344,20.120967864990234,2988600.0
2010-12-22,23.26000022888184,23.299999237060547,23.25,23.270000457763672,20.10368728637696,1805600.0
2010-12-23,23.299999237060547,23.299999237060547,23.18000030517578,23.200000762939453,20.043210983276367,4953900.0
2010-12-27,23.14999961853028,23.190000534057617,23.13999938964844,23.14999961853028,20.000015258789062,1378400.0
2010-12-28,23.049999237060547,23.190000534057617,23.049999237060547,23.15999984741211,20.008655548095703,1783900.0
2010-12-29,23.1200008392334,23.1299991607666,22.96999931335449,23.0,19.87042808532715,1802300.0
2010-12-30,22.920000076293945,22.979999542236328,22.88999938964844,22.920000076293945,19.80131149291992,2199700.0
2010-12-31,22.799999237060547,22.799999237060547,22.700000762939453,22.709999084472656,19.61988639831543,3413900.0
2011-01-03,22.81999969482422,22.8700008392334,22.76000022888184,22.81999969482422,19.71491813659668,1876500.0
2011-01-04,22.76000022888184,22.90999984741211,22.76000022888184,22.8799991607666,19.766752243041992,2474300.0
2011-01-05,23.1299991607666,23.14999961853028,23.059999465942383,23.11000061035156,19.96545791625977,4296600.0
2011-01-06,23.1299991607666,23.309999465942383,23.1200008392334,23.290000915527344,20.120967864990234,4132800.0
2011-01-07,23.299999237060547,23.3700008392334,23.25,23.36000061035156,20.18144416809082,4977100.0
2011-01-10,23.3700008392334,23.39999961853028,23.280000686645508,23.280000686645508,20.112329483032227,2047400.0
2011-01-11,23.299999237060547,23.3799991607666,23.26000022888184,23.270000457763672,20.10368728637696,2853500.0
2011-01-12,23.18000030517578,23.209999084472656,23.020000457763672,23.040000915527344,19.904985427856445,4674100.0
2011-01-13,22.82999992370605,22.86000061035156,22.739999771118164,22.799999237060547,19.697641372680664,4646000.0
2011-01-14,22.799999237060547,22.84000015258789,22.729999542236328,22.770000457763672,19.671720504760746,5341100.0
2011-01-18,22.700000762939453,22.780000686645508,22.61000061035156,22.75,19.65444564819336,3015100.0
2011-01-19,22.56999969482422,22.63999938964844,22.559999465942383,22.61000061035156,19.53349494934082,3512300.0
2011-01-20,22.690000534057617,22.780000686645508,22.64999961853028,22.68000030517578,19.593969345092773,2165000.0
2011-01-21,22.549999237060547,22.57999992370605,22.46999931335449,22.489999771118164,19.429821014404297,3009600.0
2011-01-24,22.530000686645508,22.530000686645508,22.3799991607666,22.440000534057617,19.386625289916992,2429600.0
2011-01-25,22.530000686645508,22.549999237060547,22.38999938964844,22.43000030517578,19.37798500061035,2205900.0
2011-01-26,22.40999984741211,22.459999084472656,22.3700008392334,22.38999938964844,19.34342765808105,4090200.0
2011-01-27,22.32999992370605,22.420000076293945,22.31999969482422,22.350000381469727,19.30887031555176,1964100.0
2011-01-28,22.38999938964844,22.520000457763672,22.36000061035156,22.489999771118164,19.429821014404297,3585000.0
2011-01-31,22.36000061035156,22.39999961853028,22.299999237060547,22.36000061035156,19.31751251220703,4983400.0
2011-02-01,22.25,22.299999237060547,22.1299991607666,22.13999938964844,19.127445220947266,4269700.0
2011-02-02,22.18000030517578,22.229999542236328,22.13999938964844,22.18000030517578,19.16200256347656,2462600.0
2011-02-03,22.32999992370605,22.38999938964844,22.309999465942383,22.36000061035156,19.31751251220703,1928300.0
2011-02-04,22.43000030517578,22.489999771118164,22.39999961853028,22.43000030517578,19.37798500061035,1840800.0
2011-02-07,22.5,22.520000457763672,22.40999984741211,22.43000030517578,19.37798500061035,1629800.0
2011-02-08,22.3799991607666,22.43000030517578,22.309999465942383,22.40999984741211,19.360706329345703,1894500.0
2011-02-09,22.36000061035156,22.38999938964844,22.270000457763672,22.309999465942383,19.274314880371094,2407800.0
2011-02-10,22.46999931335449,22.520000457763672,22.43000030517578,22.489999771118164,19.429821014404297,3205800.0
2011-02-11,22.59000015258789,22.61000061035156,22.51000022888184,22.549999237060547,19.481658935546875,2861300.0
2011-02-14,22.6200008392334,22.6299991607666,22.559999465942383,22.57999992370605,19.50757598876953,1822700.0
2011-02-15,22.549999237060547,22.600000381469727,22.530000686645508,22.600000381469727,19.52485466003418,2435000.0
2011-02-16,22.61000061035156,22.6299991607666,22.450000762939453,22.46999931335449,19.41254234313965,1528500.0
2011-02-17,22.440000534057617,22.450000762939453,22.38999938964844,22.40999984741211,19.360706329345703,1578600.0
2011-02-18,22.3799991607666,22.39999961853028,22.270000457763672,22.299999237060547,19.265674591064453,1785600.0
2011-02-22,22.32999992370605,22.3799991607666,22.290000915527344,22.36000061035156,19.31751251220703,2004600.0
2011-02-23,22.270000457763672,22.280000686645508,22.190000534057617,22.229999542236328,19.205198287963867,2497600.0
2011-02-24,22.13999938964844,22.190000534057617,22.11000061035156,22.14999961853028,19.136085510253903,2977300.0
2011-02-25,22.200000762939453,22.239999771118164,22.18000030517578,22.190000534057617,19.170642852783203,1279500.0
2011-02-28,22.059999465942383,22.1200008392334,22.049999237060547,22.09000015258789,19.08424949645996,2951400.0
2011-03-01,22.059999465942383,22.15999984741211,22.040000915527344,22.1200008392334,19.110170364379883,3844200.0
2011-03-02,22.030000686645508,22.040000915527344,21.96999931335449,22.0,19.006494522094727,3669400.0
2011-03-03,21.96999931335449,22.01000022888184,21.950000762939453,21.96999931335449,18.98057556152344,3457700.0
2011-03-04,21.940000534057617,21.96999931335449,21.89999961853028,21.940000534057617,18.95466041564941,3214200.0
2011-03-07,21.89999961853028,21.979999542236328,21.89999961853028,21.959999084472656,18.9719352722168,2298700.0
2011-03-08,22.09000015258789,22.100000381469727,22.030000686645508,22.059999465942383,19.058330535888672,2595800.0
2011-03-09,22.030000686645508,22.049999237060547,21.989999771118164,22.020000457763672,19.02377319335937,2462400.0
2011-03-10,22.14999961853028,22.209999084472656,22.13999938964844,22.190000534057617,19.170642852783203,4492900.0
2011-03-11,22.18000030517578,22.18000030517578,22.020000457763672,22.030000686645508,19.032413482666016,2370300.0
2011-03-14,21.979999542236328,21.989999771118164,21.90999984741211,21.920000076293945,18.937379837036133,3112000.0
2011-03-15,22.059999465942383,22.07999992370605,21.90999984741211,21.940000534057617,18.95466041564941,3599800.0
2011-03-16,22.0,22.059999465942383,21.959999084472656,22.01000022888184,19.01513290405273,2927000.0
2011-03-17,21.81999969482422,21.86000061035156,21.790000915527344,21.81999969482422,18.85098648071289,5179000.0
2011-03-18,21.75,21.780000686645508,21.690000534057617,21.71999931335449,18.76459312438965,3530900.0
2011-03-21,21.670000076293945,21.739999771118164,21.6200008392334,21.64999961853028,18.70411872863769,3842200.0
2011-03-22,21.64999961853028,21.68000030517578,21.6299991607666,21.65999984741211,18.712757110595703,1974700.0
2011-03-23,21.76000022888184,21.780000686645508,21.700000762939453,21.780000686645508,18.816431045532227,2353700.0
2011-03-24,21.770000457763672,21.780000686645508,21.65999984741211,21.729999542236328,18.773231506347656,2896700.0
2011-03-25,21.76000022888184,21.89999961853028,21.739999771118164,21.8799991607666,18.90282249450684,3976000.0
2011-03-28,21.8799991607666,21.8799991607666,21.81999969482422,21.86000061035156,18.885543823242188,1343100.0
2011-03-29,21.93000030517578,21.93000030517578,21.850000381469727,21.850000381469727,18.87690544128418,1219500.0
2011-03-30,21.88999938964844,21.920000076293945,21.799999237060547,21.82999992370605,18.859628677368164,1260200.0
2011-03-31,21.780000686645508,21.790000915527344,21.739999771118164,21.790000915527344,18.825069427490234,2074400.0
2011-04-01,21.89999961853028,21.979999542236328,21.739999771118164,21.770000457763672,18.80778884887696,3038600.0
2011-04-04,21.75,21.799999237060547,21.729999542236328,21.770000457763672,18.80778884887696,979400.0
2011-04-05,21.82999992370605,21.850000381469727,21.729999542236328,21.780000686645508,18.816431045532227,1381500.0
2011-04-06,21.709999084472656,21.729999542236328,21.63999938964844,21.65999984741211,18.712757110595703,2367400.0
2011-04-07,21.71999931335449,21.729999542236328,21.65999984741211,21.670000076293945,18.721397399902344,1802900.0
2011-04-08,21.540000915527344,21.549999237060547,21.489999771118164,21.5,18.57452964782715,3407700.0
2011-04-11,21.51000022888184,21.540000915527344,21.479999542236328,21.530000686645508,18.600446701049805,2502200.0
2011-04-12,21.440000534057617,21.520000457763672,21.43000030517578,21.479999542236328,18.557249069213867,3409300.0
2011-04-13,21.46999931335449,21.549999237060547,21.440000534057617,21.5,18.57452964782715,2176300.0
2011-04-14,21.489999771118164,21.5,21.39999961853028,21.420000076293945,18.505414962768555,2267700.0
2011-04-15,21.479999542236328,21.51000022888184,21.43000030517578,21.459999084472656,18.53997230529785,2900300.0
2011-04-18,21.559999465942383,21.739999771118164,21.530000686645508,21.65999984741211,18.712757110595703,5069700.0
2011-04-19,21.56999969482422,21.56999969482422,21.5,21.530000686645508,18.600446701049805,1742200.0
2011-04-20,21.31999969482422,21.350000381469727,21.290000915527344,21.31999969482422,18.41901969909668,2558000.0
2011-04-21,21.21999931335449,21.26000022888184,21.18000030517578,21.239999771118164,18.34990692138672,2779400.0
2011-04-25,21.190000534057617,21.280000686645508,21.18000030517578,21.209999084472656,18.32398796081543,4248900.0
2011-04-26,21.200000762939453,21.209999084472656,21.14999961853028,21.15999984741211,18.280792236328125,3700000.0
2011-04-27,21.14999961853028,21.21999931335449,21.0,21.020000457763672,18.15984344482422,7640400.0
2011-04-28,20.989999771118164,21.030000686645508,20.920000076293945,20.959999084472656,18.10800552368164,9306000.0
2011-04-29,20.950000762939453,20.96999931335449,20.88999938964844,20.950000762939453,18.09936714172364,1900000.0
2011-05-02,20.93000030517578,20.96999931335449,20.86000061035156,20.96999931335449,18.11664581298828,8945400.0
2011-05-03,20.96999931335449,20.979999542236328,20.8799991607666,20.96999931335449,18.11664581298828,7702800.0
2011-05-04,20.8799991607666,20.96999931335449,20.84000015258789,20.959999084472656,18.10800552368164,11583200.0
2011-05-05,21.06999969482422,21.280000686645508,21.059999465942383,21.270000457763672,18.375825881958008,18200000.0
2011-05-06,21.25,21.489999771118164,21.229999542236328,21.43000030517578,18.51405334472656,11396500.0
2011-05-09,21.479999542236328,21.549999237060547,21.3799991607666,21.39999961853028,18.488136291503903,7344500.0
2011-05-10,21.420000076293945,21.450000762939453,21.350000381469727,21.3799991607666,18.470855712890625,4739100.0
2011-05-11,21.440000534057617,21.6200008392334,21.43000030517578,21.57999992370605,18.64364624023437,10728600.0
2011-05-12,21.57999992370605,21.63999938964844,21.489999771118164,21.540000915527344,18.60908508300781,5359000.0
2011-05-13,21.520000457763672,21.76000022888184,21.51000022888184,21.690000534057617,18.738677978515625,8998100.0
2011-05-16,21.63999938964844,21.64999961853028,21.549999237060547,21.6200008392334,18.67820167541504,3876600.0
2011-05-17,21.690000534057617,21.709999084472656,21.57999992370605,21.600000381469727,18.66092300415039,5683500.0
2011-05-18,21.61000061035156,21.63999938964844,21.540000915527344,21.59000015258789,18.652284622192383,3862600.0
2011-05-19,21.600000381469727,21.61000061035156,21.489999771118164,21.5,18.57452964782715,7557200.0
2011-05-20,21.56999969482422,21.690000534057617,21.559999465942383,21.64999961853028,18.70411872863769,6635900.0
2011-05-23,21.850000381469727,21.86000061035156,21.76000022888184,21.790000915527344,18.825069427490234,9300000.0
2011-05-24,21.75,21.76000022888184,21.700000762939453,21.729999542236328,18.773231506347656,2746300.0
2011-05-25,21.780000686645508,21.790000915527344,21.65999984741211,21.709999084472656,18.75595474243164,3335600.0
2011-05-26,21.59000015258789,21.700000762939453,21.540000915527344,21.6200008392334,18.67820167541504,2937400.0
2011-05-27,21.489999771118164,21.51000022888184,21.39999961853028,21.440000534057617,18.522693634033203,4988700.0
2011-05-31,21.309999465942383,21.36000061035156,21.309999465942383,21.34000015258789,18.4363021850586,4834000.0
2011-06-01,21.280000686645508,21.40999984741211,21.239999771118164,21.38999938964844,18.479496002197266,6895300.0
2011-06-02,21.280000686645508,21.350000381469727,21.21999931335449,21.25,18.35854721069336,5355900.0
2011-06-03,21.209999084472656,21.21999931335449,21.06999969482422,21.09000015258789,18.22031593322754,6503400.0
2011-06-06,21.100000381469727,21.170000076293945,21.09000015258789,21.14999961853028,18.27215385437012,4869000.0
2011-06-07,21.049999237060547,21.059999465942383,21.01000022888184,21.030000686645508,18.16848373413086,6575000.0
2011-06-08,21.09000015258789,21.14999961853028,21.059999465942383,21.1299991607666,18.25487518310547,5609600.0
2011-06-09,21.239999771118164,21.239999771118164,21.15999984741211,21.200000762939453,18.315349578857425,5576000.0
2011-06-10,21.270000457763672,21.43000030517578,21.26000022888184,21.39999961853028,18.488136291503903,5967100.0
2011-06-13,21.350000381469727,21.3700008392334,21.270000457763672,21.290000915527344,18.393102645874023,4014500.0
2011-06-14,21.270000457763672,21.280000686645508,21.200000762939453,21.26000022888184,18.367185592651367,3011000.0
2011-06-15,21.450000762939453,21.6299991607666,21.420000076293945,21.600000381469727,18.66092300415039,8706300.0
2011-06-16,21.65999984741211,21.670000076293945,21.56999969482422,21.59000015258789,18.652284622192383,5024600.0
2011-06-17,21.479999542236328,21.5,21.40999984741211,21.450000762939453,18.531333923339844,5367200.0
2011-06-20,21.459999084472656,21.46999931335449,21.40999984741211,21.450000762939453,18.531333923339844,3632900.0
2011-06-21,21.3799991607666,21.3799991607666,21.290000915527344,21.309999465942383,18.410381317138672,4552700.0
2011-06-22,21.34000015258789,21.39999961853028,21.270000457763672,21.38999938964844,18.479496002197266,3971300.0
2011-06-23,21.600000381469727,21.65999984741211,21.5,21.5,18.57452964782715,5851300.0
2011-06-24,21.56999969482422,21.670000076293945,21.549999237060547,21.6299991607666,18.68683815002441,5286200.0
2011-06-27,21.670000076293945,21.68000030517578,21.51000022888184,21.530000686645508,18.600446701049805,3540600.0
2011-06-28,21.479999542236328,21.5,21.3799991607666,21.450000762939453,18.531333923339844,3647800.0
2011-06-29,21.38999938964844,21.440000534057617,21.299999237060547,21.31999969482422,18.41901969909668,4950700.0
2011-06-30,21.26000022888184,21.290000915527344,21.190000534057617,21.21999931335449,18.33262825012207,4203500.0
2011-07-01,21.26000022888184,21.31999969482422,21.190000534057617,21.200000762939453,18.315349578857425,3130300.0
2011-07-05,21.229999542236328,21.309999465942383,21.209999084472656,21.280000686645508,18.384464263916016,2326900.0
2011-07-06,21.3799991607666,21.459999084472656,21.3700008392334,21.40999984741211,18.49677467346192,3624100.0
2011-07-07,21.440000534057617,21.450000762939453,21.34000015258789,21.3700008392334,18.462221145629883,3831100.0
2011-07-08,21.3700008392334,21.479999542236328,21.34000015258789,21.420000076293945,18.505414962768555,3677400.0
2011-07-11,21.65999984741211,21.739999771118164,21.6299991607666,21.709999084472656,18.75595474243164,5459300.0
2011-07-12,21.739999771118164,21.739999771118164,21.600000381469727,21.700000762939453,18.74731636047364,4557900.0
2011-07-13,21.57999992370605,21.6200008392334,21.39999961853028,21.46999931335449,18.54861259460449,6012700.0
2011-07-14,21.36000061035156,21.479999542236328,21.34000015258789,21.46999931335449,18.54861259460449,6399300.0
2011-07-15,21.459999084472656,21.51000022888184,21.3799991607666,21.43000030517578,18.51405334472656,2203700.0
2011-07-18,21.520000457763672,21.61000061035156,21.46999931335449,21.479999542236328,18.557249069213867,4890800.0
2011-07-19,21.420000076293945,21.46999931335449,21.350000381469727,21.43000030517578,18.51405334472656,4166300.0
2011-07-20,21.350000381469727,21.38999938964844,21.299999237060547,21.32999992370605,18.42765998840332,2817200.0
2011-07-21,21.190000534057617,21.229999542236328,21.07999992370605,21.1299991607666,18.25487518310547,9599900.0
2011-07-22,21.1299991607666,21.18000030517578,21.1200008392334,21.1299991607666,18.25487518310547,3334100.0
2011-07-25,21.11000061035156,21.14999961853028,21.06999969482422,21.11000061035156,18.23759651184082,2808400.0
2011-07-26,20.989999771118164,21.0,20.90999984741211,20.93000030517578,18.082090377807617,5351600.0
2011-07-27,20.96999931335449,21.1299991607666,20.96999931335449,21.09000015258789,18.22031593322754,5544200.0
2011-07-28,21.170000076293945,21.18000030517578,21.11000061035156,21.1299991607666,18.25487518310547,1660100.0
2011-07-29,21.040000915527344,21.07999992370605,20.979999542236328,21.030000686645508,18.16848373413086,2555000.0
2011-08-01,21.01000022888184,21.21999931335449,21.0,21.13999938964844,18.26351547241211,6863400.0
2011-08-02,21.190000534057617,21.209999084472656,21.11000061035156,21.170000076293945,18.28943252563477,3316800.0
2011-08-03,21.06999969482422,21.1200008392334,21.040000915527344,21.06999969482422,18.20303726196289,3012500.0
2011-08-04,21.31999969482422,21.40999984741211,21.299999237060547,21.39999961853028,18.488136291503903,11101100.0
2011-08-05,21.290000915527344,21.350000381469727,21.200000762939453,21.21999931335449,18.33262825012207,6898500.0
2011-08-08,21.31999969482422,21.350000381469727,21.200000762939453,21.25,18.35854721069336,8774900.0
2011-08-09,21.170000076293945,21.26000022888184,21.030000686645508,21.06999969482422,18.20303726196289,5483500.0
2011-08-10,21.14999961853028,21.270000457763672,21.14999961853028,21.25,18.35854721069336,4908100.0
2011-08-11,21.26000022888184,21.299999237060547,21.15999984741211,21.21999931335449,18.33262825012207,2866800.0
2011-08-12,21.170000076293945,21.239999771118164,21.14999961853028,21.21999931335449,18.33262825012207,2129000.0
2011-08-15,21.049999237060547,21.059999465942383,20.96999931335449,21.0,18.14256477355957,6366500.0
2011-08-16,21.040000915527344,21.059999465942383,20.96999931335449,21.01000022888184,18.151201248168945,2022000.0
2011-08-17,20.90999984741211,20.979999542236328,20.8700008392334,20.959999084472656,18.10800552368164,1707600.0
2011-08-18,21.06999969482422,21.15999984741211,21.059999465942383,21.07999992370605,18.211679458618164,3394600.0
2011-08-19,20.989999771118164,21.040000915527344,20.920000076293945,21.030000686645508,18.16848373413086,2535600.0
2011-08-22,20.979999542236328,21.06999969482422,20.979999542236328,21.06999969482422,18.20303726196289,1686100.0
2011-08-23,20.979999542236328,21.030000686645508,20.959999084472656,20.979999542236328,18.12528419494629,5855900.0
2011-08-24,20.96999931335449,21.049999237060547,20.93000030517578,21.020000457763672,18.15984344482422,1760500.0
2011-08-25,21.01000022888184,21.14999961853028,20.979999542236328,21.07999992370605,18.211679458618164,1799400.0
2011-08-26,21.030000686645508,21.15999984741211,20.940000534057617,20.959999084472656,18.10800552368164,3423400.0
2011-08-29,20.90999984741211,20.96999931335449,20.89999961853028,20.93000030517578,18.082090377807617,1383900.0
2011-08-30,21.030000686645508,21.06999969482422,20.979999542236328,21.01000022888184,18.151201248168945,1742300.0
2011-08-31,20.979999542236328,21.06999969482422,20.979999542236328,21.06999969482422,18.20303726196289,1337400.0
2011-09-01,21.14999961853028,21.229999542236328,21.11000061035156,21.15999984741211,18.280792236328125,2502000.0
2011-09-02,21.200000762939453,21.239999771118164,21.170000076293945,21.21999931335449,18.33262825012207,2804300.0
2011-09-06,21.5,21.59000015258789,21.440000534057617,21.549999237060547,18.61772346496582,6146600.0
2011-09-07,21.51000022888184,21.530000686645508,21.420000076293945,21.43000030517578,18.51405334472656,6186300.0
2011-09-08,21.530000686645508,21.670000076293945,21.479999542236328,21.64999961853028,18.70411872863769,5632300.0
2011-09-09,21.81999969482422,21.940000534057617,21.809999465942383,21.90999984741211,18.92873954772949,10893700.0
2011-09-12,21.940000534057617,22.049999237060547,21.8700008392334,21.920000076293945,18.937379837036133,12886300.0
2011-09-13,21.88999938964844,21.90999984741211,21.799999237060547,21.850000381469727,18.87690544128418,12661100.0
2011-09-14,21.82999992370605,21.940000534057617,21.76000022888184,21.790000915527344,18.825069427490234,7503000.0
2011-09-15,21.6299991607666,21.739999771118164,21.559999465942383,21.65999984741211,18.712757110595703,9403600.0
2011-09-16,21.739999771118164,21.790000915527344,21.690000534057617,21.739999771118164,18.781871795654297,3597900.0
2011-09-19,21.940000534057617,22.01000022888184,21.81999969482422,21.86000061035156,18.885543823242188,8314200.0
2011-09-20,21.8700008392334,21.89999961853028,21.799999237060547,21.86000061035156,18.885543823242188,4153600.0
2011-09-21,21.88999938964844,22.049999237060547,21.75,22.030000686645508,19.032413482666016,7469800.0
2011-09-22,22.26000022888184,22.31999969482422,22.18000030517578,22.26000022888184,19.23111724853516,12225600.0
2011-09-23,22.21999931335449,22.309999465942383,22.1299991607666,22.200000762939453,19.17928123474121,8853000.0
2011-09-26,22.229999542236328,22.31999969482422,22.170000076293945,22.18000030517578,19.16200256347656,8770100.0
2011-09-27,22.0,22.059999465942383,21.940000534057617,22.049999237060547,19.049694061279297,7307900.0
2011-09-28,22.020000457763672,22.13999938964844,21.959999084472656,22.1299991607666,19.118804931640625,9008500.0
2011-09-29,22.030000686645508,22.14999961853028,21.96999931335449,22.07999992370605,19.07560920715332,4365800.0
2011-09-30,22.270000457763672,22.31999969482422,22.200000762939453,22.309999465942383,19.274314880371094,6549200.0
2011-10-03,22.38999938964844,22.530000686645508,22.31999969482422,22.51000022888184,19.44710159301757,12602800.0
2011-10-04,22.549999237060547,22.6200008392334,22.40999984741211,22.420000076293945,19.36934471130371,9702200.0
2011-10-05,22.39999961853028,22.46999931335449,22.309999465942383,22.350000381469727,19.30887031555176,8043400.0
2011-10-06,22.420000076293945,22.440000534057617,22.209999084472656,22.209999084472656,19.187917709350582,6071100.0
2011-10-07,22.14999961853028,22.309999465942383,22.07999992370605,22.270000457763672,19.23975944519043,5596700.0
2011-10-10,21.979999542236328,21.979999542236328,21.86000061035156,21.920000076293945,18.937379837036133,6098700.0
2011-10-11,22.0,22.030000686645508,21.88999938964844,21.89999961853028,18.92010307312012,3785000.0
2011-10-12,21.799999237060547,21.81999969482422,21.709999084472656,21.76000022888184,18.799150466918945,7011400.0
2011-10-13,21.809999465942383,21.8799991607666,21.729999542236328,21.75,18.790512084960938,4061100.0
2011-10-14,21.65999984741211,21.709999084472656,21.6200008392334,21.64999961853028,18.70411872863769,6447000.0
2011-10-17,21.739999771118164,21.809999465942383,21.71999931335449,21.790000915527344,18.825069427490234,5592000.0
2011-10-18,21.84000015258789,21.90999984741211,21.68000030517578,21.76000022888184,18.799150466918945,10824400.0
2011-10-19,21.670000076293945,21.809999465942383,21.65999984741211,21.780000686645508,18.816431045532227,4863000.0
2011-10-20,21.770000457763672,21.89999961853028,21.71999931335449,21.739999771118164,18.781871795654297,6883400.0
2011-10-21,21.559999465942383,21.6299991607666,21.530000686645508,21.540000915527344,18.60908508300781,12673800.0
2011-10-24,21.600000381469727,21.61000061035156,21.450000762939453,21.489999771118164,18.565889358520508,8551800.0
2011-10-25,21.489999771118164,21.56999969482422,21.459999084472656,21.51000022888184,18.58316802978516,7586100.0
2011-10-26,21.43000030517578,21.63999938964844,21.420000076293945,21.51000022888184,18.58316802978516,5256100.0
2011-10-27,21.200000762939453,21.25,21.06999969482422,21.14999961853028,18.27215385437012,13005800.0
2011-10-28,21.190000534057617,21.200000762939453,21.1299991607666,21.15999984741211,18.280792236328125,4652600.0
2011-10-31,21.40999984741211,21.59000015258789,21.38999938964844,21.56999969482422,18.6350040435791,9507400.0
2011-11-01,21.86000061035156,21.8799991607666,21.709999084472656,21.799999237060547,18.83370780944824,9132500.0
2011-11-02,21.64999961853028,21.790000915527344,21.6299991607666,21.75,18.790512084960938,3508400.0
2011-11-03,21.709999084472656,21.82999992370605,21.59000015258789,21.64999961853028,18.70411872863769,3488100.0
2011-11-04,21.71999931335449,21.799999237060547,21.68000030517578,21.709999084472656,18.75595474243164,2576300.0
2011-11-07,21.71999931335449,21.770000457763672,21.65999984741211,21.690000534057617,18.738677978515625,2438700.0
2011-11-08,21.64999961853028,21.700000762939453,21.57999992370605,21.59000015258789,18.652284622192383,3504900.0
2011-11-09,21.88999938964844,22.01000022888184,21.88999938964844,21.96999931335449,18.98057556152344,5592000.0
2011-11-10,21.8799991607666,21.979999542236328,21.86000061035156,21.90999984741211,18.92873954772949,4264600.0
2011-11-11,21.790000915527344,21.799999237060547,21.63999938964844,21.690000534057617,18.738677978515625,3606000.0
2011-11-14,21.809999465942383,21.88999938964844,21.809999465942383,21.84000015258789,18.86826705932617,3536100.0
2011-11-15,21.950000762939453,22.030000686645508,21.90999984741211,21.96999931335449,18.98057556152344,3720400.0
2011-11-16,22.040000915527344,22.059999465942383,21.950000762939453,22.040000915527344,19.041053771972656,5031400.0
2011-11-17,21.989999771118164,22.09000015258789,21.96999931335449,22.06999969482422,19.066970825195312,6614900.0
2011-11-18,21.93000030517578,22.030000686645508,21.920000076293945,22.01000022888184,19.01513290405273,7932000.0
2011-11-21,22.07999992370605,22.1299991607666,22.01000022888184,22.049999237060547,19.049694061279297,4543400.0
2011-11-22,22.049999237060547,22.09000015258789,22.01000022888184,22.040000915527344,19.041053771972656,5219800.0
2011-11-23,22.200000762939453,22.31999969482422,22.190000534057617,22.290000915527344,19.257036209106445,7065900.0
2011-11-25,22.38999938964844,22.440000534057617,22.32999992370605,22.420000076293945,19.36934471130371,6343400.0
2011-11-28,22.21999931335449,22.34000015258789,22.200000762939453,22.32999992370605,19.29159164428711,3536000.0
2011-11-29,22.280000686645508,22.290000915527344,22.190000534057617,22.25,19.22247695922852,3047200.0
2011-11-30,21.989999771118164,22.09000015258789,21.979999542236328,22.059999465942383,19.058330535888672,5716900.0
2011-12-01,22.020000457763672,22.059999465942383,21.96999931335449,22.049999237060547,19.049694061279297,2867100.0
2011-12-02,22.0,22.18000030517578,21.989999771118164,22.1200008392334,19.110170364379883,3208300.0
2011-12-05,22.030000686645508,22.14999961853028,22.0,22.1200008392334,19.110170364379883,3726200.0
2011-12-06,22.14999961853028,22.14999961853028,22.06999969482422,22.100000381469727,19.09288787841797,2880900.0
2011-12-07,22.1299991607666,22.14999961853028,22.030000686645508,22.06999969482422,19.066970825195312,1642300.0
2011-12-08,22.13999938964844,22.229999542236328,22.1299991607666,22.190000534057617,19.170642852783203,4189400.0
2011-12-09,22.18000030517578,22.190000534057617,22.100000381469727,22.1200008392334,19.110170364379883,3152100.0
2011-12-12,22.290000915527344,22.38999938964844,22.280000686645508,22.350000381469727,19.30887031555176,4463600.0
2011-12-13,22.3700008392334,22.61000061035156,22.309999465942383,22.56999969482422,19.49893569946289,7047600.0
2011-12-14,22.64999961853028,22.700000762939453,22.600000381469727,22.6200008392334,19.542133331298828,4584500.0
2011-12-15,22.540000915527344,22.6200008392334,22.450000762939453,22.559999465942383,19.49029922485352,5480700.0
2011-12-16,22.530000686645508,22.57999992370605,22.459999084472656,22.489999771118164,19.429821014404297,2741300.0
2011-12-19,22.520000457763672,22.56999969482422,22.489999771118164,22.56999969482422,19.49893569946289,3798600.0
2011-12-20,22.32999992370605,22.38999938964844,22.309999465942383,22.3799991607666,19.33478736877441,2974800.0
2011-12-21,22.3799991607666,22.420000076293945,22.32999992370605,22.3799991607666,19.33478736877441,2205100.0
2011-12-22,22.420000076293945,22.43000030517578,22.350000381469727,22.3799991607666,19.33478736877441,1088500.0
2011-12-23,22.3799991607666,22.39999961853028,22.36000061035156,22.38999938964844,19.34342765808105,877000.0
2011-12-27,22.350000381469727,22.36000061035156,22.309999465942383,22.34000015258789,19.300233840942383,1978500.0
2011-12-28,22.40999984741211,22.57999992370605,22.39999961853028,22.549999237060547,19.481658935546875,6855200.0
2011-12-29,22.56999969482422,22.600000381469727,22.5,22.51000022888184,19.44710159301757,5397900.0
2011-12-30,22.46999931335449,22.479999542236328,22.38999938964844,22.46999931335449,19.41254234313965,2222200.0
2012-01-03,22.31999969482422,22.32999992370605,22.239999771118164,22.280000686645508,19.24839782714844,11581900.0
2012-01-04,22.39999961853028,22.46999931335449,22.3700008392334,22.39999961853028,19.352066040039062,3994200.0
2012-01-05,22.59000015258789,22.64999961853028,22.59000015258789,22.63999938964844,19.55940818786621,6060500.0
2012-01-06,22.68000030517578,22.770000457763672,22.68000030517578,22.71999931335449,19.62852478027344,5033300.0
2012-01-09,22.670000076293945,22.71999931335449,22.6299991607666,22.63999938964844,19.55940818786621,5967100.0
2012-01-10,22.600000381469727,22.6299991607666,22.57999992370605,22.6200008392334,19.542133331298828,1946300.0
2012-01-11,22.709999084472656,22.780000686645508,22.709999084472656,22.71999931335449,19.62852478027344,3701100.0
2012-01-12,22.61000061035156,22.6299991607666,22.549999237060547,22.56999969482422,19.49893569946289,5006700.0
2012-01-13,22.739999771118164,22.850000381469727,22.729999542236328,22.75,19.65444564819336,5596100.0
2012-01-17,22.68000030517578,22.690000534057617,22.6200008392334,22.670000076293945,19.585329055786133,4433600.0
2012-01-18,22.549999237060547,22.56999969482422,22.46999931335449,22.46999931335449,19.41254234313965,3362100.0
2012-01-19,22.420000076293945,22.459999084472656,22.350000381469727,22.350000381469727,19.30887031555176,8162200.0
2012-01-20,22.420000076293945,22.43000030517578,22.36000061035156,22.3700008392334,19.32615089416504,2612900.0
2012-01-23,22.26000022888184,22.280000686645508,22.209999084472656,22.239999771118164,19.213838577270508,5025900.0
2012-01-24,22.36000061035156,22.3799991607666,22.270000457763672,22.270000457763672,19.23975944519043,2846000.0
2012-01-25,22.36000061035156,22.40999984741211,22.14999961853028,22.170000076293945,19.153364181518555,9775700.0
2012-01-26,22.07999992370605,22.170000076293945,22.059999465942383,22.14999961853028,19.136085510253903,4780200.0
2012-01-27,22.1299991607666,22.13999938964844,21.96999931335449,21.989999771118164,18.99785423278809,7104000.0
2012-01-30,22.13999938964844,22.14999961853028,22.059999465942383,22.06999969482422,19.066970825195312,2236500.0
2012-01-31,22.01000022888184,22.18000030517578,22.01000022888184,22.1200008392334,19.110170364379883,4211700.0
2012-02-01,22.0,22.020000457763672,21.93000030517578,22.020000457763672,19.02377319335937,3585600.0
2012-02-02,22.030000686645508,22.049999237060547,21.96999931335449,22.030000686645508,19.032413482666016,1509400.0
2012-02-03,22.11000061035156,22.1200008392334,22.0,22.030000686645508,19.032413482666016,6590300.0
2012-02-06,22.14999961853028,22.14999961853028,22.030000686645508,22.040000915527344,19.041053771972656,2234400.0
2012-02-07,21.979999542236328,22.01000022888184,21.8799991607666,21.88999938964844,18.91146278381348,5194100.0
2012-02-08,21.90999984741211,21.959999084472656,21.8700008392334,21.90999984741211,18.92873954772949,4589800.0
2012-02-09,21.8700008392334,21.920000076293945,21.84000015258789,21.920000076293945,18.937379837036133,2764100.0
2012-02-10,22.059999465942383,22.07999992370605,22.030000686645508,22.059999465942383,19.058330535888672,5713900.0
2012-02-13,21.96999931335449,22.030000686645508,21.959999084472656,22.030000686645508,19.032413482666016,1274500.0
2012-02-14,22.09000015258789,22.209999084472656,22.059999465942383,22.13999938964844,19.127445220947266,4218500.0
2012-02-15,22.14999961853028,22.239999771118164,22.13999938964844,22.209999084472656,19.187917709350582,2198000.0
2012-02-16,22.290000915527344,22.299999237060547,22.09000015258789,22.1299991607666,19.118804931640625,8186200.0
2012-02-17,22.06999969482422,22.13999938964844,22.06999969482422,22.1299991607666,19.118804931640625,2386100.0
2012-02-21,22.030000686645508,22.059999465942383,21.989999771118164,22.040000915527344,19.041053771972656,3000400.0
2012-02-22,22.09000015258789,22.1200008392334,22.059999465942383,22.06999969482422,19.066970825195312,2492500.0
2012-02-23,22.01000022888184,22.049999237060547,21.89999961853028,21.89999961853028,18.92010307312012,4149900.0
2012-02-24,21.86000061035156,21.8700008392334,21.790000915527344,21.809999465942383,18.84235000610352,8854600.0
2012-02-27,21.89999961853028,21.90999984741211,21.84000015258789,21.8799991607666,18.90282249450684,7572600.0
2012-02-28,21.82999992370605,21.88999938964844,21.780000686645508,21.780000686645508,18.816431045532227,3676300.0
2012-02-29,21.770000457763672,21.979999542236328,21.739999771118164,21.959999084472656,18.9719352722168,4824700.0
2012-03-01,21.96999931335449,21.96999931335449,21.90999984741211,21.959999084472656,18.9719352722168,2609300.0
2012-03-02,22.09000015258789,22.13999938964844,22.07999992370605,22.11000061035156,19.101526260375977,3417700.0
2012-03-05,22.09000015258789,22.1200008392334,22.06999969482422,22.09000015258789,19.08424949645996,3121200.0
2012-03-06,22.229999542236328,22.239999771118164,22.200000762939453,22.229999542236328,19.205198287963867,4045400.0
2012-03-07,22.239999771118164,22.26000022888184,22.18000030517578,22.200000762939453,19.17928123474121,2678500.0
2012-03-08,22.11000061035156,22.11000061035156,22.01000022888184,22.049999237060547,19.049694061279297,2426000.0
2012-03-09,22.229999542236328,22.290000915527344,22.21999931335449,22.26000022888184,19.23111724853516,3080600.0
2012-03-12,22.25,22.290000915527344,22.21999931335449,22.229999542236328,19.205198287963867,1342200.0
2012-03-13,22.32999992370605,22.34000015258789,22.239999771118164,22.299999237060547,19.265674591064453,8949200.0
2012-03-14,22.31999969482422,22.43000030517578,22.31999969482422,22.420000076293945,19.36934471130371,4204500.0
2012-03-15,22.3700008392334,22.46999931335449,22.25,22.32999992370605,19.29159164428711,2866700.0
2012-03-16,22.43000030517578,22.43000030517578,22.15999984741211,22.18000030517578,19.16200256347656,9272200.0
2012-03-19,22.18000030517578,22.190000534057617,22.040000915527344,22.059999465942383,19.058330535888672,6392200.0
2012-03-20,22.13999938964844,22.15999984741211,22.06999969482422,22.100000381469727,19.09288787841797,3295300.0
2012-03-21,22.11000061035156,22.170000076293945,22.06999969482422,22.11000061035156,19.101526260375977,2641700.0
2012-03-22,22.190000534057617,22.200000762939453,22.11000061035156,22.13999938964844,19.127445220947266,1273700.0
2012-03-23,22.06999969482422,22.07999992370605,21.989999771118164,22.020000457763672,19.02377319335937,1801000.0
2012-03-26,21.950000762939453,21.96999931335449,21.8799991607666,21.8799991607666,18.90282249450684,8065200.0
2012-03-27,21.920000076293945,21.959999084472656,21.920000076293945,21.959999084472656,18.9719352722168,1676200.0
2012-03-28,21.940000534057617,22.01000022888184,21.940000534057617,21.950000762939453,18.963298797607425,1145000.0
2012-03-29,21.979999542236328,22.01000022888184,21.940000534057617,21.940000534057617,18.95466041564941,1441900.0
2012-03-30,21.8700008392334,21.93000030517578,21.86000061035156,21.90999984741211,18.92873954772949,1650300.0
2012-04-02,21.93000030517578,21.940000534057617,21.850000381469727,21.86000061035156,18.885543823242188,1642900.0
2012-04-03,21.8799991607666,22.049999237060547,21.850000381469727,22.020000457763672,19.02377319335937,3016100.0
2012-04-04,22.13999938964844,22.14999961853028,22.11000061035156,22.1299991607666,19.118804931640625,2792300.0
2012-04-05,22.229999542236328,22.229999542236328,22.18000030517578,22.200000762939453,19.17928123474121,1669100.0
2012-04-09,22.200000762939453,22.200000762939453,22.09000015258789,22.1299991607666,19.118804931640625,1963400.0
2012-04-10,22.13999938964844,22.200000762939453,22.1200008392334,22.15999984741211,19.14472198486328,1990300.0
2012-04-11,22.07999992370605,22.13999938964844,22.059999465942383,22.1299991607666,19.118804931640625,1157500.0
2012-04-12,22.049999237060547,22.059999465942383,21.96999931335449,21.979999542236328,18.98921585083008,2004300.0
2012-04-13,22.06999969482422,22.15999984741211,22.06999969482422,22.15999984741211,19.14472198486328,1916100.0
2012-04-16,22.18000030517578,22.200000762939453,22.040000915527344,22.06999969482422,19.066970825195312,1837600.0
2012-04-17,22.040000915527344,22.07999992370605,22.01000022888184,22.059999465942383,19.058330535888672,944400.0
2012-04-18,22.1200008392334,22.1200008392334,22.030000686645508,22.059999465942383,19.058330535888672,1434800.0
2012-04-19,22.09000015258789,22.09000015258789,22.020000457763672,22.049999237060547,19.049694061279297,1457400.0
2012-04-20,21.96999931335449,21.979999542236328,21.920000076293945,21.93000030517578,18.946022033691406,2116600.0
2012-04-23,22.01000022888184,22.059999465942383,21.979999542236328,22.0,19.006494522094727,1088200.0
2012-04-24,21.950000762939453,21.959999084472656,21.90999984741211,21.940000534057617,18.95466041564941,584200.0
2012-04-25,21.89999961853028,21.96999931335449,21.8799991607666,21.88999938964844,18.91146278381348,1123800.0
2012-04-26,21.8700008392334,21.88999938964844,21.82999992370605,21.86000061035156,18.885543823242188,1235600.0
2012-04-27,21.809999465942383,21.81999969482422,21.770000457763672,21.81999969482422,18.85098648071289,2506100.0
2012-04-30,21.81999969482422,21.84000015258789,21.799999237060547,21.809999465942383,18.84235000610352,700100.0
2012-05-01,21.780000686645508,21.8700008392334,21.76000022888184,21.82999992370605,18.859628677368164,819300.0
2012-05-02,21.940000534057617,21.959999084472656,21.89999961853028,21.89999961853028,18.92010307312012,1063900.0
2012-05-03,21.90999984741211,21.940000534057617,21.89999961853028,21.920000076293945,18.937379837036133,714000.0
2012-05-04,21.920000076293945,22.020000457763672,21.88999938964844,22.01000022888184,19.01513290405273,1369300.0
2012-05-07,22.049999237060547,22.06999969482422,22.030000686645508,22.040000915527344,19.041053771972656,716400.0
2012-05-08,22.100000381469727,22.14999961853028,22.059999465942383,22.09000015258789,19.08424949645996,2177900.0
2012-05-09,22.190000534057617,22.239999771118164,22.14999961853028,22.18000030517578,19.16200256347656,3137000.0
2012-05-10,22.15999984741211,22.209999084472656,22.13999938964844,22.200000762939453,19.17928123474121,1127300.0
2012-05-11,22.229999542236328,22.239999771118164,22.18000030517578,22.239999771118164,19.213838577270508,992100.0
2012-05-14,22.34000015258789,22.36000061035156,22.299999237060547,22.34000015258789,19.300233840942383,3494800.0
2012-05-15,22.40999984741211,22.520000457763672,22.38999938964844,22.520000457763672,19.455739974975582,8029300.0
2012-05-16,22.520000457763672,22.57999992370605,22.489999771118164,22.56999969482422,19.49893569946289,2850000.0
2012-05-17,22.57999992370605,22.61000061035156,22.5,22.549999237060547,19.481658935546875,3531300.0
2012-05-18,22.520000457763672,22.559999465942383,22.440000534057617,22.459999084472656,19.40390396118164,2897900.0
2012-05-21,22.520000457763672,22.540000915527344,22.38999938964844,22.38999938964844,19.34342765808105,2053200.0
2012-05-22,22.5,22.64999961853028,22.46999931335449,22.6200008392334,19.542133331298828,5485400.0
2012-05-23,22.6200008392334,22.76000022888184,22.61000061035156,22.700000762939453,19.611248016357425,2700000.0
2012-05-24,22.709999084472656,22.799999237060547,22.68000030517578,22.790000915527344,19.689002990722656,2006300.0
2012-05-25,22.799999237060547,22.81999969482422,22.75,22.81999969482422,19.71491813659668,2210700.0
2012-05-29,22.75,22.86000061035156,22.71999931335449,22.799999237060547,19.697641372680664,5488000.0
2012-05-30,22.88999938964844,22.979999542236328,22.8799991607666,22.979999542236328,19.853147506713867,2566700.0
2012-05-31,22.93000030517578,23.020000457763672,22.920000076293945,22.989999771118164,19.861787796020508,3406600.0
2012-06-01,22.940000534057617,23.0,22.86000061035156,22.920000076293945,19.80131149291992,4633900.0
2012-06-04,22.84000015258789,22.8700008392334,22.809999465942383,22.81999969482422,19.71491813659668,2541400.0
2012-06-05,22.89999961853028,22.940000534057617,22.8700008392334,22.89999961853028,19.784034729003903,1299600.0
2012-06-06,22.8700008392334,22.8799991607666,22.709999084472656,22.709999084472656,19.61988639831543,3597600.0
2012-06-07,22.64999961853028,22.76000022888184,22.63999938964844,22.739999771118164,19.64580535888672,2318100.0
2012-06-08,22.89999961853028,22.90999984741211,22.790000915527344,22.809999465942383,19.706279754638672,1487700.0
2012-06-11,22.709999084472656,22.84000015258789,22.709999084472656,22.84000015258789,19.73219871520996,842200.0
2012-06-12,22.809999465942383,22.86000061035156,22.75,22.76000022888184,19.66308212280273,1430100.0
2012-06-13,22.729999542236328,22.76000022888184,22.6299991607666,22.690000534057617,19.60260772705078,1996500.0
2012-06-14,22.690000534057617,22.690000534057617,22.57999992370605,22.600000381469727,19.52485466003418,1372000.0
2012-06-15,22.57999992370605,22.61000061035156,22.489999771118164,22.5,19.438461303710938,2414300.0
2012-06-18,22.59000015258789,22.63999938964844,22.56999969482422,22.600000381469727,19.52485466003418,1576100.0
2012-06-19,22.51000022888184,22.520000457763672,22.3799991607666,22.43000030517578,19.37798500061035,3698500.0
2012-06-20,22.420000076293945,22.530000686645508,22.3799991607666,22.459999084472656,19.40390396118164,2013500.0
2012-06-21,22.530000686645508,22.709999084472656,22.520000457763672,22.700000762939453,19.611248016357425,2785300.0
2012-06-22,22.64999961853028,22.71999931335449,22.6299991607666,22.64999961853028,19.568050384521484,1272800.0
2012-06-25,22.739999771118164,22.75,22.700000762939453,22.71999931335449,19.62852478027344,1872800.0
2012-06-26,22.729999542236328,22.770000457763672,22.670000076293945,22.68000030517578,19.593969345092773,783600.0
2012-06-27,22.739999771118164,22.790000915527344,22.729999542236328,22.75,19.65444564819336,889700.0
2012-06-28,22.790000915527344,22.82999992370605,22.76000022888184,22.780000686645508,19.680362701416016,1846800.0
2012-06-29,22.440000534057617,22.489999771118164,22.420000076293945,22.46999931335449,19.41254234313965,3169700.0
2012-07-02,22.520000457763672,22.559999465942383,22.51000022888184,22.520000457763672,19.455739974975582,2582300.0
2012-07-03,22.559999465942383,22.56999969482422,22.479999542236328,22.5,19.438461303710938,642900.0
2012-07-05,22.790000915527344,22.82999992370605,22.780000686645508,22.799999237060547,19.697641372680664,1576700.0
2012-07-06,22.8799991607666,22.96999931335449,22.86000061035156,22.950000762939453,19.82723045349121,2134600.0
2012-07-09,22.93000030517578,22.950000762939453,22.8799991607666,22.8799991607666,19.766752243041992,1315600.0
2012-07-10,22.8799991607666,22.989999771118164,22.8799991607666,22.959999084472656,19.835866928100582,1263100.0
2012-07-11,22.93000030517578,23.01000022888184,22.89999961853028,22.979999542236328,19.853147506713867,1362900.0
2012-07-12,23.049999237060547,23.06999969482422,23.01000022888184,23.030000686645508,19.89634704589844,4914600.0
2012-07-13,23.030000686645508,23.030000686645508,22.90999984741211,22.93000030517578,19.80995178222656,3152600.0
2012-07-16,22.90999984741211,22.950000762939453,22.84000015258789,22.86000061035156,19.749475479125977,1222600.0
2012-07-17,22.8700008392334,22.989999771118164,22.84000015258789,22.84000015258789,19.73219871520996,3565400.0
2012-07-18,22.89999961853028,22.89999961853028,22.81999969482422,22.81999969482422,19.71491813659668,1012900.0
2012-07-19,22.850000381469727,22.8700008392334,22.780000686645508,22.809999465942383,19.706279754638672,1243200.0
2012-07-20,22.93000030517578,22.989999771118164,22.920000076293945,22.979999542236328,19.853147506713867,2744000.0
2012-07-23,23.09000015258789,23.11000061035156,22.989999771118164,23.01000022888184,19.87906646728516,2129000.0
2012-07-24,23.030000686645508,23.13999938964844,23.020000457763672,23.100000381469727,19.956817626953125,3442300.0
2012-07-25,23.0,23.049999237060547,22.96999931335449,22.979999542236328,19.853147506713867,1060000.0
2012-07-26,22.75,22.790000915527344,22.700000762939453,22.75,19.65444564819336,2042200.0
2012-07-27,22.709999084472656,22.780000686645508,22.6299991607666,22.739999771118164,19.64580535888672,2241100.0
2012-07-30,22.809999465942383,22.809999465942383,22.76000022888184,22.770000457763672,19.671720504760746,1311000.0
2012-07-31,22.75,22.770000457763672,22.670000076293945,22.709999084472656,19.61988639831543,1186700.0
2012-08-01,22.709999084472656,22.8799991607666,22.700000762939453,22.8700008392334,19.758115768432617,1895900.0
2012-08-02,22.89999961853028,22.959999084472656,22.84000015258789,22.90999984741211,19.79267120361328,1220200.0
2012-08-03,22.780000686645508,22.790000915527344,22.6200008392334,22.6299991607666,19.550769805908203,1787800.0
2012-08-06,22.6299991607666,22.64999961853028,22.559999465942383,22.600000381469727,19.52485466003418,1869000.0
2012-08-07,22.559999465942383,22.61000061035156,22.540000915527344,22.600000381469727,19.52485466003418,2148900.0
2012-08-08,22.670000076293945,22.670000076293945,22.61000061035156,22.63999938964844,19.55940818786621,1274700.0
2012-08-09,22.71999931335449,22.76000022888184,22.68000030517578,22.71999931335449,19.62852478027344,1609400.0
2012-08-10,22.770000457763672,22.780000686645508,22.65999984741211,22.68000030517578,19.593969345092773,691500.0
2012-08-13,22.6299991607666,22.670000076293945,22.59000015258789,22.64999961853028,19.568050384521484,1348600.0
2012-08-14,22.65999984741211,22.690000534057617,22.63999938964844,22.65999984741211,19.57668876647949,1726300.0
2012-08-15,22.71999931335449,22.739999771118164,22.700000762939453,22.71999931335449,19.62852478027344,548400.0
2012-08-16,22.68000030517578,22.690000534057617,22.6200008392334,22.63999938964844,19.55940818786621,662000.0
2012-08-17,22.64999961853028,22.739999771118164,22.64999961853028,22.68000030517578,19.593969345092773,1324400.0
2012-08-20,22.709999084472656,22.709999084472656,22.64999961853028,22.64999961853028,19.568050384521484,489900.0
2012-08-21,22.5,22.51000022888184,22.459999084472656,22.5,19.438461303710938,2244500.0
2012-08-22,22.530000686645508,22.540000915527344,22.3700008392334,22.38999938964844,19.34342765808105,1277900.0
2012-08-23,22.3700008392334,22.3799991607666,22.299999237060547,22.350000381469727,19.30887031555176,3212400.0
2012-08-24,22.43000030517578,22.43000030517578,22.350000381469727,22.420000076293945,19.36934471130371,1645400.0
2012-08-27,22.39999961853028,22.440000534057617,22.38999938964844,22.440000534057617,19.386625289916992,808400.0
2012-08-28,22.34000015258789,22.350000381469727,22.31999969482422,22.350000381469727,19.30887031555176,813200.0
2012-08-29,22.3700008392334,22.40999984741211,22.36000061035156,22.38999938964844,19.34342765808105,1194600.0
2012-08-30,22.3700008392334,22.450000762939453,22.350000381469727,22.440000534057617,19.386625289916992,1063900.0
2012-08-31,22.270000457763672,22.34000015258789,22.229999542236328,22.299999237060547,19.265674591064453,2845200.0
2012-09-04,22.309999465942383,22.34000015258789,22.290000915527344,22.32999992370605,19.29159164428711,661900.0
2012-09-05,22.290000915527344,22.31999969482422,22.270000457763672,22.309999465942383,19.274314880371094,928100.0
2012-09-06,22.32999992370605,22.36000061035156,22.239999771118164,22.25,19.22247695922852,1709300.0
2012-09-07,22.06999969482422,22.09000015258789,22.0,22.01000022888184,19.01513290405273,6999500.0
2012-09-10,22.049999237060547,22.07999992370605,22.01000022888184,22.07999992370605,19.07560920715332,1036600.0
2012-09-11,21.96999931335449,21.96999931335449,21.89999961853028,21.90999984741211,18.92873954772949,2639400.0
2012-09-12,21.8700008392334,21.90999984741211,21.86000061035156,21.88999938964844,18.91146278381348,2335400.0
2012-09-13,21.8700008392334,21.90999984741211,21.71999931335449,21.75,18.790512084960938,5859700.0
2012-09-14,21.63999938964844,21.670000076293945,21.56999969482422,21.63999938964844,18.695480346679688,5673000.0
2012-09-17,21.63999938964844,21.690000534057617,21.600000381469727,21.670000076293945,18.721397399902344,3049800.0
2012-09-18,21.709999084472656,21.75,21.68000030517578,21.739999771118164,18.781871795654297,1785600.0
2012-09-19,21.729999542236328,21.75,21.65999984741211,21.670000076293945,18.721397399902344,1007800.0
2012-09-20,21.82999992370605,21.850000381469727,21.770000457763672,21.770000457763672,18.80778884887696,1485100.0
2012-09-21,21.709999084472656,21.76000022888184,21.690000534057617,21.75,18.790512084960938,889800.0
2012-09-24,21.84000015258789,21.850000381469727,21.790000915527344,21.799999237060547,18.83370780944824,1002600.0
2012-09-25,21.770000457763672,21.84000015258789,21.739999771118164,21.84000015258789,18.86826705932617,756800.0
2012-09-26,21.88999938964844,21.93000030517578,21.8799991607666,21.8799991607666,18.90282249450684,1436800.0
2012-09-27,21.850000381469727,21.920000076293945,21.780000686645508,21.81999969482422,18.85098648071289,1382600.0
2012-09-28,21.81999969482422,21.93000030517578,21.809999465942383,21.920000076293945,18.937379837036133,884300.0
2012-10-01,21.850000381469727,21.88999938964844,21.81999969482422,21.8700008392334,18.894184112548828,3236000.0
2012-10-02,21.82999992370605,21.8700008392334,21.780000686645508,21.850000381469727,18.87690544128418,888500.0
2012-10-03,21.89999961853028,21.940000534057617,21.88999938964844,21.90999984741211,18.92873954772949,861200.0
2012-10-04,21.81999969482422,21.82999992370605,21.729999542236328,21.76000022888184,18.799150466918945,1189300.0
2012-10-05,21.709999084472656,21.780000686645508,21.68000030517578,21.76000022888184,18.799150466918945,1400300.0
2012-10-08,21.81999969482422,21.82999992370605,21.790000915527344,21.809999465942383,18.84235000610352,508400.0
2012-10-09,21.8799991607666,21.959999084472656,21.86000061035156,21.950000762939453,18.963298797607425,1672100.0
2012-10-10,21.90999984741211,21.940000534057617,21.8799991607666,21.89999961853028,18.92010307312012,966300.0
2012-10-11,21.850000381469727,21.8700008392334,21.84000015258789,21.86000061035156,18.885543823242188,733500.0
2012-10-12,21.799999237060547,21.850000381469727,21.799999237060547,21.82999992370605,18.859628677368164,623000.0
2012-10-15,21.82999992370605,21.8799991607666,21.82999992370605,21.84000015258789,18.86826705932617,576500.0
2012-10-16,21.75,21.790000915527344,21.71999931335449,21.75,18.790512084960938,806000.0
2012-10-17,21.64999961853028,21.670000076293945,21.6200008392334,21.63999938964844,18.695480346679688,1749200.0
2012-10-18,21.68000030517578,21.75,21.670000076293945,21.729999542236328,18.773231506347656,1423400.0
2012-10-19,21.76000022888184,21.82999992370605,21.76000022888184,21.809999465942383,18.84235000610352,1017000.0
2012-10-22,21.799999237060547,21.82999992370605,21.770000457763672,21.809999465942383,18.84235000610352,766000.0
2012-10-23,21.89999961853028,21.940000534057617,21.89999961853028,21.90999984741211,18.92873954772949,891100.0
2012-10-24,21.88999938964844,21.950000762939453,21.8799991607666,21.90999984741211,18.92873954772949,1214200.0
2012-10-25,21.88999938964844,21.940000534057617,21.8700008392334,21.93000030517578,18.946022033691406,290600.0
2012-10-26,21.940000534057617,21.959999084472656,21.88999938964844,21.93000030517578,18.946022033691406,586800.0
2012-10-31,21.8799991607666,21.90999984741211,21.86000061035156,21.88999938964844,18.91146278381348,1560300.0
2012-11-01,21.88999938964844,21.940000534057617,21.8700008392334,21.920000076293945,18.937379837036133,499900.0
2012-11-02,22.030000686645508,22.09000015258789,22.030000686645508,22.06999969482422,19.066970825195312,2291600.0
2012-11-05,22.1200008392334,22.13999938964844,22.100000381469727,22.1200008392334,19.110170364379883,911800.0
2012-11-06,22.09000015258789,22.11000061035156,22.06999969482422,22.09000015258789,19.08424949645996,708400.0
2012-11-07,22.13999938964844,22.15999984741211,22.1200008392334,22.1299991607666,19.118804931640625,1777800.0
2012-11-08,22.14999961853028,22.18000030517578,22.1200008392334,22.1299991607666,19.118804931640625,1490700.0
2012-11-09,22.190000534057617,22.200000762939453,22.15999984741211,22.18000030517578,19.16200256347656,1655200.0
2012-11-12,22.18000030517578,22.200000762939453,22.170000076293945,22.190000534057617,19.170642852783203,622700.0
2012-11-13,22.21999931335449,22.229999542236328,22.170000076293945,22.209999084472656,19.187917709350582,1232700.0
2012-11-14,22.190000534057617,22.209999084472656,22.13999938964844,22.200000762939453,19.17928123474121,1553600.0
2012-11-15,22.190000534057617,22.200000762939453,22.15999984741211,22.200000762939453,19.17928123474121,2094200.0
2012-11-16,22.21999931335449,22.299999237060547,22.21999931335449,22.239999771118164,19.213838577270508,1677000.0
2012-11-19,22.170000076293945,22.18000030517578,22.11000061035156,22.13999938964844,19.127445220947266,1250700.0
2012-11-20,22.15999984741211,22.18000030517578,22.1299991607666,22.1299991607666,19.118804931640625,1288300.0
2012-11-21,22.15999984741211,22.15999984741211,22.13999938964844,22.13999938964844,19.127445220947266,484200.0
2012-11-23,22.01000022888184,22.020000457763672,21.920000076293945,21.93000030517578,18.946022033691406,818600.0
2012-11-26,21.959999084472656,21.96999931335449,21.940000534057617,21.940000534057617,18.95466041564941,425800.0
2012-11-27,21.979999542236328,22.020000457763672,21.96999931335449,22.01000022888184,19.01513290405273,453300.0
2012-11-28,22.040000915527344,22.049999237060547,21.959999084472656,21.96999931335449,18.98057556152344,691500.0
2012-11-29,21.90999984741211,21.979999542236328,21.88999938964844,21.940000534057617,18.95466041564941,809800.0
2012-11-30,21.950000762939453,21.959999084472656,21.89999961853028,21.920000076293945,18.937379837036133,819400.0
2012-12-03,21.8799991607666,21.8799991607666,21.82999992370605,21.850000381469727,18.87690544128418,1113600.0
2012-12-04,21.790000915527344,21.809999465942383,21.770000457763672,21.780000686645508,18.816431045532227,682900.0
2012-12-05,21.82999992370605,21.82999992370605,21.799999237060547,21.82999992370605,18.859628677368164,1768400.0
2012-12-06,21.86000061035156,21.96999931335449,21.850000381469727,21.950000762939453,18.963298797607425,1037000.0
2012-12-07,22.020000457763672,22.030000686645508,21.950000762939453,21.989999771118164,18.99785423278809,1147500.0
2012-12-10,21.950000762939453,21.989999771118164,21.950000762939453,21.959999084472656,18.9719352722168,1620600.0
2012-12-11,21.89999961853028,21.920000076293945,21.8799991607666,21.8799991607666,18.90282249450684,1749100.0
2012-12-12,21.86000061035156,21.8799991607666,21.76000022888184,21.84000015258789,18.86826705932617,1649800.0
2012-12-13,21.850000381469727,21.8799991607666,21.81999969482422,21.86000061035156,18.885543823242188,577700.0
2012-12-14,21.82999992370605,21.850000381469727,21.739999771118164,21.75,18.790512084960938,1519500.0
2012-12-17,21.75,21.76000022888184,21.71999931335449,21.75,18.790512084960938,1643700.0
2012-12-18,21.71999931335449,21.729999542236328,21.65999984741211,21.68000030517578,18.730037689208984,1702300.0
2012-12-19,21.61000061035156,21.670000076293945,21.600000381469727,21.670000076293945,18.721397399902344,1890100.0
2012-12-20,21.6200008392334,21.690000534057617,21.61000061035156,21.64999961853028,18.70411872863769,1931100.0
2012-12-21,21.709999084472656,21.780000686645508,21.709999084472656,21.76000022888184,18.799150466918945,2173500.0
2012-12-24,21.729999542236328,21.790000915527344,21.729999542236328,21.76000022888184,18.799150466918945,526000.0
2012-12-26,21.75,21.770000457763672,21.700000762939453,21.76000022888184,18.799150466918945,424400.0
2012-12-27,21.709999084472656,21.809999465942383,21.700000762939453,21.76000022888184,18.799150466918945,442300.0
2012-12-28,21.780000686645508,21.790000915527344,21.76000022888184,21.780000686645508,18.816431045532227,408400.0
2012-12-31,21.770000457763672,21.82999992370605,21.770000457763672,21.809999465942383,18.84235000610352,340800.0
2013-01-02,21.739999771118164,21.850000381469727,21.71999931335449,21.81999969482422,18.85098648071289,898700.0
2013-01-03,21.89999961853028,22.0,21.88999938964844,21.989999771118164,18.99785423278809,1314200.0
2013-01-04,22.030000686645508,22.049999237060547,21.979999542236328,21.989999771118164,18.99785423278809,1087600.0
2013-01-07,21.989999771118164,22.01000022888184,21.920000076293945,21.920000076293945,18.937379837036133,1973600.0
2013-01-08,21.959999084472656,21.989999771118164,21.950000762939453,21.950000762939453,18.963298797607425,1172100.0
2013-01-09,22.020000457763672,22.040000915527344,21.989999771118164,22.020000457763672,19.02377319335937,832400.0
2013-01-10,21.8700008392334,21.8799991607666,21.770000457763672,21.799999237060547,18.83370780944824,2258100.0
2013-01-11,21.709999084472656,21.76000022888184,21.700000762939453,21.739999771118164,18.781871795654297,1126900.0
2013-01-14,21.729999542236328,21.75,21.690000534057617,21.709999084472656,18.75595474243164,879800.0
2013-01-15,21.75,21.809999465942383,21.71999931335449,21.770000457763672,18.80778884887696,1684000.0
2013-01-16,21.780000686645508,21.809999465942383,21.770000457763672,21.790000915527344,18.825069427490234,1140900.0
2013-01-17,21.770000457763672,21.790000915527344,21.739999771118164,21.75,18.790512084960938,416900.0
2013-01-18,21.84000015258789,21.90999984741211,21.82999992370605,21.850000381469727,18.87690544128418,722800.0
2013-01-22,21.82999992370605,21.86000061035156,21.809999465942383,21.82999992370605,18.859628677368164,747900.0
2013-01-23,21.799999237060547,21.8799991607666,21.790000915527344,21.82999992370605,18.859628677368164,748300.0
2013-01-24,21.86000061035156,21.8700008392334,21.809999465942383,21.82999992370605,18.859628677368164,255600.0
2013-01-25,21.790000915527344,21.799999237060547,21.76000022888184,21.780000686645508,18.816431045532227,996000.0
2013-01-28,21.780000686645508,21.809999465942383,21.780000686645508,21.790000915527344,18.825069427490234,191200.0
2013-01-29,21.76000022888184,21.770000457763672,21.709999084472656,21.729999542236328,18.773231506347656,890800.0
2013-01-30,21.670000076293945,21.68000030517578,21.61000061035156,21.63999938964844,18.695480346679688,2960500.0
2013-01-31,21.63999938964844,21.64999961853028,21.600000381469727,21.6200008392334,18.67820167541504,1539900.0
2013-02-01,21.59000015258789,21.63999938964844,21.530000686645508,21.600000381469727,18.66092300415039,1045700.0
2013-02-04,21.690000534057617,21.729999542236328,21.65999984741211,21.709999084472656,18.75595474243164,846700.0
2013-02-05,21.76000022888184,21.780000686645508,21.68000030517578,21.700000762939453,18.74731636047364,594500.0
2013-02-06,21.780000686645508,21.790000915527344,21.75,21.770000457763672,18.80778884887696,738700.0
2013-02-07,21.84000015258789,21.920000076293945,21.82999992370605,21.88999938964844,18.91146278381348,1216100.0
2013-02-08,21.8799991607666,21.920000076293945,21.86000061035156,21.89999961853028,18.92010307312012,900500.0
2013-02-11,21.920000076293945,21.950000762939453,21.88999938964844,21.920000076293945,18.937379837036133,1008700.0
2013-02-12,21.90999984741211,21.920000076293945,21.81999969482422,21.8700008392334,18.894184112548828,487100.0
2013-02-13,21.850000381469727,21.88999938964844,21.82999992370605,21.8799991607666,18.90282249450684,224900.0
2013-02-14,21.979999542236328,21.989999771118164,21.93000030517578,21.940000534057617,18.95466041564941,621700.0
2013-02-15,21.979999542236328,22.0,21.959999084472656,21.959999084472656,18.9719352722168,1042200.0
2013-02-19,22.0,22.01000022888184,21.959999084472656,21.96999931335449,18.98057556152344,522300.0
2013-02-20,22.0,22.14999961853028,22.0,22.1299991607666,19.118804931640625,1373200.0
2013-02-21,22.200000762939453,22.25,22.15999984741211,22.21999931335449,19.19655990600586,1818900.0
2013-02-22,22.239999771118164,22.280000686645508,22.21999931335449,22.229999542236328,19.205198287963867,437100.0
2013-02-25,22.170000076293945,22.36000061035156,22.15999984741211,22.31999969482422,19.2829532623291,3314000.0
2013-02-26,22.309999465942383,22.36000061035156,22.26000022888184,22.34000015258789,19.300233840942383,988300.0
2013-02-27,22.290000915527344,22.309999465942383,22.239999771118164,22.25,19.22247695922852,1192500.0
2013-02-28,22.299999237060547,22.3799991607666,22.280000686645508,22.3700008392334,19.32615089416504,1144000.0
2013-03-01,22.46999931335449,22.520000457763672,22.43000030517578,22.440000534057617,19.386625289916992,3861200.0
2013-03-04,22.46999931335449,22.479999542236328,22.40999984741211,22.43000030517578,19.37798500061035,1776600.0
2013-03-05,22.3700008392334,22.440000534057617,22.36000061035156,22.39999961853028,19.352066040039062,730500.0
2013-03-06,22.43000030517578,22.51000022888184,22.43000030517578,22.489999771118164,19.429821014404297,1083300.0
2013-03-07,22.39999961853028,22.40999984741211,22.350000381469727,22.38999938964844,19.34342765808105,633800.0
2013-03-08,22.56999969482422,22.600000381469727,22.530000686645508,22.559999465942383,19.49029922485352,855600.0
2013-03-11,22.56999969482422,22.57999992370605,22.51000022888184,22.51000022888184,19.44710159301757,601900.0
2013-03-12,22.46999931335449,22.530000686645508,22.46999931335449,22.5,19.438461303710938,213700.0
2013-03-13,22.56999969482422,22.63999938964844,22.559999465942383,22.59000015258789,19.51621437072754,504900.0
2013-03-14,22.6200008392334,22.6299991607666,22.46999931335449,22.5,19.438461303710938,706700.0
2013-03-15,22.38999938964844,22.420000076293945,22.3700008392334,22.39999961853028,19.352066040039062,1333200.0
2013-03-18,22.530000686645508,22.549999237060547,22.459999084472656,22.540000915527344,19.473018646240234,2671100.0
2013-03-19,22.530000686645508,22.63999938964844,22.520000457763672,22.61000061035156,19.53349494934082,1268900.0
2013-03-20,22.5,22.56999969482422,22.489999771118164,22.559999465942383,19.49029922485352,882400.0
2013-03-21,22.549999237060547,22.57999992370605,22.51000022888184,22.559999465942383,19.49029922485352,337400.0
2013-03-22,22.489999771118164,22.5,22.39999961853028,22.420000076293945,19.36934471130371,530700.0
2013-03-25,22.479999542236328,22.57999992370605,22.479999542236328,22.57999992370605,19.50757598876953,735100.0
2013-03-26,22.559999465942383,22.600000381469727,22.530000686645508,22.56999969482422,19.49893569946289,407400.0
2013-03-27,22.65999984741211,22.690000534057617,22.64999961853028,22.65999984741211,19.57668876647949,1034100.0
2013-03-28,22.6299991607666,22.6299991607666,22.559999465942383,22.600000381469727,19.52485466003418,773100.0
2013-04-01,22.56999969482422,22.57999992370605,22.5,22.520000457763672,19.455739974975582,404300.0
2013-04-02,22.559999465942383,22.59000015258789,22.540000915527344,22.56999969482422,19.49893569946289,507600.0
2013-04-03,22.540000915527344,22.540000915527344,22.489999771118164,22.520000457763672,19.455739974975582,540800.0
2013-04-04,22.670000076293945,22.68000030517578,22.479999542236328,22.489999771118164,19.429821014404297,1112300.0
2013-04-05,22.450000762939453,22.459999084472656,22.39999961853028,22.450000762939453,19.395263671875,493400.0
2013-04-08,22.459999084472656,22.540000915527344,22.459999084472656,22.51000022888184,19.44710159301757,592600.0
2013-04-09,22.43000030517578,22.46999931335449,22.3799991607666,22.40999984741211,19.360706329345703,487600.0
2013-04-10,22.40999984741211,22.459999084472656,22.39999961853028,22.43000030517578,19.37798500061035,1021800.0
2013-04-11,22.3700008392334,22.3700008392334,22.32999992370605,22.3700008392334,19.32615089416504,807600.0
2013-04-12,22.3799991607666,22.38999938964844,22.32999992370605,22.34000015258789,19.300233840942383,1658200.0
2013-04-15,22.350000381469727,22.420000076293945,22.350000381469727,22.40999984741211,19.360706329345703,838900.0
2013-04-16,22.31999969482422,22.350000381469727,22.209999084472656,22.229999542236328,19.205198287963867,1223700.0
2013-04-17,22.32999992370605,22.489999771118164,22.32999992370605,22.46999931335449,19.41254234313965,956800.0
2013-04-18,22.440000534057617,22.479999542236328,22.39999961853028,22.459999084472656,19.40390396118164,460400.0
2013-04-19,22.43000030517578,22.520000457763672,22.38999938964844,22.5,19.438461303710938,1373100.0
2013-04-22,22.549999237060547,22.559999465942383,22.479999542236328,22.489999771118164,19.429821014404297,807200.0
2013-04-23,22.56999969482422,22.600000381469727,22.530000686645508,22.56999969482422,19.49893569946289,1002200.0
2013-04-24,22.57999992370605,22.600000381469727,22.530000686645508,22.559999465942383,19.49029922485352,1951500.0
2013-04-25,22.46999931335449,22.540000915527344,22.46999931335449,22.51000022888184,19.44710159301757,747400.0
2013-04-26,22.440000534057617,22.450000762939453,22.38999938964844,22.40999984741211,19.360706329345703,466200.0
2013-04-29,22.34000015258789,22.350000381469727,22.309999465942383,22.309999465942383,19.274314880371094,1675500.0
2013-04-30,22.299999237060547,22.299999237060547,22.170000076293945,22.200000762939453,19.17928123474121,1611900.0
2013-05-01,22.14999961853028,22.200000762939453,22.1200008392334,22.18000030517578,19.16200256347656,590200.0
2013-05-02,22.309999465942383,22.3700008392334,22.290000915527344,22.32999992370605,19.29159164428711,1081900.0
2013-05-03,22.3700008392334,22.3799991607666,22.25,22.31999969482422,19.2829532623291,562700.0
2013-05-06,22.32999992370605,22.38999938964844,22.32999992370605,22.3700008392334,19.32615089416504,296200.0
2013-05-07,22.309999465942383,22.3700008392334,22.309999465942383,22.3700008392334,19.32615089416504,379900.0
2013-05-08,22.25,22.270000457763672,22.209999084472656,22.270000457763672,19.23975944519043,524400.0
2013-05-09,22.32999992370605,22.51000022888184,22.32999992370605,22.479999542236328,19.421180725097656,334300.0
2013-05-10,22.559999465942383,22.670000076293945,22.549999237060547,22.600000381469727,19.52485466003418,738300.0
2013-05-13,22.600000381469727,22.64999961853028,22.57999992370605,22.63999938964844,19.55940818786621,1317200.0
2013-05-14,22.65999984741211,22.729999542236328,22.6200008392334,22.729999542236328,19.637163162231445,1252600.0
2013-05-15,22.799999237060547,22.84000015258789,22.75,22.790000915527344,19.689002990722656,757200.0
2013-05-16,22.770000457763672,22.799999237060547,22.690000534057617,22.780000686645508,19.680362701416016,1887500.0
2013-05-17,22.90999984741211,22.940000534057617,22.8799991607666,22.920000076293945,19.80131149291992,1011900.0
2013-05-20,22.86000061035156,22.86000061035156,22.75,22.780000686645508,19.680362701416016,677500.0
2013-05-21,22.850000381469727,22.8799991607666,22.729999542236328,22.790000915527344,19.689002990722656,1028900.0
2013-05-22,22.790000915527344,22.940000534057617,22.670000076293945,22.88999938964844,19.77539253234864,1448300.0
2013-05-23,22.76000022888184,22.799999237060547,22.71999931335449,22.739999771118164,19.64580535888672,858400.0
2013-05-24,22.729999542236328,22.739999771118164,22.68000030517578,22.709999084472656,19.61988639831543,918400.0
2013-05-28,22.780000686645508,22.88999938964844,22.76000022888184,22.8700008392334,19.758115768432617,502700.0
2013-05-29,22.729999542236328,22.75,22.670000076293945,22.700000762939453,19.611248016357425,445700.0
2013-05-30,22.59000015258789,22.6200008392334,22.520000457763672,22.549999237060547,19.481658935546875,820900.0
2013-05-31,22.600000381469727,22.700000762939453,22.59000015258789,22.61000061035156,19.53349494934082,1526200.0
2013-06-03,22.600000381469727,22.63999938964844,22.3700008392334,22.450000762939453,19.395263671875,1843900.0
2013-06-04,22.489999771118164,22.530000686645508,22.450000762939453,22.459999084472656,19.40390396118164,832600.0
2013-06-05,22.459999084472656,22.46999931335449,22.39999961853028,22.420000076293945,19.36934471130371,1766400.0
2013-06-06,22.34000015258789,22.350000381469727,22.0,22.1299991607666,19.118804931640625,2643100.0
2013-06-07,22.170000076293945,22.209999084472656,22.1299991607666,22.15999984741211,19.14472198486328,1114000.0
2013-06-10,22.25,22.280000686645508,22.13999938964844,22.170000076293945,19.153364181518555,1415900.0
2013-06-11,22.11000061035156,22.1200008392334,21.979999542236328,21.979999542236328,18.98921585083008,1210800.0
2013-06-12,22.0,22.020000457763672,21.89999961853028,21.96999931335449,18.98057556152344,634000.0
2013-06-13,21.93000030517578,21.959999084472656,21.86000061035156,21.89999961853028,18.92010307312012,587100.0
2013-06-14,21.950000762939453,21.950000762939453,21.86000061035156,21.8799991607666,18.90282249450684,612000.0
2013-06-17,21.88999938964844,21.940000534057617,21.84000015258789,21.84000015258789,18.86826705932617,579700.0
2013-06-18,21.93000030517578,21.93000030517578,21.82999992370605,21.86000061035156,18.885543823242188,608200.0
2013-06-19,21.850000381469727,22.100000381469727,21.81999969482422,22.059999465942383,19.058330535888672,1676000.0
2013-06-20,22.200000762939453,22.270000457763672,22.18000030517578,22.190000534057617,19.170642852783203,3540400.0
2013-06-21,22.299999237060547,22.38999938964844,22.270000457763672,22.34000015258789,19.300233840942383,1795700.0
2013-06-24,22.43000030517578,22.43000030517578,22.31999969482422,22.36000061035156,19.31751251220703,7513000.0
2013-06-25,22.3799991607666,22.440000534057617,22.36000061035156,22.39999961853028,19.352066040039062,979700.0
2013-06-26,22.450000762939453,22.530000686645508,22.43000030517578,22.520000457763672,19.455739974975582,938200.0
2013-06-27,22.51000022888184,22.56999969482422,22.46999931335449,22.51000022888184,19.44710159301757,1745900.0
2013-06-28,22.489999771118164,22.61000061035156,22.489999771118164,22.559999465942383,19.49029922485352,1184200.0
2013-07-01,22.549999237060547,22.56999969482422,22.5,22.51000022888184,19.44710159301757,1386400.0
2013-07-02,22.6299991607666,22.670000076293945,22.56999969482422,22.65999984741211,19.57668876647949,1648300.0
2013-07-03,22.6299991607666,22.6299991607666,22.520000457763672,22.56999969482422,19.49893569946289,496400.0
2013-07-05,22.8799991607666,22.920000076293945,22.8700008392334,22.89999961853028,19.784034729003903,1436600.0
2013-07-08,22.86000061035156,22.86000061035156,22.81999969482422,22.84000015258789,19.73219871520996,11033500.0
2013-07-09,22.850000381469727,22.979999542236328,22.850000381469727,22.93000030517578,19.80995178222656,1441100.0
2013-07-10,22.8700008392334,22.8799991607666,22.65999984741211,22.780000686645508,19.680362701416016,991200.0
2013-07-11,22.51000022888184,22.549999237060547,22.3799991607666,22.420000076293945,19.36934471130371,3677500.0
2013-07-12,22.530000686645508,22.540000915527344,22.440000534057617,22.46999931335449,19.41254234313965,799200.0
2013-07-15,22.520000457763672,22.549999237060547,22.479999542236328,22.489999771118164,19.429821014404297,1286000.0
2013-07-16,22.420000076293945,22.440000534057617,22.309999465942383,22.32999992370605,19.29159164428711,795800.0
2013-07-17,22.309999465942383,22.450000762939453,22.309999465942383,22.3799991607666,19.33478736877441,8168300.0
2013-07-18,22.450000762939453,22.489999771118164,22.39999961853028,22.420000076293945,19.36934471130371,506800.0
2013-07-19,22.39999961853028,22.40999984741211,22.34000015258789,22.36000061035156,19.31751251220703,521900.0
2013-07-22,22.280000686645508,22.280000686645508,22.209999084472656,22.26000022888184,19.23111724853516,1621900.0
2013-07-23,22.26000022888184,22.280000686645508,22.170000076293945,22.190000534057617,19.170642852783203,1086400.0
2013-07-24,22.229999542236328,22.309999465942383,22.200000762939453,22.270000457763672,19.23975944519043,1054600.0
2013-07-25,22.239999771118164,22.239999771118164,22.11000061035156,22.1200008392334,19.110170364379883,908600.0
2013-07-26,22.11000061035156,22.13999938964844,22.06999969482422,22.100000381469727,19.09288787841797,643200.0
2013-07-29,22.1299991607666,22.15999984741211,22.09000015258789,22.100000381469727,19.09288787841797,1401400.0
2013-07-30,22.09000015258789,22.190000534057617,22.09000015258789,22.14999961853028,19.136085510253903,2149000.0
2013-07-31,22.21999931335449,22.239999771118164,22.030000686645508,22.09000015258789,19.08424949645996,2205500.0
2013-08-01,22.18000030517578,22.299999237060547,22.18000030517578,22.280000686645508,19.24839782714844,1741300.0
2013-08-02,22.21999931335449,22.21999931335449,22.1299991607666,22.15999984741211,19.14472198486328,776900.0
2013-08-05,22.170000076293945,22.200000762939453,22.1299991607666,22.1299991607666,19.118804931640625,953900.0
2013-08-06,22.100000381469727,22.1200008392334,22.049999237060547,22.06999969482422,19.066970825195312,383900.0
2013-08-07,22.030000686645508,22.040000915527344,21.96999931335449,21.979999542236328,18.98921585083008,1735600.0
2013-08-08,21.93000030517578,21.940000534057617,21.86000061035156,21.90999984741211,18.92873954772949,1749900.0
2013-08-09,21.940000534057617,21.950000762939453,21.920000076293945,21.93000030517578,18.946022033691406,799100.0
2013-08-12,22.020000457763672,22.020000457763672,21.979999542236328,21.989999771118164,18.99785423278809,1564000.0
2013-08-13,22.100000381469727,22.13999938964844,22.09000015258789,22.100000381469727,19.09288787841797,976900.0
2013-08-14,22.100000381469727,22.11000061035156,22.059999465942383,22.09000015258789,19.08424949645996,614100.0
2013-08-15,22.1299991607666,22.15999984741211,21.920000076293945,21.940000534057617,18.95466041564941,1530200.0
2013-08-16,21.90999984741211,22.01000022888184,21.90999984741211,21.979999542236328,18.98921585083008,1645600.0
2013-08-19,21.950000762939453,21.979999542236328,21.950000762939453,21.96999931335449,18.98057556152344,760500.0
2013-08-20,21.86000061035156,21.8799991607666,21.81999969482422,21.8700008392334,18.894184112548828,983000.0
2013-08-21,21.940000534057617,22.020000457763672,21.920000076293945,21.979999542236328,18.98921585083008,1618800.0
2013-08-22,22.030000686645508,22.059999465942383,22.0,22.030000686645508,19.032413482666016,325600.0
2013-08-23,22.06999969482422,22.06999969482422,21.950000762939453,21.989999771118164,18.99785423278809,1691100.0
2013-08-26,21.989999771118164,22.030000686645508,21.979999542236328,21.989999771118164,18.99785423278809,363600.0
2013-08-27,21.96999931335449,21.96999931335449,21.920000076293945,21.920000076293945,18.937379837036133,491100.0
2013-08-28,22.0,22.059999465942383,22.0,22.01000022888184,19.01513290405273,976300.0
2013-08-29,22.14999961853028,22.190000534057617,22.1299991607666,22.15999984741211,19.14472198486328,786100.0
2013-08-30,22.18000030517578,22.239999771118164,22.170000076293945,22.190000534057617,19.170642852783203,843200.0
2013-09-03,22.239999771118164,22.299999237060547,22.239999771118164,22.26000022888184,19.23111724853516,1264500.0
2013-09-04,22.229999542236328,22.25,22.18000030517578,22.18000030517578,19.16200256347656,1956500.0
2013-09-05,22.26000022888184,22.34000015258789,22.239999771118164,22.32999992370605,19.29159164428711,1345500.0
2013-09-06,22.229999542236328,22.239999771118164,22.15999984741211,22.200000762939453,19.17928123474121,533300.0
2013-09-09,22.13999938964844,22.15999984741211,22.06999969482422,22.09000015258789,19.08424949645996,557700.0
2013-09-10,22.11000061035156,22.1200008392334,22.09000015258789,22.09000015258789,19.08424949645996,1808300.0
2013-09-11,22.07999992370605,22.09000015258789,22.0,22.01000022888184,19.01513290405273,629700.0
2013-09-12,22.049999237060547,22.049999237060547,21.959999084472656,22.01000022888184,19.01513290405273,411200.0
2013-09-13,22.01000022888184,22.059999465942383,21.979999542236328,21.989999771118164,18.99785423278809,963600.0
2013-09-16,21.8700008392334,21.940000534057617,21.8700008392334,21.940000534057617,18.95466041564941,894700.0
2013-09-17,21.90999984741211,21.940000534057617,21.89999961853028,21.89999961853028,18.92010307312012,685200.0
2013-09-18,21.89999961853028,21.90999984741211,21.6299991607666,21.64999961853028,18.70411872863769,2489800.0
2013-09-19,21.6299991607666,21.700000762939453,21.6299991607666,21.68000030517578,18.730037689208984,4203300.0
2013-09-20,21.700000762939453,21.739999771118164,21.68000030517578,21.690000534057617,18.738677978515625,2028500.0
2013-09-23,21.68000030517578,21.729999542236328,21.68000030517578,21.700000762939453,18.74731636047364,1721600.0
2013-09-24,21.729999542236328,21.75,21.700000762939453,21.739999771118164,18.781871795654297,420300.0
2013-09-25,21.700000762939453,21.709999084472656,21.64999961853028,21.670000076293945,18.721397399902344,725300.0
2013-09-26,21.709999084472656,21.76000022888184,21.700000762939453,21.71999931335449,18.76459312438965,495300.0
2013-09-27,21.6299991607666,21.65999984741211,21.600000381469727,21.63999938964844,18.695480346679688,516900.0
2013-09-30,21.600000381469727,21.63999938964844,21.59000015258789,21.6299991607666,18.68683815002441,281900.0
2013-10-01,21.57999992370605,21.63999938964844,21.56999969482422,21.61000061035156,18.66956329345703,339200.0
2013-10-02,21.520000457763672,21.549999237060547,21.51000022888184,21.530000686645508,18.600446701049805,772400.0
2013-10-03,21.540000915527344,21.549999237060547,21.46999931335449,21.51000022888184,18.58316802978516,1360200.0
2013-10-04,21.549999237060547,21.6200008392334,21.530000686645508,21.61000061035156,18.66956329345703,445500.0
2013-10-07,21.559999465942383,21.61000061035156,21.540000915527344,21.549999237060547,18.61772346496582,1020300.0
2013-10-08,21.549999237060547,21.57999992370605,21.520000457763672,21.559999465942383,18.626365661621094,935000.0
2013-10-09,21.68000030517578,21.71999931335449,21.64999961853028,21.65999984741211,18.712757110595703,1066900.0
2013-10-10,21.709999084472656,21.729999542236328,21.65999984741211,21.700000762939453,18.74731636047364,3259800.0
2013-10-11,21.64999961853028,21.700000762939453,21.6299991607666,21.65999984741211,18.712757110595703,883300.0
2013-10-14,21.61000061035156,21.63999938964844,21.59000015258789,21.6200008392334,18.67820167541504,323200.0
2013-10-15,21.729999542236328,21.739999771118164,21.670000076293945,21.700000762939453,18.74731636047364,624900.0
2013-10-16,21.64999961853028,21.770000457763672,21.64999961853028,21.690000534057617,18.738677978515625,706700.0
2013-10-17,21.479999542236328,21.5,21.450000762939453,21.450000762939453,18.531333923339844,1094000.0
2013-10-18,21.459999084472656,21.46999931335449,21.43000030517578,21.450000762939453,18.531333923339844,497500.0
2013-10-21,21.5,21.5,21.450000762939453,21.46999931335449,18.54861259460449,288300.0
2013-10-22,21.420000076293945,21.420000076293945,21.32999992370605,21.350000381469727,18.44493865966797,1984700.0
2013-10-23,21.350000381469727,21.3700008392334,21.32999992370605,21.36000061035156,18.45358085632324,2519600.0
2013-10-24,21.31999969482422,21.350000381469727,21.31999969482422,21.32999992370605,18.42765998840332,490000.0
2013-10-25,21.34000015258789,21.350000381469727,21.31999969482422,21.34000015258789,18.4363021850586,290700.0
2013-10-28,21.3700008392334,21.38999938964844,21.34000015258789,21.3799991607666,18.470855712890625,798000.0
2013-10-29,21.39999961853028,21.46999931335449,21.36000061035156,21.440000534057617,18.522693634033203,1168300.0
2013-10-30,21.440000534057617,21.530000686645508,21.39999961853028,21.479999542236328,18.557249069213867,1204200.0
2013-10-31,21.549999237060547,21.6299991607666,21.530000686645508,21.6299991607666,18.68683815002441,1646900.0
2013-11-01,21.71999931335449,21.770000457763672,21.709999084472656,21.75,18.790512084960938,2661500.0
2013-11-04,21.71999931335449,21.729999542236328,21.690000534057617,21.690000534057617,18.738677978515625,583100.0
2013-11-05,21.729999542236328,21.770000457763672,21.729999542236328,21.739999771118164,18.781871795654297,439700.0
2013-11-06,21.68000030517578,21.700000762939453,21.64999961853028,21.670000076293945,18.721397399902344,898800.0
2013-11-07,21.8700008392334,21.88999938964844,21.729999542236328,21.770000457763672,18.80778884887696,2729200.0
2013-11-08,21.8799991607666,21.959999084472656,21.8700008392334,21.89999961853028,18.92010307312012,689600.0
2013-11-11,21.86000061035156,21.8700008392334,21.82999992370605,21.84000015258789,18.86826705932617,309200.0
2013-11-12,21.86000061035156,21.8799991607666,21.81999969482422,21.850000381469727,18.87690544128418,410800.0
2013-11-13,21.82999992370605,21.88999938964844,21.780000686645508,21.799999237060547,18.83370780944824,937600.0
2013-11-14,21.82999992370605,21.850000381469727,21.770000457763672,21.799999237060547,18.83370780944824,662700.0
2013-11-15,21.780000686645508,21.799999237060547,21.76000022888184,21.76000022888184,18.799150466918945,503700.0
2013-11-18,21.700000762939453,21.75,21.68000030517578,21.729999542236328,18.773231506347656,384100.0
2013-11-19,21.739999771118164,21.76000022888184,21.700000762939453,21.71999931335449,18.76459312438965,265800.0
2013-11-20,21.68000030517578,21.850000381469727,21.670000076293945,21.81999969482422,18.85098648071289,537100.0
2013-11-21,21.82999992370605,21.850000381469727,21.799999237060547,21.81999969482422,18.85098648071289,441200.0
2013-11-22,21.75,21.76000022888184,21.71999931335449,21.729999542236328,18.773231506347656,548000.0
2013-11-25,21.790000915527344,21.809999465942383,21.76000022888184,21.76000022888184,18.799150466918945,310400.0
2013-11-26,21.76000022888184,21.780000686645508,21.690000534057617,21.690000534057617,18.738677978515625,280100.0
2013-11-27,21.690000534057617,21.739999771118164,21.68000030517578,21.71999931335449,18.76459312438965,265800.0
2013-11-29,21.670000076293945,21.709999084472656,21.64999961853028,21.700000762939453,18.74731636047364,314400.0
2013-12-02,21.770000457763672,21.780000686645508,21.739999771118164,21.770000457763672,18.80778884887696,481300.0
2013-12-03,21.709999084472656,21.71999931335449,21.64999961853028,21.700000762939453,18.74731636047364,298900.0
2013-12-04,21.76000022888184,21.770000457763672,21.65999984741211,21.690000534057617,18.738677978515625,919600.0
2013-12-05,21.64999961853028,21.65999984741211,21.57999992370605,21.57999992370605,18.64364624023437,625800.0
2013-12-06,21.6200008392334,21.6299991607666,21.57999992370605,21.57999992370605,18.64364624023437,323900.0
2013-12-09,21.59000015258789,21.59000015258789,21.549999237060547,21.559999465942383,18.626365661621094,561800.0
2013-12-10,21.5,21.520000457763672,21.479999542236328,21.5,18.57452964782715,524600.0
2013-12-11,21.489999771118164,21.530000686645508,21.450000762939453,21.489999771118164,18.565889358520508,950300.0
2013-12-12,21.530000686645508,21.57999992370605,21.51000022888184,21.56999969482422,18.6350040435791,569000.0
2013-12-13,21.56999969482422,21.61000061035156,21.56999969482422,21.57999992370605,18.64364624023437,617400.0
2013-12-16,21.540000915527344,21.559999465942383,21.51000022888184,21.540000915527344,18.60908508300781,607100.0
2013-12-17,21.56999969482422,21.59000015258789,21.51000022888184,21.540000915527344,18.60908508300781,441300.0
2013-12-18,21.530000686645508,21.65999984741211,21.450000762939453,21.6299991607666,18.68683815002441,2020800.0
2013-12-19,21.670000076293945,21.700000762939453,21.65999984741211,21.68000030517578,18.730037689208984,1888400.0
2013-12-20,21.709999084472656,21.709999084472656,21.6299991607666,21.65999984741211,18.712757110595703,1297400.0
2013-12-23,21.6200008392334,21.6299991607666,21.59000015258789,21.6200008392334,18.67820167541504,333000.0
2013-12-24,21.65999984741211,21.670000076293945,21.6299991607666,21.63999938964844,18.695480346679688,333400.0
2013-12-26,21.6299991607666,21.64999961853028,21.6299991607666,21.6299991607666,18.68683815002441,270500.0
2013-12-27,21.520000457763672,21.61000061035156,21.5,21.59000015258789,18.652284622192383,794800.0
2013-12-30,21.540000915527344,21.540000915527344,21.46999931335449,21.489999771118164,18.565889358520508,968300.0
2013-12-31,21.520000457763672,21.549999237060547,21.489999771118164,21.520000457763672,18.591806411743164,656900.0
2014-01-02,21.670000076293945,21.690000534057617,21.63999938964844,21.64999961853028,18.70411872863769,1220400.0
2014-01-03,21.690000534057617,21.75,21.68000030517578,21.739999771118164,18.781871795654297,968800.0
2014-01-06,21.729999542236328,21.739999771118164,21.63999938964844,21.68000030517578,18.730037689208984,707400.0
2014-01-07,21.700000762939453,21.76000022888184,21.690000534057617,21.739999771118164,18.781871795654297,947700.0
2014-01-08,21.76000022888184,21.81999969482422,21.729999542236328,21.780000686645508,18.816431045532227,1141700.0
2014-01-09,21.790000915527344,21.799999237060547,21.75,21.76000022888184,18.799150466918945,651800.0
2014-01-10,21.71999931335449,21.71999931335449,21.6200008392334,21.670000076293945,18.721397399902344,486200.0
2014-01-13,21.65999984741211,21.68000030517578,21.6200008392334,21.6200008392334,18.67820167541504,541100.0
2014-01-14,21.64999961853028,21.670000076293945,21.6200008392334,21.65999984741211,18.712757110595703,509400.0
2014-01-15,21.770000457763672,21.799999237060547,21.75,21.76000022888184,18.799150466918945,453600.0
2014-01-16,21.709999084472656,21.770000457763672,21.700000762939453,21.739999771118164,18.781871795654297,638200.0
2014-01-17,21.780000686645508,21.84000015258789,21.76000022888184,21.81999969482422,18.85098648071289,1170200.0
2014-01-21,21.81999969482422,21.82999992370605,21.770000457763672,21.780000686645508,18.816431045532227,581900.0
2014-01-22,21.770000457763672,21.809999465942383,21.770000457763672,21.809999465942383,18.84235000610352,347900.0
2014-01-23,21.65999984741211,21.670000076293945,21.59000015258789,21.59000015258789,18.652284622192383,1391300.0
2014-01-24,21.600000381469727,21.6200008392334,21.57999992370605,21.6200008392334,18.67820167541504,1208100.0
2014-01-27,21.600000381469727,21.6299991607666,21.57999992370605,21.6200008392334,18.67820167541504,946000.0
2014-01-28,21.600000381469727,21.64999961853028,21.600000381469727,21.6299991607666,18.68683815002441,448200.0
2014-01-29,21.600000381469727,21.64999961853028,21.600000381469727,21.6299991607666,18.68683815002441,903700.0
2014-01-30,21.739999771118164,21.790000915527344,21.71999931335449,21.770000457763672,18.80778884887696,2343900.0
2014-01-31,21.81999969482422,21.850000381469727,21.790000915527344,21.82999992370605,18.859628677368164,1531000.0
2014-02-03,21.799999237060547,21.81999969482422,21.739999771118164,21.76000022888184,18.799150466918945,1813700.0
2014-02-04,21.790000915527344,21.809999465942383,21.770000457763672,21.780000686645508,18.816431045532227,528000.0
2014-02-05,21.790000915527344,21.809999465942383,21.739999771118164,21.75,18.790512084960938,755800.0
2014-02-06,21.690000534057617,21.729999542236328,21.670000076293945,21.71999931335449,18.76459312438965,3575900.0
2014-02-07,21.700000762939453,21.709999084472656,21.63999938964844,21.64999961853028,18.70411872863769,369200.0
2014-02-10,21.64999961853028,21.65999984741211,21.6200008392334,21.6299991607666,18.68683815002441,697500.0
2014-02-11,21.6299991607666,21.64999961853028,21.57999992370605,21.6299991607666,18.68683815002441,594200.0
2014-02-12,21.68000030517578,21.690000534057617,21.63999938964844,21.64999961853028,18.70411872863769,523700.0
2014-02-13,21.549999237060547,21.559999465942383,21.530000686645508,21.530000686645508,18.600446701049805,2552100.0
2014-02-14,21.5,21.51000022888184,21.489999771118164,21.489999771118164,18.565889358520508,511900.0
2014-02-18,21.459999084472656,21.46999931335449,21.440000534057617,21.450000762939453,18.531333923339844,1244500.0
2014-02-19,21.46999931335449,21.520000457763672,21.459999084472656,21.51000022888184,18.58316802978516,589600.0
2014-02-20,21.530000686645508,21.56999969482422,21.51000022888184,21.540000915527344,18.60908508300781,378000.0
2014-02-21,21.549999237060547,21.549999237060547,21.489999771118164,21.520000457763672,18.591806411743164,958700.0
2014-02-24,21.520000457763672,21.549999237060547,21.489999771118164,21.51000022888184,18.58316802978516,464000.0
2014-02-25,21.46999931335449,21.520000457763672,21.450000762939453,21.479999542236328,18.557249069213867,438200.0
2014-02-26,21.549999237060547,21.59000015258789,21.540000915527344,21.559999465942383,18.626365661621094,389100.0
2014-02-27,21.56999969482422,21.56999969482422,21.5,21.520000457763672,18.591806411743164,255900.0
2014-02-28,21.38999938964844,21.43000030517578,21.350000381469727,21.3799991607666,18.470855712890625,603200.0
2014-03-03,21.420000076293945,21.46999931335449,21.39999961853028,21.459999084472656,18.53997230529785,877500.0
2014-03-04,21.450000762939453,21.5,21.440000534057617,21.479999542236328,18.557249069213867,295200.0
2014-03-05,21.5,21.5,21.450000762939453,21.46999931335449,18.54861259460449,392800.0
2014-03-06,21.3799991607666,21.38999938964844,21.31999969482422,21.350000381469727,18.44493865966797,1978100.0
2014-03-07,21.3799991607666,21.38999938964844,21.350000381469727,21.3700008392334,18.462221145629883,752100.0
2014-03-10,21.3799991607666,21.38999938964844,21.36000061035156,21.3799991607666,18.470855712890625,581600.0
2014-03-11,21.38999938964844,21.39999961853028,21.350000381469727,21.3799991607666,18.470855712890625,418700.0
2014-03-12,21.350000381469727,21.36000061035156,21.309999465942383,21.31999969482422,18.41901969909668,1455100.0
2014-03-13,21.270000457763672,21.350000381469727,21.25,21.32999992370605,18.42765998840332,878100.0
2014-03-14,21.31999969482422,21.31999969482422,21.239999771118164,21.280000686645508,18.384464263916016,215100.0
2014-03-17,21.290000915527344,21.299999237060547,21.239999771118164,21.26000022888184,18.367185592651367,456600.0
2014-03-18,21.280000686645508,21.309999465942383,21.26000022888184,21.270000457763672,18.375825881958008,1077000.0
2014-03-19,21.290000915527344,21.459999084472656,21.25,21.43000030517578,18.51405334472656,1102000.0
2014-03-20,21.5,21.530000686645508,21.46999931335449,21.5,18.57452964782715,595200.0
2014-03-21,21.46999931335449,21.489999771118164,21.440000534057617,21.46999931335449,18.54861259460449,601400.0
2014-03-24,21.5,21.5,21.3700008392334,21.40999984741211,18.49677467346192,448200.0
2014-03-25,21.459999084472656,21.5,21.38999938964844,21.420000076293945,18.505414962768555,312500.0
2014-03-26,21.459999084472656,21.46999931335449,21.40999984741211,21.420000076293945,18.505414962768555,175300.0
2014-03-27,21.46999931335449,21.489999771118164,21.43000030517578,21.479999542236328,18.557249069213867,403000.0
2014-03-28,21.459999084472656,21.5,21.450000762939453,21.479999542236328,18.557249069213867,337900.0
2014-03-31,21.46999931335449,21.479999542236328,21.420000076293945,21.459999084472656,18.53997230529785,320100.0
2014-04-01,21.440000534057617,21.46999931335449,21.420000076293945,21.459999084472656,18.53997230529785,198800.0
2014-04-02,21.479999542236328,21.51000022888184,21.459999084472656,21.5,18.57452964782715,306600.0
2014-04-03,21.559999465942383,21.57999992370605,21.549999237060547,21.559999465942383,18.626365661621094,363600.0
2014-04-04,21.549999237060547,21.59000015258789,21.530000686645508,21.540000915527344,18.60908508300781,658500.0
2014-04-07,21.5,21.51000022888184,21.46999931335449,21.489999771118164,18.565889358520508,294700.0
2014-04-08,21.36000061035156,21.3799991607666,21.32999992370605,21.350000381469727,18.44493865966797,1182400.0
2014-04-09,21.34000015258789,21.36000061035156,21.270000457763672,21.270000457763672,18.375825881958008,782400.0
2014-04-10,21.290000915527344,21.299999237060547,21.229999542236328,21.26000022888184,18.367185592651367,776400.0
2014-04-11,21.270000457763672,21.270000457763672,21.239999771118164,21.270000457763672,18.375825881958008,549600.0
2014-04-14,21.34000015258789,21.350000381469727,21.31999969482422,21.32999992370605,18.42765998840332,358200.0
2014-04-15,21.36000061035156,21.3799991607666,21.31999969482422,21.350000381469727,18.44493865966797,431100.0
2014-04-16,21.350000381469727,21.3700008392334,21.34000015258789,21.3700008392334,18.462221145629883,192500.0
2014-04-17,21.31999969482422,21.3700008392334,21.309999465942383,21.3700008392334,18.462221145629883,243900.0
2014-04-21,21.36000061035156,21.39999961853028,21.36000061035156,21.38999938964844,18.479496002197266,160300.0
2014-04-22,21.36000061035156,21.39999961853028,21.350000381469727,21.3700008392334,18.462221145629883,177300.0
2014-04-23,21.36000061035156,21.3700008392334,21.32999992370605,21.3700008392334,18.462221145629883,107500.0
2014-04-24,21.38999938964844,21.38999938964844,21.34000015258789,21.34000015258789,18.4363021850586,467800.0
2014-04-25,21.32999992370605,21.34000015258789,21.309999465942383,21.34000015258789,18.4363021850586,285800.0
2014-04-28,21.290000915527344,21.34000015258789,21.290000915527344,21.31999969482422,18.41901969909668,243500.0
2014-04-29,21.32999992370605,21.36000061035156,21.32999992370605,21.34000015258789,18.4363021850586,133800.0
2014-04-30,21.280000686645508,21.299999237060547,21.25,21.280000686645508,18.384464263916016,545500.0
2014-05-01,21.270000457763672,21.280000686645508,21.25,21.270000457763672,18.375825881958008,598500.0
2014-05-02,21.350000381469727,21.350000381469727,21.25,21.270000457763672,18.375825881958008,330900.0
2014-05-05,21.25,21.26000022888184,21.239999771118164,21.26000022888184,18.367185592651367,238000.0
2014-05-06,21.15999984741211,21.170000076293945,21.13999938964844,21.15999984741211,18.280792236328125,581200.0
2014-05-07,21.14999961853028,21.18000030517578,21.14999961853028,21.170000076293945,18.28943252563477,802800.0
2014-05-08,21.200000762939453,21.239999771118164,21.190000534057617,21.21999931335449,18.33262825012207,880100.0
2014-05-09,21.309999465942383,21.3700008392334,21.309999465942383,21.350000381469727,18.44493865966797,553000.0
2014-05-12,21.32999992370605,21.3700008392334,21.32999992370605,21.3700008392334,18.462221145629883,381800.0
2014-05-13,21.38999938964844,21.440000534057617,21.38999938964844,21.420000076293945,18.505414962768555,278500.0
2014-05-14,21.420000076293945,21.420000076293945,21.39999961853028,21.40999984741211,18.49677467346192,385000.0
2014-05-15,21.440000534057617,21.450000762939453,21.3700008392334,21.38999938964844,18.479496002197266,427900.0
2014-05-16,21.3799991607666,21.40999984741211,21.3799991607666,21.38999938964844,18.479496002197266,358700.0
2014-05-19,21.3700008392334,21.38999938964844,21.350000381469727,21.38999938964844,18.479496002197266,201900.0
2014-05-20,21.39999961853028,21.40999984741211,21.38999938964844,21.39999961853028,18.488136291503903,420800.0
2014-05-21,21.440000534057617,21.46999931335449,21.39999961853028,21.39999961853028,18.488136291503903,864300.0
2014-05-22,21.459999084472656,21.459999084472656,21.440000534057617,21.440000534057617,18.522693634033203,217700.0
2014-05-23,21.489999771118164,21.5,21.46999931335449,21.479999542236328,18.557249069213867,639100.0
2014-05-27,21.479999542236328,21.51000022888184,21.46999931335449,21.46999931335449,18.54861259460449,330200.0
2014-05-28,21.520000457763672,21.530000686645508,21.51000022888184,21.530000686645508,18.600446701049805,1722800.0
2014-05-29,21.51000022888184,21.530000686645508,21.46999931335449,21.520000457763672,18.591806411743164,384000.0
2014-05-30,21.46999931335449,21.5,21.459999084472656,21.46999931335449,18.54861259460449,248900.0
2014-06-02,21.530000686645508,21.549999237060547,21.5,21.549999237060547,18.61772346496582,1003500.0
2014-06-03,21.5,21.530000686645508,21.5,21.530000686645508,18.600446701049805,191700.0
2014-06-04,21.520000457763672,21.559999465942383,21.520000457763672,21.549999237060547,18.61772346496582,503600.0
2014-06-05,21.600000381469727,21.600000381469727,21.450000762939453,21.459999084472656,18.53997230529785,599300.0
2014-06-06,21.489999771118164,21.51000022888184,21.46999931335449,21.46999931335449,18.54861259460449,363900.0
2014-06-09,21.540000915527344,21.56999969482422,21.51000022888184,21.549999237060547,18.61772346496582,1982400.0
2014-06-10,21.56999969482422,21.600000381469727,21.559999465942383,21.59000015258789,18.652284622192383,393900.0
2014-06-11,21.549999237060547,21.59000015258789,21.549999237060547,21.59000015258789,18.652284622192383,200500.0
2014-06-12,21.549999237060547,21.559999465942383,21.520000457763672,21.540000915527344,18.60908508300781,4938800.0
2014-06-13,21.520000457763672,21.559999465942383,21.520000457763672,21.540000915527344,18.60908508300781,876400.0
2014-06-16,21.5,21.51000022888184,21.479999542236328,21.479999542236328,18.557249069213867,465900.0
2014-06-17,21.530000686645508,21.540000915527344,21.51000022888184,21.540000915527344,18.60908508300781,633900.0
2014-06-18,21.5,21.530000686645508,21.459999084472656,21.46999931335449,18.54861259460449,461600.0
2014-06-19,21.40999984741211,21.450000762939453,21.38999938964844,21.43000030517578,18.51405334472656,1804200.0
2014-06-20,21.46999931335449,21.479999542236328,21.440000534057617,21.440000534057617,18.522693634033203,606700.0
2014-06-23,21.43000030517578,21.450000762939453,21.39999961853028,21.39999961853028,18.488136291503903,1338500.0
2014-06-24,21.40999984741211,21.46999931335449,21.40999984741211,21.420000076293945,18.505414962768555,467300.0
2014-06-25,21.38999938964844,21.40999984741211,21.3799991607666,21.39999961853028,18.488136291503903,229300.0
2014-06-26,21.43000030517578,21.450000762939453,21.39999961853028,21.40999984741211,18.49677467346192,362800.0
2014-06-27,21.3799991607666,21.3799991607666,21.34000015258789,21.34000015258789,18.4363021850586,275400.0
2014-06-30,21.32999992370605,21.32999992370605,21.26000022888184,21.26000022888184,18.367185592651367,900200.0
2014-07-01,21.280000686645508,21.290000915527344,21.270000457763672,21.270000457763672,18.375825881958008,367700.0
2014-07-02,21.32999992370605,21.32999992370605,21.309999465942383,21.309999465942383,18.410381317138672,191300.0
2014-07-03,21.39999961853028,21.420000076293945,21.38999938964844,21.38999938964844,18.479496002197266,352800.0
2014-07-07,21.40999984741211,21.40999984741211,21.38999938964844,21.39999961853028,18.488136291503903,219800.0
2014-07-08,21.39999961853028,21.39999961853028,21.3700008392334,21.38999938964844,18.479496002197266,274300.0
2014-07-09,21.3799991607666,21.39999961853028,21.32999992370605,21.34000015258789,18.4363021850586,1009400.0
2014-07-10,21.3700008392334,21.38999938964844,21.36000061035156,21.3700008392334,18.462221145629883,695100.0
2014-07-11,21.3799991607666,21.39999961853028,21.3700008392334,21.3799991607666,18.470855712890625,373800.0
2014-07-14,21.38999938964844,21.38999938964844,21.3700008392334,21.3700008392334,18.462221145629883,307200.0
2014-07-15,21.3799991607666,21.450000762939453,21.3700008392334,21.440000534057617,18.522693634033203,595600.0
2014-07-16,21.489999771118164,21.489999771118164,21.46999931335449,21.489999771118164,18.565889358520508,591700.0
2014-07-17,21.479999542236328,21.5,21.459999084472656,21.479999542236328,18.557249069213867,862100.0
2014-07-18,21.51000022888184,21.520000457763672,21.46999931335449,21.479999542236328,18.557249069213867,1315700.0
2014-07-21,21.479999542236328,21.5,21.46999931335449,21.46999931335449,18.54861259460449,3294900.0
2014-07-22,21.530000686645508,21.559999465942383,21.530000686645508,21.540000915527344,18.60908508300781,436200.0
2014-07-23,21.530000686645508,21.56999969482422,21.530000686645508,21.549999237060547,18.61772346496582,2365200.0
2014-07-24,21.559999465942383,21.57999992370605,21.559999465942383,21.57999992370605,18.64364624023437,216500.0
2014-07-25,21.61000061035156,21.6299991607666,21.59000015258789,21.6200008392334,18.67820167541504,337800.0
2014-07-28,21.6200008392334,21.6200008392334,21.600000381469727,21.6200008392334,18.67820167541504,176500.0
2014-07-29,21.63999938964844,21.670000076293945,21.63999938964844,21.65999984741211,18.712757110595703,293700.0
2014-07-30,21.729999542236328,21.75,21.690000534057617,21.709999084472656,18.75595474243164,3327900.0
2014-07-31,21.729999542236328,21.739999771118164,21.709999084472656,21.739999771118164,18.781871795654297,820900.0
2014-08-01,21.700000762939453,21.71999931335449,21.64999961853028,21.709999084472656,18.75595474243164,1786300.0
2014-08-04,21.690000534057617,21.700000762939453,21.68000030517578,21.700000762939453,18.74731636047364,787500.0
2014-08-05,21.739999771118164,21.770000457763672,21.729999542236328,21.75,18.790512084960938,529100.0
2014-08-06,21.780000686645508,21.780000686645508,21.709999084472656,21.71999931335449,18.76459312438965,1290300.0
2014-08-07,21.739999771118164,21.790000915527344,21.739999771118164,21.75,18.790512084960938,1517300.0
2014-08-08,21.71999931335449,21.71999931335449,21.65999984741211,21.700000762939453,18.74731636047364,904000.0
2014-08-11,21.709999084472656,21.71999931335449,21.709999084472656,21.709999084472656,18.75595474243164,169900.0
2014-08-12,21.739999771118164,21.76000022888184,21.71999931335449,21.729999542236328,18.773231506347656,320800.0
2014-08-13,21.71999931335449,21.780000686645508,21.709999084472656,21.75,18.790512084960938,306000.0
2014-08-14,21.71999931335449,21.76000022888184,21.700000762939453,21.739999771118164,18.781871795654297,439400.0
2014-08-15,21.709999084472656,21.729999542236328,21.690000534057617,21.700000762939453,18.74731636047364,418100.0
2014-08-18,21.709999084472656,21.75,21.709999084472656,21.739999771118164,18.781871795654297,194800.0
2014-08-19,21.799999237060547,21.82999992370605,21.799999237060547,21.81999969482422,18.85098648071289,342200.0
2014-08-20,21.850000381469727,21.93000030517578,21.850000381469727,21.920000076293945,18.937379837036133,885900.0
2014-08-21,21.90999984741211,21.920000076293945,21.8799991607666,21.88999938964844,18.91146278381348,306600.0
2014-08-22,21.88999938964844,21.96999931335449,21.88999938964844,21.940000534057617,18.95466041564941,1079100.0
2014-08-25,22.0,22.0,21.96999931335449,22.0,19.006494522094727,496600.0
2014-08-26,21.979999542236328,22.040000915527344,21.96999931335449,22.020000457763672,19.02377319335937,969600.0
2014-08-27,21.989999771118164,22.0,21.950000762939453,21.96999931335449,18.98057556152344,1081800.0
2014-08-28,22.020000457763672,22.020000457763672,21.959999084472656,21.96999931335449,18.98057556152344,561700.0
2014-08-29,21.989999771118164,22.040000915527344,21.950000762939453,22.020000457763672,19.02377319335937,756000.0
2014-09-02,22.11000061035156,22.1200008392334,22.07999992370605,22.09000015258789,19.08424949645996,2210600.0
2014-09-03,22.06999969482422,22.09000015258789,22.059999465942383,22.06999969482422,19.066970825195312,884600.0
2014-09-04,22.190000534057617,22.34000015258789,22.190000534057617,22.299999237060547,19.265674591064453,1796000.0
2014-09-05,22.299999237060547,22.31999969482422,22.26000022888184,22.299999237060547,19.265674591064453,763300.0
2014-09-08,22.36000061035156,22.46999931335449,22.350000381469727,22.43000030517578,19.37798500061035,1138800.0
2014-09-09,22.479999542236328,22.489999771118164,22.3799991607666,22.38999938964844,19.34342765808105,1404100.0
2014-09-10,22.46999931335449,22.46999931335449,22.420000076293945,22.43000030517578,19.37798500061035,758500.0
2014-09-11,22.420000076293945,22.459999084472656,22.40999984741211,22.450000762939453,19.395263671875,622200.0
2014-09-12,22.459999084472656,22.479999542236328,22.3799991607666,22.43000030517578,19.37798500061035,633100.0
2014-09-15,22.43000030517578,22.440000534057617,22.40999984741211,22.43000030517578,19.37798500061035,917700.0
2014-09-16,22.420000076293945,22.43000030517578,22.32999992370605,22.38999938964844,19.34342765808105,1488200.0
2014-09-17,22.3700008392334,22.549999237060547,22.36000061035156,22.530000686645508,19.464380264282227,2058700.0
2014-09-18,22.46999931335449,22.489999771118164,22.420000076293945,22.43000030517578,19.37798500061035,1146700.0
2014-09-19,22.5,22.56999969482422,22.5,22.549999237060547,19.481658935546875,4859200.0
2014-09-22,22.549999237060547,22.59000015258789,22.530000686645508,22.530000686645508,19.464380264282227,1261500.0
2014-09-23,22.489999771118164,22.559999465942383,22.46999931335449,22.530000686645508,19.464380264282227,716900.0
2014-09-24,22.61000061035156,22.64999961853028,22.600000381469727,22.6299991607666,19.550769805908203,1746800.0
2014-09-25,22.71999931335449,22.729999542236328,22.64999961853028,22.670000076293945,19.585329055786133,4432700.0
2014-09-26,22.729999542236328,22.809999465942383,22.71999931335449,22.799999237060547,19.697641372680664,1206900.0
2014-09-29,22.770000457763672,22.799999237060547,22.75,22.780000686645508,19.680362701416016,1324300.0
2014-09-30,22.90999984741211,22.90999984741211,22.850000381469727,22.8700008392334,19.758115768432617,2182500.0
2014-10-01,22.88999938964844,22.90999984741211,22.81999969482422,22.850000381469727,19.74083709716797,2711200.0
2014-10-02,22.770000457763672,22.84000015258789,22.729999542236328,22.780000686645508,19.680362701416016,2002000.0
2014-10-03,23.020000457763672,23.07999992370605,23.01000022888184,23.07999992370605,19.93954086303711,4528100.0
2014-10-06,23.01000022888184,23.020000457763672,22.780000686645508,22.81999969482422,19.71491813659668,2433400.0
2014-10-07,22.799999237060547,22.86000061035156,22.75,22.780000686645508,19.680362701416016,1793900.0
2014-10-08,22.790000915527344,22.850000381469727,22.65999984741211,22.68000030517578,19.593969345092773,5304300.0
2014-10-09,22.690000534057617,22.790000915527344,22.65999984741211,22.75,19.65444564819336,2343300.0
2014-10-10,22.84000015258789,22.8700008392334,22.799999237060547,22.86000061035156,19.749475479125977,5000900.0
2014-10-13,22.739999771118164,22.780000686645508,22.71999931335449,22.729999542236328,19.637163162231445,1278100.0
2014-10-14,22.799999237060547,22.850000381469727,22.770000457763672,22.82999992370605,19.72355842590332,1088200.0
2014-10-15,22.61000061035156,22.690000534057617,22.450000762939453,22.59000015258789,19.51621437072754,3995200.0
2014-10-16,22.63999938964844,22.68000030517578,22.530000686645508,22.59000015258789,19.51621437072754,2590000.0
2014-10-17,22.600000381469727,22.670000076293945,22.59000015258789,22.65999984741211,19.57668876647949,774900.0
2014-10-20,22.64999961853028,22.64999961853028,22.56999969482422,22.57999992370605,19.50757598876953,632500.0
2014-10-21,22.63999938964844,22.700000762939453,22.63999938964844,22.700000762939453,19.611248016357425,975900.0
2014-10-22,22.780000686645508,22.81999969482422,22.76000022888184,22.799999237060547,19.697641372680664,1199500.0
2014-10-23,22.799999237060547,22.850000381469727,22.799999237060547,22.81999969482422,19.71491813659668,1654900.0
2014-10-24,22.770000457763672,22.799999237060547,22.729999542236328,22.780000686645508,19.680362701416016,760600.0
2014-10-27,22.76000022888184,22.770000457763672,22.700000762939453,22.71999931335449,19.62852478027344,1045400.0
2014-10-28,22.670000076293945,22.71999931335449,22.65999984741211,22.68000030517578,19.593969345092773,824900.0
2014-10-29,22.68000030517578,22.8700008392334,22.6299991607666,22.850000381469727,19.74083709716797,4131300.0
2014-10-30,22.89999961853028,22.90999984741211,22.850000381469727,22.90999984741211,19.79267120361328,1385100.0
2014-10-31,23.14999961853028,23.170000076293945,23.06999969482422,23.09000015258789,19.94818115234375,2494300.0
2014-11-03,23.18000030517578,23.229999542236328,23.170000076293945,23.200000762939453,20.043210983276367,3115800.0
2014-11-04,23.190000534057617,23.200000762939453,23.09000015258789,23.13999938964844,19.99137687683105,961900.0
2014-11-05,23.280000686645508,23.290000915527344,23.21999931335449,23.25,20.086410522460938,1306900.0
2014-11-06,23.309999465942383,23.420000076293945,23.299999237060547,23.40999984741211,20.224639892578125,2041900.0
2014-11-07,23.36000061035156,23.3700008392334,23.239999771118164,23.270000457763672,20.10368728637696,2449300.0
2014-11-10,23.239999771118164,23.350000381469727,23.229999542236328,23.34000015258789,20.16416549682617,3801400.0
2014-11-11,23.34000015258789,23.36000061035156,23.200000762939453,23.25,20.086410522460938,1471200.0
2014-11-12,23.270000457763672,23.36000061035156,23.25,23.32999992370605,20.1555233001709,881500.0
2014-11-13,23.299999237060547,23.34000015258789,23.280000686645508,23.309999465942383,20.13824462890625,1127000.0
2014-11-14,23.43000030517578,23.440000534057617,23.209999084472656,23.25,20.086410522460938,1879500.0
2014-11-17,23.31999969482422,23.3700008392334,23.31999969482422,23.3700008392334,20.190082550048828,941000.0
2014-11-18,23.26000022888184,23.299999237060547,23.25,23.26000022888184,20.095048904418945,2395500.0
2014-11-19,23.26000022888184,23.309999465942383,23.200000762939453,23.299999237060547,20.12960433959961,1783800.0
2014-11-20,23.26000022888184,23.31999969482422,23.239999771118164,23.270000457763672,20.10368728637696,1938900.0
2014-11-21,23.38999938964844,23.479999542236328,23.38999938964844,23.459999084472656,20.267837524414062,1371800.0
2014-11-24,23.459999084472656,23.459999084472656,23.38999938964844,23.39999961853028,20.21599769592285,647100.0
2014-11-25,23.43000030517578,23.43000030517578,23.31999969482422,23.350000381469727,20.172801971435547,2760200.0
2014-11-26,23.299999237060547,23.309999465942383,23.229999542236328,23.280000686645508,20.112329483032227,1043100.0
2014-11-28,23.36000061035156,23.46999931335449,23.36000061035156,23.46999931335449,20.27647590637207,652300.0
2014-12-01,23.34000015258789,23.3700008392334,23.309999465942383,23.36000061035156,20.18144416809082,755600.0
2014-12-02,23.5,23.549999237060547,23.479999542236328,23.549999237060547,20.3455867767334,884000.0
2014-12-03,23.6200008392334,23.63999938964844,23.59000015258789,23.6200008392334,20.406064987182617,1289900.0
2014-12-04,23.549999237060547,23.56999969482422,23.420000076293945,23.530000686645508,20.328311920166016,2190000.0
2014-12-05,23.68000030517578,23.75,23.68000030517578,23.709999084472656,20.48381805419922,976700.0
2014-12-08,23.709999084472656,23.729999542236328,23.600000381469727,23.65999984741211,20.44062042236328,1889500.0
2014-12-09,23.51000022888184,23.559999465942383,23.38999938964844,23.549999237060547,20.3455867767334,1616200.0
2014-12-10,23.5,23.520000457763672,23.39999961853028,23.420000076293945,20.2332763671875,980100.0
2014-12-11,23.520000457763672,23.559999465942383,23.5,23.51000022888184,20.311033248901367,2236800.0
2014-12-12,23.40999984741211,23.46999931335449,23.3799991607666,23.43000030517578,20.24191665649414,1318500.0
2014-12-15,23.46999931335449,23.5,23.39999961853028,23.479999542236328,20.28511428833008,1093700.0
2014-12-16,23.280000686645508,23.38999938964844,23.270000457763672,23.309999465942383,20.13824462890625,1392600.0
2014-12-17,23.38999938964844,23.63999938964844,23.3700008392334,23.600000381469727,20.38878631591797,2199500.0
2014-12-18,23.68000030517578,23.709999084472656,23.64999961853028,23.670000076293945,20.44926071166992,1398100.0
2014-12-19,23.670000076293945,23.780000686645508,23.63999938964844,23.770000457763672,20.53565216064453,1562600.0
2014-12-22,23.770000457763672,23.809999465942383,23.729999542236328,23.790000915527344,20.55293273925781,1002000.0
2014-12-23,23.90999984741211,23.90999984741211,23.8700008392334,23.90999984741211,20.656606674194336,876100.0
2014-12-24,23.8700008392334,23.8799991607666,23.850000381469727,23.8799991607666,20.63068199157715,231500.0
2014-12-26,23.8799991607666,23.90999984741211,23.8799991607666,23.88999938964844,20.639324188232425,400400.0
2014-12-29,23.8799991607666,23.96999931335449,23.86000061035156,23.950000762939453,20.691162109375,924000.0
2014-12-30,23.86000061035156,23.88999938964844,23.84000015258789,23.88999938964844,20.639324188232425,1883200.0
2014-12-31,23.920000076293945,23.979999542236328,23.89999961853028,23.96999931335449,20.70844078063965,2858800.0
2015-01-02,24.1200008392334,24.200000762939453,24.11000061035156,24.200000762939453,20.90714454650879,1887600.0
2015-01-05,24.309999465942383,24.309999465942383,24.21999931335449,24.25,20.950342178344727,2855500.0
2015-01-06,24.299999237060547,24.309999465942383,24.190000534057617,24.299999237060547,20.9935359954834,2262700.0
2015-01-07,24.43000030517578,24.46999931335449,24.34000015258789,24.38999938964844,21.07129096984864,2384600.0
2015-01-08,24.489999771118164,24.5,24.420000076293945,24.489999771118164,21.15768241882324,1685500.0
2015-01-09,24.5,24.5,24.36000061035156,24.3799991607666,21.062652587890625,2320100.0
2015-01-12,24.43000030517578,24.440000534057617,24.36000061035156,24.3799991607666,21.062652587890625,1938700.0
2015-01-13,24.46999931335449,24.5,24.40999984741211,24.450000762939453,21.12312698364257,1003700.0
2015-01-14,24.36000061035156,24.43000030517578,24.34000015258789,24.39999961853028,21.07993125915528,1373300.0
2015-01-15,24.43000030517578,24.57999992370605,24.39999961853028,24.479999542236328,21.149045944213867,2587500.0
2015-01-16,24.600000381469727,24.739999771118164,24.549999237060547,24.59000015258789,21.24407768249512,3106100.0
2015-01-20,24.61000061035156,24.700000762939453,24.600000381469727,24.690000534057617,21.330472946166992,1526900.0
2015-01-21,24.5,24.68000030517578,24.43000030517578,24.6200008392334,21.26999855041504,2895500.0
2015-01-22,24.76000022888184,25.01000022888184,24.690000534057617,24.989999771118164,21.589649200439453,3542900.0
2015-01-23,25.200000762939453,25.209999084472656,25.059999465942383,25.209999084472656,21.77971267700196,2381900.0
2015-01-26,25.200000762939453,25.200000762939453,25.11000061035156,25.170000076293945,21.74515724182129,2516900.0
2015-01-27,24.959999084472656,25.0,24.850000381469727,24.93000030517578,21.537813186645508,2282400.0
2015-01-28,24.989999771118164,25.100000381469727,24.940000534057617,25.07999992370605,21.667404174804688,1987000.0
2015-01-29,25.059999465942383,25.190000534057617,25.0,25.100000381469727,21.684682846069336,1564500.0
2015-01-30,25.1299991607666,25.15999984741211,25.100000381469727,25.1299991607666,21.710601806640625,1740900.0
2015-02-02,25.100000381469727,25.11000061035156,25.020000457763672,25.07999992370605,21.667404174804688,1816100.0
2015-02-03,24.90999984741211,24.93000030517578,24.690000534057617,24.790000915527344,21.4168643951416,4196800.0
2015-02-04,24.850000381469727,24.950000762939453,24.850000381469727,24.940000534057617,21.54645729064941,1158600.0
2015-02-05,24.850000381469727,24.8700008392334,24.729999542236328,24.76000022888184,21.390945434570312,922900.0
2015-02-06,25.0,25.09000015258789,24.979999542236328,25.059999465942383,21.65012550354004,2861900.0
2015-02-09,25.049999237060547,25.059999465942383,24.979999542236328,25.040000915527344,21.632848739624023,1661800.0
2015-02-10,25.06999969482422,25.100000381469727,25.040000915527344,25.06999969482422,21.658763885498047,1133800.0
2015-02-11,25.100000381469727,25.18000030517578,25.09000015258789,25.15999984741211,21.73652076721192,2328700.0
2015-02-12,25.0,25.020000457763672,24.8700008392334,24.920000076293945,21.529176712036133,1878600.0
2015-02-13,24.88999938964844,24.93000030517578,24.850000381469727,24.90999984741211,21.520538330078125,1038800.0
2015-02-17,24.8700008392334,24.950000762939453,24.86000061035156,24.8799991607666,21.49461555480957,754000.0
2015-02-18,24.920000076293945,25.020000457763672,24.86000061035156,24.88999938964844,21.503257751464844,1736200.0
2015-02-19,24.940000534057617,24.979999542236328,24.920000076293945,24.979999542236328,21.58100891113281,523800.0
2015-02-20,25.059999465942383,25.07999992370605,24.8799991607666,24.959999084472656,21.563730239868164,1902500.0
2015-02-23,25.01000022888184,25.059999465942383,24.989999771118164,25.030000686645508,21.624208450317383,2062500.0
2015-02-24,25.040000915527344,25.1200008392334,24.96999931335449,24.979999542236328,21.58100891113281,1096300.0
2015-02-25,24.950000762939453,25.030000686645508,24.90999984741211,24.93000030517578,21.537813186645508,1104000.0
2015-02-26,25.09000015258789,25.21999931335449,25.07999992370605,25.190000534057617,21.76243782043457,1625200.0
2015-02-27,25.200000762939453,25.229999542236328,25.14999961853028,25.200000762939453,21.77107620239257,2502900.0
2015-03-02,25.190000534057617,25.26000022888184,25.15999984741211,25.25,21.81427383422852,2238700.0
2015-03-03,25.21999931335449,25.25,25.14999961853028,25.239999771118164,21.80563163757324,1175900.0
2015-03-04,25.299999237060547,25.40999984741211,25.299999237060547,25.3700008392334,21.917945861816406,1635700.0
2015-03-05,25.479999542236328,25.540000915527344,25.43000030517578,25.489999771118164,22.02161407470703,1929500.0
2015-03-06,25.75,25.81999969482422,25.75,25.799999237060547,22.28943634033203,3306000.0
2015-03-09,25.780000686645508,25.82999992370605,25.75,25.799999237060547,22.28943634033203,2286300.0
2015-03-10,25.979999542236328,26.07999992370605,25.89999961853028,26.06999969482422,22.52269554138184,4272800.0
2015-03-11,26.25,26.39999961853028,26.209999084472656,26.36000061035156,22.773237228393555,3921600.0
2015-03-12,26.190000534057617,26.270000457763672,26.14999961853028,26.21999931335449,22.652284622192383,2784500.0
2015-03-13,26.299999237060547,26.5,26.299999237060547,26.489999771118164,22.885547637939453,3128100.0
2015-03-16,26.31999969482422,26.36000061035156,26.21999931335449,26.290000915527344,22.7127628326416,3028400.0
2015-03-17,26.21999931335449,26.309999465942383,26.18000030517578,26.299999237060547,22.72140121459961,2263500.0
2015-03-18,26.299999237060547,26.299999237060547,25.770000457763672,25.780000686645508,22.272157669067383,6037600.0
2015-03-19,26.09000015258789,26.229999542236328,26.06999969482422,26.170000076293945,22.60908889770508,3046600.0
2015-03-20,25.8799991607666,25.940000534057617,25.690000534057617,25.81999969482422,22.30671501159668,5947100.0
2015-03-23,25.57999992370605,25.68000030517578,25.520000457763672,25.540000915527344,22.0648136138916,4322300.0
2015-03-24,25.559999465942383,25.68000030517578,25.559999465942383,25.6200008392334,22.133928298950195,1700100.0
2015-03-25,25.46999931335449,25.56999969482422,25.46999931335449,25.549999237060547,22.07345199584961,5766300.0
2015-03-26,25.489999771118164,25.71999931335449,25.459999084472656,25.63999938964844,22.15120506286621,1953900.0
2015-03-27,25.670000076293945,25.700000762939453,25.559999465942383,25.65999984741211,22.16848564147949,1464600.0
2015-03-30,25.799999237060547,25.8700008392334,25.75,25.86000061035156,22.341272354125977,2087300.0
2015-03-31,25.979999542236328,26.0,25.790000915527344,25.89999961853028,22.37582778930664,2205300.0
2015-04-01,25.86000061035156,25.979999542236328,25.84000015258789,25.90999984741211,22.38446998596192,1787000.0
2015-04-02,25.700000762939453,25.729999542236328,25.64999961853028,25.709999084472656,22.211679458618164,2079800.0
2015-04-06,25.39999961853028,25.600000381469727,25.36000061035156,25.51000022888184,22.03889274597168,4332500.0
2015-04-07,25.71999931335449,25.809999465942383,25.64999961853028,25.799999237060547,22.28943634033203,3336400.0
2015-04-08,25.64999961853028,25.8700008392334,25.64999961853028,25.84000015258789,22.32399177551269,1595900.0
2015-04-09,25.90999984741211,26.13999938964844,25.88999938964844,26.11000061035156,22.55725479125977,5820800.0
2015-04-10,26.170000076293945,26.21999931335449,26.1200008392334,26.170000076293945,22.60908889770508,2372800.0
2015-04-13,26.21999931335449,26.239999771118164,26.170000076293945,26.209999084472656,22.643644332885746,3787600.0
2015-04-14,26.020000457763672,26.020000457763672,25.89999961853028,26.01000022888184,22.470861434936523,1565500.0
2015-04-15,26.01000022888184,26.100000381469727,25.86000061035156,25.88999938964844,22.3671875,1838800.0
2015-04-16,25.780000686645508,25.8799991607666,25.6200008392334,25.690000534057617,22.19440460205078,2882400.0
2015-04-17,25.71999931335449,25.729999542236328,25.61000061035156,25.6299991607666,22.142566680908203,1840500.0
2015-04-20,25.780000686645508,25.81999969482422,25.729999542236328,25.780000686645508,22.272157669067383,1430500.0
2015-04-21,25.88999938964844,25.89999961853028,25.700000762939453,25.809999465942383,22.298076629638672,1709900.0
2015-04-22,25.770000457763672,25.84000015258789,25.76000022888184,25.809999465942383,22.298076629638672,693600.0
2015-04-23,25.790000915527344,25.809999465942383,25.56999969482422,25.6200008392334,22.133928298950195,1236700.0
2015-04-24,25.520000457763672,25.6299991607666,25.479999542236328,25.520000457763672,22.04753494262696,2295700.0
2015-04-27,25.530000686645508,25.559999465942383,25.3799991607666,25.440000534057617,21.97842025756836,2261800.0
2015-04-28,25.38999938964844,25.38999938964844,25.25,25.280000686645508,21.840192794799805,3006600.0
2015-04-29,25.1299991607666,25.13999938964844,24.89999961853028,25.059999465942383,21.65012550354004,6270900.0
2015-04-30,25.06999969482422,25.100000381469727,24.86000061035156,24.90999984741211,21.520538330078125,4334100.0
2015-05-01,24.90999984741211,25.100000381469727,24.8799991607666,25.030000686645508,21.624208450317383,3059800.0
2015-05-04,25.06999969482422,25.13999938964844,25.06999969482422,25.100000381469727,21.684682846069336,1788900.0
2015-05-05,25.100000381469727,25.13999938964844,24.979999542236328,25.030000686645508,21.624208450317383,4566800.0
2015-05-06,24.82999992370605,24.850000381469727,24.690000534057617,24.75,21.382308959960938,4300300.0
2015-05-07,24.850000381469727,24.93000030517578,24.82999992370605,24.8799991607666,21.49461555480957,5211300.0
2015-05-08,24.8700008392334,24.989999771118164,24.850000381469727,24.90999984741211,21.520538330078125,2066800.0
2015-05-11,25.01000022888184,25.020000457763672,24.950000762939453,24.989999771118164,21.589649200439453,1624500.0
2015-05-12,24.850000381469727,24.86000061035156,24.780000686645508,24.850000381469727,21.468700408935547,1658100.0
2015-05-13,24.68000030517578,24.700000762939453,24.559999465942383,24.6299991607666,21.27863502502441,3241200.0
2015-05-14,24.5,24.63999938964844,24.5,24.549999237060547,21.209518432617188,2641300.0
2015-05-15,24.65999984741211,24.68000030517578,24.46999931335449,24.51000022888184,21.174962997436523,2638400.0
2015-05-18,24.6299991607666,24.770000457763672,24.6299991607666,24.75,21.382308959960938,1648900.0
2015-05-19,25.059999465942383,25.09000015258789,25.01000022888184,25.040000915527344,21.632848739624023,2874900.0
2015-05-20,25.11000061035156,25.170000076293945,25.040000915527344,25.09000015258789,21.67604637145996,3120700.0
2015-05-21,25.059999465942383,25.09000015258789,25.020000457763672,25.049999237060547,21.6414852142334,1373500.0
2015-05-22,25.21999931335449,25.299999237060547,25.21999931335449,25.280000686645508,21.840192794799805,2198500.0
2015-05-26,25.530000686645508,25.59000015258789,25.489999771118164,25.559999465942383,22.08209228515625,3438300.0
2015-05-27,25.670000076293945,25.68000030517578,25.530000686645508,25.56999969482422,22.09073257446289,2553500.0
2015-05-28,25.61000061035156,25.670000076293945,25.46999931335449,25.5,22.030256271362305,2598500.0
2015-05-29,25.489999771118164,25.530000686645508,25.420000076293945,25.459999084472656,21.995695114135746,1380600.0
2015-06-01,25.489999771118164,25.670000076293945,25.46999931335449,25.61000061035156,22.125289916992188,1924200.0
2015-06-02,25.290000915527344,25.299999237060547,25.1299991607666,25.21999931335449,21.7883529663086,2613000.0
2015-06-03,25.209999084472656,25.209999084472656,25.020000457763672,25.049999237060547,21.6414852142334,2798100.0
2015-06-04,25.059999465942383,25.100000381469727,24.96999931335449,25.07999992370605,21.667404174804688,2653700.0
2015-06-05,25.440000534057617,25.459999084472656,25.26000022888184,25.299999237060547,21.85746955871582,9123700.0
2015-06-08,25.170000076293945,25.190000534057617,24.989999771118164,25.01000022888184,21.60692977905273,2181900.0
2015-06-09,25.049999237060547,25.09000015258789,24.950000762939453,24.979999542236328,21.58100891113281,1720800.0
2015-06-10,24.799999237060547,24.90999984741211,24.790000915527344,24.84000015258789,21.46006202697754,3695600.0
2015-06-11,24.989999771118164,25.049999237060547,24.88999938964844,24.90999984741211,21.520538330078125,2166800.0
2015-06-12,24.989999771118164,25.01000022888184,24.84000015258789,24.88999938964844,21.503257751464844,1882300.0
2015-06-15,25.01000022888184,25.01000022888184,24.86000061035156,24.8700008392334,21.485979080200195,3983700.0
2015-06-16,24.920000076293945,24.96999931335449,24.88999938964844,24.920000076293945,21.529176712036133,2510200.0
2015-06-17,24.8700008392334,24.96999931335449,24.670000076293945,24.700000762939453,21.33911323547364,3489300.0
2015-06-18,24.549999237060547,24.700000762939453,24.540000915527344,24.6200008392334,21.26999855041504,3449400.0
2015-06-19,24.68000030517578,24.709999084472656,24.63999938964844,24.68000030517578,21.32183074951172,1866100.0
2015-06-22,24.670000076293945,24.75,24.61000061035156,24.729999542236328,21.365026473999023,4485400.0
2015-06-23,25.049999237060547,25.059999465942383,24.940000534057617,25.020000457763672,21.615568161010746,2062300.0
2015-06-24,25.01000022888184,25.030000686645508,24.93000030517578,24.96999931335449,21.57237243652344,1201100.0
2015-06-25,24.950000762939453,24.979999542236328,24.920000076293945,24.93000030517578,21.537813186645508,2613500.0
2015-06-26,25.030000686645508,25.06999969482422,24.959999084472656,25.0,21.598289489746094,1349400.0
2015-06-29,25.030000686645508,25.059999465942383,24.799999237060547,24.86000061035156,21.477340698242188,3796100.0
2015-06-30,24.90999984741211,25.06999969482422,24.89999961853028,25.030000686645508,21.624208450317383,7634100.0
2015-07-01,25.15999984741211,25.25,25.1200008392334,25.229999542236328,21.796993255615234,2330200.0
2015-07-02,25.18000030517578,25.190000534057617,25.1200008392334,25.170000076293945,21.74515724182129,3496800.0
2015-07-06,25.290000915527344,25.290000915527344,25.14999961853028,25.21999931335449,21.7883529663086,1954800.0
2015-07-07,25.440000534057617,25.459999084472656,25.25,25.299999237060547,21.85746955871582,3097000.0
2015-07-08,25.21999931335449,25.280000686645508,25.18000030517578,25.200000762939453,21.77107620239257,1298400.0
2015-07-09,25.21999931335449,25.34000015258789,25.209999084472656,25.280000686645508,21.840192794799805,3374900.0
2015-07-10,25.040000915527344,25.170000076293945,25.030000686645508,25.100000381469727,21.684682846069336,2044100.0
2015-07-13,25.290000915527344,25.36000061035156,25.26000022888184,25.350000381469727,21.90066719055176,1643500.0
2015-07-14,25.239999771118164,25.32999992370605,25.239999771118164,25.309999465942383,21.86610984802246,612000.0
2015-07-15,25.38999938964844,25.46999931335449,25.38999938964844,25.420000076293945,21.96114158630371,1598600.0
2015-07-16,25.559999465942383,25.56999969482422,25.459999084472656,25.559999465942383,22.08209228515625,2289000.0
2015-07-17,25.56999969482422,25.6200008392334,25.56999969482422,25.6200008392334,22.133928298950195,1151700.0
2015-07-20,25.64999961853028,25.65999984741211,25.57999992370605,25.6299991607666,22.142566680908203,2512700.0
2015-07-21,25.59000015258789,25.600000381469727,25.40999984741211,25.450000762939453,21.987058639526367,2840400.0
2015-07-22,25.540000915527344,25.59000015258789,25.51000022888184,25.51000022888184,22.03889274597168,1785000.0
2015-07-23,25.489999771118164,25.489999771118164,25.3799991607666,25.40999984741211,21.95250129699707,3810000.0
2015-07-24,25.51000022888184,25.51000022888184,25.40999984741211,25.450000762939453,21.987058639526367,743400.0
2015-07-27,25.229999542236328,25.26000022888184,25.18000030517578,25.25,21.81427383422852,5693200.0
2015-07-28,25.32999992370605,25.350000381469727,25.270000457763672,25.270000457763672,21.83155059814453,2007400.0
2015-07-29,25.309999465942383,25.440000534057617,25.200000762939453,25.40999984741211,21.95250129699707,1706900.0
2015-07-30,25.5,25.57999992370605,25.5,25.51000022888184,22.03889274597168,2261100.0
2015-07-31,25.21999931335449,25.459999084472656,25.200000762939453,25.43000030517578,21.96977996826172,1651200.0
2015-08-03,25.459999084472656,25.51000022888184,25.43000030517578,25.489999771118164,22.02161407470703,1996500.0
2015-08-04,25.479999542236328,25.6299991607666,25.440000534057617,25.6200008392334,22.133928298950195,1009500.0
2015-08-05,25.600000381469727,25.68000030517578,25.549999237060547,25.61000061035156,22.125289916992188,884200.0
2015-08-06,25.6200008392334,25.6200008392334,25.540000915527344,25.559999465942383,22.08209228515625,1835600.0
2015-08-07,25.670000076293945,25.690000534057617,25.489999771118164,25.520000457763672,22.04753494262696,1993200.0
2015-08-10,25.530000686645508,25.540000915527344,25.36000061035156,25.39999961853028,21.94386100769043,1613700.0
2015-08-11,25.32999992370605,25.450000762939453,25.31999969482422,25.39999961853028,21.94386100769043,5032700.0
2015-08-12,25.190000534057617,25.190000534057617,25.059999465942383,25.1299991607666,21.710601806640625,2714900.0
2015-08-13,25.229999542236328,25.280000686645508,25.170000076293945,25.170000076293945,21.74515724182129,1704900.0
2015-08-14,25.200000762939453,25.26000022888184,25.14999961853028,25.239999771118164,21.80563163757324,5183200.0
2015-08-17,25.21999931335449,25.32999992370605,25.21999931335449,25.280000686645508,21.840192794799805,865800.0
2015-08-18,25.36000061035156,25.36000061035156,25.309999465942383,25.34000015258789,21.892024993896484,567100.0
2015-08-19,25.350000381469727,25.350000381469727,25.170000076293945,25.18000030517578,21.75379753112793,1372300.0
2015-08-20,25.11000061035156,25.14999961853028,25.030000686645508,25.040000915527344,21.632848739624023,3300700.0
2015-08-21,24.88999938964844,24.93000030517578,24.76000022888184,24.799999237060547,21.42550277709961,5819900.0
2015-08-24,24.21999931335449,24.51000022888184,24.200000762939453,24.38999938964844,21.07129096984864,4701500.0
2015-08-25,24.56999969482422,24.739999771118164,24.559999465942383,24.559999465942383,21.218158721923828,3267600.0
2015-08-26,24.770000457763672,24.88999938964844,24.68000030517578,24.86000061035156,21.477340698242188,4857700.0
2015-08-27,25.01000022888184,25.06999969482422,24.950000762939453,25.020000457763672,21.615568161010746,9085500.0
2015-08-28,25.0,25.15999984741211,25.0,25.100000381469727,21.684682846069336,1192600.0
2015-08-31,25.020000457763672,25.13999938964844,25.020000457763672,25.059999465942383,21.65012550354004,1489000.0
2015-09-01,24.959999084472656,25.01000022888184,24.88999938964844,24.90999984741211,21.520538330078125,1700600.0
2015-09-02,25.030000686645508,25.059999465942383,25.0,25.040000915527344,21.632848739624023,864900.0
2015-09-03,25.190000534057617,25.229999542236328,25.1299991607666,25.15999984741211,21.73652076721192,2175700.0
2015-09-04,25.15999984741211,25.21999931335449,25.07999992370605,25.1299991607666,21.710601806640625,1015000.0
2015-09-08,25.07999992370605,25.09000015258789,25.01000022888184,25.040000915527344,21.632848739624023,602000.0
2015-09-09,25.13999938964844,25.170000076293945,25.040000915527344,25.040000915527344,21.632848739624023,1448900.0
2015-09-10,25.030000686645508,25.06999969482422,24.89999961853028,24.940000534057617,21.54645729064941,1149500.0
2015-09-11,24.940000534057617,24.950000762939453,24.82999992370605,24.82999992370605,21.451419830322266,679600.0
2015-09-14,24.84000015258789,24.90999984741211,24.84000015258789,24.84000015258789,21.46006202697754,667300.0
2015-09-15,24.8700008392334,24.96999931335449,24.86000061035156,24.940000534057617,21.54645729064941,780800.0
2015-09-16,24.90999984741211,24.920000076293945,24.82999992370605,24.8700008392334,21.485979080200195,909000.0
2015-09-17,24.81999969482422,24.8799991607666,24.61000061035156,24.61000061035156,21.2613582611084,2143500.0
2015-09-18,24.600000381469727,24.8799991607666,24.600000381469727,24.86000061035156,21.477340698242188,1347200.0
2015-09-21,24.940000534057617,25.049999237060547,24.920000076293945,25.01000022888184,21.60692977905273,746200.0
2015-09-22,25.07999992370605,25.15999984741211,25.059999465942383,25.1200008392334,21.701961517333984,1691700.0
2015-09-23,25.13999938964844,25.170000076293945,25.059999465942383,25.1200008392334,21.701961517333984,526900.0
2015-09-24,25.0,25.049999237060547,24.89999961853028,25.040000915527344,21.632848739624023,1780900.0
2015-09-25,25.13999938964844,25.15999984741211,25.07999992370605,25.07999992370605,21.667404174804688,626700.0
2015-09-28,25.170000076293945,25.18000030517578,25.01000022888184,25.049999237060547,21.6414852142334,1812100.0
2015-09-29,25.09000015258789,25.09000015258789,24.979999542236328,25.01000022888184,21.60692977905273,620200.0
2015-09-30,25.100000381469727,25.14999961853028,25.09000015258789,25.100000381469727,21.684682846069336,821100.0
2015-10-01,25.11000061035156,25.11000061035156,25.020000457763672,25.09000015258789,21.67604637145996,1220500.0
2015-10-02,24.86000061035156,25.030000686645508,24.81999969482422,25.030000686645508,21.624208450317383,1398600.0
2015-10-05,25.0,25.06999969482422,24.979999542236328,25.040000915527344,21.632848739624023,1415100.0
2015-10-06,25.01000022888184,25.01000022888184,24.86000061035156,24.8700008392334,21.485979080200195,698600.0
2015-10-07,24.8799991607666,24.940000534057617,24.86000061035156,24.89999961853028,21.51189613342285,965500.0
2015-10-08,24.88999938964844,24.90999984741211,24.75,24.84000015258789,21.46006202697754,1499500.0
2015-10-09,24.729999542236328,24.75,24.670000076293945,24.71999931335449,21.35638999938965,1041500.0
2015-10-12,24.690000534057617,24.700000762939453,24.64999961853028,24.700000762939453,21.33911323547364,1162800.0
2015-10-13,24.700000762939453,24.71999931335449,24.65999984741211,24.65999984741211,21.304553985595703,819900.0
2015-10-14,24.559999465942383,24.600000381469727,24.43000030517578,24.450000762939453,21.12312698364257,1267500.0
2015-10-15,24.59000015258789,24.6299991607666,24.520000457763672,24.61000061035156,21.2613582611084,891500.0
2015-10-16,24.6200008392334,24.68000030517578,24.59000015258789,24.64999961853028,21.295913696289062,851800.0
2015-10-19,24.690000534057617,24.739999771118164,24.68000030517578,24.71999931335449,21.35638999938965,657500.0
2015-10-20,24.670000076293945,24.71999931335449,24.64999961853028,24.700000762939453,21.33911323547364,696400.0
2015-10-21,24.700000762939453,24.739999771118164,24.690000534057617,24.729999542236328,21.365026473999023,973200.0
2015-10-22,24.96999931335449,25.100000381469727,24.96999931335449,25.09000015258789,21.67604637145996,1042400.0
2015-10-23,25.21999931335449,25.31999969482422,25.209999084472656,25.299999237060547,21.85746955871582,1556600.0
2015-10-26,25.290000915527344,25.290000915527344,25.190000534057617,25.21999931335449,21.7883529663086,457700.0
2015-10-27,25.229999542236328,25.26000022888184,25.190000534057617,25.239999771118164,21.80563163757324,428300.0
2015-10-28,25.190000534057617,25.46999931335449,25.100000381469727,25.450000762939453,21.987058639526367,1547600.0
2015-10-29,25.43000030517578,25.43000030517578,25.31999969482422,25.34000015258789,21.892024993896484,847700.0
2015-10-30,25.25,25.280000686645508,25.14999961853028,25.25,21.81427383422852,1029400.0
2015-11-02,25.18000030517578,25.26000022888184,25.18000030517578,25.229999542236328,21.796993255615234,713500.0
2015-11-03,25.32999992370605,25.38999938964844,25.299999237060547,25.299999237060547,21.85746955871582,1132700.0
2015-11-04,25.440000534057617,25.540000915527344,25.43000030517578,25.51000022888184,22.03889274597168,2291200.0
2015-11-05,25.520000457763672,25.549999237060547,25.489999771118164,25.530000686645508,22.05617332458496,2320000.0
2015-11-06,25.82999992370605,25.8700008392334,25.790000915527344,25.82999992370605,22.315353393554688,3481300.0
2015-11-09,25.86000061035156,25.86000061035156,25.739999771118164,25.780000686645508,22.272157669067383,2125700.0
2015-11-10,25.88999938964844,25.90999984741211,25.81999969482422,25.850000381469727,22.332632064819336,1386900.0
2015-11-11,25.790000915527344,25.81999969482422,25.739999771118164,25.780000686645508,22.272157669067383,12430500.0
2015-11-12,25.809999465942383,25.809999465942383,25.6299991607666,25.670000076293945,22.1771240234375,5168800.0
2015-11-13,25.770000457763672,25.84000015258789,25.76000022888184,25.76000022888184,22.2548770904541,1042200.0
2015-11-16,25.82999992370605,25.89999961853028,25.81999969482422,25.89999961853028,22.37582778930664,2398900.0
2015-11-17,25.93000030517578,25.979999542236328,25.88999938964844,25.940000534057617,22.41038703918457,3042600.0
2015-11-18,25.93000030517578,26.0,25.88999938964844,25.940000534057617,22.41038703918457,3710500.0
2015-11-19,25.770000457763672,25.81999969482422,25.700000762939453,25.76000022888184,22.2548770904541,2226900.0
2015-11-20,25.799999237060547,25.940000534057617,25.790000915527344,25.940000534057617,22.41038703918457,1627100.0
2015-11-23,25.96999931335449,26.020000457763672,25.89999961853028,25.979999542236328,22.4449405670166,1602300.0
2015-11-24,25.940000534057617,25.96999931335449,25.88999938964844,25.93000030517578,22.401744842529297,1288100.0
2015-11-25,26.01000022888184,26.06999969482422,25.93000030517578,25.979999542236328,22.4449405670166,875500.0
2015-11-27,26.06999969482422,26.06999969482422,26.01000022888184,26.020000457763672,22.479501724243164,1755600.0
2015-11-30,26.07999992370605,26.100000381469727,26.049999237060547,26.07999992370605,22.53133583068848,1890200.0
2015-12-01,26.0,26.020000457763672,25.940000534057617,25.959999084472656,22.42766189575196,1095100.0
2015-12-02,26.06999969482422,26.13999938964844,25.989999771118164,26.020000457763672,22.479501724243164,1853600.0
2015-12-03,25.709999084472656,25.729999542236328,25.3799991607666,25.39999961853028,21.94386100769043,6194000.0
2015-12-04,25.520000457763672,25.64999961853028,25.440000534057617,25.57999992370605,22.0993709564209,1944000.0
2015-12-07,25.700000762939453,25.709999084472656,25.6200008392334,25.65999984741211,22.16848564147949,2440500.0
2015-12-08,25.59000015258789,25.6299991607666,25.56999969482422,25.57999992370605,22.0993709564209,1419700.0
2015-12-09,25.420000076293945,25.440000534057617,25.270000457763672,25.309999465942383,21.86610984802246,3344400.0
2015-12-10,25.39999961853028,25.46999931335449,25.38999938964844,25.450000762939453,21.987058639526367,2889700.0
2015-12-11,25.3700008392334,25.420000076293945,25.290000915527344,25.350000381469727,21.90066719055176,845400.0
2015-12-14,25.350000381469727,25.39999961853028,25.270000457763672,25.39999961853028,21.94386100769043,1320300.0
2015-12-15,25.40999984741211,25.549999237060547,25.40999984741211,25.540000915527344,22.0648136138916,1141700.0
2015-12-16,25.51000022888184,25.61000061035156,25.36000061035156,25.540000915527344,22.0648136138916,2429500.0
2015-12-17,25.71999931335449,25.809999465942383,25.68000030517578,25.780000686645508,22.272157669067383,2856500.0
2015-12-18,25.76000022888184,25.76000022888184,25.6200008392334,25.6299991607666,22.142566680908203,1650200.0
2015-12-21,25.61000061035156,25.6200008392334,25.530000686645508,25.540000915527344,22.0648136138916,1357900.0
2015-12-22,25.479999542236328,25.530000686645508,25.450000762939453,25.5,22.030256271362305,1639300.0
2015-12-23,25.549999237060547,25.6299991607666,25.530000686645508,25.540000915527344,22.0648136138916,1887000.0
2015-12-24,25.450000762939453,25.479999542236328,25.43000030517578,25.479999542236328,22.012977600097656,834200.0
2015-12-28,25.440000534057617,25.459999084472656,25.420000076293945,25.450000762939453,21.987058639526367,1159600.0
2015-12-29,25.530000686645508,25.57999992370605,25.489999771118164,25.520000457763672,22.04753494262696,1025800.0
2015-12-30,25.520000457763672,25.57999992370605,25.520000457763672,25.520000457763672,22.04753494262696,666100.0
2015-12-31,25.59000015258789,25.670000076293945,25.57999992370605,25.64999961853028,22.15984344482422,1500400.0
2016-01-04,25.64999961853028,25.790000915527344,25.6299991607666,25.690000534057617,22.19440460205078,1136200.0
2016-01-05,25.81999969482422,25.89999961853028,25.809999465942383,25.84000015258789,22.32399177551269,1524800.0
2016-01-06,25.86000061035156,25.8700008392334,25.75,25.770000457763672,22.26351928710937,1032100.0
2016-01-07,25.65999984741211,25.709999084472656,25.5,25.51000022888184,22.03889274597168,4223300.0
2016-01-08,25.6299991607666,25.68000030517578,25.559999465942383,25.559999465942383,22.08209228515625,2147600.0
2016-01-11,25.64999961853028,25.690000534057617,25.59000015258789,25.68000030517578,22.185762405395508,2310300.0
2016-01-12,25.709999084472656,25.790000915527344,25.670000076293945,25.71999931335449,22.22032165527344,2911700.0
2016-01-13,25.76000022888184,25.770000457763672,25.68000030517578,25.68000030517578,22.185762405395508,1176400.0
2016-01-14,25.670000076293945,25.790000915527344,25.63999938964844,25.75,22.24623680114746,1238700.0
2016-01-15,25.57999992370605,25.709999084472656,25.56999969482422,25.690000534057617,22.19440460205078,4286300.0
2016-01-19,25.780000686645508,25.780000686645508,25.68000030517578,25.739999771118164,22.23759651184082,1620600.0
2016-01-20,25.71999931335449,25.770000457763672,25.670000076293945,25.75,22.24623680114746,1599100.0
2016-01-21,25.84000015258789,25.8700008392334,25.700000762939453,25.71999931335449,22.22032165527344,1752900.0
2016-01-22,25.780000686645508,25.8700008392334,25.76000022888184,25.86000061035156,22.341272354125977,1102500.0
2016-01-25,25.790000915527344,25.82999992370605,25.770000457763672,25.780000686645508,22.272157669067383,431700.0
2016-01-26,25.790000915527344,25.799999237060547,25.71999931335449,25.729999542236328,22.22895812988281,722100.0
2016-01-27,25.690000534057617,25.75,25.670000076293945,25.709999084472656,22.211679458618164,1386700.0
2016-01-28,25.6299991607666,25.64999961853028,25.549999237060547,25.59000015258789,22.108009338378903,1931000.0
2016-01-29,25.81999969482422,25.920000076293945,25.81999969482422,25.86000061035156,22.341272354125977,1775200.0
2016-02-01,25.75,25.770000457763672,25.68000030517578,25.690000534057617,22.19440460205078,1233300.0
2016-02-02,25.670000076293945,25.729999542236328,25.63999938964844,25.670000076293945,22.1771240234375,675700.0
2016-02-03,25.51000022888184,25.51000022888184,25.14999961853028,25.229999542236328,21.796993255615234,2496900.0
2016-02-04,25.06999969482422,25.1299991607666,25.01000022888184,25.059999465942383,21.65012550354004,2113400.0
2016-02-05,25.190000534057617,25.25,25.13999938964844,25.170000076293945,21.74515724182129,1477100.0
2016-02-08,25.25,25.25,25.059999465942383,25.11000061035156,21.693323135375977,905600.0
2016-02-09,24.920000076293945,24.979999542236328,24.82999992370605,24.93000030517578,21.537813186645508,1361400.0
2016-02-10,24.989999771118164,25.11000061035156,24.86000061035156,24.8799991607666,21.49461555480957,1109000.0
2016-02-11,24.770000457763672,24.850000381469727,24.71999931335449,24.809999465942383,21.43414306640625,2050000.0
2016-02-12,24.940000534057617,24.979999542236328,24.88999938964844,24.920000076293945,21.529176712036133,1285800.0
2016-02-16,25.06999969482422,25.170000076293945,25.059999465942383,25.13999938964844,21.71924018859864,779200.0
2016-02-17,25.190000534057617,25.200000762939453,25.100000381469727,25.1299991607666,21.710601806640625,688400.0
2016-02-18,25.200000762939453,25.200000762939453,25.100000381469727,25.13999938964844,21.71924018859864,535800.0
2016-02-19,25.190000534057617,25.200000762939453,25.059999465942383,25.06999969482422,21.658763885498047,2762000.0
2016-02-22,25.299999237060547,25.309999465942383,25.25,25.26000022888184,21.822912216186523,764700.0
2016-02-23,25.290000915527344,25.31999969482422,25.239999771118164,25.270000457763672,21.83155059814453,588700.0
2016-02-24,25.36000061035156,25.3700008392334,25.21999931335449,25.290000915527344,21.84882926940918,1143800.0
2016-02-25,25.32999992370605,25.350000381469727,25.229999542236328,25.270000457763672,21.83155059814453,1267000.0
2016-02-26,25.3799991607666,25.489999771118164,25.36000061035156,25.440000534057617,21.97842025756836,1476000.0
2016-02-29,25.530000686645508,25.530000686645508,25.459999084472656,25.489999771118164,22.02161407470703,782000.0
2016-03-01,25.51000022888184,25.57999992370605,25.5,25.5,22.030256271362305,1250000.0
2016-03-02,25.559999465942383,25.57999992370605,25.459999084472656,25.479999542236328,22.012977600097656,946900.0
2016-03-03,25.43000030517578,25.440000534057617,25.290000915527344,25.31999969482422,21.87474632263184,933200.0
2016-03-04,25.299999237060547,25.309999465942383,25.170000076293945,25.25,21.81427383422852,919100.0
2016-03-07,25.32999992370605,25.34000015258789,25.170000076293945,25.200000762939453,21.77107620239257,834700.0
2016-03-08,25.14999961853028,25.239999771118164,25.13999938964844,25.209999084472656,21.77971267700196,413600.0
2016-03-09,25.309999465942383,25.31999969482422,25.14999961853028,25.21999931335449,21.7883529663086,637500.0
2016-03-10,25.21999931335449,25.21999931335449,24.88999938964844,24.96999931335449,21.57237243652344,1419000.0
2016-03-11,25.0,25.030000686645508,24.88999938964844,24.950000762939453,21.55509376525879,1090600.0
2016-03-14,25.030000686645508,25.09000015258789,24.989999771118164,25.049999237060547,21.6414852142334,1779800.0
2016-03-15,25.059999465942383,25.100000381469727,25.040000915527344,25.06999969482422,21.658763885498047,944300.0
2016-03-16,25.13999938964844,25.170000076293945,24.780000686645508,24.799999237060547,21.42550277709961,2988300.0
2016-03-17,24.600000381469727,24.6299991607666,24.540000915527344,24.57999992370605,21.23543930053711,1744500.0
2016-03-18,24.61000061035156,24.670000076293945,24.56999969482422,24.63999938964844,21.287273406982425,2202900.0
2016-03-21,24.670000076293945,24.739999771118164,24.670000076293945,24.71999931335449,21.35638999938965,1761900.0
2016-03-22,24.780000686645508,24.81999969482422,24.75,24.790000915527344,21.4168643951416,1180700.0
2016-03-23,24.8799991607666,24.950000762939453,24.8799991607666,24.920000076293945,21.529176712036133,1560900.0
2016-03-24,24.959999084472656,24.96999931335449,24.90999984741211,24.93000030517578,21.537813186645508,809400.0
2016-03-28,24.86000061035156,24.88999938964844,24.84000015258789,24.8799991607666,21.49461555480957,856100.0
2016-03-29,24.86000061035156,24.88999938964844,24.63999938964844,24.65999984741211,21.304553985595703,2853300.0
2016-03-30,24.6299991607666,24.6299991607666,24.51000022888184,24.57999992370605,21.23543930053711,3034800.0
2016-03-31,24.5,24.540000915527344,24.440000534057617,24.540000915527344,21.20088005065918,1858700.0
2016-04-01,24.57999992370605,24.64999961853028,24.5,24.530000686645508,21.192243576049805,1064500.0
2016-04-04,24.489999771118164,24.540000915527344,24.46999931335449,24.51000022888184,21.174962997436523,822700.0
2016-04-05,24.540000915527344,24.6200008392334,24.489999771118164,24.530000686645508,21.192243576049805,1372300.0
2016-04-06,24.549999237060547,24.559999465942383,24.43000030517578,24.479999542236328,21.149045944213867,2582100.0
2016-04-07,24.51000022888184,24.530000686645508,24.450000762939453,24.51000022888184,21.174962997436523,932800.0
2016-04-08,24.450000762939453,24.479999542236328,24.3799991607666,24.420000076293945,21.09720993041992,797900.0
2016-04-11,24.3799991607666,24.3799991607666,24.290000915527344,24.36000061035156,21.045373916625977,1338500.0
2016-04-12,24.3700008392334,24.450000762939453,24.34000015258789,24.36000061035156,21.045373916625977,1052700.0
2016-04-13,24.489999771118164,24.57999992370605,24.489999771118164,24.549999237060547,21.209518432617188,1139800.0
2016-04-14,24.59000015258789,24.6299991607666,24.559999465942383,24.61000061035156,21.2613582611084,1303700.0
2016-04-15,24.559999465942383,24.56999969482422,24.479999542236328,24.540000915527344,21.20088005065918,1007700.0
2016-04-18,24.530000686645508,24.530000686645508,24.450000762939453,24.489999771118164,21.15768241882324,724900.0
2016-04-19,24.36000061035156,24.38999938964844,24.32999992370605,24.3700008392334,21.05401611328125,1030800.0
2016-04-20,24.39999961853028,24.51000022888184,24.3700008392334,24.51000022888184,21.174962997436523,1428700.0
2016-04-21,24.39999961853028,24.530000686645508,24.38999938964844,24.51000022888184,21.174962997436523,1002600.0
2016-04-22,24.600000381469727,24.670000076293945,24.549999237060547,24.64999961853028,21.295913696289062,1517300.0
2016-04-25,24.57999992370605,24.57999992370605,24.520000457763672,24.56999969482422,21.22679901123047,676400.0
2016-04-26,24.420000076293945,24.520000457763672,24.39999961853028,24.5,21.16632461547852,881700.0
2016-04-27,24.450000762939453,24.56999969482422,24.3799991607666,24.46999931335449,21.14040756225586,1056700.0
2016-04-28,24.350000381469727,24.3700008392334,24.270000457763672,24.270000457763672,20.967618942260746,1081600.0
2016-04-29,24.1200008392334,24.14999961853028,24.09000015258789,24.100000381469727,20.82074928283692,2024500.0
2016-05-02,24.059999465942383,24.06999969482422,23.96999931335449,24.01000022888184,20.742998123168945,3467800.0
2016-05-03,23.96999931335449,24.100000381469727,23.959999084472656,24.07999992370605,20.8034725189209,3855300.0
2016-05-04,24.1299991607666,24.190000534057617,24.100000381469727,24.170000076293945,20.8812255859375,2898800.0
2016-05-05,24.239999771118164,24.31999969482422,24.229999542236328,24.290000915527344,20.98489761352539,1761200.0
2016-05-06,24.270000457763672,24.350000381469727,24.25,24.31999969482422,21.010814666748047,2125600.0
2016-05-09,24.3700008392334,24.39999961853028,24.350000381469727,24.38999938964844,21.07129096984864,2404200.0
2016-05-10,24.39999961853028,24.43000030517578,24.350000381469727,24.40999984741211,21.08857154846192,1076200.0
2016-05-11,24.34000015258789,24.34000015258789,24.26000022888184,24.290000915527344,20.98489761352539,924700.0
2016-05-12,24.31999969482422,24.38999938964844,24.290000915527344,24.3799991607666,21.062652587890625,721700.0
2016-05-13,24.479999542236328,24.559999465942383,24.479999542236328,24.489999771118164,21.15768241882324,1182800.0
2016-05-16,24.46999931335449,24.5,24.440000534057617,24.479999542236328,21.149045944213867,554100.0
2016-05-17,24.479999542236328,24.489999771118164,24.420000076293945,24.479999542236328,21.149045944213867,662200.0
2016-05-18,24.549999237060547,24.670000076293945,24.5,24.64999961853028,21.295913696289062,1650600.0
2016-05-19,24.700000762939453,24.709999084472656,24.63999938964844,24.690000534057617,21.330472946166992,2701700.0
2016-05-20,24.65999984741211,24.71999931335449,24.64999961853028,24.690000534057617,21.330472946166992,888000.0
2016-05-23,24.709999084472656,24.729999542236328,24.6299991607666,24.68000030517578,21.32183074951172,1127200.0
2016-05-24,24.729999542236328,24.780000686645508,24.71999931335449,24.76000022888184,21.390945434570312,1107700.0
2016-05-25,24.75,24.76000022888184,24.68000030517578,24.690000534057617,21.330472946166992,1408500.0
2016-05-26,24.59000015258789,24.68000030517578,24.57999992370605,24.64999961853028,21.295913696289062,1425600.0
2016-05-27,24.709999084472656,24.799999237060547,24.709999084472656,24.790000915527344,21.4168643951416,1906300.0
2016-05-31,24.770000457763672,24.84000015258789,24.71999931335449,24.84000015258789,21.46006202697754,1066700.0
2016-06-01,24.729999542236328,24.770000457763672,24.690000534057617,24.700000762939453,21.33911323547364,1106000.0
2016-06-02,24.690000534057617,24.75,24.68000030517578,24.729999542236328,21.365026473999023,834700.0
2016-06-03,24.40999984741211,24.420000076293945,24.32999992370605,24.34000015258789,21.028095245361328,2995100.0
2016-06-06,24.36000061035156,24.38999938964844,24.270000457763672,24.34000015258789,21.028095245361328,941100.0
2016-06-07,24.309999465942383,24.34000015258789,24.280000686645508,24.299999237060547,20.9935359954834,1145800.0
2016-06-08,24.209999084472656,24.239999771118164,24.18000030517578,24.229999542236328,20.93306350708008,1564500.0
2016-06-09,24.31999969482422,24.36000061035156,24.309999465942383,24.34000015258789,21.028095245361328,1355200.0
2016-06-10,24.39999961853028,24.530000686645508,24.38999938964844,24.5,21.16632461547852,1867100.0
2016-06-13,24.5,24.51000022888184,24.39999961853028,24.440000534057617,21.11448860168457,1033900.0
2016-06-14,24.549999237060547,24.6200008392334,24.549999237060547,24.59000015258789,21.24407768249512,1682700.0
2016-06-15,24.57999992370605,24.57999992370605,24.440000534057617,24.530000686645508,21.192243576049805,1713800.0
2016-06-16,24.64999961853028,24.71999931335449,24.479999542236328,24.5,21.16632461547852,1753600.0
2016-06-17,24.420000076293945,24.46999931335449,24.3700008392334,24.38999938964844,21.07129096984864,1038700.0
2016-06-20,24.209999084472656,24.280000686645508,24.209999084472656,24.25,20.950342178344727,1573700.0
2016-06-21,24.290000915527344,24.3700008392334,24.290000915527344,24.3700008392334,21.05401611328125,812800.0
2016-06-22,24.25,24.309999465942383,24.190000534057617,24.26000022888184,20.95898056030273,1529300.0
2016-06-23,24.1299991607666,24.21999931335449,24.1200008392334,24.14999961853028,20.863948822021484,2863000.0
2016-06-24,24.81999969482422,24.82999992370605,24.600000381469727,24.780000686645508,21.40822410583496,5926400.0
2016-06-27,24.940000534057617,25.059999465942383,24.93000030517578,24.989999771118164,21.589649200439453,4645600.0
2016-06-28,24.8700008392334,24.96999931335449,24.8700008392334,24.8700008392334,21.485979080200195,5571900.0
2016-06-29,24.799999237060547,24.809999465942383,24.739999771118164,24.790000915527344,21.4168643951416,1328200.0
2016-06-30,24.799999237060547,24.959999084472656,24.780000686645508,24.84000015258789,21.46006202697754,2207400.0
2016-07-01,24.729999542236328,24.809999465942383,24.709999084472656,24.76000022888184,21.390945434570312,736500.0
2016-07-05,24.770000457763672,24.93000030517578,24.770000457763672,24.93000030517578,21.537813186645508,887000.0
2016-07-06,24.88999938964844,24.989999771118164,24.850000381469727,24.86000061035156,21.477340698242188,1914600.0
2016-07-07,24.850000381469727,24.940000534057617,24.82999992370605,24.920000076293945,21.529176712036133,548200.0
2016-07-08,24.88999938964844,24.979999542236328,24.8700008392334,24.93000030517578,21.537813186645508,1173400.0
2016-07-11,24.959999084472656,25.020000457763672,24.950000762939453,25.0,21.598289489746094,1126300.0
2016-07-12,24.940000534057617,24.979999542236328,24.90999984741211,24.979999542236328,21.58100891113281,659100.0
2016-07-13,24.920000076293945,24.93000030517578,24.86000061035156,24.920000076293945,21.529176712036133,1157000.0
2016-07-14,24.88999938964844,24.90999984741211,24.850000381469727,24.86000061035156,21.477340698242188,884500.0
2016-07-15,24.940000534057617,25.0,24.90999984741211,24.959999084472656,21.563730239868164,2601900.0
2016-07-18,24.989999771118164,24.989999771118164,24.940000534057617,24.979999542236328,21.58100891113281,488400.0
2016-07-19,25.07999992370605,25.1299991607666,25.07999992370605,25.100000381469727,21.684682846069336,1071200.0
2016-07-20,25.15999984741211,25.170000076293945,25.100000381469727,25.1200008392334,21.701961517333984,1111200.0
2016-07-21,25.11000061035156,25.15999984741211,25.07999992370605,25.07999992370605,21.667404174804688,614200.0
2016-07-22,25.1200008392334,25.229999542236328,25.11000061035156,25.209999084472656,21.77971267700196,1118300.0
2016-07-25,25.200000762939453,25.21999931335449,25.15999984741211,25.170000076293945,21.74515724182129,1383800.0
2016-07-26,25.1200008392334,25.14999961853028,25.07999992370605,25.13999938964844,21.71924018859864,1717400.0
2016-07-27,25.13999938964844,25.21999931335449,25.01000022888184,25.020000457763672,21.615568161010746,1522600.0
2016-07-28,24.959999084472656,25.020000457763672,24.93000030517578,25.01000022888184,21.60692977905273,1165900.0
2016-07-29,24.770000457763672,24.790000915527344,24.64999961853028,24.670000076293945,21.31319236755371,3306200.0
2016-08-01,24.75,24.76000022888184,24.709999084472656,24.739999771118164,21.37366485595703,705500.0
2016-08-02,24.600000381469727,24.61000061035156,24.549999237060547,24.56999969482422,21.22679901123047,1902300.0
2016-08-03,24.65999984741211,24.709999084472656,24.63999938964844,24.709999084472656,21.34774780273437,1459400.0
2016-08-04,24.739999771118164,24.770000457763672,24.71999931335449,24.75,21.382308959960938,349800.0
2016-08-05,24.920000076293945,24.959999084472656,24.850000381469727,24.8799991607666,21.49461555480957,834700.0
2016-08-08,24.93000030517578,24.93000030517578,24.89999961853028,24.89999961853028,21.51189613342285,601800.0
2016-08-09,24.89999961853028,24.90999984741211,24.82999992370605,24.850000381469727,21.468700408935547,671700.0
2016-08-10,24.700000762939453,24.75,24.690000534057617,24.71999931335449,21.35638999938965,1372100.0
2016-08-11,24.75,24.799999237060547,24.709999084472656,24.790000915527344,21.4168643951416,740500.0
2016-08-12,24.670000076293945,24.75,24.65999984741211,24.75,21.382308959960938,745900.0
2016-08-15,24.729999542236328,24.729999542236328,24.68000030517578,24.709999084472656,21.34774780273437,539000.0
2016-08-16,24.559999465942383,24.56999969482422,24.479999542236328,24.489999771118164,21.15768241882324,1974600.0
2016-08-17,24.530000686645508,24.57999992370605,24.43000030517578,24.51000022888184,21.174962997436523,1490000.0
2016-08-18,24.43000030517578,24.440000534057617,24.31999969482422,24.32999992370605,21.019454956054688,1147700.0
2016-08-19,24.450000762939453,24.459999084472656,24.420000076293945,24.420000076293945,21.09720993041992,1072200.0
2016-08-22,24.459999084472656,24.46999931335449,24.420000076293945,24.450000762939453,21.12312698364257,1017400.0
2016-08-23,24.40999984741211,24.440000534057617,24.38999938964844,24.43000030517578,21.10584831237793,1427500.0
2016-08-24,24.489999771118164,24.540000915527344,24.479999542236328,24.5,21.16632461547852,1047400.0
2016-08-25,24.46999931335449,24.51000022888184,24.459999084472656,24.5,21.16632461547852,987200.0
2016-08-26,24.450000762939453,24.709999084472656,24.36000061035156,24.68000030517578,21.32183074951172,2873900.0
2016-08-29,24.76000022888184,24.770000457763672,24.690000534057617,24.700000762939453,21.33911323547364,1152900.0
2016-08-30,24.780000686645508,24.86000061035156,24.770000457763672,24.82999992370605,21.451419830322266,4898800.0
2016-08-31,24.86000061035156,24.8700008392334,24.799999237060547,24.81999969482422,21.44278144836425,2955800.0
2016-09-01,24.850000381469727,24.8700008392334,24.71999931335449,24.729999542236328,21.365026473999023,1397600.0
2016-09-02,24.68000030517578,24.809999465942383,24.670000076293945,24.790000915527344,21.4168643951416,2454100.0
2016-09-06,24.71999931335449,24.729999542236328,24.5,24.5,21.16632461547852,3033400.0
2016-09-07,24.5,24.56999969482422,24.479999542236328,24.540000915527344,21.20088005065918,1175200.0
2016-09-08,24.440000534057617,24.59000015258789,24.420000076293945,24.56999969482422,21.22679901123047,1295000.0
2016-09-09,24.64999961853028,24.700000762939453,24.6299991607666,24.63999938964844,21.287273406982425,1208100.0
2016-09-12,24.63999938964844,24.65999984741211,24.540000915527344,24.600000381469727,21.25271797180176,1337500.0
2016-09-13,24.670000076293945,24.729999542236328,24.6200008392334,24.700000762939453,21.33911323547364,771400.0
2016-09-14,24.700000762939453,24.709999084472656,24.600000381469727,24.63999938964844,21.287273406982425,413600.0
2016-09-15,24.64999961853028,24.690000534057617,24.600000381469727,24.6299991607666,21.27863502502441,994000.0
2016-09-16,24.780000686645508,24.84000015258789,24.75,24.82999992370605,21.451419830322266,1459600.0
2016-09-19,24.75,24.770000457763672,24.71999931335449,24.770000457763672,21.39958572387696,2601000.0
2016-09-20,24.780000686645508,24.81999969482422,24.770000457763672,24.809999465942383,21.43414306640625,2403400.0
2016-09-21,24.799999237060547,24.82999992370605,24.64999961853028,24.700000762939453,21.33911323547364,1220700.0
2016-09-22,24.57999992370605,24.670000076293945,24.559999465942383,24.670000076293945,21.31319236755371,1275800.0
2016-09-23,24.709999084472656,24.71999931335449,24.65999984741211,24.68000030517578,21.32183074951172,632200.0
2016-09-26,24.61000061035156,24.6299991607666,24.57999992370605,24.6299991607666,21.27863502502441,362400.0
2016-09-27,24.690000534057617,24.71999931335449,24.63999938964844,24.64999961853028,21.295913696289062,317200.0
2016-09-28,24.68000030517578,24.739999771118164,24.64999961853028,24.670000076293945,21.31319236755371,259900.0
2016-09-29,24.709999084472656,24.71999931335449,24.6299991607666,24.690000534057617,21.330472946166992,958900.0
2016-09-30,24.68000030517578,24.71999931335449,24.63999938964844,24.68000030517578,21.32183074951172,1338600.0
2016-10-03,24.700000762939453,24.76000022888184,24.700000762939453,24.729999542236328,21.365026473999023,732500.0
2016-10-04,24.8700008392334,24.93000030517578,24.780000686645508,24.84000015258789,21.46006202697754,1735000.0
2016-10-05,24.850000381469727,24.90999984741211,24.84000015258789,24.8700008392334,21.485979080200195,4292500.0
2016-10-06,24.950000762939453,25.030000686645508,24.940000534057617,25.0,21.598289489746094,1200900.0
2016-10-07,24.96999931335449,25.06999969482422,24.940000534057617,24.959999084472656,21.563730239868164,2114200.0
2016-10-10,25.049999237060547,25.07999992370605,25.01000022888184,25.059999465942383,21.65012550354004,818600.0
2016-10-11,25.14999961853028,25.280000686645508,25.13999938964844,25.25,21.81427383422852,2256000.0
2016-10-12,25.309999465942383,25.350000381469727,25.26000022888184,25.31999969482422,21.87474632263184,1502100.0
2016-10-13,25.270000457763672,25.299999237060547,25.209999084472656,25.229999542236328,21.796993255615234,919700.0
2016-10-14,25.309999465942383,25.3700008392334,25.270000457763672,25.36000061035156,21.90930557250977,689500.0
2016-10-17,25.32999992370605,25.34000015258789,25.280000686645508,25.299999237060547,21.85746955871582,945200.0
2016-10-18,25.299999237060547,25.32999992370605,25.270000457763672,25.31999969482422,21.87474632263184,1219300.0
2016-10-19,25.309999465942383,25.34000015258789,25.280000686645508,25.32999992370605,21.88338851928711,1853000.0
2016-10-20,25.3799991607666,25.440000534057617,25.3700008392334,25.40999984741211,21.95250129699707,676300.0
2016-10-21,25.5,25.540000915527344,25.489999771118164,25.5,22.030256271362305,3574000.0
2016-10-24,25.489999771118164,25.549999237060547,25.479999542236328,25.530000686645508,22.05617332458496,721000.0
2016-10-25,25.600000381469727,25.6200008392334,25.489999771118164,25.520000457763672,22.04753494262696,1204400.0
2016-10-26,25.450000762939453,25.51000022888184,25.420000076293945,25.51000022888184,22.03889274597168,833800.0
2016-10-27,25.5,25.59000015258789,25.479999542236328,25.559999465942383,22.08209228515625,1390300.0
2016-10-28,25.540000915527344,25.540000915527344,25.38999938964844,25.40999984741211,21.95250129699707,1992400.0
2016-10-31,25.479999542236328,25.51000022888184,25.420000076293945,25.420000076293945,21.96114158630371,1010000.0
2016-11-01,25.34000015258789,25.350000381469727,25.239999771118164,25.290000915527344,21.84882926940918,2885900.0
2016-11-02,25.190000534057617,25.209999084472656,25.1200008392334,25.200000762939453,21.77107620239257,1744300.0
2016-11-03,25.18000030517578,25.200000762939453,25.100000381469727,25.1299991607666,21.710601806640625,1328500.0
2016-11-04,25.13999938964844,25.14999961853028,25.059999465942383,25.059999465942383,21.65012550354004,940800.0
2016-11-07,25.25,25.309999465942383,25.25,25.270000457763672,21.83155059814453,2672900.0
2016-11-08,25.270000457763672,25.34000015258789,25.25,25.34000015258789,21.892024993896484,913400.0
2016-11-09,25.3799991607666,25.5,25.3700008392334,25.5,22.030256271362305,2429100.0
2016-11-10,25.56999969482422,25.6200008392334,25.5,25.549999237060547,22.07345199584961,2705400.0
2016-11-11,25.520000457763672,25.6200008392334,25.51000022888184,25.59000015258789,22.108009338378903,1098700.0
2016-11-14,25.82999992370605,25.89999961853028,25.799999237060547,25.84000015258789,22.32399177551269,7033900.0
2016-11-15,25.8799991607666,25.920000076293945,25.84000015258789,25.8799991607666,22.358549118041992,4443000.0
2016-11-16,25.90999984741211,26.0,25.88999938964844,25.950000762939453,22.41902542114257,3750500.0
2016-11-17,25.90999984741211,26.100000381469727,25.90999984741211,26.100000381469727,22.548614501953125,2053000.0
2016-11-18,26.15999984741211,26.239999771118164,26.1200008392334,26.190000534057617,22.62636947631836,1549400.0
2016-11-21,26.11000061035156,26.170000076293945,26.059999465942383,26.09000015258789,22.539974212646484,3162100.0
2016-11-22,26.11000061035156,26.200000762939453,26.09000015258789,26.1299991607666,22.57453346252441,2045200.0
2016-11-23,26.299999237060547,26.350000381469727,26.25,26.290000915527344,22.7127628326416,2362100.0
2016-11-25,26.190000534057617,26.25,26.15999984741211,26.239999771118164,22.669565200805664,3108300.0
2016-11-28,26.239999771118164,26.25,26.15999984741211,26.170000076293945,22.60908889770508,2102900.0
2016-11-29,26.209999084472656,26.21999931335449,26.07999992370605,26.11000061035156,22.55725479125977,1772200.0
2016-11-30,26.209999084472656,26.31999969482422,26.190000534057617,26.25,22.678207397460938,3417000.0
2016-12-01,26.200000762939453,26.25,26.100000381469727,26.11000061035156,22.55725479125977,1638200.0
2016-12-02,26.06999969482422,26.100000381469727,26.030000686645508,26.049999237060547,22.50541877746582,1791600.0
2016-12-05,25.959999084472656,25.979999542236328,25.809999465942383,25.8799991607666,22.358549118041992,4654700.0
2016-12-06,25.940000534057617,26.0,25.90999984741211,25.979999542236328,22.4449405670166,2478800.0
2016-12-07,25.959999084472656,25.959999084472656,25.88999938964844,25.89999961853028,22.37582778930664,1903600.0
2016-12-08,26.07999992370605,26.170000076293945,26.040000915527344,26.1299991607666,22.57453346252441,2135000.0
2016-12-09,26.229999542236328,26.299999237060547,26.209999084472656,26.239999771118164,22.669565200805664,1499800.0
2016-12-12,26.1200008392334,26.18000030517578,26.059999465942383,26.09000015258789,22.539974212646484,1717500.0
2016-12-13,26.100000381469727,26.13999938964844,26.040000915527344,26.1200008392334,22.56589126586914,1766700.0
2016-12-14,26.07999992370605,26.440000534057617,26.030000686645508,26.3700008392334,22.78187561035156,3033900.0
2016-12-15,26.59000015258789,26.76000022888184,26.56999969482422,26.65999984741211,23.03241729736328,3657600.0
2016-12-16,26.64999961853028,26.670000076293945,26.5,26.56999969482422,22.95466423034668,2103900.0
2016-12-19,26.600000381469727,26.65999984741211,26.530000686645508,26.64999961853028,23.02377319335937,1334000.0
2016-12-20,26.76000022888184,26.770000457763672,26.65999984741211,26.700000762939453,23.06697463989257,2896300.0
2016-12-21,26.59000015258789,26.64999961853028,26.559999465942383,26.6200008392334,22.997859954833984,1278800.0
2016-12-22,26.59000015258789,26.65999984741211,26.51000022888184,26.64999961853028,23.02377319335937,1713900.0
2016-12-23,26.64999961853028,26.670000076293945,26.59000015258789,26.6299991607666,23.006498336791992,909600.0
2016-12-27,26.64999961853028,26.64999961853028,26.6200008392334,26.6200008392334,22.997859954833984,655300.0
2016-12-28,26.729999542236328,26.770000457763672,26.65999984741211,26.690000534057617,23.05833625793457,1247400.0
2016-12-29,26.6299991607666,26.6299991607666,26.530000686645508,26.540000915527344,22.92874526977539,1331900.0
2016-12-30,26.440000534057617,26.459999084472656,26.350000381469727,26.459999084472656,22.85962677001953,1767900.0
2017-01-03,26.709999084472656,26.82999992370605,26.61000061035156,26.700000762939453,23.06697463989257,3455500.0
2017-01-04,26.56999969482422,26.59000015258789,26.46999931335449,26.5,22.894189834594727,3534000.0
2017-01-05,26.3700008392334,26.3799991607666,26.18000030517578,26.21999931335449,22.652284622192383,4269600.0
2017-01-06,26.38999938964844,26.440000534057617,26.299999237060547,26.40999984741211,22.81643295288086,3202700.0
2017-01-09,26.420000076293945,26.440000534057617,26.309999465942383,26.34000015258789,22.75595664978028,3506100.0
2017-01-10,26.32999992370605,26.3799991607666,26.26000022888184,26.350000381469727,22.764598846435547,2060000.0
2017-01-11,26.5,26.61000061035156,26.170000076293945,26.290000915527344,22.7127628326416,4496600.0
2017-01-12,26.1299991607666,26.229999542236328,26.049999237060547,26.190000534057617,22.62636947631836,2173900.0
2017-01-13,26.18000030517578,26.280000686645508,26.1299991607666,26.15999984741211,22.600452423095703,1828400.0
2017-01-17,25.93000030517578,25.96999931335449,25.90999984741211,25.920000076293945,22.39310646057129,3444500.0
2017-01-18,26.020000457763672,26.18000030517578,25.96999931335449,26.15999984741211,22.600452423095703,3939800.0
2017-01-19,26.209999084472656,26.280000686645508,26.11000061035156,26.1200008392334,22.56589126586914,1595500.0
2017-01-20,26.1299991607666,26.170000076293945,26.020000457763672,26.030000686645508,22.48814010620117,11995800.0
2017-01-23,25.950000762939453,25.989999771118164,25.86000061035156,25.88999938964844,22.3671875,2300900.0
2017-01-24,25.88999938964844,25.93000030517578,25.81999969482422,25.89999961853028,22.37582778930664,1638200.0
2017-01-25,25.88999938964844,25.90999984741211,25.809999465942383,25.809999465942383,22.298076629638672,2168900.0
2017-01-26,25.959999084472656,26.030000686645508,25.93000030517578,25.979999542236328,22.4449405670166,3848100.0
2017-01-27,25.950000762939453,26.01000022888184,25.93000030517578,25.989999771118164,22.45358085632324,2262300.0
2017-01-30,26.049999237060547,26.059999465942383,25.90999984741211,25.940000534057617,22.41038703918457,1139200.0
2017-01-31,25.770000457763672,25.780000686645508,25.68000030517578,25.729999542236328,22.22895812988281,3570300.0
2017-02-01,25.81999969482422,25.850000381469727,25.709999084472656,25.75,22.24623680114746,4271800.0
2017-02-02,25.690000534057617,25.799999237060547,25.64999961853028,25.790000915527344,22.280797958374023,1361500.0
2017-02-03,25.81999969482422,25.81999969482422,25.709999084472656,25.780000686645508,22.272157669067383,2033200.0
2017-02-06,25.86000061035156,25.88999938964844,25.780000686645508,25.799999237060547,22.28943634033203,1703300.0
2017-02-07,25.959999084472656,26.01000022888184,25.86000061035156,25.93000030517578,22.401744842529297,1601500.0
2017-02-08,25.89999961853028,25.920000076293945,25.84000015258789,25.89999961853028,22.37582778930664,1412300.0
2017-02-09,25.89999961853028,26.01000022888184,25.88999938964844,26.0,22.462221145629883,1191500.0
2017-02-10,26.09000015258789,26.100000381469727,25.989999771118164,26.030000686645508,22.48814010620117,1022100.0
2017-02-13,26.07999992370605,26.1200008392334,26.06999969482422,26.09000015258789,22.539974212646484,1089600.0
2017-02-14,26.059999465942383,26.190000534057617,26.059999465942383,26.14999961853028,22.59181022644043,2502000.0
2017-02-15,26.239999771118164,26.26000022888184,26.09000015258789,26.100000381469727,22.548614501953125,934400.0
2017-02-16,26.0,26.01000022888184,25.93000030517578,25.950000762939453,22.41902542114257,2129400.0
2017-02-17,25.959999084472656,26.07999992370605,25.959999084472656,26.07999992370605,22.53133583068848,999100.0
2017-02-21,26.209999084472656,26.25,26.170000076293945,26.200000762939453,22.635007858276367,1421800.0
2017-02-22,26.229999542236328,26.270000457763672,26.1299991607666,26.13999938964844,22.583171844482425,2048700.0
2017-02-23,26.11000061035156,26.1299991607666,26.059999465942383,26.07999992370605,22.53133583068848,1291600.0
2017-02-24,26.07999992370605,26.1299991607666,26.059999465942383,26.1299991607666,22.57453346252441,714500.0
2017-02-27,26.06999969482422,26.13999938964844,26.01000022888184,26.1299991607666,22.57453346252441,768600.0
2017-02-28,26.07999992370605,26.14999961853028,26.030000686645508,26.11000061035156,22.55725479125977,2266900.0
2017-03-01,26.31999969482422,26.34000015258789,26.229999542236328,26.290000915527344,22.7127628326416,1646400.0
2017-03-02,26.38999938964844,26.420000076293945,26.350000381469727,26.39999961853028,22.80779266357422,2871200.0
2017-03-03,26.309999465942383,26.36000061035156,26.170000076293945,26.170000076293945,22.60908889770508,2932900.0
2017-03-06,26.200000762939453,26.280000686645508,26.200000762939453,26.26000022888184,22.686843872070312,1043200.0
2017-03-07,26.309999465942383,26.31999969482422,26.26000022888184,26.290000915527344,22.7127628326416,687200.0
2017-03-08,26.34000015258789,26.38999938964844,26.32999992370605,26.3799991607666,22.790515899658203,1171800.0
2017-03-09,26.309999465942383,26.36000061035156,26.290000915527344,26.32999992370605,22.7473201751709,1519800.0
2017-03-10,26.26000022888184,26.280000686645508,26.1200008392334,26.14999961853028,22.59181022644043,2008600.0
2017-03-13,26.15999984741211,26.190000534057617,26.1299991607666,26.190000534057617,22.62636947631836,1252100.0
2017-03-14,26.25,26.280000686645508,26.200000762939453,26.280000686645508,22.7041244506836,1214100.0
2017-03-15,26.25,26.25,25.96999931335449,25.96999931335449,22.4363021850586,3038700.0
2017-03-16,25.920000076293945,25.96999931335449,25.8799991607666,25.8799991607666,22.358549118041992,2869100.0
2017-03-17,25.90999984741211,25.920000076293945,25.86000061035156,25.88999938964844,22.3671875,1814700.0
2017-03-20,25.8700008392334,25.93000030517578,25.86000061035156,25.89999961853028,22.37582778930664,742900.0
2017-03-21,25.770000457763672,25.770000457763672,25.71999931335449,25.739999771118164,22.23759651184082,1933800.0
2017-03-22,25.729999542236328,25.76000022888184,25.700000762939453,25.71999931335449,22.22032165527344,970200.0
2017-03-23,25.729999542236328,25.770000457763672,25.71999931335449,25.75,22.24623680114746,1110700.0
2017-03-24,25.739999771118164,25.76000022888184,25.690000534057617,25.739999771118164,22.23759651184082,2017600.0
2017-03-27,25.530000686645508,25.61000061035156,25.520000457763672,25.600000381469727,22.116649627685547,1814800.0
2017-03-28,25.600000381469727,25.76000022888184,25.57999992370605,25.739999771118164,22.23759651184082,1657600.0
2017-03-29,25.84000015258789,25.850000381469727,25.790000915527344,25.790000915527344,22.280797958374023,550700.0
2017-03-30,25.82999992370605,25.959999084472656,25.809999465942383,25.959999084472656,22.42766189575196,1195300.0
2017-03-31,25.920000076293945,25.96999931335449,25.88999938964844,25.950000762939453,22.41902542114257,880100.0
2017-04-03,25.96999931335449,26.0,25.940000534057617,25.950000762939453,22.41902542114257,645000.0
2017-04-04,25.989999771118164,26.01000022888184,25.959999084472656,25.979999542236328,22.4449405670166,813100.0
2017-04-05,25.989999771118164,26.11000061035156,25.940000534057617,25.96999931335449,22.4363021850586,4699400.0
2017-04-06,25.979999542236328,26.030000686645508,25.96999931335449,26.030000686645508,22.48814010620117,807500.0
2017-04-07,26.06999969482422,26.15999984741211,26.040000915527344,26.14999961853028,22.59181022644043,1037600.0
2017-04-10,26.1200008392334,26.1299991607666,26.07999992370605,26.100000381469727,22.548614501953125,666800.0
2017-04-11,26.049999237060547,26.049999237060547,25.989999771118164,26.020000457763672,22.479501724243164,688200.0
2017-04-12,26.020000457763672,26.059999465942383,25.8700008392334,25.88999938964844,22.3671875,1544800.0
2017-04-13,25.90999984741211,25.989999771118164,25.90999984741211,25.979999542236328,22.4449405670166,820600.0
2017-04-17,25.88999938964844,25.93000030517578,25.82999992370605,25.90999984741211,22.38446998596192,880800.0
2017-04-18,25.780000686645508,25.81999969482422,25.690000534057617,25.690000534057617,22.19440460205078,1290900.0
2017-04-19,25.76000022888184,25.799999237060547,25.75,25.780000686645508,22.272157669067383,417500.0
2017-04-20,25.709999084472656,25.790000915527344,25.68000030517578,25.790000915527344,22.280797958374023,668900.0
2017-04-21,25.799999237060547,25.84000015258789,25.790000915527344,25.809999465942383,22.298076629638672,745900.0
2017-04-24,25.56999969482422,25.6200008392334,25.56999969482422,25.56999969482422,22.09073257446289,1643100.0
2017-04-25,25.59000015258789,25.59000015258789,25.479999542236328,25.5,22.030256271362305,1698300.0
2017-04-26,25.600000381469727,25.64999961853028,25.540000915527344,25.559999465942383,22.08209228515625,863600.0
2017-04-27,25.61000061035156,25.65999984741211,25.57999992370605,25.600000381469727,22.116649627685547,724600.0
2017-04-28,25.559999465942383,25.600000381469727,25.540000915527344,25.56999969482422,22.09073257446289,840200.0
2017-05-01,25.559999465942383,25.600000381469727,25.530000686645508,25.59000015258789,22.108009338378903,617700.0
2017-05-02,25.59000015258789,25.6200008392334,25.549999237060547,25.549999237060547,22.07345199584961,332500.0
2017-05-03,25.57999992370605,25.65999984741211,25.549999237060547,25.64999961853028,22.15984344482422,876700.0
2017-05-04,25.61000061035156,25.61000061035156,25.489999771118164,25.489999771118164,22.02161407470703,885400.0
2017-05-05,25.51000022888184,25.520000457763672,25.440000534057617,25.450000762939453,21.987058639526367,680100.0
2017-05-08,25.549999237060547,25.61000061035156,25.549999237060547,25.59000015258789,22.108009338378903,773200.0
2017-05-09,25.700000762939453,25.75,25.670000076293945,25.71999931335449,22.22032165527344,1847600.0
2017-05-10,25.700000762939453,25.76000022888184,25.700000762939453,25.729999542236328,22.22895812988281,549000.0
2017-05-11,25.76000022888184,25.76000022888184,25.709999084472656,25.739999771118164,22.23759651184082,349100.0
2017-05-12,25.64999961853028,25.64999961853028,25.61000061035156,25.61000061035156,22.125289916992188,690600.0
2017-05-15,25.520000457763672,25.56999969482422,25.520000457763672,25.540000915527344,22.0648136138916,739800.0
2017-05-16,25.38999938964844,25.40999984741211,25.32999992370605,25.350000381469727,21.90066719055176,1746200.0
2017-05-17,25.280000686645508,25.290000915527344,25.18000030517578,25.18000030517578,21.75379753112793,1257800.0
2017-05-18,25.209999084472656,25.32999992370605,25.190000534057617,25.270000457763672,21.83155059814453,1206800.0
2017-05-19,25.1200008392334,25.13999938964844,25.06999969482422,25.09000015258789,21.67604637145996,1152100.0
2017-05-22,25.040000915527344,25.059999465942383,25.0,25.049999237060547,21.6414852142334,1134000.0
2017-05-23,25.030000686645508,25.170000076293945,25.020000457763672,25.15999984741211,21.73652076721192,1008900.0
2017-05-24,25.15999984741211,25.18000030517578,25.07999992370605,25.07999992370605,21.667404174804688,1115900.0
2017-05-25,25.09000015258789,25.1299991607666,25.07999992370605,25.11000061035156,21.693323135375977,1103100.0
2017-05-26,25.18000030517578,25.200000762939453,25.14999961853028,25.170000076293945,21.74515724182129,413400.0
2017-05-30,25.15999984741211,25.18000030517578,25.1200008392334,25.13999938964844,21.71924018859864,1113800.0
2017-05-31,25.100000381469727,25.100000381469727,25.020000457763672,25.07999992370605,21.667404174804688,959000.0
2017-06-01,25.1299991607666,25.13999938964844,25.09000015258789,25.11000061035156,21.693323135375977,917100.0
2017-06-02,25.020000457763672,25.030000686645508,24.96999931335449,24.989999771118164,21.589649200439453,1416000.0
2017-06-05,25.020000457763672,25.040000915527344,25.0,25.01000022888184,21.60692977905273,1086100.0
2017-06-06,24.959999084472656,24.989999771118164,24.940000534057617,24.950000762939453,21.55509376525879,895700.0
2017-06-07,25.01000022888184,25.049999237060547,24.940000534057617,24.979999542236328,21.58100891113281,522500.0
2017-06-08,25.049999237060547,25.11000061035156,25.049999237060547,25.06999969482422,21.658763885498047,724300.0
2017-06-09,25.200000762939453,25.200000762939453,25.1299991607666,25.14999961853028,21.72787857055664,652100.0
2017-06-12,25.1200008392334,25.15999984741211,25.100000381469727,25.11000061035156,21.693323135375977,429800.0
2017-06-13,25.09000015258789,25.100000381469727,25.059999465942383,25.07999992370605,21.667404174804688,398000.0
2017-06-14,24.950000762939453,25.11000061035156,24.90999984741211,25.059999465942383,21.65012550354004,1676600.0
2017-06-15,25.18000030517578,25.229999542236328,25.18000030517578,25.209999084472656,21.77971267700196,1148400.0
2017-06-16,25.170000076293945,25.18000030517578,25.100000381469727,25.1200008392334,21.701961517333984,917400.0
2017-06-19,25.15999984741211,25.229999542236328,25.14999961853028,25.229999542236328,21.796993255615234,637300.0
2017-06-20,25.229999542236328,25.290000915527344,25.229999542236328,25.270000457763672,21.83155059814453,615200.0
2017-06-21,25.26000022888184,25.270000457763672,25.200000762939453,25.21999931335449,21.7883529663086,1105800.0
2017-06-22,25.21999931335449,25.25,25.200000762939453,25.229999542236328,21.796993255615234,896800.0
2017-06-23,25.18000030517578,25.18000030517578,25.1200008392334,25.14999961853028,21.72787857055664,323100.0
2017-06-26,25.1200008392334,25.200000762939453,25.11000061035156,25.190000534057617,21.76243782043457,596600.0
2017-06-27,25.020000457763672,25.040000915527344,24.90999984741211,24.90999984741211,21.520538330078125,1282600.0
2017-06-28,24.920000076293945,24.920000076293945,24.809999465942383,24.82999992370605,21.451419830322266,944400.0
2017-06-29,24.809999465942383,24.809999465942383,24.709999084472656,24.709999084472656,21.34774780273437,1831800.0
2017-06-30,24.76000022888184,24.790000915527344,24.729999542236328,24.75,21.382308959960938,1529700.0
2017-07-03,24.8700008392334,24.89999961853028,24.850000381469727,24.89999961853028,21.51189613342285,794300.0
2017-07-05,24.959999084472656,24.959999084472656,24.89999961853028,24.90999984741211,21.520538330078125,1570200.0
2017-07-06,24.82999992370605,24.850000381469727,24.790000915527344,24.799999237060547,21.42550277709961,357800.0
2017-07-07,24.850000381469727,24.88999938964844,24.82999992370605,24.84000015258789,21.46006202697754,376400.0
2017-07-10,24.8700008392334,24.8799991607666,24.84000015258789,24.850000381469727,21.468700408935547,212900.0
2017-07-11,24.8700008392334,24.8799991607666,24.75,24.76000022888184,21.390945434570312,1556800.0
2017-07-12,24.790000915527344,24.82999992370605,24.75,24.76000022888184,21.390945434570312,900900.0
2017-07-13,24.770000457763672,24.81999969482422,24.76000022888184,24.770000457763672,21.39958572387696,411500.0
2017-07-14,24.670000076293945,24.68000030517578,24.61000061035156,24.6200008392334,21.26999855041504,768100.0
2017-07-17,24.6200008392334,24.63999938964844,24.59000015258789,24.6200008392334,21.26999855041504,508200.0
2017-07-18,24.479999542236328,24.51000022888184,24.450000762939453,24.489999771118164,21.15768241882324,970500.0
2017-07-19,24.5,24.549999237060547,24.5,24.549999237060547,21.209518432617188,785600.0
2017-07-20,24.51000022888184,24.520000457763672,24.350000381469727,24.39999961853028,21.07993125915528,1016700.0
2017-07-21,24.3700008392334,24.3799991607666,24.299999237060547,24.31999969482422,21.010814666748047,644600.0
2017-07-24,24.32999992370605,24.3700008392334,24.31999969482422,24.32999992370605,21.019454956054688,419700.0
2017-07-25,24.299999237060547,24.3700008392334,24.26000022888184,24.3700008392334,21.05401611328125,757900.0
2017-07-26,24.3799991607666,24.40999984741211,24.18000030517578,24.229999542236328,20.93306350708008,1329500.0
2017-07-27,24.280000686645508,24.3799991607666,24.26000022888184,24.31999969482422,21.010814666748047,1390700.0
2017-07-28,24.239999771118164,24.25,24.15999984741211,24.170000076293945,20.8812255859375,859200.0
2017-07-31,24.209999084472656,24.21999931335449,24.040000915527344,24.06999969482422,20.79483222961425,1432700.0
2017-08-01,24.07999992370605,24.1299991607666,24.040000915527344,24.11000061035156,20.829389572143555,1150800.0
2017-08-02,24.100000381469727,24.11000061035156,23.979999542236328,24.07999992370605,20.8034725189209,2221800.0
2017-08-03,24.100000381469727,24.11000061035156,24.020000457763672,24.020000457763672,20.75163650512696,2071800.0
2017-08-04,24.1200008392334,24.299999237060547,24.11000061035156,24.229999542236328,20.93306350708008,2543100.0
2017-08-07,24.270000457763672,24.270000457763672,24.209999084472656,24.21999931335449,20.924421310424805,852700.0
2017-08-08,24.190000534057617,24.32999992370605,24.170000076293945,24.26000022888184,20.95898056030273,1390400.0
2017-08-09,24.299999237060547,24.32999992370605,24.229999542236328,24.239999771118164,20.94170188903809,1164800.0
2017-08-10,24.26000022888184,24.280000686645508,24.190000534057617,24.200000762939453,20.90714454650879,947700.0
2017-08-11,24.15999984741211,24.209999084472656,24.09000015258789,24.11000061035156,20.829389572143555,1472100.0
2017-08-14,24.200000762939453,24.229999542236328,24.18000030517578,24.209999084472656,20.915781021118164,832100.0
2017-08-15,24.36000061035156,24.3799991607666,24.299999237060547,24.31999969482422,21.010814666748047,915100.0
2017-08-16,24.38999938964844,24.38999938964844,24.21999931335449,24.239999771118164,20.94170188903809,757500.0
2017-08-17,24.31999969482422,24.31999969482422,24.25,24.290000915527344,20.98489761352539,542600.0
2017-08-18,24.209999084472656,24.270000457763672,24.200000762939453,24.209999084472656,20.915781021118164,249100.0
2017-08-21,24.18000030517578,24.190000534057617,24.11000061035156,24.13999938964844,20.85531044006348,632900.0
2017-08-22,24.209999084472656,24.26000022888184,24.209999084472656,24.239999771118164,20.94170188903809,558000.0
2017-08-23,24.200000762939453,24.209999084472656,24.13999938964844,24.13999938964844,20.85531044006348,686900.0
2017-08-24,24.18000030517578,24.200000762939453,24.15999984741211,24.190000534057617,20.89850807189941,807600.0
2017-08-25,24.15999984741211,24.209999084472656,23.96999931335449,23.989999771118164,20.725717544555664,1768700.0
2017-08-28,23.979999542236328,23.979999542236328,23.89999961853028,23.920000076293945,20.665245056152344,1302600.0
2017-08-29,23.809999465942383,23.950000762939453,23.809999465942383,23.950000762939453,20.691162109375,1602900.0
2017-08-30,24.030000686645508,24.11000061035156,24.01000022888184,24.100000381469727,20.82074928283692,1435200.0
2017-08-31,24.13999938964844,24.14999961853028,24.030000686645508,24.030000686645508,20.760278701782227,1254400.0
2017-09-01,24.020000457763672,24.11000061035156,24.0,24.07999992370605,20.8034725189209,1087700.0
2017-09-05,24.01000022888184,24.01000022888184,23.920000076293945,23.950000762939453,20.691162109375,702800.0
2017-09-06,23.940000534057617,23.959999084472656,23.8700008392334,23.93000030517578,20.67388343811035,3111600.0
2017-09-07,23.770000457763672,23.82999992370605,23.729999542236328,23.76000022888184,20.527013778686523,2717600.0
2017-09-08,23.670000076293945,23.729999542236328,23.65999984741211,23.700000762939453,20.475181579589844,922300.0
2017-09-11,23.809999465942383,23.8700008392334,23.780000686645508,23.86000061035156,20.61340713500977,1451100.0
2017-09-12,23.8700008392334,23.88999938964844,23.81999969482422,23.850000381469727,20.60476875305176,2010900.0
2017-09-13,23.8700008392334,24.020000457763672,23.8700008392334,23.989999771118164,20.725717544555664,1976200.0
2017-09-14,23.989999771118164,23.989999771118164,23.89999961853028,23.920000076293945,20.665245056152344,1644000.0
2017-09-15,23.84000015258789,23.8700008392334,23.780000686645508,23.84000015258789,20.59613037109375,1469500.0
2017-09-18,23.8700008392334,23.940000534057617,23.82999992370605,23.89999961853028,20.64796638488769,611100.0
2017-09-19,23.84000015258789,23.89999961853028,23.809999465942383,23.82999992370605,20.58748817443848,582300.0
2017-09-20,23.81999969482422,24.06999969482422,23.739999771118164,24.020000457763672,20.75163650512696,2371000.0
2017-09-21,24.0,24.0,23.90999984741211,23.950000762939453,20.691162109375,1203900.0
2017-09-22,23.89999961853028,23.940000534057617,23.86000061035156,23.93000030517578,20.67388343811035,1051700.0
2017-09-25,24.020000457763672,24.07999992370605,24.0,24.06999969482422,20.79483222961425,1238200.0
2017-09-26,24.15999984741211,24.229999542236328,24.1200008392334,24.14999961853028,20.863948822021484,1075800.0
2017-09-27,24.290000915527344,24.299999237060547,24.200000762939453,24.270000457763672,20.967618942260746,1619600.0
2017-09-28,24.229999542236328,24.229999542236328,24.18000030517578,24.200000762939453,20.90714454650879,816300.0
2017-09-29,24.170000076293945,24.229999542236328,24.14999961853028,24.18000030517578,20.88986587524414,642100.0
2017-10-02,24.299999237060547,24.36000061035156,24.270000457763672,24.31999969482422,21.010814666748047,1225700.0
2017-10-03,24.31999969482422,24.32999992370605,24.270000457763672,24.309999465942383,21.00217628479004,442700.0
2017-10-04,24.280000686645508,24.299999237060547,24.26000022888184,24.280000686645508,20.976261138916016,637400.0
2017-10-05,24.36000061035156,24.420000076293945,24.34000015258789,24.40999984741211,21.08857154846192,831400.0
2017-10-06,24.450000762939453,24.46999931335449,24.350000381469727,24.3700008392334,21.05401611328125,1172000.0
2017-10-09,24.36000061035156,24.3700008392334,24.309999465942383,24.32999992370605,21.019454956054688,1368300.0
2017-10-10,24.25,24.25,24.18000030517578,24.200000762939453,20.90714454650879,2710800.0
2017-10-11,24.15999984741211,24.190000534057617,24.1200008392334,24.1299991607666,20.846668243408203,1299800.0
2017-10-12,24.18000030517578,24.21999931335449,24.13999938964844,24.18000030517578,20.88986587524414,1161600.0
2017-10-13,24.100000381469727,24.190000534057617,24.09000015258789,24.18000030517578,20.88986587524414,824600.0
2017-10-16,24.21999931335449,24.25,24.18000030517578,24.239999771118164,20.94170188903809,733500.0
2017-10-17,24.31999969482422,24.36000061035156,24.280000686645508,24.299999237060547,20.9935359954834,1242500.0
2017-10-18,24.32999992370605,24.34000015258789,24.26000022888184,24.270000457763672,20.967618942260746,726100.0
2017-10-19,24.21999931335449,24.239999771118164,24.18000030517578,24.209999084472656,20.915781021118164,490100.0
2017-10-20,24.309999465942383,24.3700008392334,24.299999237060547,24.350000381469727,21.036733627319336,577900.0
2017-10-23,24.43000030517578,24.440000534057617,24.3700008392334,24.3799991607666,21.062652587890625,610200.0
2017-10-24,24.40999984741211,24.43000030517578,24.36000061035156,24.420000076293945,21.09720993041992,419800.0
2017-10-25,24.36000061035156,24.38999938964844,24.32999992370605,24.36000061035156,21.045373916625977,459500.0
2017-10-26,24.440000534057617,24.6299991607666,24.440000534057617,24.6200008392334,21.26999855041504,2757500.0
2017-10-27,24.709999084472656,24.75,24.64999961853028,24.68000030517578,21.32183074951172,2014700.0
2017-10-30,24.709999084472656,24.709999084472656,24.549999237060547,24.559999465942383,21.218158721923828,707600.0
2017-10-31,24.600000381469727,24.61000061035156,24.559999465942383,24.57999992370605,21.23543930053711,683200.0
2017-11-01,24.64999961853028,24.65999984741211,24.57999992370605,24.6299991607666,21.27863502502441,1327300.0
2017-11-02,24.63999938964844,24.64999961853028,24.549999237060547,24.6299991607666,21.27863502502441,1168200.0
2017-11-03,24.600000381469727,24.709999084472656,24.600000381469727,24.690000534057617,21.330472946166992,1159700.0
2017-11-06,24.71999931335449,24.71999931335449,24.6299991607666,24.6299991607666,21.27863502502441,753800.0
2017-11-07,24.700000762939453,24.739999771118164,24.65999984741211,24.670000076293945,21.31319236755371,830000.0
2017-11-08,24.65999984741211,24.690000534057617,24.64999961853028,24.65999984741211,21.304553985595703,1051800.0
2017-11-09,24.63999938964844,24.64999961853028,24.540000915527344,24.559999465942383,21.218158721923828,794900.0
2017-11-10,24.540000915527344,24.549999237060547,24.5,24.540000915527344,21.20088005065918,779300.0
2017-11-13,24.559999465942383,24.59000015258789,24.549999237060547,24.559999465942383,21.218158721923828,383600.0
2017-11-14,24.450000762939453,24.479999542236328,24.3700008392334,24.38999938964844,21.07129096984864,2395500.0
2017-11-15,24.350000381469727,24.40999984741211,24.32999992370605,24.3799991607666,21.062652587890625,976000.0
2017-11-16,24.39999961853028,24.43000030517578,24.3799991607666,24.40999984741211,21.08857154846192,751700.0
2017-11-17,24.3700008392334,24.38999938964844,24.31999969482422,24.34000015258789,21.028095245361328,969800.0
2017-11-20,24.38999938964844,24.46999931335449,24.38999938964844,24.459999084472656,21.13176727294922,737700.0
2017-11-21,24.450000762939453,24.450000762939453,24.39999961853028,24.43000030517578,21.10584831237793,914100.0
2017-11-22,24.36000061035156,24.36000061035156,24.229999542236328,24.239999771118164,20.94170188903809,1565200.0
2017-11-24,24.13999938964844,24.13999938964844,24.100000381469727,24.1299991607666,20.846668243408203,751900.0
2017-11-27,24.06999969482422,24.170000076293945,24.059999465942383,24.15999984741211,20.872589111328125,1222300.0
2017-11-28,24.190000534057617,24.270000457763672,24.190000534057617,24.26000022888184,20.95898056030273,1448100.0
2017-11-29,24.270000457763672,24.299999237060547,24.21999931335449,24.25,20.950342178344727,869700.0
2017-11-30,24.21999931335449,24.229999542236328,24.1200008392334,24.190000534057617,20.89850807189941,2147600.0
2017-12-01,24.239999771118164,24.26000022888184,24.09000015258789,24.170000076293945,20.8812255859375,1941700.0
2017-12-04,24.25,24.280000686645508,24.239999771118164,24.25,20.950342178344727,1310800.0
2017-12-05,24.299999237060547,24.31999969482422,24.26000022888184,24.290000915527344,20.98489761352539,593900.0
2017-12-06,24.309999465942383,24.3700008392334,24.309999465942383,24.350000381469727,21.036733627319336,327700.0
2017-12-07,24.38999938964844,24.40999984741211,24.34000015258789,24.39999961853028,21.07993125915528,431300.0
2017-12-08,24.420000076293945,24.46999931335449,24.40999984741211,24.440000534057617,21.11448860168457,370500.0
2017-12-11,24.420000076293945,24.450000762939453,24.3799991607666,24.440000534057617,21.11448860168457,562900.0
2017-12-12,24.489999771118164,24.520000457763672,24.46999931335449,24.479999542236328,21.149045944213867,503300.0
2017-12-13,24.440000534057617,24.459999084472656,24.299999237060547,24.309999465942383,21.00217628479004,2250900.0
2017-12-14,24.36000061035156,24.39999961853028,24.309999465942383,24.32999992370605,21.019454956054688,1208600.0
2017-12-15,24.36000061035156,24.450000762939453,24.36000061035156,24.43000030517578,21.10584831237793,1388900.0
2017-12-18,24.309999465942383,24.3700008392334,24.280000686645508,24.3700008392334,21.07385635375977,1257400.0
2017-12-19,24.36000061035156,24.3700008392334,24.299999237060547,24.299999237060547,21.01332092285156,591800.0
2017-12-20,24.309999465942383,24.31999969482422,24.239999771118164,24.270000457763672,20.987377166748047,421500.0
2017-12-21,24.299999237060547,24.309999465942383,24.25,24.26000022888184,20.978729248046875,1463000.0
2017-12-22,24.290000915527344,24.31999969482422,24.270000457763672,24.270000457763672,20.987377166748047,184700.0
2017-12-26,24.26000022888184,24.26000022888184,24.239999771118164,24.25,20.970083236694336,517500.0
2017-12-27,24.190000534057617,24.21999931335449,24.18000030517578,24.200000762939453,20.926847457885746,678700.0
2017-12-28,24.1299991607666,24.14999961853028,24.11000061035156,24.1299991607666,20.86631393432617,426100.0
2017-12-29,24.040000915527344,24.049999237060547,23.979999542236328,24.030000686645508,20.77984046936035,1459200.0
2018-01-02,23.93000030517578,23.96999931335449,23.920000076293945,23.93000030517578,20.6933650970459,546200.0
2018-01-03,23.979999542236328,24.030000686645508,23.96999931335449,24.020000457763672,20.771190643310547,679900.0
2018-01-04,23.950000762939453,23.959999084472656,23.920000076293945,23.940000534057617,20.702014923095703,650500.0
2018-01-05,23.979999542236328,24.0,23.950000762939453,23.959999084472656,20.71930885314941,370100.0
2018-01-08,24.059999465942383,24.07999992370605,24.040000915527344,24.06999969482422,20.814430236816406,969800.0
2018-01-09,24.11000061035156,24.13999938964844,24.100000381469727,24.1200008392334,20.857669830322266,1158400.0
2018-01-10,24.0,24.09000015258789,24.0,24.059999465942383,20.805782318115234,485100.0
2018-01-11,23.979999542236328,23.979999542236328,23.93000030517578,23.959999084472656,20.71930885314941,586800.0
2018-01-12,23.799999237060547,23.81999969482422,23.709999084472656,23.709999084472656,20.50312232971192,1098700.0
2018-01-16,23.65999984741211,23.68000030517578,23.549999237060547,23.57999992370605,20.390703201293945,2527000.0
2018-01-17,23.63999938964844,23.65999984741211,23.520000457763672,23.63999938964844,20.442588806152344,1057700.0
2018-01-18,23.6200008392334,23.63999938964844,23.57999992370605,23.61000061035156,20.416648864746094,425700.0
2018-01-19,23.600000381469727,23.64999961853028,23.57999992370605,23.64999961853028,20.45123672485352,748900.0
2018-01-22,23.59000015258789,23.63999938964844,23.559999465942383,23.56999969482422,20.382057189941406,1338400.0
2018-01-23,23.559999465942383,23.56999969482422,23.489999771118164,23.51000022888184,20.330171585083008,735500.0
2018-01-24,23.309999465942383,23.31999969482422,23.25,23.280000686645508,20.131282806396484,2078500.0
2018-01-25,23.170000076293945,23.3799991607666,23.09000015258789,23.309999465942383,20.15722274780273,4503100.0
2018-01-26,23.270000457763672,23.280000686645508,23.190000534057617,23.26000022888184,20.113985061645508,1603500.0
2018-01-29,23.34000015258789,23.38999938964844,23.299999237060547,23.31999969482422,20.16586875915528,1411200.0
2018-01-30,23.21999931335449,23.31999969482422,23.209999084472656,23.280000686645508,20.131282806396484,1466600.0
2018-01-31,23.209999084472656,23.309999465942383,23.170000076293945,23.25,20.105337142944336,1401800.0
2018-02-01,23.239999771118164,23.25,23.11000061035156,23.1299991607666,20.001569747924805,1743300.0
2018-02-02,23.270000457763672,23.350000381469727,23.229999542236328,23.270000457763672,20.12263298034668,3709800.0
2018-02-05,23.350000381469727,23.39999961853028,23.34000015258789,23.3700008392334,20.20911026000977,3408900.0
2018-02-06,23.479999542236328,23.51000022888184,23.3700008392334,23.420000076293945,20.252344131469727,2694900.0
2018-02-07,23.46999931335449,23.61000061035156,23.450000762939453,23.600000381469727,20.40799903869629,2405400.0
2018-02-08,23.520000457763672,23.61000061035156,23.51000022888184,23.600000381469727,20.40799903869629,1663600.0
2018-02-09,23.61000061035156,23.64999961853028,23.57999992370605,23.6200008392334,20.425296783447266,1841300.0
2018-02-12,23.600000381469727,23.600000381469727,23.530000686645508,23.540000915527344,20.356115341186523,1097600.0
2018-02-13,23.43000030517578,23.440000534057617,23.38999938964844,23.40999984741211,20.243698120117188,1308500.0
2018-02-14,23.46999931335449,23.479999542236328,23.229999542236328,23.229999542236328,20.088043212890625,1639500.0
2018-02-15,23.18000030517578,23.229999542236328,23.1200008392334,23.1299991607666,20.001569747924805,1538000.0
2018-02-16,23.25,23.309999465942383,23.200000762939453,23.290000915527344,20.139928817749023,812600.0
2018-02-20,23.39999961853028,23.450000762939453,23.38999938964844,23.440000534057617,20.269641876220703,1366800.0
2018-02-21,23.459999084472656,23.549999237060547,23.39999961853028,23.530000686645508,20.34746742248535,1138000.0
2018-02-22,23.46999931335449,23.479999542236328,23.420000076293945,23.450000762939453,20.27828788757324,2011900.0
2018-02-23,23.489999771118164,23.520000457763672,23.459999084472656,23.5,20.32152366638184,523300.0
2018-02-26,23.489999771118164,23.530000686645508,23.46999931335449,23.46999931335449,20.29558181762696,1095400.0
2018-02-27,23.530000686645508,23.64999961853028,23.520000457763672,23.6200008392334,20.425296783447266,1527100.0
2018-02-28,23.64999961853028,23.709999084472656,23.63999938964844,23.690000534057617,20.485828399658203,1119700.0
2018-03-01,23.739999771118164,23.770000457763672,23.57999992370605,23.61000061035156,20.416648864746094,1405800.0
2018-03-02,23.540000915527344,23.559999465942383,23.5,23.51000022888184,20.330171585083008,602700.0
2018-03-05,23.559999465942383,23.56999969482422,23.489999771118164,23.51000022888184,20.330171585083008,1274300.0
2018-03-06,23.459999084472656,23.459999084472656,23.40999984741211,23.450000762939453,20.27828788757324,1492700.0
2018-03-07,23.420000076293945,23.540000915527344,23.40999984741211,23.43000030517578,20.26099395751953,443000.0
2018-03-08,23.459999084472656,23.600000381469727,23.459999084472656,23.57999992370605,20.390703201293945,520100.0
2018-03-09,23.600000381469727,23.600000381469727,23.530000686645508,23.549999237060547,20.36475944519043,641000.0
2018-03-12,23.549999237060547,23.56999969482422,23.5,23.520000457763672,20.33881950378418,1024800.0
2018-03-13,23.5,23.530000686645508,23.43000030517578,23.459999084472656,20.28693580627441,609600.0
2018-03-14,23.46999931335449,23.51000022888184,23.459999084472656,23.46999931335449,20.29558181762696,1280200.0
2018-03-15,23.5,23.59000015258789,23.5,23.559999465942383,20.373409271240234,564300.0
2018-03-16,23.559999465942383,23.64999961853028,23.559999465942383,23.6200008392334,20.425296783447266,782500.0
2018-03-19,23.540000915527344,23.559999465942383,23.489999771118164,23.520000457763672,20.33881950378418,403400.0
2018-03-20,23.59000015258789,23.65999984741211,23.59000015258789,23.65999984741211,20.459884643554688,841100.0
2018-03-21,23.57999992370605,23.6200008392334,23.459999084472656,23.46999931335449,20.29558181762696,1043800.0
2018-03-22,23.5,23.549999237060547,23.489999771118164,23.5,20.32152366638184,723600.0
2018-03-23,23.450000762939453,23.459999084472656,23.39999961853028,23.420000076293945,20.252344131469727,798700.0
2018-03-26,23.34000015258789,23.36000061035156,23.290000915527344,23.309999465942383,20.15722274780273,1186400.0
2018-03-27,23.420000076293945,23.440000534057617,23.3700008392334,23.420000076293945,20.252344131469727,533400.0
2018-03-28,23.5,23.6299991607666,23.5,23.6299991607666,20.43394088745117,696500.0
2018-03-29,23.559999465942383,23.6299991607666,23.559999465942383,23.61000061035156,20.416648864746094,942600.0
2018-04-02,23.540000915527344,23.6200008392334,23.540000915527344,23.600000381469727,20.40799903869629,301100.0
2018-04-03,23.63999938964844,23.65999984741211,23.6200008392334,23.63999938964844,20.442588806152344,541300.0
2018-04-04,23.600000381469727,23.6299991607666,23.56999969482422,23.6299991607666,20.43394088745117,634500.0
2018-04-05,23.68000030517578,23.75,23.65999984741211,23.71999931335449,20.511768341064453,720400.0
2018-04-06,23.6299991607666,23.670000076293945,23.61000061035156,23.6299991607666,20.43394088745117,1083700.0
2018-04-09,23.559999465942383,23.57999992370605,23.549999237060547,23.56999969482422,20.382057189941406,2411100.0
2018-04-10,23.5,23.549999237060547,23.479999542236328,23.51000022888184,20.330171585083008,876800.0
2018-04-11,23.489999771118164,23.520000457763672,23.43000030517578,23.489999771118164,20.312875747680664,696500.0
2018-04-12,23.57999992370605,23.600000381469727,23.520000457763672,23.540000915527344,20.356115341186523,1713300.0
2018-04-13,23.549999237060547,23.559999465942383,23.520000457763672,23.540000915527344,20.356115341186523,1506500.0
2018-04-16,23.440000534057617,23.479999542236328,23.43000030517578,23.459999084472656,20.28693580627441,512100.0
2018-04-17,23.5,23.520000457763672,23.459999084472656,23.459999084472656,20.28693580627441,574000.0
2018-04-18,23.479999542236328,23.520000457763672,23.459999084472656,23.51000022888184,20.330171585083008,388000.0
2018-04-19,23.489999771118164,23.600000381469727,23.489999771118164,23.57999992370605,20.390703201293945,298900.0
2018-04-20,23.690000534057617,23.739999771118164,23.670000076293945,23.71999931335449,20.511768341064453,1691000.0
2018-04-23,23.799999237060547,23.8799991607666,23.799999237060547,23.8700008392334,20.64148330688477,1482900.0
2018-04-24,23.86000061035156,23.8799991607666,23.809999465942383,23.84000015258789,20.61553955078125,1062600.0
2018-04-25,23.93000030517578,23.959999084472656,23.90999984741211,23.940000534057617,20.702014923095703,816400.0
2018-04-26,23.88999938964844,24.059999465942383,23.88999938964844,24.049999237060547,20.797134399414062,958500.0
2018-04-27,24.100000381469727,24.1200008392334,24.030000686645508,24.030000686645508,20.77984046936035,826800.0
2018-04-30,24.1299991607666,24.13999938964844,24.06999969482422,24.1299991607666,20.86631393432617,782700.0
2018-05-01,24.25,24.31999969482422,24.239999771118164,24.290000915527344,21.004676818847656,2809700.0
2018-05-02,24.290000915527344,24.39999961853028,24.229999542236328,24.39999961853028,21.099796295166016,1757300.0
2018-05-03,24.309999465942383,24.350000381469727,24.270000457763672,24.299999237060547,21.01332092285156,883200.0
2018-05-04,24.38999938964844,24.40999984741211,24.309999465942383,24.32999992370605,21.039262771606445,925100.0
2018-05-07,24.39999961853028,24.420000076293945,24.36000061035156,24.3799991607666,21.082500457763672,997100.0
2018-05-08,24.479999542236328,24.520000457763672,24.43000030517578,24.46999931335449,21.16032791137696,767000.0
2018-05-09,24.440000534057617,24.479999542236328,24.420000076293945,24.46999931335449,21.16032791137696,583000.0
2018-05-10,24.36000061035156,24.450000762939453,24.32999992370605,24.36000061035156,21.06520652770996,673200.0
2018-05-11,24.290000915527344,24.350000381469727,24.280000686645508,24.31999969482422,21.030616760253903,369600.0
2018-05-14,24.26000022888184,24.36000061035156,24.25,24.350000381469727,21.05655860900879,946400.0
2018-05-15,24.540000915527344,24.57999992370605,24.46999931335449,24.5,21.18626976013184,1044400.0
2018-05-16,24.559999465942383,24.600000381469727,24.530000686645508,24.559999465942383,21.238155364990234,2209100.0
2018-05-17,24.600000381469727,24.6200008392334,24.559999465942383,24.59000015258789,21.26409721374512,796700.0
2018-05-18,24.670000076293945,24.68000030517578,24.61000061035156,24.63999938964844,21.30733299255371,484000.0
2018-05-21,24.65999984741211,24.690000534057617,24.61000061035156,24.6200008392334,21.290042877197266,971300.0
2018-05-22,24.600000381469727,24.63999938964844,24.59000015258789,24.61000061035156,21.281391143798828,740900.0
2018-05-23,24.739999771118164,24.790000915527344,24.709999084472656,24.709999084472656,21.36786460876465,2260800.0
2018-05-24,24.700000762939453,24.700000762939453,24.6299991607666,24.68000030517578,21.34192276000977,471600.0
2018-05-25,24.799999237060547,24.809999465942383,24.770000457763672,24.799999237060547,21.44569396972656,604700.0
2018-05-29,24.920000076293945,25.0,24.90999984741211,24.96999931335449,21.59270095825196,1098400.0
2018-05-30,24.850000381469727,24.8700008392334,24.76000022888184,24.780000686645508,21.428401947021484,2345800.0
2018-05-31,24.780000686645508,24.81999969482422,24.739999771118164,24.76000022888184,21.411102294921875,3064000.0
2018-06-01,24.790000915527344,24.8799991607666,24.770000457763672,24.799999237060547,21.44569396972656,1583400.0
2018-06-04,24.71999931335449,24.799999237060547,24.700000762939453,24.780000686645508,21.428401947021484,2888900.0
2018-06-05,24.799999237060547,24.850000381469727,24.700000762939453,24.75,21.402456283569336,1837200.0
2018-06-06,24.64999961853028,24.68000030517578,24.600000381469727,24.68000030517578,21.34192276000977,1524800.0
2018-06-07,24.59000015258789,24.6299991607666,24.57999992370605,24.6299991607666,21.29868698120117,1027100.0
2018-06-08,24.68000030517578,24.690000534057617,24.63999938964844,24.63999938964844,21.30733299255371,586500.0
2018-06-11,24.63999938964844,24.670000076293945,24.61000061035156,24.65999984741211,21.32462882995605,948400.0
2018-06-12,24.65999984741211,24.75,24.63999938964844,24.709999084472656,21.36786460876465,1051300.0
2018-06-13,24.690000534057617,24.780000686645508,24.63999938964844,24.670000076293945,21.333276748657227,1800800.0
2018-06-14,24.81999969482422,24.989999771118164,24.81999969482422,24.989999771118164,21.60999298095703,3826300.0
2018-06-15,24.959999084472656,25.0,24.950000762939453,24.96999931335449,21.59270095825196,1226700.0
2018-06-18,25.0,25.01000022888184,24.96999931335449,24.96999931335449,21.59270095825196,1152700.0
2018-06-19,25.06999969482422,25.09000015258789,25.030000686645508,25.040000915527344,21.653234481811523,849600.0
2018-06-20,25.040000915527344,25.07999992370605,25.030000686645508,25.059999465942383,21.670528411865234,1258100.0
2018-06-21,25.040000915527344,25.059999465942383,24.950000762939453,24.989999771118164,21.60999298095703,3080000.0
2018-06-22,24.920000076293945,24.989999771118164,24.89999961853028,24.89999961853028,21.532167434692383,1596700.0
2018-06-25,24.8799991607666,24.89999961853028,24.84000015258789,24.86000061035156,21.497577667236328,941900.0
2018-06-26,24.920000076293945,24.989999771118164,24.90999984741211,24.989999771118164,21.60999298095703,1220600.0
2018-06-27,25.040000915527344,25.170000076293945,25.040000915527344,25.13999938964844,21.73970603942871,1612500.0
2018-06-28,25.14999961853028,25.170000076293945,25.09000015258789,25.13999938964844,21.73970603942871,798900.0
2018-06-29,25.020000457763672,25.040000915527344,24.940000534057617,24.940000534057617,21.56675720214844,1134200.0
2018-07-02,25.11000061035156,25.11000061035156,25.059999465942383,25.059999465942383,21.670528411865234,788600.0
2018-07-03,25.0,25.0,24.959999084472656,24.979999542236328,21.60134696960449,492100.0
2018-07-05,24.920000076293945,24.950000762939453,24.88999938964844,24.89999961853028,21.532167434692383,860800.0
2018-07-06,24.809999465942383,24.84000015258789,24.780000686645508,24.81999969482422,21.462989807128903,727600.0
2018-07-09,24.770000457763672,24.8700008392334,24.76000022888184,24.82999992370605,21.471635818481445,791800.0
2018-07-10,24.89999961853028,24.920000076293945,24.84000015258789,24.84000015258789,21.480283737182617,873200.0
2018-07-11,24.84000015258789,25.030000686645508,24.84000015258789,25.01000022888184,21.627290725708008,795600.0
2018-07-12,25.030000686645508,25.040000915527344,24.989999771118164,25.030000686645508,21.64458656311035,1109800.0
2018-07-13,25.07999992370605,25.100000381469727,25.0,25.0,21.61864280700684,543700.0
2018-07-16,24.950000762939453,24.989999771118164,24.93000030517578,24.959999084472656,21.58405113220215,458500.0
2018-07-17,25.0,25.11000061035156,25.0,25.06999969482422,21.679174423217773,1234200.0
2018-07-18,25.14999961853028,25.14999961853028,25.07999992370605,25.100000381469727,21.70511817932129,507500.0
2018-07-19,25.229999542236328,25.239999771118164,25.06999969482422,25.14999961853028,21.748353958129883,1390200.0
2018-07-20,24.989999771118164,25.01000022888184,24.93000030517578,24.950000762939453,21.57540702819824,1048500.0
2018-07-23,24.950000762939453,25.020000457763672,24.950000762939453,24.989999771118164,21.60999298095703,1576300.0
2018-07-24,24.989999771118164,25.01000022888184,24.940000534057617,25.0,21.61864280700684,353900.0
2018-07-25,24.940000534057617,25.0,24.8700008392334,24.8799991607666,21.514873504638672,397200.0
2018-07-26,24.96999931335449,25.049999237060547,24.959999084472656,25.049999237060547,21.661880493164062,1280000.0
2018-07-27,25.040000915527344,25.040000915527344,25.01000022888184,25.020000457763672,21.635936737060547,439700.0
2018-07-30,24.96999931335449,24.96999931335449,24.90999984741211,24.93000030517578,21.558109283447266,591300.0
2018-07-31,24.959999084472656,24.989999771118164,24.940000534057617,24.979999542236328,21.60134696960449,576200.0
2018-08-01,25.01000022888184,25.030000686645508,24.989999771118164,25.01000022888184,21.627290725708008,445800.0
2018-08-02,25.100000381469727,25.170000076293945,25.07999992370605,25.14999961853028,21.748353958129883,906700.0
2018-08-03,25.190000534057617,25.190000534057617,25.11000061035156,25.170000076293945,21.7656478881836,730700.0
2018-08-06,25.229999542236328,25.25,25.200000762939453,25.209999084472656,21.80023765563965,647900.0
2018-08-07,25.14999961853028,25.200000762939453,25.13999938964844,25.18000030517578,21.77429580688477,304900.0
2018-08-08,25.18000030517578,25.200000762939453,25.13999938964844,25.14999961853028,21.748353958129883,288500.0
2018-08-09,25.190000534057617,25.299999237060547,25.18000030517578,25.299999237060547,21.87806701660156,474400.0
2018-08-10,25.489999771118164,25.520000457763672,25.420000076293945,25.479999542236328,22.033721923828125,718400.0
2018-08-13,25.46999931335449,25.530000686645508,25.440000534057617,25.489999771118164,22.042367935180664,700800.0
2018-08-14,25.5,25.6200008392334,25.489999771118164,25.59000015258789,22.128841400146484,1770600.0
2018-08-15,25.65999984741211,25.670000076293945,25.57999992370605,25.59000015258789,22.128841400146484,877900.0
2018-08-16,25.559999465942383,25.6200008392334,25.5,25.56999969482422,22.111547470092773,640800.0
2018-08-17,25.489999771118164,25.51000022888184,25.440000534057617,25.440000534057617,21.99913024902344,1019300.0
2018-08-20,25.440000534057617,25.46999931335449,25.3700008392334,25.3799991607666,21.947246551513672,606200.0
2018-08-21,25.299999237060547,25.31999969482422,25.170000076293945,25.229999542236328,21.817533493041992,1564500.0
2018-08-22,25.15999984741211,25.209999084472656,25.13999938964844,25.15999984741211,21.75700187683105,983300.0
2018-08-23,25.280000686645508,25.350000381469727,25.229999542236328,25.31999969482422,21.89536094665528,1141900.0
2018-08-24,25.25,25.270000457763672,25.15999984741211,25.200000762939453,21.791593551635746,767500.0
2018-08-27,25.15999984741211,25.170000076293945,25.07999992370605,25.100000381469727,21.70511817932129,1301900.0
2018-08-28,25.01000022888184,25.100000381469727,25.01000022888184,25.100000381469727,21.70511817932129,993500.0
2018-08-29,25.100000381469727,25.13999938964844,25.049999237060547,25.059999465942383,21.670528411865234,597200.0
2018-08-30,25.11000061035156,25.14999961853028,25.07999992370605,25.07999992370605,21.687822341918945,610000.0
2018-08-31,25.15999984741211,25.239999771118164,25.1200008392334,25.190000534057617,21.782943725585938,988600.0
2018-09-04,25.31999969482422,25.3700008392334,25.290000915527344,25.299999237060547,21.87806701660156,2664700.0
2018-09-05,25.209999084472656,25.26000022888184,25.209999084472656,25.209999084472656,21.80023765563965,476900.0
2018-09-06,25.190000534057617,25.239999771118164,25.170000076293945,25.209999084472656,21.80023765563965,873700.0
2018-09-07,25.25,25.309999465942383,25.229999542236328,25.280000686645508,21.86077308654785,741000.0
2018-09-10,25.229999542236328,25.239999771118164,25.200000762939453,25.229999542236328,21.817533493041992,955000.0
2018-09-11,25.25,25.280000686645508,25.229999542236328,25.25,21.83483123779297,621900.0
2018-09-12,25.21999931335449,25.239999771118164,25.1200008392334,25.15999984741211,21.75700187683105,850100.0
2018-09-13,25.049999237060547,25.11000061035156,25.040000915527344,25.09000015258789,21.69647026062012,518500.0
2018-09-14,25.1200008392334,25.209999084472656,25.100000381469727,25.18000030517578,21.77429580688477,1536400.0
2018-09-17,25.06999969482422,25.09000015258789,25.059999465942383,25.059999465942383,21.670528411865234,338400.0
2018-09-18,25.049999237060547,25.1299991607666,25.020000457763672,25.100000381469727,21.70511817932129,393500.0
2018-09-19,25.100000381469727,25.1299991607666,25.059999465942383,25.09000015258789,21.69647026062012,267900.0
2018-09-20,24.940000534057617,24.979999542236328,24.89999961853028,24.90999984741211,21.540815353393555,1248000.0
2018-09-21,25.01000022888184,25.030000686645508,24.96999931335449,24.989999771118164,21.60999298095703,742700.0
2018-09-24,24.90999984741211,25.01000022888184,24.88999938964844,24.989999771118164,21.60999298095703,2013500.0
2018-09-25,24.96999931335449,25.01000022888184,24.940000534057617,25.01000022888184,21.627290725708008,695100.0
2018-09-26,25.059999465942383,25.059999465942383,24.93000030517578,25.020000457763672,21.635936737060547,629000.0
2018-09-27,25.170000076293945,25.21999931335449,25.1200008392334,25.200000762939453,21.791593551635746,2658200.0
2018-09-28,25.299999237060547,25.309999465942383,25.21999931335449,25.26000022888184,21.843477249145508,1125200.0
2018-10-01,25.270000457763672,25.32999992370605,25.25,25.299999237060547,21.87806701660156,1595100.0
2018-10-02,25.3700008392334,25.38999938964844,25.31999969482422,25.34000015258789,21.912654876708984,1471500.0
2018-10-03,25.3799991607666,25.450000762939453,25.3700008392334,25.420000076293945,21.981834411621094,1033800.0
2018-10-04,25.43000030517578,25.479999542236328,25.3799991607666,25.43000030517578,21.990482330322266,1018000.0
2018-10-05,25.40999984741211,25.450000762939453,25.38999938964844,25.39999961853028,21.964540481567383,1279500.0
2018-10-08,25.5,25.51000022888184,25.43000030517578,25.43000030517578,21.990482330322266,761000.0
2018-10-09,25.51000022888184,25.540000915527344,25.40999984741211,25.420000076293945,21.981834411621094,898600.0
2018-10-10,25.38999938964844,25.420000076293945,25.350000381469727,25.38999938964844,21.95589256286621,1051600.0
2018-10-11,25.290000915527344,25.34000015258789,25.25,25.25,21.83483123779297,446700.0
2018-10-12,25.309999465942383,25.36000061035156,25.299999237060547,25.32999992370605,21.904008865356445,1070400.0
2018-10-15,25.270000457763672,25.290000915527344,25.25,25.270000457763672,21.852123260498047,422600.0
2018-10-16,25.209999084472656,25.280000686645508,25.209999084472656,25.280000686645508,21.86077308654785,244900.0
2018-10-17,25.36000061035156,25.43000030517578,25.32999992370605,25.40999984741211,21.973188400268555,641500.0
2018-10-18,25.440000534057617,25.530000686645508,25.420000076293945,25.520000457763672,22.068309783935547,541900.0
2018-10-19,25.51000022888184,25.520000457763672,25.420000076293945,25.46999931335449,22.02507209777832,667200.0
2018-10-22,25.520000457763672,25.56999969482422,25.520000457763672,25.559999465942383,22.102901458740234,1247000.0
2018-10-23,25.540000915527344,25.559999465942383,25.489999771118164,25.520000457763672,22.068309783935547,711300.0
2018-10-24,25.65999984741211,25.68000030517578,25.6200008392334,25.64999961853028,22.18072509765625,1189200.0
2018-10-25,25.65999984741211,25.75,25.65999984741211,25.71999931335449,22.241260528564453,1760100.0
2018-10-26,25.75,25.75,25.6299991607666,25.64999961853028,22.18072509765625,585100.0
2018-10-29,25.709999084472656,25.75,25.690000534057617,25.71999931335449,22.241260528564453,400700.0
2018-10-30,25.76000022888184,25.84000015258789,25.75,25.82999992370605,22.336381912231445,571700.0
2018-10-31,25.86000061035156,25.8799991607666,25.799999237060547,25.81999969482422,22.32773399353028,814100.0
2018-11-01,25.71999931335449,25.71999931335449,25.6200008392334,25.64999961853028,22.18072509765625,781400.0
2018-11-02,25.670000076293945,25.739999771118164,25.6200008392334,25.709999084472656,22.23261070251465,802900.0
2018-11-05,25.709999084472656,25.709999084472656,25.63999938964844,25.700000762939453,22.22396278381348,752800.0
2018-11-06,25.670000076293945,25.68000030517578,25.6299991607666,25.63999938964844,22.17207908630371,422200.0
2018-11-07,25.520000457763672,25.6200008392334,25.520000457763672,25.59000015258789,22.128841400146484,892800.0
2018-11-08,25.63999938964844,25.780000686645508,25.61000061035156,25.739999771118164,22.258554458618164,960500.0
2018-11-09,25.809999465942383,25.850000381469727,25.770000457763672,25.790000915527344,22.301794052124023,756900.0
2018-11-12,25.950000762939453,26.020000457763672,25.920000076293945,26.020000457763672,22.500682830810547,617600.0
2018-11-13,25.950000762939453,25.96999931335449,25.8799991607666,25.93000030517578,22.422855377197266,1204600.0
2018-11-14,25.93000030517578,25.940000534057617,25.799999237060547,25.84000015258789,22.345027923583984,714100.0
2018-11-15,25.940000534057617,25.940000534057617,25.84000015258789,25.89999961853028,22.39691162109375,475800.0
2018-11-16,25.739999771118164,25.75,25.700000762939453,25.709999084472656,22.23261070251465,991400.0
2018-11-19,25.690000534057617,25.709999084472656,25.63999938964844,25.690000534057617,22.215316772460938,496700.0
2018-11-20,25.71999931335449,25.850000381469727,25.71999931335449,25.81999969482422,22.32773399353028,374800.0
2018-11-21,25.770000457763672,25.81999969482422,25.76000022888184,25.81999969482422,22.32773399353028,514600.0
2018-11-23,25.81999969482422,25.8799991607666,25.81999969482422,25.8700008392334,22.370969772338867,147200.0
2018-11-26,25.81999969482422,25.920000076293945,25.81999969482422,25.920000076293945,22.414207458496094,244700.0
2018-11-27,25.89999961853028,26.030000686645508,25.89999961853028,25.989999771118164,22.474740982055664,1076000.0
2018-11-28,26.0,26.040000915527344,25.809999465942383,25.86000061035156,22.362323760986328,1654300.0
2018-11-29,25.850000381469727,25.8799991607666,25.81999969482422,25.81999969482422,22.32773399353028,535900.0
2018-11-30,25.8799991607666,25.989999771118164,25.8799991607666,25.920000076293945,22.414207458496094,325700.0
2018-12-03,25.8799991607666,25.93000030517578,25.8700008392334,25.93000030517578,22.422855377197266,478600.0
2018-12-04,25.780000686645508,25.93000030517578,25.780000686645508,25.8799991607666,22.379619598388672,879100.0
2018-12-06,25.8700008392334,25.8799991607666,25.790000915527344,25.8700008392334,22.370969772338867,492100.0
2018-12-07,25.81999969482422,25.850000381469727,25.780000686645508,25.799999237060547,22.31043815612793,1236600.0
2018-12-10,25.850000381469727,25.989999771118164,25.850000381469727,25.96999931335449,22.45744705200196,1093100.0
2018-12-11,25.989999771118164,26.07999992370605,25.979999542236328,26.040000915527344,22.51797866821289,554600.0
2018-12-12,26.0,26.0,25.89999961853028,25.940000534057617,22.43150329589844,874300.0
2018-12-13,25.959999084472656,26.01000022888184,25.93000030517578,25.940000534057617,22.43150329589844,832900.0
2018-12-14,26.09000015258789,26.1200008392334,26.040000915527344,26.040000915527344,22.51797866821289,446600.0
2018-12-17,25.979999542236328,26.0,25.940000534057617,25.96999931335449,22.45744705200196,437300.0
2018-12-18,25.90999984741211,25.979999542236328,25.90999984741211,25.959999084472656,22.44879913330078,903600.0
2018-12-19,25.8799991607666,25.96999931335449,25.809999465942383,25.96999931335449,22.45744705200196,850000.0
2018-12-20,25.81999969482422,25.8700008392334,25.709999084472656,25.770000457763672,22.284496307373047,1127500.0
2018-12-21,25.81999969482422,25.96999931335449,25.81999969482422,25.940000534057617,22.43150329589844,1157000.0
2018-12-24,25.6200008392334,25.6200008392334,25.489999771118164,25.549999237060547,22.33186149597168,907100.0
2018-12-26,25.57999992370605,25.71999931335449,25.559999465942383,25.68000030517578,22.44548797607422,723700.0
2018-12-27,25.65999984741211,25.65999984741211,25.520000457763672,25.56999969482422,22.34934425354004,571600.0
2018-12-28,25.46999931335449,25.549999237060547,25.46999931335449,25.5,22.28816032409668,892100.0
2018-12-31,25.520000457763672,25.530000686645508,25.450000762939453,25.450000762939453,22.24445915222168,625300.0
2019-01-02,25.65999984741211,25.700000762939453,25.6200008392334,25.63999938964844,22.41052627563477,1241600.0
2019-01-03,25.61000061035156,25.61000061035156,25.5,25.5,22.28816032409668,486200.0
2019-01-04,25.6200008392334,25.6200008392334,25.459999084472656,25.459999084472656,22.253198623657227,1367300.0
2019-01-07,25.36000061035156,25.38999938964844,25.34000015258789,25.350000381469727,22.157054901123047,947600.0
2019-01-08,25.420000076293945,25.450000762939453,25.39999961853028,25.43000030517578,22.22697639465332,1929000.0
2019-01-09,25.350000381469727,25.3700008392334,25.190000534057617,25.190000534057617,22.0172061920166,1293800.0
2019-01-10,25.26000022888184,25.350000381469727,25.26000022888184,25.34000015258789,22.148311614990234,691400.0
2019-01-11,25.32999992370605,25.38999938964844,25.32999992370605,25.36000061035156,22.1657943725586,624700.0
2019-01-14,25.34000015258789,25.3700008392334,25.31999969482422,25.36000061035156,22.1657943725586,597000.0
2019-01-15,25.40999984741211,25.540000915527344,25.38999938964844,25.450000762939453,22.24445915222168,1286500.0
2019-01-16,25.459999084472656,25.5,25.459999084472656,25.479999542236328,22.27067947387696,268900.0
2019-01-17,25.479999542236328,25.549999237060547,25.46999931335449,25.479999542236328,22.27067947387696,330400.0
2019-01-18,25.489999771118164,25.59000015258789,25.489999771118164,25.559999465942383,22.34060478210449,1957700.0
2019-01-22,25.6299991607666,25.6299991607666,25.540000915527344,25.559999465942383,22.34060478210449,794700.0
2019-01-23,25.549999237060547,25.57999992370605,25.5,25.5,22.28816032409668,1153800.0
2019-01-24,25.530000686645508,25.68000030517578,25.530000686645508,25.64999961853028,22.419265747070312,267400.0
2019-01-25,25.549999237060547,25.549999237060547,25.43000030517578,25.440000534057617,22.2357177734375,619100.0
2019-01-28,25.440000534057617,25.46999931335449,25.39999961853028,25.459999084472656,22.253198623657227,932700.0
2019-01-29,25.459999084472656,25.46999931335449,25.420000076293945,25.46999931335449,22.261940002441406,591200.0
2019-01-30,25.46999931335449,25.5,25.299999237060547,25.34000015258789,22.148311614990234,1213100.0
2019-01-31,25.309999465942383,25.40999984741211,25.309999465942383,25.38999938964844,22.192014694213867,1455000.0
2019-02-01,25.350000381469727,25.420000076293945,25.350000381469727,25.38999938964844,22.192014694213867,1043600.0
2019-02-04,25.459999084472656,25.5,25.459999084472656,25.459999084472656,22.253198623657227,806700.0
2019-02-05,25.51000022888184,25.559999465942383,25.479999542236328,25.530000686645508,22.314382553100582,633000.0
2019-02-06,25.549999237060547,25.63999938964844,25.549999237060547,25.6299991607666,22.40178680419922,575200.0
2019-02-07,25.64999961853028,25.690000534057617,25.63999938964844,25.690000534057617,22.4542293548584,396900.0
2019-02-08,25.690000534057617,25.71999931335449,25.670000076293945,25.71999931335449,22.480451583862305,263800.0
2019-02-11,25.780000686645508,25.850000381469727,25.780000686645508,25.81999969482422,22.567855834960938,829300.0
2019-02-12,25.799999237060547,25.81999969482422,25.71999931335449,25.729999542236328,22.48919105529785,437000.0
2019-02-13,25.81999969482422,25.8700008392334,25.770000457763672,25.8700008392334,22.611557006835938,374100.0
2019-02-14,25.84000015258789,25.89999961853028,25.81999969482422,25.84000015258789,22.58533477783203,522600.0
2019-02-15,25.82999992370605,25.8799991607666,25.780000686645508,25.790000915527344,22.541635513305664,480000.0
2019-02-19,25.790000915527344,25.790000915527344,25.68000030517578,25.690000534057617,22.4542293548584,1069200.0
2019-02-20,25.71999931335449,25.729999542236328,25.64999961853028,25.709999084472656,22.471710205078125,352200.0
2019-02-21,25.690000534057617,25.75,25.690000534057617,25.729999542236328,22.48919105529785,209100.0
2019-02-22,25.729999542236328,25.75,25.690000534057617,25.71999931335449,22.480451583862305,165800.0
2019-02-25,25.68000030517578,25.739999771118164,25.68000030517578,25.700000762939453,22.462968826293945,372100.0
2019-02-26,25.65999984741211,25.709999084472656,25.559999465942383,25.600000381469727,22.375564575195312,391400.0
2019-02-27,25.56999969482422,25.63999938964844,25.56999969482422,25.6200008392334,22.393047332763672,389100.0
2019-02-28,25.61000061035156,25.670000076293945,25.600000381469727,25.63999938964844,22.41052627563477,340500.0
2019-03-01,25.6299991607666,25.75,25.61000061035156,25.739999771118164,22.4979305267334,886700.0
2019-03-04,25.770000457763672,25.81999969482422,25.770000457763672,25.770000457763672,22.524152755737305,254100.0
2019-03-05,25.809999465942383,25.8799991607666,25.799999237060547,25.84000015258789,22.58533477783203,426200.0
2019-03-06,25.82999992370605,25.850000381469727,25.81999969482422,25.84000015258789,22.58533477783203,782600.0
2019-03-07,25.950000762939453,26.06999969482422,25.950000762939453,26.06999969482422,22.78636741638184,689700.0
2019-03-08,25.989999771118164,25.989999771118164,25.959999084472656,25.989999771118164,22.716442108154297,512400.0
2019-03-11,25.950000762939453,25.989999771118164,25.93000030517578,25.93000030517578,22.66399955749512,605700.0
2019-03-12,25.89999961853028,25.90999984741211,25.850000381469727,25.8799991607666,22.62029838562012,593800.0
2019-03-13,25.84000015258789,25.850000381469727,25.75,25.76000022888184,22.51541328430176,519800.0
2019-03-14,25.82999992370605,25.850000381469727,25.81999969482422,25.84000015258789,22.58533477783203,266500.0
2019-03-15,25.81999969482422,25.81999969482422,25.770000457763672,25.799999237060547,22.55037307739257,349800.0
2019-03-18,25.75,25.809999465942383,25.75,25.770000457763672,22.524152755737305,381500.0
2019-03-19,25.729999542236328,25.76000022888184,25.71999931335449,25.739999771118164,22.4979305267334,269400.0
2019-03-20,25.75,25.780000686645508,25.559999465942383,25.59000015258789,22.366823196411133,1034500.0
2019-03-21,25.690000534057617,25.809999465942383,25.68000030517578,25.75,22.50667190551757,575800.0
2019-03-22,25.799999237060547,25.86000061035156,25.790000915527344,25.799999237060547,22.55037307739257,690100.0
2019-03-25,25.76000022888184,25.809999465942383,25.76000022888184,25.799999237060547,22.55037307739257,416100.0
2019-03-26,25.82999992370605,25.8799991607666,25.81999969482422,25.8799991607666,22.62029838562012,254000.0
2019-03-27,25.88999938964844,25.920000076293945,25.8700008392334,25.90999984741211,22.646520614624023,225300.0
2019-03-28,25.989999771118164,26.030000686645508,25.96999931335449,26.0,22.72518348693848,315000.0
2019-03-29,25.979999542236328,26.030000686645508,25.96999931335449,26.030000686645508,22.75140380859375,582400.0
2019-04-01,25.96999931335449,26.030000686645508,25.959999084472656,26.01000022888184,22.733922958374023,877300.0
2019-04-02,26.049999237060547,26.100000381469727,26.030000686645508,26.040000915527344,22.76014518737793,325500.0
2019-04-03,25.979999542236328,26.0,25.950000762939453,26.0,22.72518348693848,2471200.0
2019-04-04,26.049999237060547,26.049999237060547,26.030000686645508,26.030000686645508,22.75140380859375,294000.0
2019-04-05,26.040000915527344,26.09000015258789,26.040000915527344,26.059999465942383,22.777624130249023,222400.0
2019-04-08,25.979999542236328,26.0,25.959999084472656,25.96999931335449,22.698963165283203,329800.0
2019-04-09,25.93000030517578,25.979999542236328,25.93000030517578,25.979999542236328,22.70770263671875,958800.0
2019-04-10,26.020000457763672,26.020000457763672,25.93000030517578,25.940000534057617,22.672740936279297,1064300.0
2019-04-11,26.01000022888184,26.030000686645508,25.979999542236328,26.020000457763672,22.742664337158203,287100.0
2019-04-12,25.920000076293945,25.979999542236328,25.90999984741211,25.959999084472656,22.690221786499023,336400.0
2019-04-15,25.93000030517578,25.96999931335449,25.93000030517578,25.950000762939453,22.681480407714844,197500.0
2019-04-16,25.989999771118164,26.01000022888184,25.959999084472656,26.01000022888184,22.733922958374023,267200.0
2019-04-17,25.989999771118164,26.01000022888184,25.979999542236328,25.989999771118164,22.716442108154297,162200.0
2019-04-18,26.09000015258789,26.13999938964844,26.07999992370605,26.1299991607666,22.838809967041016,491700.0
2019-04-22,26.09000015258789,26.100000381469727,26.06999969482422,26.06999969482422,22.78636741638184,230300.0
2019-04-23,26.18000030517578,26.21999931335449,26.15999984741211,26.15999984741211,22.86503028869629,734000.0
2019-04-24,26.229999542236328,26.34000015258789,26.190000534057617,26.290000915527344,22.978656768798828,565400.0
2019-04-25,26.32999992370605,26.350000381469727,26.299999237060547,26.34000015258789,23.022357940673828,709900.0
2019-04-26,26.299999237060547,26.309999465942383,26.25,26.309999465942383,22.99613571166992,268300.0
2019-04-29,26.309999465942383,26.32999992370605,26.25,26.25,22.94369506835937,293500.0
2019-04-30,26.15999984741211,26.209999084472656,26.14999961853028,26.170000076293945,22.87377166748047,1107300.0
2019-05-01,26.13999938964844,26.229999542236328,26.06999969482422,26.200000762939453,22.899991989135746,732900.0
2019-05-02,26.209999084472656,26.270000457763672,26.209999084472656,26.26000022888184,22.95243453979492,240100.0
2019-05-03,26.270000457763672,26.280000686645508,26.15999984741211,26.15999984741211,22.86503028869629,1292700.0
2019-05-06,26.21999931335449,26.229999542236328,26.170000076293945,26.18000030517578,22.882511138916016,453100.0
2019-05-07,26.209999084472656,26.25,26.190000534057617,26.200000762939453,22.899991989135746,451300.0
2019-05-08,26.190000534057617,26.229999542236328,26.170000076293945,26.209999084472656,22.90873146057129,254100.0
2019-05-09,26.209999084472656,26.229999542236328,26.1200008392334,26.15999984741211,22.86503028869629,205000.0
2019-05-10,26.1200008392334,26.15999984741211,26.09000015258789,26.14999961853028,22.85628890991211,273200.0
2019-05-13,26.06999969482422,26.15999984741211,26.06999969482422,26.14999961853028,22.85628890991211,395400.0
2019-05-14,26.190000534057617,26.209999084472656,26.190000534057617,26.209999084472656,22.90873146057129,200100.0
2019-05-15,26.239999771118164,26.26000022888184,26.190000534057617,26.21999931335449,22.9174747467041,414700.0
2019-05-16,26.26000022888184,26.31999969482422,26.26000022888184,26.290000915527344,22.978656768798828,169400.0
2019-05-17,26.299999237060547,26.350000381469727,26.299999237060547,26.350000381469727,23.031099319458008,399700.0
2019-05-20,26.34000015258789,26.34000015258789,26.31999969482422,26.32999992370605,23.01361846923828,400400.0
2019-05-21,26.3700008392334,26.38999938964844,26.309999465942383,26.3700008392334,23.04858016967773,758700.0
2019-05-22,26.3700008392334,26.38999938964844,26.36000061035156,26.38999938964844,23.06606101989746,311500.0
2019-05-23,26.459999084472656,26.46999931335449,26.309999465942383,26.34000015258789,23.022357940673828,538400.0
2019-05-24,26.299999237060547,26.309999465942383,26.25,26.25,22.94369506835937,228000.0
2019-05-28,26.299999237060547,26.3799991607666,26.299999237060547,26.36000061035156,23.039838790893555,455000.0
2019-05-29,26.39999961853028,26.43000030517578,26.3799991607666,26.420000076293945,23.09228134155273,355200.0
2019-05-30,26.440000534057617,26.459999084472656,26.420000076293945,26.43000030517578,23.10102272033692,228300.0
2019-05-31,26.38999938964844,26.38999938964844,26.309999465942383,26.31999969482422,23.00487899780273,569600.0
2019-06-03,26.299999237060547,26.299999237060547,26.14999961853028,26.18000030517578,22.882511138916016,2164100.0
2019-06-04,26.200000762939453,26.21999931335449,26.1299991607666,26.14999961853028,22.85628890991211,880800.0
2019-06-05,26.1299991607666,26.239999771118164,26.11000061035156,26.239999771118164,22.934953689575195,1373700.0
2019-06-06,26.14999961853028,26.190000534057617,26.09000015258789,26.14999961853028,22.85628890991211,567000.0
2019-06-07,26.059999465942383,26.07999992370605,26.0,26.040000915527344,22.76014518737793,685100.0
2019-06-10,26.07999992370605,26.13999938964844,26.06999969482422,26.06999969482422,22.78636741638184,497700.0
2019-06-11,26.07999992370605,26.11000061035156,26.059999465942383,26.07999992370605,22.795106887817383,160500.0
2019-06-12,26.11000061035156,26.15999984741211,26.06999969482422,26.14999961853028,22.85628890991211,407200.0
2019-06-13,26.170000076293945,26.190000534057617,26.14999961853028,26.170000076293945,22.87377166748047,288800.0
2019-06-14,26.26000022888184,26.32999992370605,26.239999771118164,26.309999465942383,22.99613571166992,541100.0
2019-06-17,26.270000457763672,26.32999992370605,26.270000457763672,26.31999969482422,23.00487899780273,226000.0
2019-06-18,26.290000915527344,26.3799991607666,26.290000915527344,26.36000061035156,23.039838790893555,782400.0
2019-06-19,26.309999465942383,26.32999992370605,26.190000534057617,26.239999771118164,22.934953689575195,853600.0
2019-06-20,26.09000015258789,26.1200008392334,26.06999969482422,26.07999992370605,22.795106887817383,652300.0
2019-06-21,26.059999465942383,26.09000015258789,25.950000762939453,25.950000762939453,22.681480407714844,1123300.0
2019-06-24,25.940000534057617,25.959999084472656,25.89999961853028,25.90999984741211,22.646520614624023,3073800.0
2019-06-25,25.90999984741211,26.01000022888184,25.88999938964844,25.96999931335449,22.698963165283203,1605700.0
2019-06-26,25.979999542236328,26.01000022888184,25.93000030517578,25.989999771118164,22.716442108154297,224300.0
2019-06-27,25.979999542236328,26.0,25.979999542236328,25.989999771118164,22.716442108154297,753200.0
2019-06-28,25.96999931335449,26.01000022888184,25.940000534057617,25.96999931335449,22.698963165283203,285900.0
2019-07-01,26.049999237060547,26.170000076293945,26.040000915527344,26.15999984741211,22.86503028869629,1022300.0
2019-07-02,26.1200008392334,26.15999984741211,26.09000015258789,26.13999938964844,22.84754943847656,383900.0
2019-07-03,26.1200008392334,26.15999984741211,26.09000015258789,26.13999938964844,22.84754943847656,677800.0
2019-07-05,26.270000457763672,26.34000015258789,26.270000457763672,26.280000686645508,22.96991539001465,389700.0
2019-07-08,26.309999465942383,26.34000015258789,26.299999237060547,26.32999992370605,23.01361846923828,316900.0
2019-07-09,26.36000061035156,26.3700008392334,26.34000015258789,26.350000381469727,23.031099319458008,370400.0
2019-07-10,26.290000915527344,26.309999465942383,26.229999542236328,26.239999771118164,22.934953689575195,540500.0
2019-07-11,26.229999542236328,26.270000457763672,26.229999542236328,26.239999771118164,22.934953689575195,158900.0
2019-07-12,26.239999771118164,26.239999771118164,26.170000076293945,26.190000534057617,22.891252517700195,208900.0
2019-07-15,26.190000534057617,26.229999542236328,26.190000534057617,26.229999542236328,22.92621421813965,217900.0
2019-07-16,26.299999237060547,26.36000061035156,26.299999237060547,26.350000381469727,23.031099319458008,485600.0
2019-07-17,26.34000015258789,26.34000015258789,26.280000686645508,26.299999237060547,22.98739624023437,260000.0
2019-07-18,26.299999237060547,26.31999969482422,26.15999984741211,26.15999984741211,22.86503028869629,350600.0
2019-07-19,26.280000686645508,26.32999992370605,26.26000022888184,26.290000915527344,22.978656768798828,332100.0
2019-07-22,26.31999969482422,26.34000015258789,26.309999465942383,26.34000015258789,23.022357940673828,286100.0
2019-07-23,26.43000030517578,26.46999931335449,26.43000030517578,26.459999084472656,23.127243041992188,309900.0
2019-07-24,26.450000762939453,26.479999542236328,26.420000076293945,26.459999084472656,23.127243041992188,292300.0
2019-07-25,26.440000534057617,26.530000686645508,26.40999984741211,26.51000022888184,23.17094612121582,1315600.0
2019-07-26,26.520000457763672,26.57999992370605,26.520000457763672,26.549999237060547,23.20590782165528,438500.0
2019-07-29,26.59000015258789,26.600000381469727,26.559999465942383,26.56999969482422,23.223388671875,803900.0
2019-07-30,26.59000015258789,26.61000061035156,26.56999969482422,26.56999969482422,23.223388671875,274300.0
2019-07-31,26.57999992370605,26.739999771118164,26.549999237060547,26.729999542236328,23.363237380981445,810400.0
2019-08-01,26.799999237060547,26.799999237060547,26.63999938964844,26.64999961853028,23.293312072753903,1117900.0
2019-08-02,26.65999984741211,26.65999984741211,26.57999992370605,26.59000015258789,23.240869522094727,370700.0
2019-08-05,26.479999542236328,26.5,26.420000076293945,26.459999084472656,23.127243041992188,1188500.0
2019-08-06,26.489999771118164,26.51000022888184,26.450000762939453,26.489999771118164,23.153465270996094,369900.0
2019-08-07,26.440000534057617,26.479999542236328,26.39999961853028,26.46999931335449,23.135984420776367,1999900.0
2019-08-08,26.51000022888184,26.51000022888184,26.420000076293945,26.489999771118164,23.153465270996094,2407900.0
2019-08-09,26.459999084472656,26.489999771118164,26.40999984741211,26.459999084472656,23.127243041992188,523600.0
2019-08-12,26.43000030517578,26.450000762939453,26.40999984741211,26.440000534057617,23.109764099121094,650200.0
2019-08-13,26.440000534057617,26.559999465942383,26.43000030517578,26.559999465942383,23.21464729309082,483800.0
2019-08-14,26.549999237060547,26.6200008392334,26.530000686645508,26.6200008392334,23.26708984375,813600.0
2019-08-15,26.600000381469727,26.670000076293945,26.59000015258789,26.63999938964844,23.28457260131836,2435300.0
2019-08-16,26.709999084472656,26.709999084472656,26.63999938964844,26.65999984741211,23.30205345153809,730300.0
2019-08-19,26.68000030517578,26.729999542236328,26.670000076293945,26.71999931335449,23.354496002197266,517900.0
2019-08-20,26.729999542236328,26.739999771118164,26.64999961853028,26.65999984741211,23.30205345153809,516700.0
2019-08-21,26.670000076293945,26.709999084472656,26.65999984741211,26.690000534057617,23.328275680541992,1076900.0
2019-08-22,26.670000076293945,26.700000762939453,26.63999938964844,26.670000076293945,23.31079292297364,299600.0
2019-08-23,26.700000762939453,26.770000457763672,26.51000022888184,26.520000457763672,23.179685592651367,2520300.0
2019-08-26,26.6200008392334,26.65999984741211,26.61000061035156,26.65999984741211,23.30205345153809,487700.0
2019-08-27,26.6200008392334,26.63999938964844,26.61000061035156,26.63999938964844,23.28457260131836,284900.0
2019-08-28,26.68000030517578,26.709999084472656,26.670000076293945,26.700000762939453,23.33701515197754,808700.0
2019-08-29,26.729999542236328,26.790000915527344,26.700000762939453,26.770000457763672,23.398197174072266,1463500.0
2019-08-30,26.790000915527344,26.920000076293945,26.75,26.8700008392334,23.4856014251709,623500.0
2019-09-03,26.989999771118164,27.01000022888184,26.89999961853028,26.93000030517578,23.53804397583008,1803600.0
2019-09-04,26.81999969482422,26.82999992370605,26.75,26.76000022888184,23.38945770263672,1136600.0
2019-09-05,26.68000030517578,26.770000457763672,26.670000076293945,26.770000457763672,23.398197174072266,799900.0
2019-09-06,26.729999542236328,26.780000686645508,26.700000762939453,26.780000686645508,23.406938552856445,813300.0
2019-09-09,26.739999771118164,26.75,26.700000762939453,26.729999542236328,23.363237380981445,936100.0
2019-09-10,26.75,26.770000457763672,26.739999771118164,26.76000022888184,23.38945770263672,286900.0
2019-09-11,26.84000015258789,26.8700008392334,26.82999992370605,26.84000015258789,23.459381103515625,449500.0
2019-09-12,26.8799991607666,26.89999961853028,26.71999931335449,26.76000022888184,23.38945770263672,450400.0
2019-09-13,26.709999084472656,26.75,26.700000762939453,26.71999931335449,23.354496002197266,2010800.0
2019-09-16,26.799999237060547,26.86000061035156,26.799999237060547,26.84000015258789,23.459381103515625,433100.0
2019-09-17,26.81999969482422,26.84000015258789,26.71999931335449,26.71999931335449,23.354496002197266,395400.0
2019-09-18,26.76000022888184,26.86000061035156,26.75,26.81999969482422,23.4419002532959,895600.0
2019-09-19,26.76000022888184,26.790000915527344,26.729999542236328,26.76000022888184,23.38945770263672,517200.0
2019-09-20,26.82999992370605,26.86000061035156,26.81999969482422,26.82999992370605,23.45064163208008,303200.0
2019-09-23,26.88999938964844,26.88999938964844,26.850000381469727,26.8700008392334,23.4856014251709,355300.0
2019-09-24,26.850000381469727,26.850000381469727,26.770000457763672,26.770000457763672,23.398197174072266,513600.0
2019-09-25,26.89999961853028,26.989999771118164,26.8799991607666,26.979999542236328,23.58174705505371,894900.0
2019-09-26,26.950000762939453,27.059999465942383,26.93000030517578,27.049999237060547,23.642932891845703,821500.0
2019-09-27,27.040000915527344,27.040000915527344,26.979999542236328,27.01000022888184,23.607969284057617,394300.0
2019-09-30,27.100000381469727,27.11000061035156,27.059999465942383,27.100000381469727,23.686635971069336,427500.0
2019-10-01,27.15999984741211,27.170000076293945,27.0,27.01000022888184,23.607969284057617,972700.0
2019-10-02,27.030000686645508,27.040000915527344,26.979999542236328,26.989999771118164,23.59048843383789,713300.0
2019-10-03,27.0,27.01000022888184,26.89999961853028,26.979999542236328,23.58174705505371,896300.0
2019-10-04,26.979999542236328,27.0,26.950000762939453,26.959999084472656,23.56426429748535,2127300.0
2019-10-07,26.950000762939453,27.01000022888184,26.940000534057617,27.01000022888184,23.607969284057617,452900.0
2019-10-08,27.0,27.07999992370605,27.0,27.049999237060547,23.642932891845703,1320500.0
2019-10-09,27.0,27.049999237060547,27.0,27.030000686645508,23.625450134277344,346000.0
2019-10-10,26.959999084472656,26.989999771118164,26.90999984741211,26.920000076293945,23.52930450439453,467300.0
2019-10-11,26.81999969482422,26.86000061035156,26.790000915527344,26.81999969482422,23.4419002532959,558800.0
2019-10-14,26.8799991607666,26.89999961853028,26.86000061035156,26.89999961853028,23.511823654174805,336600.0
2019-10-15,26.90999984741211,26.93000030517578,26.809999465942383,26.81999969482422,23.4419002532959,413600.0
2019-10-16,26.799999237060547,26.81999969482422,26.729999542236328,26.75,23.38071632385254,614600.0
2019-10-17,26.65999984741211,26.68000030517578,26.6299991607666,26.64999961853028,23.293312072753903,545400.0
2019-10-18,26.61000061035156,26.6299991607666,26.549999237060547,26.549999237060547,23.20590782165528,397300.0
2019-10-21,26.540000915527344,26.59000015258789,26.540000915527344,26.56999969482422,23.223388671875,391100.0
2019-10-22,26.61000061035156,26.63999938964844,26.559999465942383,26.6299991607666,23.27583312988281,2139300.0
2019-10-23,26.63999938964844,26.65999984741211,26.600000381469727,26.6200008392334,23.26708984375,408100.0
2019-10-24,26.61000061035156,26.71999931335449,26.61000061035156,26.700000762939453,23.33701515197754,624900.0
2019-10-25,26.709999084472656,26.75,26.690000534057617,26.729999542236328,23.363237380981445,368600.0
2019-10-28,26.709999084472656,26.71999931335449,26.690000534057617,26.709999084472656,23.345752716064453,505800.0
2019-10-29,26.709999084472656,26.71999931335449,26.670000076293945,26.700000762939453,23.33701515197754,325400.0
2019-10-30,26.700000762939453,26.780000686645508,26.6299991607666,26.63999938964844,23.28457260131836,319200.0
2019-10-31,26.61000061035156,26.63999938964844,26.59000015258789,26.59000015258789,23.240869522094727,293500.0
2019-11-01,26.600000381469727,26.61000061035156,26.559999465942383,26.57999992370605,23.23213005065918,648800.0
2019-11-04,26.6200008392334,26.68000030517578,26.61000061035156,26.68000030517578,23.31953430175781,389200.0
2019-11-05,26.729999542236328,26.799999237060547,26.71999931335449,26.780000686645508,23.406938552856445,1795200.0
2019-11-06,26.75,26.790000915527344,26.75,26.780000686645508,23.406938552856445,425200.0
2019-11-07,26.799999237060547,26.8700008392334,26.799999237060547,26.84000015258789,23.459381103515625,548200.0
2019-11-08,26.90999984741211,26.920000076293945,26.8799991607666,26.89999961853028,23.511823654174805,237400.0
2019-11-11,26.8700008392334,26.8700008392334,26.850000381469727,26.86000061035156,23.47686195373535,135500.0
2019-11-12,26.89999961853028,26.920000076293945,26.8799991607666,26.89999961853028,23.511823654174805,347500.0
2019-11-13,26.920000076293945,26.920000076293945,26.88999938964844,26.88999938964844,23.50308418273925,150900.0
2019-11-14,26.90999984741211,26.93000030517578,26.850000381469727,26.8700008392334,23.4856014251709,123200.0
2019-11-15,26.82999992370605,26.84000015258789,26.809999465942383,26.809999465942383,23.43315887451172,439200.0
2019-11-18,26.790000915527344,26.790000915527344,26.729999542236328,26.76000022888184,23.38945770263672,528700.0
2019-11-19,26.770000457763672,26.790000915527344,26.76000022888184,26.790000915527344,23.415679931640625,269700.0
2019-11-20,26.799999237060547,26.82999992370605,26.790000915527344,26.790000915527344,23.415679931640625,473500.0
2019-11-21,26.790000915527344,26.850000381469727,26.780000686645508,26.82999992370605,23.45064163208008,111300.0
2019-11-22,26.809999465942383,26.920000076293945,26.809999465942383,26.90999984741211,23.520565032958984,225800.0
2019-11-25,26.93000030517578,26.940000534057617,26.88999938964844,26.93000030517578,23.53804397583008,601200.0
2019-11-26,26.920000076293945,26.940000534057617,26.89999961853028,26.89999961853028,23.511823654174805,307900.0
2019-11-27,26.940000534057617,26.959999084472656,26.93000030517578,26.940000534057617,23.54678726196289,176000.0
2019-11-29,26.950000762939453,26.979999542236328,26.89999961853028,26.90999984741211,23.520565032958984,2004200.0
2019-12-02,26.8799991607666,26.88999938964844,26.790000915527344,26.799999237060547,23.42441940307617,704800.0
2019-12-03,26.770000457763672,26.790000915527344,26.75,26.770000457763672,23.398197174072266,499700.0
2019-12-04,26.700000762939453,26.76000022888184,26.68000030517578,26.739999771118164,23.371976852416992,317000.0
2019-12-05,26.71999931335449,26.71999931335449,26.68000030517578,26.68000030517578,23.31953430175781,270800.0
2019-12-06,26.76000022888184,26.81999969482422,26.75,26.780000686645508,23.406938552856445,313400.0
2019-12-09,26.739999771118164,26.780000686645508,26.739999771118164,26.75,23.38071632385254,212200.0
2019-12-10,26.709999084472656,26.75,26.700000762939453,26.71999931335449,23.354496002197266,205700.0
2019-12-11,26.700000762939453,26.71999931335449,26.59000015258789,26.6200008392334,23.26708984375,552300.0
2019-12-12,26.61000061035156,26.739999771118164,26.61000061035156,26.65999984741211,23.30205345153809,627300.0
2019-12-13,26.57999992370605,26.65999984741211,26.57999992370605,26.65999984741211,23.30205345153809,291700.0
2019-12-16,26.59000015258789,26.6299991607666,26.56999969482422,26.61000061035156,23.258350372314453,814400.0
2019-12-17,26.63999938964844,26.65999984741211,26.6299991607666,26.65999984741211,23.30205345153809,199300.0
2019-12-18,26.690000534057617,26.71999931335449,26.68000030517578,26.709999084472656,23.345752716064453,237900.0
2019-12-19,26.71999931335449,26.729999542236328,26.690000534057617,26.709999084472656,23.345752716064453,427300.0
2019-12-20,26.76000022888184,26.809999465942383,26.76000022888184,26.799999237060547,23.42441940307617,686800.0
2019-12-23,26.3700008392334,26.3700008392334,26.239999771118164,26.26000022888184,23.411937713623047,826000.0
2019-12-24,26.270000457763672,26.280000686645508,26.239999771118164,26.26000022888184,23.411937713623047,274200.0
2019-12-26,26.239999771118164,26.26000022888184,26.209999084472656,26.21999931335449,23.37627601623535,235100.0
2019-12-27,26.1200008392334,26.13999938964844,26.06999969482422,26.09000015258789,23.260374069213867,573300.0
2019-12-30,26.040000915527344,26.049999237060547,26.0,26.040000915527344,23.21579933166504,527600.0
2019-12-31,25.959999084472656,25.979999542236328,25.93000030517578,25.96999931335449,23.15339088439941,505200.0
2020-01-02,26.049999237060547,26.07999992370605,25.989999771118164,26.059999465942383,23.233627319335938,556500.0
2020-01-03,26.1200008392334,26.1200008392334,26.040000915527344,26.09000015258789,23.260374069213867,663500.0
2020-01-06,26.020000457763672,26.049999237060547,26.020000457763672,26.030000686645508,23.20688247680664,308800.0
2020-01-07,26.100000381469727,26.13999938964844,26.100000381469727,26.1200008392334,23.2871208190918,145100.0
2020-01-08,26.14999961853028,26.209999084472656,26.13999938964844,26.190000534057617,23.34953117370605,685600.0
2020-01-09,26.239999771118164,26.280000686645508,26.239999771118164,26.239999771118164,23.394105911254883,167000.0
2020-01-10,26.26000022888184,26.270000457763672,26.209999084472656,26.21999931335449,23.37627601623535,211800.0
2020-01-13,26.25,26.26000022888184,26.209999084472656,26.21999931335449,23.37627601623535,217000.0
2020-01-14,26.270000457763672,26.280000686645508,26.21999931335449,26.229999542236328,23.38519096374512,589900.0
2020-01-15,26.18000030517578,26.21999931335449,26.18000030517578,26.190000534057617,23.34953117370605,242500.0
2020-01-16,26.190000534057617,26.239999771118164,26.190000534057617,26.229999542236328,23.38519096374512,108600.0
2020-01-17,26.290000915527344,26.31999969482422,26.290000915527344,26.31999969482422,23.465431213378903,284500.0
2020-01-21,26.26000022888184,26.309999465942383,26.26000022888184,26.299999237060547,23.44759750366211,327200.0
2020-01-22,26.270000457763672,26.32999992370605,26.270000457763672,26.280000686645508,23.42976760864257,216500.0
2020-01-23,26.32999992370605,26.3700008392334,26.31999969482422,26.350000381469727,23.49217796325684,126400.0
2020-01-24,26.3799991607666,26.420000076293945,26.3799991607666,26.38999938964844,23.5278377532959,221800.0
2020-01-27,26.39999961853028,26.440000534057617,26.39999961853028,26.43000030517578,23.5634994506836,226800.0
2020-01-28,26.459999084472656,26.479999542236328,26.43000030517578,26.43000030517578,23.5634994506836,158400.0
2020-01-29,26.479999542236328,26.489999771118164,26.440000534057617,26.46999931335449,23.59916114807129,152600.0
2020-01-30,26.43000030517578,26.440000534057617,26.38999938964844,26.38999938964844,23.5278377532959,160900.0
2020-01-31,26.350000381469727,26.36000061035156,26.270000457763672,26.280000686645508,23.42976760864257,784700.0
2020-02-03,26.3799991607666,26.43000030517578,26.3799991607666,26.40999984741211,23.545669555664062,860600.0
2020-02-04,26.43000030517578,26.450000762939453,26.43000030517578,26.450000762939453,23.58133125305176,469400.0
2020-02-05,26.520000457763672,26.549999237060547,26.5,26.549999237060547,23.67048454284668,388100.0
2020-02-06,26.549999237060547,26.6200008392334,26.549999237060547,26.600000381469727,23.715063095092773,140600.0
2020-02-07,26.59000015258789,26.65999984741211,26.59000015258789,26.65999984741211,23.7685546875,95700.0
2020-02-10,26.68000030517578,26.709999084472656,26.65999984741211,26.700000762939453,23.804218292236328,256100.0
2020-02-11,26.690000534057617,26.690000534057617,26.65999984741211,26.670000076293945,23.7774715423584,268900.0
2020-02-12,26.65999984741211,26.75,26.65999984741211,26.739999771118164,23.83987808227539,172400.0
2020-02-13,26.739999771118164,26.770000457763672,26.71999931335449,26.770000457763672,23.86662483215332,592400.0
2020-02-14,26.770000457763672,26.780000686645508,26.729999542236328,26.76000022888184,23.857709884643555,162600.0
2020-02-18,26.86000061035156,26.8700008392334,26.799999237060547,26.86000061035156,23.94686508178711,148400.0
2020-02-19,26.90999984741211,26.940000534057617,26.89999961853028,26.90999984741211,23.99144172668457,246100.0
2020-02-20,26.940000534057617,26.989999771118164,26.93000030517578,26.989999771118164,24.062763214111328,385600.0
2020-02-21,26.940000534057617,26.940000534057617,26.81999969482422,26.82999992370605,23.920116424560547,1199500.0
2020-02-24,26.8700008392334,26.8799991607666,26.780000686645508,26.84000015258789,23.929031372070312,335800.0
2020-02-25,26.82999992370605,26.84000015258789,26.729999542236328,26.76000022888184,23.857709884643555,355000.0
2020-02-26,26.790000915527344,26.84000015258789,26.76000022888184,26.780000686645508,23.87553977966309,1037600.0
2020-02-27,26.63999938964844,26.68000030517578,26.59000015258789,26.6200008392334,23.732892990112305,1103600.0
2020-02-28,26.6200008392334,26.709999084472656,26.489999771118164,26.530000686645508,23.65265464782715,4081100.0
2020-03-02,26.40999984741211,26.420000076293945,26.290000915527344,26.38999938964844,23.5278377532959,1447200.0
2020-03-03,26.38999938964844,26.38999938964844,26.229999542236328,26.280000686645508,23.42976760864257,1429500.0
2020-03-04,26.3700008392334,26.40999984741211,26.34000015258789,26.3700008392334,23.510007858276367,613900.0
2020-03-05,26.239999771118164,26.280000686645508,26.15999984741211,26.170000076293945,23.33169937133789,848300.0
2020-03-06,25.93000030517578,26.040000915527344,25.920000076293945,26.020000457763672,23.197967529296875,1574800.0
2020-03-09,25.739999771118164,25.75,24.63999938964844,25.739999771118164,22.94833374023437,2684400.0
2020-03-10,25.90999984741211,26.15999984741211,25.90999984741211,26.1200008392334,23.2871208190918,5135700.0
2020-03-11,26.040000915527344,26.170000076293945,26.01000022888184,26.15999984741211,23.322784423828125,722700.0
2020-03-12,26.25,26.65999984741211,26.190000534057617,26.440000534057617,23.572416305541992,3224700.0
2020-03-13,26.56999969482422,27.96999931335449,26.540000915527344,27.440000534057617,24.463960647583008,1333500.0
2020-03-16,26.64999961853028,26.690000534057617,26.32999992370605,26.559999465942383,23.679399490356445,1673200.0
2020-03-17,26.93000030517578,27.100000381469727,26.90999984741211,27.030000686645508,24.098426818847656,1456000.0
2020-03-18,27.229999542236328,28.01000022888184,27.21999931335449,27.440000534057617,24.463960647583008,4116300.0
2020-03-19,28.88999938964844,28.89999961853028,27.75,28.09000015258789,25.0434627532959,4056500.0
2020-03-20,28.0,28.07999992370605,27.68000030517578,28.01000022888184,24.97214126586914,6811700.0
2020-03-23,27.86000061035156,28.0,27.729999542236328,27.96999931335449,24.93647766113281,2220200.0
2020-03-24,27.549999237060547,27.739999771118164,27.51000022888184,27.64999961853028,24.65118408203125,5991000.0
2020-03-25,27.549999237060547,27.63999938964844,27.299999237060547,27.38999938964844,24.41938209533692,4433200.0
2020-03-26,27.14999961853028,27.15999984741211,26.940000534057617,26.950000762939453,24.027103424072266,7221000.0
2020-03-27,27.07999992370605,27.11000061035156,26.670000076293945,26.729999542236328,23.830963134765625,4150600.0
2020-03-30,26.88999938964844,26.950000762939453,26.84000015258789,26.850000381469727,23.93794822692871,2272500.0
2020-03-31,26.979999542236328,27.049999237060547,26.790000915527344,26.82999992370605,23.920116424560547,1534800.0
2020-04-01,26.989999771118164,27.049999237060547,26.950000762939453,27.0,24.071680068969727,3000000.0
2020-04-02,27.1200008392334,27.209999084472656,27.040000915527344,27.13999938964844,24.196496963500977,3650000.0
2020-04-03,27.26000022888184,27.350000381469727,27.239999771118164,27.290000915527344,24.330230712890625,3110700.0
2020-04-06,27.270000457763672,27.36000061035156,27.25,27.299999237060547,24.33914375305176,1704900.0
2020-04-07,27.01000022888184,27.100000381469727,27.0,27.049999237060547,24.11625862121582,2140300.0
2020-04-08,27.06999969482422,27.14999961853028,27.06999969482422,27.14999961853028,24.205411911010746,2153400.0
2020-04-09,26.950000762939453,27.0,26.88999938964844,26.950000762939453,24.027103424072266,1685500.0
2020-04-13,26.940000534057617,26.96999931335449,26.8799991607666,26.90999984741211,23.99144172668457,1185600.0
2020-04-14,26.81999969482422,26.84000015258789,26.76000022888184,26.76000022888184,23.857709884643555,2435900.0
2020-04-15,27.049999237060547,27.059999465942383,26.8799991607666,26.959999084472656,24.0360164642334,2069600.0
2020-04-16,27.020000457763672,27.18000030517578,26.989999771118164,27.07999992370605,24.14300537109375,2609300.0
2020-04-17,27.020000457763672,27.040000915527344,26.96999931335449,27.01000022888184,24.08059501647949,881600.0
2020-04-20,27.06999969482422,27.100000381469727,27.01000022888184,27.100000381469727,24.16083717346192,1298900.0
2020-04-21,27.200000762939453,27.21999931335449,27.100000381469727,27.13999938964844,24.196496963500977,1643800.0
2020-04-22,27.100000381469727,27.229999542236328,27.100000381469727,27.21999931335449,24.267822265625,947700.0
2020-04-23,27.239999771118164,27.26000022888184,27.100000381469727,27.229999542236328,24.27673721313477,1491100.0
2020-04-24,27.200000762939453,27.229999542236328,27.15999984741211,27.170000076293945,24.223243713378903,843600.0
2020-04-27,27.059999465942383,27.1299991607666,27.049999237060547,27.100000381469727,24.16083717346192,2184200.0
2020-04-28,26.979999542236328,27.07999992370605,26.96999931335449,27.06999969482422,24.134090423583984,1051400.0
2020-04-29,26.979999542236328,27.040000915527344,26.940000534057617,26.959999084472656,24.0360164642334,781800.0
2020-04-30,26.96999931335449,27.0,26.76000022888184,26.790000915527344,23.884456634521484,1839200.0
2020-05-01,26.790000915527344,26.84000015258789,26.739999771118164,26.81999969482422,23.91120147705078,1096100.0
2020-05-04,26.93000030517578,26.979999542236328,26.90999984741211,26.96999931335449,24.0449333190918,1000500.0
2020-05-05,27.0,27.030000686645508,26.89999961853028,26.989999771118164,24.062763214111328,4938200.0
2020-05-06,27.06999969482422,27.1299991607666,27.040000915527344,27.1200008392334,24.178667068481445,755100.0
2020-05-07,27.14999961853028,27.18000030517578,27.01000022888184,27.040000915527344,24.10734367370605,653200.0
2020-05-08,27.030000686645508,27.059999465942383,26.90999984741211,27.030000686645508,24.098426818847656,1091300.0
2020-05-11,27.07999992370605,27.15999984741211,27.059999465942383,27.1299991607666,24.18758201599121,4346000.0
2020-05-12,27.020000457763672,27.07999992370605,26.989999771118164,27.07999992370605,24.14300537109375,629400.0
2020-05-13,27.020000457763672,27.14999961853028,27.0,27.1299991607666,24.18758201599121,826600.0
2020-05-14,27.190000534057617,27.209999084472656,27.1299991607666,27.15999984741211,24.21432876586914,940300.0
2020-05-15,27.1200008392334,27.200000762939453,27.09000015258789,27.18000030517578,24.232158660888672,450800.0
2020-05-18,27.07999992370605,27.100000381469727,26.950000762939453,26.959999084472656,24.0360164642334,1819600.0
2020-05-19,26.93000030517578,26.950000762939453,26.8700008392334,26.940000534057617,24.0181884765625,803400.0
2020-05-20,26.82999992370605,26.86000061035156,26.790000915527344,26.850000381469727,23.93794822692871,1790200.0
2020-05-21,26.84000015258789,26.940000534057617,26.82999992370605,26.90999984741211,23.99144172668457,1025400.0
2020-05-22,27.0,27.030000686645508,26.979999542236328,26.989999771118164,24.062763214111328,2072200.0
2020-05-26,26.809999465942383,26.81999969482422,26.75,26.790000915527344,23.884456634521484,1059900.0
2020-05-27,26.780000686645508,26.8700008392334,26.76000022888184,26.780000686645508,23.87553977966309,581800.0
2020-05-28,26.71999931335449,26.739999771118164,26.61000061035156,26.63999938964844,23.75072288513184,3065100.0
2020-05-29,26.57999992370605,26.64999961853028,26.530000686645508,26.600000381469727,23.715063095092773,1369300.0
2020-06-01,26.530000686645508,26.549999237060547,26.450000762939453,26.450000762939453,23.58133125305176,1381400.0
2020-06-02,26.39999961853028,26.440000534057617,26.36000061035156,26.420000076293945,23.554584503173828,787400.0
2020-06-03,26.3799991607666,26.38999938964844,26.26000022888184,26.26000022888184,23.411937713623047,6785400.0
2020-06-04,26.280000686645508,26.280000686645508,26.100000381469727,26.15999984741211,23.322784423828125,3238700.0
2020-06-05,26.15999984741211,26.229999542236328,26.13999938964844,26.209999084472656,23.36735916137696,4095300.0
2020-06-08,26.15999984741211,26.190000534057617,26.1200008392334,26.13999938964844,23.30495262145996,1794500.0
2020-06-09,26.13999938964844,26.14999961853028,26.030000686645508,26.059999465942383,23.233627319335938,1034100.0
2020-06-10,25.989999771118164,26.06999969482422,25.8799991607666,25.93000030517578,23.11772727966309,1231100.0
2020-06-11,26.040000915527344,26.200000762939453,25.96999931335449,26.190000534057617,23.34953117370605,1079800.0
2020-06-12,26.18000030517578,26.3700008392334,26.13999938964844,26.26000022888184,23.411937713623047,1784900.0
2020-06-15,26.280000686645508,26.299999237060547,26.11000061035156,26.14999961853028,23.313867568969727,725200.0
2020-06-16,26.170000076293945,26.299999237060547,26.170000076293945,26.229999542236328,23.38519096374512,1421400.0
2020-06-17,26.239999771118164,26.32999992370605,26.239999771118164,26.25,23.40302276611328,751200.0
2020-06-18,26.309999465942383,26.3799991607666,26.290000915527344,26.350000381469727,23.49217796325684,616000.0
2020-06-19,26.299999237060547,26.420000076293945,26.299999237060547,26.3799991607666,23.518922805786133,1957900.0
2020-06-22,26.31999969482422,26.31999969482422,26.209999084472656,26.239999771118164,23.394105911254883,935100.0
2020-06-23,26.100000381469727,26.14999961853028,26.049999237060547,26.14999961853028,23.313867568969727,1563800.0
2020-06-24,26.209999084472656,26.290000915527344,26.200000762939453,26.270000457763672,23.42085266113281,1174900.0
2020-06-25,26.350000381469727,26.3700008392334,26.309999465942383,26.309999465942383,23.456514358520508,1144800.0
2020-06-26,26.32999992370605,26.40999984741211,26.31999969482422,26.350000381469727,23.49217796325684,556200.0
2020-06-29,26.280000686645508,26.38999938964844,26.280000686645508,26.36000061035156,23.5010929107666,551400.0
2020-06-30,26.38999938964844,26.40999984741211,26.280000686645508,26.31999969482422,23.465431213378903,995400.0
2020-07-01,26.309999465942383,26.32999992370605,26.229999542236328,26.26000022888184,23.411937713623047,736900.0
2020-07-02,26.239999771118164,26.32999992370605,26.200000762939453,26.280000686645508,23.42976760864257,519300.0
2020-07-06,26.1200008392334,26.170000076293945,26.09000015258789,26.13999938964844,23.30495262145996,984100.0
2020-07-07,26.14999961853028,26.21999931335449,26.14999961853028,26.200000762939453,23.35844612121582,598100.0
2020-07-08,26.13999938964844,26.14999961853028,26.049999237060547,26.059999465942383,23.233627319335938,439000.0
2020-07-09,26.040000915527344,26.15999984741211,26.030000686645508,26.14999961853028,23.313867568969727,629200.0
2020-07-10,26.09000015258789,26.1299991607666,26.059999465942383,26.11000061035156,23.27820587158203,219500.0
2020-07-13,26.06999969482422,26.09000015258789,26.01000022888184,26.06999969482422,23.242544174194336,374500.0
2020-07-14,26.09000015258789,26.09000015258789,25.989999771118164,26.020000457763672,23.197967529296875,774400.0
2020-07-15,25.89999961853028,25.979999542236328,25.8700008392334,25.950000762939453,23.135560989379883,525400.0
2020-07-16,25.979999542236328,26.049999237060547,25.90999984741211,26.040000915527344,23.21579933166504,373900.0
2020-07-17,25.96999931335449,25.96999931335449,25.90999984741211,25.93000030517578,23.11772727966309,420100.0
2020-07-20,25.93000030517578,25.96999931335449,25.8799991607666,25.88999938964844,23.08206558227539,296500.0
2020-07-21,25.86000061035156,25.8700008392334,25.68000030517578,25.729999542236328,22.93941879272461,1351000.0
2020-07-22,25.64999961853028,25.68000030517578,25.6200008392334,25.65999984741211,22.877012252807617,653800.0
2020-07-23,25.68000030517578,25.690000534057617,25.559999465942383,25.61000061035156,22.83243560791016,1249900.0
2020-07-24,25.549999237060547,25.57999992370605,25.489999771118164,25.5,22.73436546325684,1095200.0
2020-07-27,25.32999992370605,25.350000381469727,25.25,25.309999465942383,22.564971923828125,1412600.0
2020-07-28,25.32999992370605,25.36000061035156,25.290000915527344,25.350000381469727,22.60063362121582,1246000.0
2020-07-29,25.280000686645508,25.280000686645508,25.170000076293945,25.229999542236328,22.49364852905273,1282400.0
2020-07-30,25.200000762939453,25.25,25.1200008392334,25.1299991607666,22.40449333190918,537200.0
2020-07-31,25.14999961853028,25.290000915527344,25.1299991607666,25.280000686645508,22.538227081298828,1742100.0
2020-08-03,25.38999938964844,25.40999984741211,25.270000457763672,25.280000686645508,22.538227081298828,1447400.0
2020-08-04,25.34000015258789,25.350000381469727,25.190000534057617,25.190000534057617,22.45798683166504,1094400.0
2020-08-05,25.059999465942383,25.11000061035156,25.01000022888184,25.07999992370605,22.35991668701172,1266200.0
2020-08-06,25.09000015258789,25.15999984741211,25.040000915527344,25.07999992370605,22.35991668701172,766900.0
2020-08-07,25.25,25.309999465942383,25.21999931335449,25.229999542236328,22.49364852905273,1201700.0
2020-08-10,25.270000457763672,25.299999237060547,25.209999084472656,25.270000457763672,22.52931022644043,1037600.0
2020-08-11,25.26000022888184,25.32999992370605,25.21999931335449,25.309999465942383,22.564971923828125,1124600.0
2020-08-12,25.229999542236328,25.270000457763672,25.190000534057617,25.229999542236328,22.49364852905273,607700.0
2020-08-13,25.170000076293945,25.239999771118164,25.11000061035156,25.21999931335449,22.484731674194336,1077600.0
2020-08-14,25.170000076293945,25.190000534057617,25.1299991607666,25.18000030517578,22.44906997680664,1913500.0
2020-08-17,25.1200008392334,25.1200008392334,25.06999969482422,25.06999969482422,22.35100173950196,951900.0
2020-08-18,24.920000076293945,24.979999542236328,24.88999938964844,24.93000030517578,22.226184844970703,1104800.0
2020-08-19,24.950000762939453,25.14999961853028,24.920000076293945,25.1299991607666,22.40449333190918,1512800.0
2020-08-20,25.190000534057617,25.190000534057617,25.059999465942383,25.059999465942383,22.342086791992188,933200.0
2020-08-21,25.200000762939453,25.26000022888184,25.18000030517578,25.18000030517578,22.44906997680664,1667500.0
2020-08-24,25.11000061035156,25.21999931335449,25.11000061035156,25.21999931335449,22.484731674194336,450400.0
2020-08-25,25.13999938964844,25.190000534057617,25.1200008392334,25.1299991607666,22.40449333190918,869200.0
2020-08-26,25.190000534057617,25.190000534057617,25.07999992370605,25.100000381469727,22.377748489379883,879900.0
2020-08-27,25.020000457763672,25.21999931335449,25.0,25.1299991607666,22.40449333190918,698300.0
2020-08-28,24.959999084472656,25.01000022888184,24.920000076293945,24.93000030517578,22.226184844970703,1200300.0
2020-08-31,24.89999961853028,24.940000534057617,24.850000381469727,24.89999961853028,22.199438095092773,1732200.0
2020-09-01,24.799999237060547,24.96999931335449,24.799999237060547,24.950000762939453,22.244016647338867,1022900.0
2020-09-02,25.049999237060547,25.100000381469727,25.030000686645508,25.040000915527344,22.324254989624023,1923900.0
2020-09-03,25.06999969482422,25.1299991607666,25.040000915527344,25.049999237060547,22.33316993713379,1004400.0
2020-09-04,25.13999938964844,25.18000030517578,25.040000915527344,25.09000015258789,22.36883354187012,1193400.0
2020-09-08,25.209999084472656,25.25,25.18000030517578,25.21999931335449,22.484731674194336,1556900.0
2020-09-09,25.200000762939453,25.200000762939453,25.14999961853028,25.18000030517578,22.44906997680664,646300.0
2020-09-10,25.06999969482422,25.239999771118164,25.040000915527344,25.229999542236328,22.49364852905273,950300.0
2020-09-11,25.170000076293945,25.229999542236328,25.170000076293945,25.18000030517578,22.44906997680664,467800.0
2020-09-14,25.100000381469727,25.14999961853028,25.07999992370605,25.1200008392334,22.39557838439941,611900.0
2020-09-15,25.100000381469727,25.170000076293945,25.09000015258789,25.13999938964844,22.413408279418945,448500.0
2020-09-16,25.100000381469727,25.200000762939453,25.07999992370605,25.170000076293945,22.440155029296875,601600.0
2020-09-17,25.200000762939453,25.200000762939453,25.07999992370605,25.07999992370605,22.35991668701172,875600.0
2020-09-18,25.11000061035156,25.1299991607666,25.049999237060547,25.11000061035156,22.38666343688965,820100.0
2020-09-21,25.239999771118164,25.34000015258789,25.229999542236328,25.290000915527344,22.5471420288086,1408500.0
2020-09-22,25.299999237060547,25.420000076293945,25.280000686645508,25.3799991607666,22.62737846374512,1328300.0
2020-09-23,25.450000762939453,25.540000915527344,25.39999961853028,25.520000457763672,22.752195358276367,12116400.0
2020-09-24,25.540000915527344,25.559999465942383,25.440000534057617,25.479999542236328,22.716533660888672,2385000.0
2020-09-25,25.56999969482422,25.600000381469727,25.540000915527344,25.549999237060547,22.778940200805664,1410500.0
2020-09-28,25.450000762939453,25.5,25.43000030517578,25.46999931335449,22.707618713378903,756400.0
2020-09-29,25.39999961853028,25.420000076293945,25.350000381469727,25.350000381469727,22.60063362121582,1239000.0
2020-09-30,25.39999961853028,25.450000762939453,25.299999237060547,25.350000381469727,22.60063362121582,1218000.0
2020-10-01,25.32999992370605,25.3799991607666,25.309999465942383,25.309999465942383,22.564971923828125,915800.0
2020-10-02,25.3700008392334,25.3799991607666,25.32999992370605,25.3700008392334,22.61846351623535,1354000.0
2020-10-05,25.270000457763672,25.270000457763672,25.21999931335449,25.26000022888184,22.520395278930664,1047100.0
2020-10-06,25.21999931335449,25.350000381469727,25.21999931335449,25.32999992370605,22.582801818847656,2283000.0
2020-10-07,25.309999465942383,25.31999969482422,25.280000686645508,25.299999237060547,22.556055068969727,1158500.0
2020-10-08,25.299999237060547,25.350000381469727,25.280000686645508,25.290000915527344,22.5471420288086,885300.0
2020-10-09,25.170000076293945,25.200000762939453,25.1200008392334,25.13999938964844,22.413408279418945,1993200.0
2020-10-12,25.1299991607666,25.13999938964844,25.11000061035156,25.11000061035156,22.38666343688965,676000.0
2020-10-13,25.21999931335449,25.270000457763672,25.209999084472656,25.26000022888184,22.520395278930664,12537500.0
2020-10-14,25.209999084472656,25.229999542236328,25.170000076293945,25.200000762939453,22.466901779174805,879300.0
2020-10-15,25.31999969482422,25.350000381469727,25.299999237060547,25.31999969482422,22.57388687133789,1417200.0
2020-10-16,25.280000686645508,25.299999237060547,25.26000022888184,25.290000915527344,22.5471420288086,951300.0
2020-10-19,25.170000076293945,25.229999542236328,25.15999984741211,25.209999084472656,22.475814819335938,545900.0
2020-10-20,25.14999961853028,25.170000076293945,25.100000381469727,25.1299991607666,22.40449333190918,1538500.0
2020-10-21,25.049999237060547,25.049999237060547,24.959999084472656,25.0,22.288593292236328,1624000.0
2020-10-22,25.040000915527344,25.100000381469727,25.040000915527344,25.100000381469727,22.377748489379883,1276100.0
2020-10-23,25.030000686645508,25.100000381469727,25.030000686645508,25.040000915527344,22.324254989624023,481500.0
2020-10-26,25.09000015258789,25.1299991607666,25.09000015258789,25.1299991607666,22.40449333190918,368300.0
2020-10-27,25.059999465942383,25.09000015258789,25.040000915527344,25.07999992370605,22.35991668701172,181800.0
2020-10-28,25.229999542236328,25.270000457763672,25.200000762939453,25.239999771118164,22.5025634765625,648700.0
2020-10-29,25.299999237060547,25.40999984741211,25.299999237060547,25.34000015258789,22.591716766357425,1219600.0
2020-10-30,25.31999969482422,25.39999961853028,25.299999237060547,25.3700008392334,22.61846351623535,608500.0
2020-11-02,25.420000076293945,25.43000030517578,25.3799991607666,25.39999961853028,22.64521026611328,1713500.0
2020-11-03,25.229999542236328,25.270000457763672,25.18000030517578,25.26000022888184,22.520395278930664,6207800.0
2020-11-04,25.270000457763672,25.299999237060547,25.190000534057617,25.21999931335449,22.484731674194336,1126600.0
2020-11-05,25.01000022888184,25.06999969482422,24.950000762939453,24.979999542236328,22.270761489868164,1556800.0
2020-11-06,24.920000076293945,24.96999931335449,24.8700008392334,24.88999938964844,22.190523147583008,3497000.0
2020-11-09,24.86000061035156,25.09000015258789,24.86000061035156,25.049999237060547,22.33316993713379,1846300.0
2020-11-10,25.0,25.059999465942383,25.0,25.049999237060547,22.33316993713379,734400.0
2020-11-11,25.1200008392334,25.14999961853028,25.07999992370605,25.07999992370605,22.35991668701172,495700.0
2020-11-12,25.100000381469727,25.11000061035156,25.049999237060547,25.07999992370605,22.35991668701172,497400.0
2020-11-13,25.049999237060547,25.059999465942383,25.020000457763672,25.030000686645508,22.31534004211425,1036000.0
2020-11-16,25.01000022888184,25.020000457763672,24.96999931335449,24.96999931335449,22.2618465423584,2991700.0
2020-11-17,24.90999984741211,24.950000762939453,24.90999984741211,24.93000030517578,22.226184844970703,1027300.0
2020-11-18,24.920000076293945,24.940000534057617,24.8799991607666,24.940000534057617,22.2351016998291,408400.0
2020-11-19,25.01000022888184,25.01000022888184,24.88999938964844,24.89999961853028,22.199438095092773,302800.0
2020-11-20,24.88999938964844,24.940000534057617,24.88999938964844,24.93000030517578,22.226184844970703,333800.0
2020-11-23,24.850000381469727,25.030000686645508,24.84000015258789,24.96999931335449,22.2618465423584,749600.0
2020-11-24,24.940000534057617,24.96999931335449,24.850000381469727,24.850000381469727,22.154861450195312,665600.0
2020-11-25,24.850000381469727,24.8700008392334,24.799999237060547,24.809999465942383,22.119199752807617,599100.0
2020-11-27,24.799999237060547,24.799999237060547,24.75,24.76000022888184,22.07462310791016,198300.0
2020-11-30,24.690000534057617,24.81999969482422,24.68000030517578,24.81999969482422,22.128114700317383,435700.0
2020-12-01,24.71999931335449,24.75,24.57999992370605,24.600000381469727,21.93197631835937,980900.0
2020-12-02,24.6299991607666,24.63999938964844,24.559999465942383,24.56999969482422,21.905229568481445,1125200.0
2020-12-03,24.440000534057617,24.489999771118164,24.40999984741211,24.440000534057617,21.7893295288086,1003000.0
2020-12-04,24.40999984741211,24.5,24.39999961853028,24.46999931335449,21.81607437133789,1834200.0
2020-12-07,24.479999542236328,24.520000457763672,24.440000534057617,24.51000022888184,21.85173797607422,896900.0
2020-12-08,24.489999771118164,24.549999237060547,24.489999771118164,24.540000915527344,21.87848472595215,612100.0
2020-12-09,24.51000022888184,24.600000381469727,24.489999771118164,24.549999237060547,21.88739776611328,518700.0
2020-12-10,24.549999237060547,24.549999237060547,24.450000762939453,24.479999542236328,21.824989318847656,608700.0
2020-12-11,24.520000457763672,24.549999237060547,24.51000022888184,24.540000915527344,21.87848472595215,1017700.0
2020-12-14,24.40999984741211,24.5,24.39999961853028,24.46999931335449,21.81607437133789,455400.0
2020-12-15,24.420000076293945,24.450000762939453,24.3799991607666,24.38999938964844,21.7447509765625,853900.0
2020-12-16,24.32999992370605,24.459999084472656,24.31999969482422,24.36000061035156,21.718006134033203,749800.0
2020-12-17,24.21999931335449,24.239999771118164,24.190000534057617,24.229999542236328,21.60210418701172,922000.0
2020-12-18,24.270000457763672,24.299999237060547,24.25,24.26000022888184,21.62885093688965,898400.0
2020-12-21,24.3700008392334,24.3799991607666,24.26000022888184,24.309999465942383,21.67342758178711,618900.0
2020-12-22,24.34000015258789,24.450000762939453,24.34000015258789,24.440000534057617,21.7893295288086,1401500.0
2020-12-23,24.32999992370605,24.3799991607666,24.299999237060547,24.32999992370605,21.69125938415528,758600.0
2020-12-24,24.32999992370605,24.36000061035156,24.32999992370605,24.350000381469727,21.70909118652344,280500.0
2020-12-28,24.309999465942383,24.3700008392334,24.280000686645508,24.350000381469727,21.70909118652344,1036100.0
2020-12-29,24.270000457763672,24.290000915527344,24.21999931335449,24.270000457763672,21.63776588439941,1444700.0
2020-12-30,24.200000762939453,24.209999084472656,24.15999984741211,24.170000076293945,21.54861259460449,1463900.0
2020-12-31,24.170000076293945,24.270000457763672,24.170000076293945,24.239999771118164,21.611019134521484,801500.0
2021-01-04,24.1299991607666,24.26000022888184,24.1299991607666,24.26000022888184,21.62885093688965,1322800.0
2021-01-05,24.200000762939453,24.21999931335449,24.11000061035156,24.1200008392334,21.50403594970703,723300.0
2021-01-06,24.18000030517578,24.21999931335449,24.09000015258789,24.09000015258789,21.4772891998291,1042800.0
2021-01-07,24.209999084472656,24.270000457763672,24.209999084472656,24.229999542236328,21.60210418701172,1018000.0
2021-01-08,24.190000534057617,24.34000015258789,24.18000030517578,24.270000457763672,21.63776588439941,1677700.0
2021-01-11,24.440000534057617,24.46999931335449,24.3700008392334,24.420000076293945,21.77149772644043,1445200.0
2021-01-12,24.40999984741211,24.40999984741211,24.270000457763672,24.290000915527344,21.65559768676757,1360500.0
2021-01-13,24.36000061035156,24.38999938964844,24.31999969482422,24.3700008392334,21.7269229888916,956500.0
2021-01-14,24.40999984741211,24.420000076293945,24.280000686645508,24.31999969482422,21.682344436645508,614300.0
2021-01-15,24.420000076293945,24.479999542236328,24.40999984741211,24.479999542236328,21.824989318847656,1177500.0
2021-01-19,24.38999938964844,24.43000030517578,24.3799991607666,24.40999984741211,21.762582778930664,1408600.0
2021-01-20,24.43000030517578,24.459999084472656,24.3799991607666,24.39999961853028,21.7536678314209,489300.0
2021-01-21,24.32999992370605,24.350000381469727,24.280000686645508,24.290000915527344,21.65559768676757,803900.0
2021-01-22,24.350000381469727,24.350000381469727,24.299999237060547,24.34000015258789,21.700176239013672,847100.0
2021-01-25,24.350000381469727,24.40999984741211,24.34000015258789,24.3700008392334,21.7269229888916,580600.0
2021-01-26,24.32999992370605,24.350000381469727,24.290000915527344,24.299999237060547,21.66451072692871,857300.0
2021-01-27,24.40999984741211,24.51000022888184,24.38999938964844,24.450000762939453,21.79824447631836,982200.0
2021-01-28,24.420000076293945,24.43000030517578,24.3700008392334,24.38999938964844,21.7447509765625,663600.0
2021-01-29,24.3700008392334,24.43000030517578,24.3700008392334,24.420000076293945,21.77149772644043,876000.0
2021-02-01,24.479999542236328,24.549999237060547,24.46999931335449,24.540000915527344,21.87848472595215,2183100.0
2021-02-02,24.56999969482422,24.61000061035156,24.549999237060547,24.56999969482422,21.905229568481445,1459000.0
2021-02-03,24.57999992370605,24.61000061035156,24.559999465942383,24.559999465942383,21.89631462097168,1656900.0
2021-02-04,24.6299991607666,24.690000534057617,24.6299991607666,24.670000076293945,21.994382858276367,1394400.0
2021-02-05,24.59000015258789,24.600000381469727,24.530000686645508,24.530000686645508,21.869569778442383,1402500.0
2021-02-08,24.540000915527344,24.549999237060547,24.5,24.520000457763672,21.860652923583984,1732500.0
2021-02-09,24.420000076293945,24.440000534057617,24.3700008392334,24.38999938964844,21.7447509765625,2006900.0
2021-02-10,24.350000381469727,24.3799991607666,24.34000015258789,24.3799991607666,21.73583602905273,654000.0
2021-02-11,24.350000381469727,24.38999938964844,24.34000015258789,24.3700008392334,21.7269229888916,257000.0
2021-02-12,24.440000534057617,24.450000762939453,24.36000061035156,24.38999938964844,21.7447509765625,501800.0
2021-02-16,24.39999961853028,24.43000030517578,24.3700008392334,24.38999938964844,21.7447509765625,1107500.0
2021-02-17,24.51000022888184,24.540000915527344,24.489999771118164,24.489999771118164,21.833904266357425,937800.0
2021-02-18,24.43000030517578,24.479999542236328,24.39999961853028,24.40999984741211,21.762582778930664,585300.0
2021-02-19,24.350000381469727,24.3799991607666,24.31999969482422,24.350000381469727,21.70909118652344,1163300.0
2021-02-22,24.299999237060547,24.32999992370605,24.25,24.280000686645508,21.64668273925781,706800.0
2021-02-23,24.299999237060547,24.32999992370605,24.26000022888184,24.299999237060547,21.66451072692871,441600.0
2021-02-24,24.34000015258789,24.3799991607666,24.26000022888184,24.26000022888184,21.62885093688965,913600.0
2021-02-25,24.190000534057617,24.34000015258789,24.170000076293945,24.34000015258789,21.700176239013672,952200.0
2021-02-26,24.38999938964844,24.520000457763672,24.38999938964844,24.520000457763672,21.860652923583984,1347700.0
2021-03-01,24.5,24.559999465942383,24.5,24.540000915527344,21.87848472595215,2242400.0
2021-03-02,24.530000686645508,24.559999465942383,24.450000762939453,24.450000762939453,21.79824447631836,1381600.0
2021-03-03,24.530000686645508,24.540000915527344,24.46999931335449,24.520000457763672,21.860652923583984,1015200.0
2021-03-04,24.56999969482422,24.709999084472656,24.530000686645508,24.68000030517578,22.00329971313477,2128000.0
2021-03-05,24.739999771118164,24.809999465942383,24.729999542236328,24.770000457763672,22.08353805541992,2631000.0
2021-03-08,24.850000381469727,24.90999984741211,24.82999992370605,24.90999984741211,22.20835494995117,1656300.0
2021-03-09,24.799999237060547,24.81999969482422,24.770000457763672,24.770000457763672,22.08353805541992,1468100.0
2021-03-10,24.75,24.81999969482422,24.729999542236328,24.729999542236328,22.047876358032227,2050200.0
2021-03-11,24.700000762939453,24.739999771118164,24.61000061035156,24.61000061035156,21.94089126586914,1643300.0
2021-03-12,24.76000022888184,24.780000686645508,24.68000030517578,24.690000534057617,22.012216567993164,789100.0
2021-03-15,24.76000022888184,24.780000686645508,24.71999931335449,24.739999771118164,22.056791305541992,504500.0
2021-03-16,24.75,24.799999237060547,24.729999542236328,24.739999771118164,22.056791305541992,338800.0
2021-03-17,24.75,24.790000915527344,24.61000061035156,24.6200008392334,21.94980812072754,3055700.0
2021-03-18,24.739999771118164,24.770000457763672,24.690000534057617,24.770000457763672,22.08353805541992,901800.0
2021-03-19,24.809999465942383,24.84000015258789,24.76000022888184,24.780000686645508,22.09245491027832,2222500.0
2021-03-22,24.739999771118164,24.770000457763672,24.709999084472656,24.729999542236328,22.047876358032227,850600.0
2021-03-23,24.84000015258789,24.8799991607666,24.81999969482422,24.8799991607666,22.18160820007324,1252400.0
2021-03-24,24.93000030517578,24.950000762939453,24.88999938964844,24.940000534057617,22.2351016998291,1726800.0
2021-03-25,24.940000534057617,25.040000915527344,24.940000534057617,25.01000022888184,22.297508239746094,1476700.0
2021-03-26,25.0,25.01000022888184,24.959999084472656,24.979999542236328,22.270761489868164,654800.0
2021-03-29,24.989999771118164,25.040000915527344,24.96999931335449,25.040000915527344,22.324254989624023,1128400.0
2021-03-30,25.1200008392334,25.14999961853028,25.11000061035156,25.13999938964844,22.413408279418945,749900.0
2021-03-31,25.11000061035156,25.1200008392334,25.049999237060547,25.1200008392334,22.39557838439941,1381600.0
2021-04-01,25.049999237060547,25.09000015258789,25.01000022888184,25.01000022888184,22.297508239746094,1955700.0
2021-04-05,24.989999771118164,25.0,24.920000076293945,24.93000030517578,22.226184844970703,1704600.0
2021-04-06,24.90999984741211,24.920000076293945,24.86000061035156,24.8700008392334,22.17269325256348,1845900.0
2021-04-07,24.850000381469727,24.920000076293945,24.81999969482422,24.89999961853028,22.199438095092773,758900.0
2021-04-08,24.84000015258789,24.84000015258789,24.780000686645508,24.790000915527344,22.10136985778809,582000.0
2021-04-09,24.850000381469727,24.86000061035156,24.799999237060547,24.809999465942383,22.119199752807617,691200.0
2021-04-12,24.790000915527344,24.81999969482422,24.790000915527344,24.799999237060547,22.11028289794922,479900.0
2021-04-13,24.780000686645508,24.780000686645508,24.709999084472656,24.709999084472656,22.030044555664062,498700.0
2021-04-14,24.690000534057617,24.71999931335449,24.64999961853028,24.68000030517578,22.00329971313477,632200.0
2021-04-15,24.65999984741211,24.700000762939453,24.64999961853028,24.68000030517578,22.00329971313477,390300.0
2021-04-16,24.64999961853028,24.670000076293945,24.6299991607666,24.64999961853028,21.97655296325684,431700.0
2021-04-19,24.530000686645508,24.559999465942383,24.51000022888184,24.51000022888184,21.85173797607422,1068000.0
2021-04-20,24.520000457763672,24.56999969482422,24.5,24.549999237060547,21.88739776611328,827200.0
2021-04-21,24.600000381469727,24.6200008392334,24.520000457763672,24.520000457763672,21.860652923583984,417300.0
2021-04-22,24.549999237060547,24.61000061035156,24.549999237060547,24.59000015258789,21.92306137084961,358100.0
2021-04-23,24.479999542236328,24.530000686645508,24.440000534057617,24.450000762939453,21.79824447631836,567800.0
2021-04-26,24.479999542236328,24.489999771118164,24.43000030517578,24.450000762939453,21.79824447631836,802000.0
2021-04-27,24.46999931335449,24.489999771118164,24.440000534057617,24.459999084472656,21.80715751647949,364800.0
2021-04-28,24.5,24.51000022888184,24.3700008392334,24.3700008392334,21.7269229888916,472700.0
2021-04-29,24.38999938964844,24.43000030517578,24.3799991607666,24.3799991607666,21.73583602905273,266300.0
2021-04-30,24.450000762939453,24.57999992370605,24.450000762939453,24.57999992370605,21.91414451599121,1124700.0
2021-05-03,24.520000457763672,24.520000457763672,24.450000762939453,24.46999931335449,21.81607437133789,1026600.0
2021-05-04,24.549999237060547,24.59000015258789,24.530000686645508,24.57999992370605,21.91414451599121,1225600.0
2021-05-05,24.57999992370605,24.59000015258789,24.559999465942383,24.56999969482422,21.905229568481445,1427800.0
2021-05-06,24.5,24.5,24.450000762939453,24.450000762939453,21.79824447631836,476200.0
2021-05-07,24.3799991607666,24.39999961853028,24.270000457763672,24.270000457763672,21.63776588439941,1844700.0
2021-05-10,24.21999931335449,24.280000686645508,24.21999931335449,24.270000457763672,21.63776588439941,659600.0
2021-05-11,24.25,24.26000022888184,24.21999931335449,24.25,21.619935989379883,549500.0
2021-05-12,24.36000061035156,24.43000030517578,24.32999992370605,24.43000030517578,21.780412673950195,2379900.0
2021-05-13,24.40999984741211,24.450000762939453,24.3799991607666,24.38999938964844,21.7447509765625,450000.0
2021-05-14,24.309999465942383,24.31999969482422,24.290000915527344,24.290000915527344,21.65559768676757,638300.0
2021-05-17,24.299999237060547,24.309999465942383,24.25,24.26000022888184,21.62885093688965,251800.0
2021-05-18,24.14999961853028,24.190000534057617,24.13999938964844,24.14999961853028,21.53078269958496,673700.0
2021-05-19,24.200000762939453,24.290000915527344,24.13999938964844,24.26000022888184,21.62885093688965,1294600.0
2021-05-20,24.200000762939453,24.200000762939453,24.13999938964844,24.13999938964844,21.52186584472656,848700.0
2021-05-21,24.170000076293945,24.26000022888184,24.170000076293945,24.21999931335449,21.59318923950196,685900.0
2021-05-24,24.18000030517578,24.190000534057617,24.14999961853028,24.15999984741211,21.539697647094727,716000.0
2021-05-25,24.1299991607666,24.170000076293945,24.11000061035156,24.1299991607666,21.512948989868164,618800.0
2021-05-26,24.190000534057617,24.239999771118164,24.13999938964844,24.21999931335449,21.59318923950196,336300.0
2021-05-27,24.21999931335449,24.239999771118164,24.190000534057617,24.200000762939453,21.575359344482425,354600.0
2021-05-28,24.299999237060547,24.299999237060547,24.209999084472656,24.21999931335449,21.59318923950196,600300.0
2021-06-01,24.14999961853028,24.18000030517578,24.1200008392334,24.18000030517578,21.55752754211425,740200.0
2021-06-02,24.21999931335449,24.239999771118164,24.18000030517578,24.18000030517578,21.55752754211425,1497400.0
2021-06-03,24.280000686645508,24.36000061035156,24.280000686645508,24.32999992370605,21.69125938415528,2083200.0
2021-06-04,24.239999771118164,24.25,24.209999084472656,24.239999771118164,21.611019134521484,1383300.0
2021-06-07,24.209999084472656,24.229999542236328,24.18000030517578,24.200000762939453,21.575359344482425,842900.0
2021-06-08,24.239999771118164,24.25,24.209999084472656,24.229999542236328,21.60210418701172,691000.0
2021-06-09,24.170000076293945,24.26000022888184,24.15999984741211,24.25,21.619935989379883,814700.0
2021-06-10,24.290000915527344,24.290000915527344,24.200000762939453,24.229999542236328,21.60210418701172,769600.0
2021-06-11,24.299999237060547,24.3799991607666,24.299999237060547,24.350000381469727,21.70909118652344,1090100.0
2021-06-14,24.309999465942383,24.350000381469727,24.309999465942383,24.32999992370605,21.69125938415528,905900.0
2021-06-15,24.34000015258789,24.3700008392334,24.34000015258789,24.350000381469727,21.70909118652344,469600.0
2021-06-16,24.350000381469727,24.559999465942383,24.34000015258789,24.549999237060547,21.88739776611328,1917600.0
2021-06-17,24.65999984741211,24.75,24.63999938964844,24.739999771118164,22.056791305541992,1970500.0
2021-06-18,24.809999465942383,24.850000381469727,24.790000915527344,24.81999969482422,22.128114700317383,1275600.0
2021-06-21,24.739999771118164,24.76000022888184,24.690000534057617,24.700000762939453,22.02113151550293,655200.0
2021-06-22,24.729999542236328,24.76000022888184,24.64999961853028,24.65999984741211,21.9854679107666,454500.0
2021-06-23,24.6299991607666,24.709999084472656,24.61000061035156,24.700000762939453,22.02113151550293,1048400.0
2021-06-24,24.68000030517578,24.71999931335449,24.65999984741211,24.68000030517578,22.00329971313477,414200.0
2021-06-25,24.6299991607666,24.709999084472656,24.61000061035156,24.690000534057617,22.012216567993164,356900.0
2021-06-28,24.709999084472656,24.729999542236328,24.68000030517578,24.700000762939453,22.02113151550293,777600.0
2021-06-29,24.770000457763672,24.790000915527344,24.739999771118164,24.76000022888184,22.07462310791016,634300.0
2021-06-30,24.790000915527344,24.86000061035156,24.790000915527344,24.82999992370605,22.13702964782715,869600.0
2021-07-01,24.84000015258789,24.89999961853028,24.809999465942383,24.89999961853028,22.199438095092773,2239600.0
2021-07-02,24.8799991607666,24.89999961853028,24.790000915527344,24.799999237060547,22.11028289794922,1107400.0
2021-07-06,24.86000061035156,24.920000076293945,24.84000015258789,24.88999938964844,22.190523147583008,1152100.0
2021-07-07,24.89999961853028,24.96999931335449,24.8799991607666,24.93000030517578,22.226184844970703,699100.0
2021-07-08,24.81999969482422,24.86000061035156,24.809999465942383,24.82999992370605,22.13702964782715,1236800.0
2021-07-09,24.790000915527344,24.809999465942383,24.76000022888184,24.770000457763672,22.08353805541992,1252200.0
2021-07-12,24.81999969482422,24.81999969482422,24.770000457763672,24.799999237060547,22.11028289794922,426500.0
2021-07-13,24.90999984741211,24.950000762939453,24.850000381469727,24.950000762939453,22.244016647338867,1477500.0
2021-07-14,24.84000015258789,24.86000061035156,24.82999992370605,24.82999992370605,22.13702964782715,890100.0
2021-07-15,24.8799991607666,24.920000076293945,24.86000061035156,24.89999961853028,22.199438095092773,376900.0
2021-07-16,24.90999984741211,24.940000534057617,24.88999938964844,24.93000030517578,22.226184844970703,812600.0
2021-07-19,24.93000030517578,24.979999542236328,24.89999961853028,24.96999931335449,22.2618465423584,1113000.0
2021-07-20,25.040000915527344,25.049999237060547,24.989999771118164,25.0,22.288593292236328,1459200.0
2021-07-21,25.020000457763672,25.030000686645508,24.93000030517578,24.940000534057617,22.2351016998291,754900.0
2021-07-22,24.86000061035156,24.979999542236328,24.86000061035156,24.96999931335449,22.2618465423584,953500.0
2021-07-23,24.96999931335449,25.01000022888184,24.96999931335449,24.979999542236328,22.270761489868164,429200.0
2021-07-26,24.940000534057617,24.940000534057617,24.8700008392334,24.89999961853028,22.199438095092773,449400.0
2021-07-27,24.86000061035156,24.89999961853028,24.81999969482422,24.86000061035156,22.16377639770508,787300.0
2021-07-28,24.89999961853028,24.940000534057617,24.790000915527344,24.790000915527344,22.10136985778809,749500.0
2021-07-29,24.71999931335449,24.729999542236328,24.690000534057617,24.700000762939453,22.02113151550293,826200.0
2021-07-30,24.71999931335449,24.780000686645508,24.700000762939453,24.770000457763672,22.08353805541992,624000.0
2021-08-02,24.71999931335449,24.76000022888184,24.709999084472656,24.739999771118164,22.056791305541992,908000.0
2021-08-03,24.71999931335449,24.770000457763672,24.71999931335449,24.75,22.06570816040039,584100.0
2021-08-04,24.68000030517578,24.809999465942383,24.68000030517578,24.790000915527344,22.10136985778809,651900.0
2021-08-05,24.790000915527344,24.809999465942383,24.76000022888184,24.790000915527344,22.10136985778809,154500.0
2021-08-06,24.89999961853028,24.950000762939453,24.8799991607666,24.93000030517578,22.226184844970703,1315500.0
2021-08-09,24.920000076293945,24.989999771118164,24.920000076293945,24.979999542236328,22.270761489868164,432600.0
2021-08-10,25.030000686645508,25.030000686645508,25.0,25.0,22.288593292236328,868700.0
2021-08-11,24.959999084472656,24.989999771118164,24.93000030517578,24.950000762939453,22.244016647338867,993700.0
2021-08-12,24.979999542236328,25.0,24.96999931335449,24.979999542236328,22.270761489868164,178900.0
2021-08-13,24.90999984741211,24.93000030517578,24.84000015258789,24.86000061035156,22.16377639770508,741000.0
2021-08-16,24.86000061035156,24.88999938964844,24.850000381469727,24.8799991607666,22.18160820007324,487200.0
2021-08-17,24.959999084472656,25.030000686645508,24.959999084472656,25.030000686645508,22.31534004211425,1009400.0
2021-08-18,25.01000022888184,25.059999465942383,24.96999931335449,25.030000686645508,22.31534004211425,537400.0
2021-08-19,25.100000381469727,25.14999961853028,25.07999992370605,25.14999961853028,22.42232322692871,990400.0
2021-08-20,25.14999961853028,25.15999984741211,25.11000061035156,25.1200008392334,22.39557838439941,775600.0
2021-08-23,25.020000457763672,25.040000915527344,24.96999931335449,24.96999931335449,22.2618465423584,1123400.0
2021-08-24,24.979999542236328,25.0,24.93000030517578,24.950000762939453,22.244016647338867,1077100.0
2021-08-25,24.989999771118164,25.020000457763672,24.93000030517578,24.93000030517578,22.226184844970703,668400.0
2021-08-26,24.96999931335449,25.01000022888184,24.96999931335449,25.0,22.288593292236328,322000.0
2021-08-27,25.01000022888184,25.030000686645508,24.8799991607666,24.88999938964844,22.190523147583008,860300.0
2021-08-30,24.88999938964844,24.920000076293945,24.8799991607666,24.88999938964844,22.190523147583008,380200.0
2021-08-31,24.850000381469727,24.90999984741211,24.82999992370605,24.88999938964844,22.190523147583008,697100.0
2021-09-01,24.82999992370605,24.850000381469727,24.809999465942383,24.84000015258789,22.145946502685547,1026700.0
2021-09-02,24.809999465942383,24.82999992370605,24.770000457763672,24.780000686645508,22.09245491027832,806600.0
2021-09-03,24.71999931335449,24.75,24.700000762939453,24.729999542236328,22.047876358032227,726500.0
2021-09-07,24.81999969482422,24.86000061035156,24.799999237060547,24.850000381469727,22.154861450195312,452600.0
2021-09-08,24.89999961853028,24.940000534057617,24.8700008392334,24.88999938964844,22.190523147583008,1004800.0
2021-09-09,24.82999992370605,24.8799991607666,24.809999465942383,24.82999992370605,22.13702964782715,197600.0
2021-09-10,24.81999969482422,24.8799991607666,24.809999465942383,24.8700008392334,22.17269325256348,399600.0
2021-09-13,24.89999961853028,24.89999961853028,24.86000061035156,24.8700008392334,22.17269325256348,157500.0
2021-09-14,24.799999237060547,24.88999938964844,24.790000915527344,24.8700008392334,22.17269325256348,380500.0
2021-09-15,24.82999992370605,24.86000061035156,24.81999969482422,24.81999969482422,22.128114700317383,187700.0
2021-09-16,24.940000534057617,24.959999084472656,24.93000030517578,24.93000030517578,22.226184844970703,424200.0
2021-09-17,24.96999931335449,25.030000686645508,24.950000762939453,25.020000457763672,22.30642318725586,2018400.0
2021-09-20,25.049999237060547,25.059999465942383,25.01000022888184,25.030000686645508,22.31534004211425,1386000.0
2021-09-21,25.020000457763672,25.049999237060547,25.01000022888184,25.01000022888184,22.297508239746094,625000.0
2021-09-22,25.030000686645508,25.11000061035156,24.96999931335449,25.07999992370605,22.35991668701172,883600.0
2021-09-23,25.0,25.01000022888184,24.959999084472656,24.979999542236328,22.270761489868164,515700.0
2021-09-24,25.059999465942383,25.06999969482422,25.030000686645508,25.049999237060547,22.33316993713379,459200.0
2021-09-27,25.09000015258789,25.09000015258789,25.049999237060547,25.07999992370605,22.35991668701172,255500.0
2021-09-28,25.14999961853028,25.190000534057617,25.1299991607666,25.170000076293945,22.440155029296875,2258100.0
2021-09-29,25.25,25.350000381469727,25.239999771118164,25.350000381469727,22.60063362121582,843000.0
2021-09-30,25.32999992370605,25.350000381469727,25.270000457763672,25.309999465942383,22.564971923828125,777700.0
2021-10-01,25.229999542236328,25.280000686645508,25.229999542236328,25.26000022888184,22.520395278930664,1521900.0
2021-10-04,25.18000030517578,25.200000762939453,25.14999961853028,25.18000030517578,22.44906997680664,875100.0
2021-10-05,25.25,25.25,25.190000534057617,25.229999542236328,22.49364852905273,648000.0
2021-10-06,25.32999992370605,25.350000381469727,25.290000915527344,25.299999237060547,22.556055068969727,1121500.0
2021-10-07,25.290000915527344,25.299999237060547,25.26000022888184,25.290000915527344,22.5471420288086,480000.0
2021-10-08,25.25,25.290000915527344,25.239999771118164,25.270000457763672,22.52931022644043,383500.0
2021-10-11,25.280000686645508,25.34000015258789,25.26000022888184,25.34000015258789,22.591716766357425,1882400.0
2021-10-12,25.350000381469727,25.38999938964844,25.34000015258789,25.3700008392334,22.61846351623535,778800.0
2021-10-13,25.299999237060547,25.309999465942383,25.229999542236328,25.229999542236328,22.49364852905273,759800.0
2021-10-14,25.200000762939453,25.239999771118164,25.200000762939453,25.229999542236328,22.49364852905273,509000.0
2021-10-15,25.21999931335449,25.25,25.190000534057617,25.200000762939453,22.466901779174805,488200.0
2021-10-18,25.21999931335449,25.239999771118164,25.18000030517578,25.209999084472656,22.475814819335938,1630300.0
2021-10-19,25.1299991607666,25.170000076293945,25.11000061035156,25.14999961853028,22.42232322692871,968400.0
2021-10-20,25.13999938964844,25.15999984741211,25.09000015258789,25.11000061035156,22.38666343688965,780500.0
2021-10-21,25.11000061035156,25.170000076293945,25.100000381469727,25.170000076293945,22.440155029296875,538700.0
2021-10-22,25.1299991607666,25.15999984741211,25.100000381469727,25.1200008392334,22.39557838439941,378400.0
2021-10-25,25.170000076293945,25.190000534057617,25.15999984741211,25.15999984741211,22.43124008178711,354900.0
2021-10-26,25.15999984741211,25.229999542236328,25.15999984741211,25.209999084472656,22.475814819335938,784000.0
2021-10-27,25.15999984741211,25.200000762939453,25.13999938964844,25.200000762939453,22.466901779174805,336100.0
2021-10-28,25.1299991607666,25.1299991607666,25.020000457763672,25.049999237060547,22.33316993713379,567800.0
2021-10-29,25.1200008392334,25.299999237060547,25.1200008392334,25.25,22.5114803314209,799200.0
2021-11-01,25.239999771118164,25.25,25.170000076293945,25.170000076293945,22.440155029296875,2226100.0
2021-11-02,25.209999084472656,25.26000022888184,25.200000762939453,25.229999542236328,22.49364852905273,1107800.0
2021-11-03,25.25,25.270000457763672,25.15999984741211,25.170000076293945,22.440155029296875,1701600.0
2021-11-04,25.270000457763672,25.34000015258789,25.270000457763672,25.299999237060547,22.556055068969727,1068900.0
2021-11-05,25.32999992370605,25.3700008392334,25.270000457763672,25.280000686645508,22.538227081298828,636700.0
2021-11-08,25.25,25.26000022888184,25.209999084472656,25.229999542236328,22.49364852905273,604700.0
2021-11-09,25.209999084472656,25.25,25.18000030517578,25.200000762939453,22.466901779174805,305300.0
2021-11-10,25.26000022888184,25.46999931335449,25.239999771118164,25.46999931335449,22.707618713378903,1698500.0
2021-11-11,25.46999931335449,25.530000686645508,25.46999931335449,25.530000686645508,22.76111221313477,568000.0
2021-11-12,25.540000915527344,25.549999237060547,25.479999542236328,25.5,22.73436546325684,259500.0
2021-11-15,25.51000022888184,25.63999938964844,25.489999771118164,25.63999938964844,22.859180450439453,505600.0
2021-11-16,25.68000030517578,25.739999771118164,25.64999961853028,25.739999771118164,22.94833374023437,1412100.0
2021-11-17,25.71999931335449,25.75,25.670000076293945,25.690000534057617,22.903759002685547,683000.0
2021-11-18,25.670000076293945,25.690000534057617,25.6200008392334,25.6200008392334,22.84135055541992,708100.0
2021-11-19,25.700000762939453,25.76000022888184,25.690000534057617,25.75,22.957250595092773,678500.0
2021-11-22,25.850000381469727,25.88999938964844,25.809999465942383,25.8799991607666,23.073150634765625,1089500.0
2021-11-23,25.88999938964844,25.89999961853028,25.84000015258789,25.8700008392334,23.06423568725586,776400.0
2021-11-24,25.979999542236328,26.0,25.940000534057617,25.96999931335449,23.15339088439941,1009200.0
2021-11-26,25.809999465942383,25.81999969482422,25.739999771118164,25.770000457763672,22.975082397460938,1100400.0
2021-11-29,25.82999992370605,25.86000061035156,25.809999465942383,25.81999969482422,23.0196590423584,750000.0
2021-11-30,25.64999961853028,25.920000076293945,25.6200008392334,25.700000762939453,22.912673950195312,2115600.0
2021-12-01,25.700000762939453,25.780000686645508,25.64999961853028,25.770000457763672,22.975082397460938,1826900.0
2021-12-02,25.700000762939453,25.790000915527344,25.700000762939453,25.780000686645508,22.983999252319336,732400.0
2021-12-03,25.790000915527344,25.86000061035156,25.739999771118164,25.770000457763672,22.975082397460938,1324100.0
2021-12-06,25.799999237060547,25.850000381469727,25.790000915527344,25.809999465942383,23.01074409484864,682100.0
2021-12-07,25.88999938964844,25.88999938964844,25.809999465942383,25.81999969482422,23.0196590423584,2785100.0
2021-12-08,25.780000686645508,25.790000915527344,25.690000534057617,25.700000762939453,22.912673950195312,584500.0
2021-12-09,25.76000022888184,25.82999992370605,25.75,25.790000915527344,22.9929141998291,751800.0
2021-12-10,25.799999237060547,25.82999992370605,25.729999542236328,25.75,22.957250595092773,560700.0
2021-12-13,25.76000022888184,25.84000015258789,25.76000022888184,25.82999992370605,23.028573989868164,711700.0
2021-12-14,25.809999465942383,25.88999938964844,25.799999237060547,25.8799991607666,23.073150634765625,621700.0
2021-12-15,25.88999938964844,25.979999542236328,25.81999969482422,25.84000015258789,23.03748893737793,734900.0
2021-12-16,25.729999542236328,25.780000686645508,25.709999084472656,25.729999542236328,22.93941879272461,1118600.0
2021-12-17,25.76000022888184,25.90999984741211,25.76000022888184,25.90999984741211,23.099897384643555,545200.0
2021-12-20,25.850000381469727,25.88999938964844,25.82999992370605,25.8799991607666,23.073150634765625,1423000.0
2021-12-21,25.8700008392334,25.90999984741211,25.850000381469727,25.850000381469727,23.046405792236328,887000.0
2021-12-22,25.799999237060547,25.809999465942383,25.739999771118164,25.75,22.957250595092773,2101600.0
2021-12-23,25.809999465942383,25.809999465942383,25.729999542236328,25.729999542236328,22.93941879272461,2216500.0
2021-12-27,25.780000686645508,25.780000686645508,25.739999771118164,25.739999771118164,22.94833374023437,1344300.0
2021-12-28,25.76000022888184,25.809999465942383,25.75,25.770000457763672,22.975082397460938,820200.0
2021-12-29,25.739999771118164,25.739999771118164,25.65999984741211,25.700000762939453,22.912673950195312,1252000.0
2021-12-30,25.739999771118164,25.780000686645508,25.709999084472656,25.739999771118164,22.94833374023437,367600.0
2021-12-31,25.690000534057617,25.709999084472656,25.6200008392334,25.6299991607666,22.850265502929688,1161300.0
2022-01-03,25.739999771118164,25.809999465942383,25.739999771118164,25.790000915527344,22.9929141998291,3449500.0
2022-01-04,25.809999465942383,25.81999969482422,25.739999771118164,25.809999465942383,23.01074409484864,1310300.0
2022-01-05,25.71999931335449,25.790000915527344,25.690000534057617,25.780000686645508,22.983999252319336,1029900.0
2022-01-06,25.770000457763672,25.81999969482422,25.739999771118164,25.799999237060547,23.001827239990234,1398600.0
2022-01-07,25.739999771118164,25.75,25.63999938964844,25.65999984741211,22.877012252807617,540400.0
2022-01-10,25.770000457763672,25.780000686645508,25.700000762939453,25.71999931335449,22.930503845214844,1004300.0
2022-01-11,25.709999084472656,25.739999771118164,25.61000061035156,25.61000061035156,22.83243560791016,1311700.0
2022-01-12,25.530000686645508,25.530000686645508,25.43000030517578,25.440000534057617,22.68087387084961,3489200.0
2022-01-13,25.3700008392334,25.43000030517578,25.36000061035156,25.43000030517578,22.67195701599121,3801200.0
2022-01-14,25.440000534057617,25.530000686645508,25.420000076293945,25.5,22.73436546325684,2303000.0
2022-01-18,25.600000381469727,25.670000076293945,25.57999992370605,25.65999984741211,22.877012252807617,1940200.0
2022-01-19,25.59000015258789,25.6200008392334,25.56999969482422,25.600000381469727,22.82352066040039,1510100.0
2022-01-20,25.59000015258789,25.68000030517578,25.559999465942383,25.68000030517578,22.89484214782715,1033000.0
2022-01-21,25.57999992370605,25.6200008392334,25.57999992370605,25.61000061035156,22.83243560791016,1224500.0
2022-01-24,25.71999931335449,25.75,25.65999984741211,25.690000534057617,22.903759002685547,1946000.0
2022-01-25,25.76000022888184,25.780000686645508,25.690000534057617,25.700000762939453,22.912673950195312,1312800.0
2022-01-26,25.709999084472656,25.86000061035156,25.709999084472656,25.84000015258789,23.03748893737793,1583300.0
2022-01-27,26.01000022888184,26.06999969482422,25.979999542236328,26.059999465942383,23.233627319335938,1530300.0
2022-01-28,26.040000915527344,26.06999969482422,26.0,26.049999237060547,23.22471237182617,1791500.0
2022-01-31,25.96999931335449,25.989999771118164,25.850000381469727,25.8700008392334,23.06423568725586,2055800.0
2022-02-01,25.799999237060547,25.850000381469727,25.790000915527344,25.799999237060547,23.001827239990234,4019500.0
2022-02-02,25.700000762939453,25.739999771118164,25.68000030517578,25.700000762939453,22.912673950195312,4401600.0
2022-02-03,25.61000061035156,25.6200008392334,25.51000022888184,25.56999969482422,22.796772003173828,6514000.0
2022-02-04,25.600000381469727,25.6299991607666,25.540000915527344,25.549999237060547,22.778940200805664,2243900.0
2022-02-07,25.59000015258789,25.59000015258789,25.530000686645508,25.559999465942383,22.787857055664062,1159800.0
2022-02-08,25.59000015258789,25.6299991607666,25.57999992370605,25.600000381469727,22.82352066040039,1590900.0
2022-02-09,25.559999465942383,25.600000381469727,25.540000915527344,25.56999969482422,22.796772003173828,638800.0
2022-02-10,25.68000030517578,25.700000762939453,25.479999542236328,25.61000061035156,22.83243560791016,2931500.0
2022-02-11,25.65999984741211,25.739999771118164,25.61000061035156,25.71999931335449,22.930503845214844,2208700.0
2022-02-14,25.780000686645508,25.81999969482422,25.75,25.790000915527344,22.9929141998291,1933900.0
2022-02-15,25.729999542236328,25.780000686645508,25.68000030517578,25.690000534057617,22.903759002685547,1251000.0
2022-02-16,25.68000030517578,25.68000030517578,25.61000061035156,25.63999938964844,22.859180450439453,695200.0
2022-02-17,25.64999961853028,25.670000076293945,25.6200008392334,25.64999961853028,22.86809539794922,859500.0
2022-02-18,25.670000076293945,25.75,25.65999984741211,25.71999931335449,22.930503845214844,1144300.0
2022-02-22,25.709999084472656,25.729999542236328,25.670000076293945,25.729999542236328,22.93941879272461,1171700.0
2022-02-23,25.690000534057617,25.770000457763672,25.670000076293945,25.76000022888184,22.96616554260254,1214300.0
2022-02-24,26.040000915527344,26.15999984741211,25.940000534057617,25.96999931335449,23.15339088439941,4162400.0
2022-02-25,25.93000030517578,25.940000534057617,25.84000015258789,25.84000015258789,23.03748893737793,1293400.0
2022-02-28,25.93000030517578,25.93000030517578,25.86000061035156,25.8799991607666,23.073150634765625,1352500.0
2022-03-01,26.0,26.1200008392334,25.979999542236328,26.07999992370605,23.2514591217041,2498000.0
2022-03-02,26.1200008392334,26.190000534057617,26.040000915527344,26.059999465942383,23.233627319335938,1451400.0
2022-03-03,26.1299991607666,26.21999931335449,26.11000061035156,26.15999984741211,23.322784423828125,1780800.0
2022-03-04,26.450000762939453,26.46999931335449,26.36000061035156,26.36000061035156,23.5010929107666,3212400.0
2022-03-07,26.43000030517578,26.57999992370605,26.420000076293945,26.549999237060547,23.67048454284668,2507900.0
2022-03-08,26.5,26.56999969482422,26.40999984741211,26.5,23.62590980529785,1497200.0
2022-03-09,26.25,26.309999465942383,26.190000534057617,26.239999771118164,23.394105911254883,1594900.0
2022-03-10,26.309999465942383,26.3799991607666,26.290000915527344,26.3700008392334,23.510007858276367,1098000.0
2022-03-11,26.38999938964844,26.559999465942383,26.36000061035156,26.51000022888184,23.634824752807617,1661300.0
2022-03-14,26.459999084472656,26.51000022888184,26.39999961853028,26.5,23.62590980529785,1739500.0
2022-03-15,26.39999961853028,26.520000457763672,26.3700008392334,26.46999931335449,23.59916114807129,762600.0
2022-03-16,26.3700008392334,26.5,26.280000686645508,26.280000686645508,23.42976760864257,1958400.0
2022-03-17,26.270000457763672,26.290000915527344,26.1299991607666,26.21999931335449,23.37627601623535,3088600.0
2022-03-18,26.36000061035156,26.3700008392334,26.239999771118164,26.25,23.40302276611328,913700.0
2022-03-21,26.270000457763672,26.350000381469727,26.25,26.350000381469727,23.49217796325684,1232300.0
2022-03-22,26.31999969482422,26.36000061035156,26.290000915527344,26.34000015258789,23.48326110839844,928500.0
2022-03-23,26.40999984741211,26.440000534057617,26.36000061035156,26.3700008392334,23.510007858276367,465600.0
2022-03-24,26.43000030517578,26.459999084472656,26.3700008392334,26.39999961853028,23.536752700805664,1666300.0
2022-03-25,26.38999938964844,26.43000030517578,26.350000381469727,26.40999984741211,23.545669555664062,599200.0
2022-03-28,26.559999465942383,26.559999465942383,26.459999084472656,26.489999771118164,23.616992950439453,1086700.0
2022-03-29,26.25,26.350000381469727,26.209999084472656,26.32999992370605,23.474346160888672,1542200.0
2022-03-30,26.170000076293945,26.200000762939453,26.1299991607666,26.190000534057617,23.34953117370605,3972300.0
2022-03-31,26.280000686645508,26.31999969482422,26.190000534057617,26.299999237060547,23.44759750366211,1679100.0
2022-04-01,26.3700008392334,26.39999961853028,26.34000015258789,26.34000015258789,23.48326110839844,1824200.0
2022-04-04,26.43000030517578,26.479999542236328,26.40999984741211,26.459999084472656,23.59024429321289,1158100.0
2022-04-05,26.450000762939453,26.600000381469727,26.420000076293945,26.600000381469727,23.715063095092773,2081500.0
2022-04-06,26.559999465942383,26.68000030517578,26.549999237060547,26.6200008392334,23.732892990112305,1653400.0
2022-04-07,26.600000381469727,26.690000534057617,26.57999992370605,26.670000076293945,23.7774715423584,880400.0
2022-04-08,26.75,26.780000686645508,26.65999984741211,26.670000076293945,23.7774715423584,1706700.0
2022-04-11,26.71999931335449,26.739999771118164,26.690000534057617,26.729999542236328,23.830963134765625,797200.0
2022-04-12,26.709999084472656,26.81999969482422,26.690000534057617,26.81999969482422,23.91120147705078,1410200.0
2022-04-13,26.86000061035156,26.8700008392334,26.68000030517578,26.709999084472656,23.81313133239746,2906500.0
2022-04-14,26.799999237060547,26.93000030517578,26.799999237060547,26.82999992370605,23.920116424560547,1525700.0
2022-04-18,26.8799991607666,26.959999084472656,26.86000061035156,26.940000534057617,24.0181884765625,1149000.0
2022-04-19,26.989999771118164,27.01000022888184,26.950000762939453,27.0,24.071680068969727,1498500.0
2022-04-20,26.84000015258789,26.86000061035156,26.790000915527344,26.809999465942383,23.902284622192383,1235200.0
2022-04-21,26.770000457763672,26.90999984741211,26.75,26.88999938964844,23.973609924316406,2180300.0
2022-04-22,26.979999542236328,27.09000015258789,26.96999931335449,27.049999237060547,24.11625862121582,1207300.0
2022-04-25,27.18000030517578,27.229999542236328,27.14999961853028,27.18000030517578,24.232158660888672,2316400.0
2022-04-26,27.25,27.36000061035156,27.239999771118164,27.350000381469727,24.38372230529785,2241400.0
2022-04-27,27.549999237060547,27.61000061035156,27.479999542236328,27.520000457763672,24.5352840423584,3872300.0
2022-04-28,27.71999931335449,27.770000457763672,27.670000076293945,27.68000030517578,24.67793083190918,2427100.0
2022-04-29,27.600000381469727,27.6200008392334,27.479999542236328,27.56999969482422,24.57986068725586,3029200.0
2022-05-02,27.68000030517578,27.739999771118164,27.6200008392334,27.709999084472656,24.70467567443848,2294100.0
2022-05-03,27.57999992370605,27.690000534057617,27.559999465942383,27.65999984741211,24.66010093688965,2199600.0
2022-05-04,27.600000381469727,27.709999084472656,27.38999938964844,27.43000030517578,24.45504570007324,10608800.0
2022-05-05,27.600000381469727,27.790000915527344,27.600000381469727,27.65999984741211,24.66010093688965,3165300.0
2022-05-06,27.6299991607666,27.739999771118164,27.600000381469727,27.709999084472656,24.70467567443848,2506400.0
2022-05-09,27.739999771118164,27.809999465942383,27.63999938964844,27.71999931335449,24.71359062194824,3017700.0
2022-05-10,27.700000762939453,27.799999237060547,27.700000762939453,27.780000686645508,24.76708602905273,10162000.0
2022-05-11,27.709999084472656,27.809999465942383,27.6299991607666,27.809999465942383,24.79383087158203,2300200.0
2022-05-12,27.920000076293945,28.049999237060547,27.88999938964844,28.049999237060547,25.007801055908203,3214900.0
2022-05-13,28.06999969482422,28.06999969482422,27.93000030517578,27.96999931335449,24.93647766113281,2855600.0
2022-05-16,27.93000030517578,27.96999931335449,27.84000015258789,27.86000061035156,24.838409423828125,1721900.0
2022-05-17,27.670000076293945,27.690000534057617,27.61000061035156,27.6299991607666,24.63335418701172,7703800.0
2022-05-18,27.690000534057617,27.780000686645508,27.6299991607666,27.770000457763672,24.75817108154297,2184000.0
2022-05-19,27.559999465942383,27.559999465942383,27.440000534057617,27.479999542236328,24.499622344970703,6258400.0
2022-05-20,27.530000686645508,27.61000061035156,27.520000457763672,27.540000915527344,24.55311584472656,2677600.0
2022-05-23,27.350000381469727,27.3700008392334,27.270000457763672,27.290000915527344,24.330230712890625,3716700.0
2022-05-24,27.26000022888184,27.270000457763672,27.15999984741211,27.209999084472656,24.2589054107666,3642500.0
2022-05-25,27.32999992370605,27.3700008392334,27.26000022888184,27.309999465942383,24.348058700561523,1545200.0
2022-05-26,27.26000022888184,27.280000686645508,27.200000762939453,27.21999931335449,24.267822265625,1289400.0
2022-05-27,27.18000030517578,27.239999771118164,27.1200008392334,27.15999984741211,24.21432876586914,2677900.0
2022-05-31,27.239999771118164,27.290000915527344,27.170000076293945,27.209999084472656,24.2589054107666,2716100.0
2022-06-01,27.239999771118164,27.459999084472656,27.229999542236328,27.420000076293945,24.44613075256348,3746400.0
2022-06-02,27.290000915527344,27.32999992370605,27.18000030517578,27.18000030517578,24.232158660888672,6241000.0
2022-06-03,27.25,27.32999992370605,27.209999084472656,27.299999237060547,24.33914375305176,5713900.0
2022-06-06,27.290000915527344,27.38999938964844,27.280000686645508,27.36000061035156,24.392637252807617,2805900.0
2022-06-07,27.459999084472656,27.459999084472656,27.31999969482422,27.32999992370605,24.365890502929688,1496600.0
2022-06-08,27.36000061035156,27.40999984741211,27.32999992370605,27.40999984741211,24.43721580505371,1002500.0
2022-06-09,27.43000030517578,27.6200008392334,27.39999961853028,27.61000061035156,24.615524291992188,4253600.0
2022-06-10,27.780000686645508,27.850000381469727,27.770000457763672,27.82999992370605,24.811662673950195,2510900.0
2022-06-13,28.0,28.1299991607666,27.96999931335449,28.100000381469727,25.052379608154297,6183800.0
2022-06-14,28.040000915527344,28.209999084472656,28.030000686645508,28.15999984741211,25.105871200561523,4136500.0
2022-06-15,28.100000381469727,28.209999084472656,27.920000076293945,27.940000534057617,24.90973281860352,5882000.0
2022-06-16,27.8799991607666,27.959999084472656,27.59000015258789,27.670000076293945,24.66901588439941,4908000.0
2022-06-17,27.90999984741211,28.049999237060547,27.89999961853028,27.950000762939453,24.91864967346192,2106900.0
2022-06-21,27.84000015258789,27.89999961853028,27.790000915527344,27.850000381469727,24.82949447631836,2527800.0
2022-06-22,27.850000381469727,27.850000381469727,27.709999084472656,27.809999465942383,24.79383087158203,1780800.0
2022-06-23,27.850000381469727,27.90999984741211,27.770000457763672,27.84000015258789,24.82057762145996,2163500.0
2022-06-24,27.81999969482422,27.850000381469727,27.739999771118164,27.780000686645508,24.76708602905273,1427100.0
2022-06-27,27.739999771118164,27.76000022888184,27.65999984741211,27.729999542236328,24.72250747680664,1464900.0
2022-06-28,27.86000061035156,27.90999984741211,27.82999992370605,27.88999938964844,24.865154266357425,1676900.0
2022-06-29,27.959999084472656,28.059999465942383,27.950000762939453,28.049999237060547,25.007801055908203,2025400.0
2022-06-30,28.06999969482422,28.09000015258789,27.93000030517578,27.959999084472656,24.927562713623047,2113500.0
2022-07-01,28.13999938964844,28.209999084472656,28.040000915527344,28.049999237060547,25.007801055908203,2964500.0
2022-07-05,28.450000762939453,28.520000457763672,28.40999984741211,28.450000762939453,25.36441993713379,3325500.0
2022-07-06,28.559999465942383,28.64999961853028,28.530000686645508,28.57999992370605,25.48031997680664,4650600.0
2022-07-07,28.57999992370605,28.63999938964844,28.530000686645508,28.59000015258789,25.489234924316406,2323700.0
2022-07-08,28.600000381469727,28.670000076293945,28.530000686645508,28.56999969482422,25.471405029296875,1736300.0
2022-07-11,28.86000061035156,28.920000076293945,28.799999237060547,28.89999961853028,25.765613555908203,4233500.0
2022-07-12,28.88999938964844,28.90999984741211,28.799999237060547,28.88999938964844,25.75669860839844,1586700.0
2022-07-13,28.950000762939453,28.96999931335449,28.700000762939453,28.82999992370605,25.70320510864257,1624200.0
2022-07-14,29.13999938964844,29.200000762939453,28.950000762939453,29.030000686645508,25.881515502929688,3071100.0
2022-07-15,28.93000030517578,28.959999084472656,28.81999969482422,28.86000061035156,25.72995376586914,2392000.0
2022-07-18,28.68000030517578,28.709999084472656,28.540000915527344,28.700000762939453,25.58730697631836,3623300.0
2022-07-19,28.479999542236328,28.530000686645508,28.43000030517578,28.520000457763672,25.42682838439941,3228200.0
2022-07-20,28.489999771118164,28.65999984741211,28.479999542236328,28.600000381469727,25.498151779174805,2222100.0
2022-07-21,28.63999938964844,28.670000076293945,28.520000457763672,28.520000457763672,25.42682838439941,2831800.0
2022-07-22,28.520000457763672,28.530000686645508,28.350000381469727,28.479999542236328,25.39116668701172,3151300.0
2022-07-25,28.38999938964844,28.489999771118164,28.3799991607666,28.440000534057617,25.35550308227539,2012600.0
2022-07-26,28.57999992370605,28.65999984741211,28.57999992370605,28.65999984741211,25.55164337158203,2452400.0
2022-07-27,28.600000381469727,28.700000762939453,28.38999938964844,28.420000076293945,25.33767318725586,4947700.0
2022-07-28,28.440000534057617,28.540000915527344,28.38999938964844,28.39999961853028,25.31984138488769,2361500.0
2022-07-29,28.459999084472656,28.5,28.290000915527344,28.290000915527344,25.221773147583008,5538600.0
2022-08-01,28.190000534057617,28.21999931335449,28.1200008392334,28.18000030517578,25.123703002929688,5826900.0
2022-08-02,28.25,28.40999984741211,28.209999084472656,28.36000061035156,25.28418159484864,15058800.0
2022-08-03,28.40999984741211,28.549999237060547,28.39999961853028,28.440000534057617,25.35550308227539,2811300.0
2022-08-04,28.43000030517578,28.450000762939453,28.239999771118164,28.26000022888184,25.19502639770508,2536100.0
2022-08-05,28.540000915527344,28.559999465942383,28.459999084472656,28.5,25.40899658203125,3199400.0
2022-08-08,28.43000030517578,28.46999931335449,28.36000061035156,28.459999084472656,25.37333297729492,2802800.0
2022-08-09,28.36000061035156,28.450000762939453,28.350000381469727,28.43000030517578,25.346588134765625,1437600.0
2022-08-10,28.1200008392334,28.15999984741211,27.979999542236328,28.1200008392334,25.07021141052246,6198200.0
2022-08-11,28.030000686645508,28.13999938964844,27.979999542236328,28.13999938964844,25.088041305541992,2888900.0
2022-08-12,28.229999542236328,28.31999969482422,28.209999084472656,28.25,25.18610954284668,3069800.0
2022-08-15,28.34000015258789,28.5,28.34000015258789,28.5,25.40899658203125,4475400.0
2022-08-16,28.540000915527344,28.540000915527344,28.43000030517578,28.489999771118164,25.400081634521484,3038700.0
2022-08-17,28.540000915527344,28.57999992370605,28.459999084472656,28.530000686645508,25.43574333190918,2704800.0
2022-08-18,28.57999992370605,28.790000915527344,28.57999992370605,28.75,25.631881713867188,2970300.0
2022-08-19,28.90999984741211,28.959999084472656,28.88999938964844,28.93000030517578,25.792360305786133,3143700.0
2022-08-22,29.01000022888184,29.200000762939453,29.01000022888184,29.170000076293945,26.006330490112305,4688200.0
2022-08-23,29.15999984741211,29.170000076293945,28.93000030517578,29.049999237060547,25.89934539794922,14555300.0
2022-08-24,29.170000076293945,29.209999084472656,29.0,29.06999969482422,25.917177200317383,4544400.0
2022-08-25,29.059999465942383,29.100000381469727,28.979999542236328,29.020000457763672,25.87259864807129,2440300.0
2022-08-26,28.86000061035156,29.14999961853028,28.799999237060547,29.1299991607666,25.970666885375977,2743800.0
2022-08-29,29.1200008392334,29.18000030517578,29.059999465942383,29.13999938964844,25.97958374023437,3902000.0
2022-08-30,29.06999969482422,29.21999931335449,29.049999237060547,29.1299991607666,25.970666885375977,2619700.0
2022-08-31,29.200000762939453,29.21999931335449,29.030000686645508,29.11000061035156,25.95283889770508,2497800.0
2022-09-01,29.290000915527344,29.46999931335449,29.270000457763672,29.3700008392334,26.18463897705078,4864200.0
2022-09-02,29.25,29.38999938964844,29.18000030517578,29.3799991607666,26.193553924560547,2678200.0
2022-09-06,29.530000686645508,29.6299991607666,29.46999931335449,29.549999237060547,26.345115661621094,15048800.0
2022-09-07,29.63999938964844,29.64999961853028,29.34000015258789,29.34000015258789,26.15789222717285,3382800.0
2022-09-08,29.46999931335449,29.51000022888184,29.3700008392334,29.39999961853028,26.21138572692871,2431100.0
2022-09-09,29.200000762939453,29.229999542236328,29.14999961853028,29.190000534057617,26.02416038513184,3388900.0
2022-09-12,29.030000686645508,29.059999465942383,28.950000762939453,29.040000915527344,25.89043235778809,3580900.0
2022-09-13,29.309999465942383,29.459999084472656,29.25,29.440000534057617,26.247047424316406,7862100.0
2022-09-14,29.36000061035156,29.420000076293945,29.309999465942383,29.3799991607666,26.193553924560547,2120700.0
2022-09-15,29.40999984741211,29.43000030517578,29.350000381469727,29.39999961853028,26.21138572692871,2349500.0
2022-09-16,29.5,29.520000457763672,29.34000015258789,29.39999961853028,26.21138572692871,3646500.0
2022-09-19,29.5,29.51000022888184,29.36000061035156,29.3799991607666,26.193553924560547,1741700.0
2022-09-20,29.530000686645508,29.559999465942383,29.459999084472656,29.520000457763672,26.3183708190918,2065100.0
2022-09-21,29.65999984741211,29.920000076293945,29.63999938964844,29.809999465942383,26.57691764831543,4722000.0
2022-09-22,29.770000457763672,29.88999938964844,29.729999542236328,29.850000381469727,26.612579345703125,2584200.0
2022-09-23,30.049999237060547,30.3700008392334,30.049999237060547,30.31999969482422,27.031604766845703,4964300.0
2022-09-26,30.440000534057617,30.700000762939453,30.38999938964844,30.65999984741211,27.33473014831543,7721000.0
2022-09-27,30.59000015258789,30.76000022888184,30.520000457763672,30.670000076293945,27.343647003173828,7688600.0
2022-09-28,30.700000762939453,30.729999542236328,30.229999542236328,30.270000457763672,26.98702812194824,9864700.0
2022-09-29,30.309999465942383,30.36000061035156,30.1200008392334,30.14999961853028,26.88004302978516,6257300.0
2022-09-30,30.270000457763672,30.270000457763672,30.09000015258789,30.14999961853028,26.88004302978516,4762000.0
2022-10-03,30.170000076293945,30.21999931335449,29.959999084472656,30.01000022888184,26.755226135253903,3432000.0
2022-10-04,29.81999969482422,29.84000015258789,29.57999992370605,29.600000381469727,26.389694213867188,12310600.0
2022-10-05,29.920000076293945,30.030000686645508,29.84000015258789,29.8799991607666,26.639324188232425,4949000.0
2022-10-06,30.059999465942383,30.200000762939453,30.0,30.18000030517578,26.90678977966309,3243700.0
2022-10-07,30.239999771118164,30.34000015258789,30.15999984741211,30.299999237060547,27.01377487182617,4733000.0
2022-10-10,30.420000076293945,30.479999542236328,30.31999969482422,30.43000030517578,27.129674911499023,4099600.0
2022-10-11,30.40999984741211,30.489999771118164,30.209999084472656,30.450000762939453,27.147506713867188,4843100.0
2022-10-12,30.459999084472656,30.530000686645508,30.3799991607666,30.450000762939453,27.147506713867188,2466400.0
2022-10-13,30.559999465942383,30.57999992370605,30.13999938964844,30.25,26.96919631958008,7358300.0
2022-10-14,30.32999992370605,30.489999771118164,30.309999465942383,30.459999084472656,27.15641975402832,3993800.0
2022-10-17,30.25,30.270000457763672,30.09000015258789,30.14999961853028,26.88004302978516,4010000.0
2022-10-18,30.07999992370605,30.229999542236328,30.059999465942383,30.1299991607666,26.862211227416992,5326500.0
2022-10-19,30.309999465942383,30.40999984741211,30.270000457763672,30.350000381469727,27.05835151672364,3372900.0
2022-10-20,30.309999465942383,30.39999961853028,30.15999984741211,30.3700008392334,27.0761833190918,3437500.0
2022-10-21,30.46999931335449,30.489999771118164,30.049999237060547,30.11000061035156,26.844383239746094,6352400.0
2022-10-24,30.209999084472656,30.229999542236328,30.06999969482422,30.13999938964844,26.87112808227539,3132200.0
2022-10-25,29.950000762939453,29.950000762939453,29.790000915527344,29.809999465942383,26.57691764831543,5338900.0
2022-10-26,29.690000534057617,29.690000534057617,29.479999542236328,29.5,26.30053901672364,7681000.0
2022-10-27,29.68000030517578,29.75,29.530000686645508,29.729999542236328,26.50559425354004,4312800.0
2022-10-28,29.780000686645508,29.8700008392334,29.739999771118164,29.780000686645508,26.550172805786133,2480000.0
2022-10-31,29.979999542236328,30.049999237060547,29.959999084472656,30.030000686645508,26.77305793762207,2920800.0
2022-11-01,29.84000015258789,30.07999992370605,29.81999969482422,30.020000457763672,26.764142990112305,3313600.0
2022-11-02,29.920000076293945,30.14999961853028,29.700000762939453,30.14999961853028,26.88004302978516,5314900.0
2022-11-03,30.39999961853028,30.43000030517578,30.270000457763672,30.39999961853028,27.102928161621094,8854500.0
2022-11-04,30.030000686645508,30.1299991607666,29.799999237060547,29.82999992370605,26.5947494506836,5481400.0
2022-11-07,29.709999084472656,29.770000457763672,29.6200008392334,29.65999984741211,26.44318580627441,3220200.0
2022-11-08,29.690000534057617,29.700000762939453,29.440000534057617,29.530000686645508,26.32728576660156,4722300.0
2022-11-09,29.68000030517578,29.799999237060547,29.540000915527344,29.75,26.523426055908203,2870800.0
2022-11-10,29.26000022888184,29.299999237060547,29.06999969482422,29.06999969482422,25.917177200317383,10429200.0
2022-11-11,28.809999465942383,28.89999961853028,28.61000061035156,28.64999961853028,25.54272651672364,8430900.0
2022-11-14,28.82999992370605,28.8700008392334,28.700000762939453,28.780000686645508,25.65862846374512,6588500.0
2022-11-15,28.549999237060547,28.850000381469727,28.520000457763672,28.68000030517578,25.569475173950195,5245200.0
2022-11-16,28.600000381469727,28.71999931335449,28.57999992370605,28.6200008392334,25.515981674194336,2510600.0
2022-11-17,28.82999992370605,28.8799991607666,28.729999542236328,28.729999542236328,25.614051818847656,3651700.0
2022-11-18,28.75,28.84000015258789,28.700000762939453,28.809999465942383,25.68537330627441,3321400.0
2022-11-21,29.030000686645508,29.11000061035156,29.0,29.059999465942383,25.908260345458984,3623300.0
2022-11-22,28.96999931335449,28.989999771118164,28.8700008392334,28.8799991607666,25.74778175354004,3115900.0
2022-11-23,28.799999237060547,28.809999465942383,28.56999969482422,28.57999992370605,25.48031997680664,4713200.0
2022-11-25,28.65999984741211,28.690000534057617,28.56999969482422,28.57999992370605,25.48031997680664,1306400.0
2022-11-28,28.559999465942383,28.799999237060547,28.530000686645508,28.790000915527344,25.66754531860352,2833000.0
2022-11-29,28.799999237060547,28.84000015258789,28.700000762939453,28.84000015258789,25.712121963500977,1322500.0
2022-11-30,28.71999931335449,28.920000076293945,28.540000915527344,28.61000061035156,25.50706672668457,4062300.0
2022-12-01,28.309999465942383,28.3799991607666,28.239999771118164,28.26000022888184,25.19502639770508,6989500.0
2022-12-02,28.36000061035156,28.440000534057617,28.200000762939453,28.229999542236328,25.16827964782715,3845600.0
2022-12-05,28.25,28.46999931335449,28.21999931335449,28.459999084472656,25.37333297729492,5149200.0
2022-12-06,28.39999961853028,28.530000686645508,28.34000015258789,28.479999542236328,25.39116668701172,4039400.0
2022-12-07,28.3700008392334,28.459999084472656,28.350000381469727,28.38999938964844,25.31092643737793,2869900.0
2022-12-08,28.36000061035156,28.39999961853028,28.290000915527344,28.299999237060547,25.230688095092773,2483300.0
2022-12-09,28.34000015258789,28.38999938964844,28.229999542236328,28.36000061035156,25.28418159484864,2643000.0
2022-12-12,28.34000015258789,28.450000762939453,28.290000915527344,28.3799991607666,25.302011489868164,4195200.0
2022-12-13,28.030000686645508,28.14999961853028,28.020000457763672,28.1299991607666,25.079126358032227,9962200.0
2022-12-14,28.09000015258789,28.170000076293945,27.950000762939453,28.0,24.963224411010746,5789100.0
2022-12-15,28.059999465942383,28.350000381469727,28.040000915527344,28.26000022888184,25.19502639770508,9086600.0
2022-12-16,28.280000686645508,28.32999992370605,28.200000762939453,28.309999465942383,25.23960304260254,5050300.0
2022-12-19,28.030000686645508,28.1200008392334,27.989999771118164,28.06999969482422,25.245899200439453,5859400.0
2022-12-20,27.920000076293945,27.940000534057617,27.809999465942383,27.8799991607666,25.075014114379883,3683600.0
2022-12-21,27.920000076293945,27.989999771118164,27.8700008392334,27.950000762939453,25.13797187805176,4431800.0
2022-12-22,28.0,28.059999465942383,27.96999931335449,27.989999771118164,25.173946380615234,2743500.0
2022-12-23,28.01000022888184,28.049999237060547,27.950000762939453,27.979999542236328,25.164953231811523,1852300.0
2022-12-27,28.0,28.01000022888184,27.920000076293945,27.96999931335449,25.15595817565918,3022400.0
2022-12-28,27.920000076293945,28.06999969482422,27.8799991607666,28.06999969482422,25.245899200439453,1992100.0
2022-12-29,27.950000762939453,27.979999542236328,27.8700008392334,27.89999961853028,25.093000411987305,2110500.0
2022-12-30,27.86000061035156,27.93000030517578,27.770000457763672,27.809999465942383,25.01205444335937,3437100.0
2023-01-03,28.06999969482422,28.15999984741211,27.989999771118164,28.11000061035156,25.28187370300293,4482600.0
2023-01-04,27.96999931335449,28.06999969482422,27.940000534057617,28.01000022888184,25.19193458557129,1979100.0
2023-01-05,28.200000762939453,28.299999237060547,28.190000534057617,28.270000457763672,25.42577743530273,3417800.0
2023-01-06,28.26000022888184,28.32999992370605,27.89999961853028,27.89999961853028,25.093000411987305,3794000.0
2023-01-09,27.780000686645508,27.790000915527344,27.65999984741211,27.729999542236328,24.940105438232425,9855100.0
2023-01-10,27.729999542236328,27.790000915527344,27.690000534057617,27.75,24.958091735839844,1670000.0
2023-01-11,27.739999771118164,27.809999465942383,27.71999931335449,27.75,24.958091735839844,1929800.0
2023-01-12,27.56999969482422,27.75,27.440000534057617,27.479999542236328,24.71525764465332,4370500.0
2023-01-13,27.549999237060547,27.559999465942383,27.459999084472656,27.46999931335449,24.706262588500977,2049500.0
2023-01-17,27.440000534057617,27.57999992370605,27.40999984741211,27.549999237060547,24.77821350097656,2566900.0
2023-01-18,27.32999992370605,27.56999969482422,27.309999465942383,27.549999237060547,24.77821350097656,3212900.0
2023-01-19,27.5,27.56999969482422,27.440000534057617,27.479999542236328,24.71525764465332,2509100.0
2023-01-20,27.559999465942383,27.600000381469727,27.440000534057617,27.440000534057617,24.67928123474121,2634900.0
2023-01-23,27.51000022888184,27.530000686645508,27.440000534057617,27.479999542236328,24.71525764465332,3615600.0
2023-01-24,27.489999771118164,27.57999992370605,27.43000030517578,27.450000762939453,24.688276290893555,1754000.0
2023-01-25,27.440000534057617,27.46999931335449,27.350000381469727,27.36000061035156,24.60733222961425,2230900.0
2023-01-26,27.39999961853028,27.520000457763672,27.38999938964844,27.43000030517578,24.6702880859375,2657100.0
2023-01-27,27.520000457763672,27.540000915527344,27.440000534057617,27.46999931335449,24.706262588500977,2554400.0
2023-01-30,27.479999542236328,27.56999969482422,27.450000762939453,27.56999969482422,24.79620361328125,3006500.0
2023-01-31,27.549999237060547,27.61000061035156,27.5,27.51000022888184,24.74223899841309,2126300.0
2023-02-01,27.43000030517578,27.51000022888184,27.21999931335449,27.25,24.50839614868164,7138000.0
2023-02-02,27.31999969482422,27.479999542236328,27.309999465942383,27.43000030517578,24.6702880859375,4302100.0
2023-02-03,27.64999961853028,27.790000915527344,27.600000381469727,27.790000915527344,24.994070053100582,7868200.0
2023-02-06,27.89999961853028,28.01000022888184,27.8700008392334,27.950000762939453,25.13797187805176,6884400.0
2023-02-07,28.01000022888184,28.059999465942383,27.790000915527344,27.89999961853028,25.093000411987305,4282800.0
2023-02-08,27.8799991607666,27.940000534057617,27.86000061035156,27.93000030517578,25.119983673095703,1416500.0
2023-02-09,27.709999084472656,27.88999938964844,27.709999084472656,27.88999938964844,25.0840072631836,3609000.0
2023-02-10,27.89999961853028,28.01000022888184,27.8799991607666,27.979999542236328,25.164953231811523,3201800.0
2023-02-13,27.989999771118164,28.0,27.8799991607666,27.89999961853028,25.093000411987305,2010600.0
2023-02-14,27.920000076293945,27.96999931335449,27.780000686645508,27.8799991607666,25.075014114379883,3456700.0
2023-02-15,28.09000015258789,28.13999938964844,28.059999465942383,28.06999969482422,25.245899200439453,4805900.0
2023-02-16,28.13999938964844,28.18000030517578,28.059999465942383,28.11000061035156,25.28187370300293,4101800.0
2023-02-17,28.190000534057617,28.229999542236328,28.06999969482422,28.09000015258789,25.263885498046875,4187800.0
2023-02-21,28.1299991607666,28.200000762939453,28.059999465942383,28.18000030517578,25.344831466674805,2532000.0
2023-02-22,28.18000030517578,28.290000915527344,28.13999938964844,28.270000457763672,25.42577743530273,1745200.0
2023-02-23,28.270000457763672,28.350000381469727,28.25,28.280000686645508,25.434770584106445,4056600.0
2023-02-24,28.489999771118164,28.5,28.440000534057617,28.489999771118164,25.62364196777344,4869300.0
2023-02-27,28.3799991607666,28.39999961853028,28.290000915527344,28.34000015258789,25.488733291625977,3470300.0
2023-02-28,28.309999465942383,28.420000076293945,28.26000022888184,28.420000076293945,25.560686111450195,4060400.0
2023-03-01,28.26000022888184,28.34000015258789,28.21999931335449,28.270000457763672,25.42577743530273,3932300.0
2023-03-02,28.459999084472656,28.489999771118164,28.39999961853028,28.420000076293945,25.560686111450195,3976200.0
2023-03-03,28.3700008392334,28.450000762939453,28.299999237060547,28.309999465942383,25.46175003051757,2795100.0
2023-03-06,28.280000686645508,28.309999465942383,28.209999084472656,28.270000457763672,25.42577743530273,4169000.0
2023-03-07,28.350000381469727,28.6299991607666,28.34000015258789,28.6200008392334,25.74056434631348,4149300.0
2023-03-08,28.61000061035156,28.670000076293945,28.549999237060547,28.61000061035156,25.731569290161133,3127600.0
2023-03-09,28.549999237060547,28.559999465942383,28.5,28.530000686645508,25.659618377685547,2749300.0
2023-03-10,28.350000381469727,28.3700008392334,28.200000762939453,28.350000381469727,25.49772834777832,5632800.0
2023-03-13,28.15999984741211,28.190000534057617,28.059999465942383,28.09000015258789,25.263885498046875,5300200.0
2023-03-14,28.11000061035156,28.200000762939453,28.07999992370605,28.09000015258789,25.263885498046875,3386400.0
2023-03-15,28.46999931335449,28.51000022888184,28.3799991607666,28.38999938964844,25.5337028503418,5141900.0
2023-03-16,28.38999938964844,28.40999984741211,28.309999465942383,28.36000061035156,25.50672149658203,2670100.0
2023-03-17,28.290000915527344,28.32999992370605,28.14999961853028,28.200000762939453,25.36281967163086,2192400.0
2023-03-20,28.059999465942383,28.09000015258789,28.040000915527344,28.040000915527344,25.218917846679688,2226300.0
2023-03-21,27.989999771118164,28.06999969482422,27.96999931335449,28.030000686645508,25.209922790527344,2354900.0
2023-03-22,27.989999771118164,28.040000915527344,27.709999084472656,27.81999969482422,25.02105140686035,5645600.0
2023-03-23,27.780000686645508,27.88999938964844,27.729999542236328,27.86000061035156,25.057025909423828,3328800.0
2023-03-24,28.0,28.059999465942383,28.0,28.030000686645508,25.209922790527344,2368700.0
2023-03-27,27.989999771118164,28.0,27.940000534057617,27.940000534057617,25.12897682189941,1910500.0
2023-03-28,27.8799991607666,27.920000076293945,27.82999992370605,27.84000015258789,25.039037704467773,2077200.0
2023-03-29,27.90999984741211,27.950000762939453,27.8700008392334,27.90999984741211,25.10199546813965,1684100.0
2023-03-30,27.780000686645508,27.809999465942383,27.76000022888184,27.780000686645508,24.98507499694824,1006600.0
2023-03-31,27.84000015258789,27.89999961853028,27.790000915527344,27.8799991607666,25.075014114379883,2569800.0
2023-04-03,27.82999992370605,27.86000061035156,27.739999771118164,27.75,24.958091735839844,1753500.0
2023-04-04,27.75,27.76000022888184,27.600000381469727,27.63999938964844,24.85915946960449,2610700.0
2023-04-05,27.64999961853028,27.76000022888184,27.59000015258789,27.71999931335449,24.93111038208008,2528900.0
2023-04-06,27.790000915527344,27.799999237060547,27.690000534057617,27.739999771118164,24.949098587036133,2156600.0
2023-04-10,27.93000030517578,27.979999542236328,27.89999961853028,27.89999961853028,25.093000411987305,1882500.0
2023-04-11,27.790000915527344,27.850000381469727,27.770000457763672,27.799999237060547,25.003061294555664,785100.0
2023-04-12,27.64999961853028,27.700000762939453,27.6200008392334,27.64999961853028,24.868152618408203,2645600.0
2023-04-13,27.5,27.530000686645508,27.459999084472656,27.520000457763672,24.75123405456543,2468300.0
2023-04-14,27.56999969482422,27.71999931335449,27.559999465942383,27.68000030517578,24.8951358795166,2777400.0
2023-04-17,27.780000686645508,27.86000061035156,27.76000022888184,27.81999969482422,25.02105140686035,2011700.0
2023-04-18,27.770000457763672,27.790000915527344,27.71999931335449,27.71999931335449,24.93111038208008,1713400.0
2023-04-19,27.76000022888184,27.799999237060547,27.729999542236328,27.780000686645508,24.98507499694824,2011200.0
2023-04-20,27.76000022888184,27.780000686645508,27.709999084472656,27.780000686645508,24.98507499694824,1992300.0
2023-04-21,27.739999771118164,27.86000061035156,27.729999542236328,27.75,24.958091735839844,1885500.0
2023-04-24,27.709999084472656,27.729999542236328,27.63999938964844,27.65999984741211,24.877147674560547,1424500.0
2023-04-25,27.71999931335449,27.81999969482422,27.71999931335449,27.790000915527344,24.994070053100582,2056500.0
2023-04-26,27.56999969482422,27.709999084472656,27.559999465942383,27.700000762939453,24.913124084472656,2395100.0
2023-04-27,27.770000457763672,27.790000915527344,27.690000534057617,27.709999084472656,24.922117233276367,1971100.0
2023-04-28,27.799999237060547,27.84000015258789,27.700000762939453,27.75,24.958091735839844,3285800.0
2023-05-01,27.770000457763672,27.90999984741211,27.770000457763672,27.88999938964844,25.0840072631836,3558800.0
2023-05-02,27.93000030517578,27.96999931335449,27.809999465942383,27.81999969482422,25.02105140686035,7964800.0
2023-05-03,27.71999931335449,27.739999771118164,27.600000381469727,27.670000076293945,24.88614273071289,3155000.0
2023-05-04,27.700000762939453,27.75,27.64999961853028,27.700000762939453,24.913124084472656,3589400.0
2023-05-05,27.75,27.770000457763672,27.63999938964844,27.65999984741211,24.877147674560547,2238100.0
2023-05-08,27.6299991607666,27.709999084472656,27.6200008392334,27.700000762939453,24.913124084472656,1426500.0
2023-05-09,27.809999465942383,27.82999992370605,27.76000022888184,27.790000915527344,24.994070053100582,1240200.0
2023-05-10,27.709999084472656,27.780000686645508,27.690000534057617,27.739999771118164,24.949098587036133,1378900.0
2023-05-11,27.8799991607666,27.940000534057617,27.86000061035156,27.920000076293945,25.110990524291992,3647200.0
2023-05-12,27.96999931335449,28.100000381469727,27.959999084472656,28.100000381469727,25.27288055419922,2961100.0
2023-05-15,28.049999237060547,28.06999969482422,28.020000457763672,28.020000457763672,25.20092964172364,1000300.0
2023-05-16,28.049999237060547,28.11000061035156,28.0,28.09000015258789,25.263885498046875,2215200.0
2023-05-17,28.14999961853028,28.21999931335449,28.1299991607666,28.13999938964844,25.30885505676269,1376300.0
2023-05-18,28.290000915527344,28.3700008392334,28.290000915527344,28.350000381469727,25.49772834777832,2358100.0
2023-05-19,28.299999237060547,28.34000015258789,28.209999084472656,28.270000457763672,25.42577743530273,1897300.0
2023-05-22,28.290000915527344,28.31999969482422,28.25,28.290000915527344,25.44376564025879,1093400.0
2023-05-23,28.36000061035156,28.39999961853028,28.309999465942383,28.3700008392334,25.51571655273437,925500.0
2023-05-24,28.3799991607666,28.489999771118164,28.3799991607666,28.46999931335449,25.605653762817383,2664200.0
2023-05-25,28.540000915527344,28.61000061035156,28.540000915527344,28.600000381469727,25.722576141357425,2450100.0
2023-05-26,28.559999465942383,28.63999938964844,28.540000915527344,28.59000015258789,25.71358108520508,1989400.0
2023-05-30,28.520000457763672,28.59000015258789,28.520000457763672,28.559999465942383,25.68659782409668,2059000.0
2023-05-31,28.63999938964844,28.71999931335449,28.59000015258789,28.61000061035156,25.731569290161133,1903400.0
2023-06-01,28.559999465942383,28.559999465942383,27.39999961853028,28.270000457763672,25.42577743530273,5617500.0
2023-06-02,28.40999984741211,28.57999992370605,28.39999961853028,28.56999969482422,25.695594787597656,7704500.0
2023-06-05,28.63999938964844,28.64999961853028,28.520000457763672,28.520000457763672,25.65062522888184,2170600.0
2023-06-06,28.64999961853028,28.670000076293945,28.59000015258789,28.61000061035156,25.731569290161133,704000.0
2023-06-07,28.549999237060547,28.6299991607666,28.479999542236328,28.6200008392334,25.74056434631348,890200.0
2023-06-08,28.489999771118164,28.489999771118164,28.38999938964844,28.38999938964844,25.5337028503418,1922100.0
2023-06-09,28.450000762939453,28.489999771118164,28.420000076293945,28.479999542236328,25.614648818969727,1252100.0
2023-06-12,28.46999931335449,28.540000915527344,28.459999084472656,28.489999771118164,25.62364196777344,1207500.0
2023-06-13,28.39999961853028,28.450000762939453,28.36000061035156,28.39999961853028,25.542695999145508,2690300.0
2023-06-14,28.290000915527344,28.40999984741211,28.239999771118164,28.26000022888184,25.41678237915039,6221200.0
2023-06-15,28.270000457763672,28.270000457763672,28.09000015258789,28.100000381469727,25.27288055419922,1918400.0
2023-06-16,28.11000061035156,28.190000534057617,28.09000015258789,28.14999961853028,25.317848205566406,1682400.0
2023-06-20,28.239999771118164,28.299999237060547,28.229999542236328,28.229999542236328,25.389801025390625,1405700.0
2023-06-21,28.26000022888184,28.280000686645508,28.09000015258789,28.100000381469727,25.27288055419922,1237700.0
2023-06-22,28.15999984741211,28.21999931335449,28.1200008392334,28.200000762939453,25.36281967163086,1311100.0
2023-06-23,28.309999465942383,28.38999938964844,28.299999237060547,28.350000381469727,25.49772834777832,1626800.0
2023-06-26,28.31999969482422,28.34000015258789,28.290000915527344,28.31999969482422,25.470746994018555,1055900.0
2023-06-27,28.21999931335449,28.290000915527344,28.200000762939453,28.25,25.407787322998047,1113700.0
2023-06-28,28.3700008392334,28.440000534057617,28.34000015258789,28.3799991607666,25.52470970153809,1333200.0
2023-06-29,28.5,28.530000686645508,28.440000534057617,28.5,25.63263511657715,722600.0
2023-06-30,28.43000030517578,28.450000762939453,28.350000381469727,28.3799991607666,25.52470970153809,1517000.0
2023-07-03,28.420000076293945,28.43000030517578,28.350000381469727,28.40999984741211,25.55168914794922,847300.0
2023-07-05,28.420000076293945,28.540000915527344,28.420000076293945,28.540000915527344,25.66861343383789,828400.0
2023-07-06,28.46999931335449,28.600000381469727,28.459999084472656,28.46999931335449,25.605653762817383,882700.0
2023-07-07,28.38999938964844,28.39999961853028,28.21999931335449,28.229999542236328,25.389801025390625,1959500.0
2023-07-10,28.270000457763672,28.290000915527344,28.14999961853028,28.15999984741211,25.32684135437012,1270700.0
2023-07-11,28.1299991607666,28.170000076293945,28.06999969482422,28.09000015258789,25.263885498046875,2025000.0
2023-07-12,27.88999938964844,27.88999938964844,27.76000022888184,27.76000022888184,24.967086791992188,1287900.0
2023-07-13,27.65999984741211,27.670000076293945,27.549999237060547,27.56999969482422,24.79620361328125,1183700.0
2023-07-14,27.59000015258789,27.63999938964844,27.559999465942383,27.6200008392334,24.84117317199707,838300.0
2023-07-17,27.64999961853028,27.690000534057617,27.59000015258789,27.59000015258789,24.814189910888672,1196900.0
2023-07-18,27.61000061035156,27.670000076293945,27.57999992370605,27.61000061035156,24.832178115844727,669900.0
2023-07-19,27.709999084472656,27.790000915527344,27.68000030517578,27.71999931335449,24.93111038208008,1566900.0
2023-07-20,27.790000915527344,27.920000076293945,27.780000686645508,27.8799991607666,25.075014114379883,2486600.0
2023-07-21,27.940000534057617,28.0,27.940000534057617,27.959999084472656,25.14696311950684,2215600.0
2023-07-24,28.030000686645508,28.06999969482422,27.979999542236328,28.059999465942383,25.23690223693848,1487700.0
2023-07-25,28.13999938964844,28.13999938964844,28.030000686645508,28.030000686645508,25.209922790527344,1526200.0
2023-07-26,28.020000457763672,28.049999237060547,27.920000076293945,27.950000762939453,25.13797187805176,1435500.0
2023-07-27,28.100000381469727,28.21999931335449,28.100000381469727,28.209999084472656,25.371810913085938,3183500.0
2023-07-28,28.18000030517578,28.200000762939453,28.09000015258789,28.170000076293945,25.335838317871094,1139000.0
2023-07-31,28.200000762939453,28.239999771118164,28.13999938964844,28.21999931335449,25.38080596923828,889000.0
2023-08-01,28.34000015258789,28.38999938964844,28.299999237060547,28.350000381469727,25.49772834777832,1082000.0
2023-08-02,28.39999961853028,28.5,28.39999961853028,28.450000762939453,25.58766746520996,726900.0
2023-08-03,28.489999771118164,28.51000022888184,28.38999938964844,28.43000030517578,25.569679260253903,519600.0
2023-08-04,28.26000022888184,28.309999465942383,28.21999931335449,28.290000915527344,25.44376564025879,851800.0
2023-08-07,28.309999465942383,28.36000061035156,28.290000915527344,28.309999465942383,25.46175003051757,348300.0
2023-08-08,28.479999542236328,28.530000686645508,28.440000534057617,28.440000534057617,25.578672409057617,649200.0
2023-08-09,28.43000030517578,28.459999084472656,28.38999938964844,28.459999084472656,25.59665870666504,889100.0
2023-08-10,28.39999961853028,28.51000022888184,28.32999992370605,28.51000022888184,25.64163017272949,1192400.0
2023-08-11,28.540000915527344,28.59000015258789,28.489999771118164,28.56999969482422,25.695594787597656,1444900.0
2023-08-14,28.709999084472656,28.75,28.59000015258789,28.670000076293945,25.785533905029297,846800.0
2023-08-15,28.61000061035156,28.700000762939453,28.57999992370605,28.68000030517578,25.794527053833008,952900.0
2023-08-16,28.68000030517578,28.780000686645508,28.64999961853028,28.76000022888184,25.8664779663086,1066900.0
2023-08-17,28.670000076293945,28.809999465942383,28.65999984741211,28.75,25.85748291015625,686700.0
2023-08-18,28.790000915527344,28.809999465942383,28.729999542236328,28.770000457763672,25.875473022460938,677100.0
2023-08-21,28.75,28.790000915527344,28.71999931335449,28.739999771118164,25.84848976135254,2276700.0
2023-08-22,28.799999237060547,28.86000061035156,28.790000915527344,28.84000015258789,25.93842887878418,649000.0
2023-08-23,28.8700008392334,28.8799991607666,28.739999771118164,28.739999771118164,25.84848976135254,2112800.0
2023-08-24,28.88999938964844,28.96999931335449,28.84000015258789,28.96999931335449,26.055349349975582,1421000.0
2023-08-25,28.96999931335449,29.09000015258789,28.88999938964844,29.01000022888184,26.09132575988769,2377400.0
2023-08-28,28.989999771118164,29.01000022888184,28.959999084472656,28.959999084472656,26.04635429382324,710700.0
2023-08-29,29.06999969482422,29.06999969482422,28.790000915527344,28.799999237060547,25.90245246887207,2199100.0
2023-08-30,28.709999084472656,28.76000022888184,28.65999984741211,28.75,25.85748291015625,2983600.0
2023-08-31,28.86000061035156,28.920000076293945,28.86000061035156,28.88999938964844,25.9833984375,2707600.0
2023-09-01,28.81999969482422,29.07999992370605,28.809999465942383,29.06999969482422,26.145288467407227,1260500.0
2023-09-05,29.15999984741211,29.25,29.15999984741211,29.21999931335449,26.280197143554688,1215500.0
2023-09-06,29.209999084472656,29.290000915527344,29.18000030517578,29.229999542236328,26.28919219970703,647600.0
2023-09-07,29.290000915527344,29.34000015258789,29.280000686645508,29.299999237060547,26.35214805603028,1034600.0
2023-09-08,29.290000915527344,29.32999992370605,29.209999084472656,29.32999992370605,26.379131317138672,1033200.0
2023-09-11,29.200000762939453,29.21999931335449,29.14999961853028,29.190000534057617,26.25321578979492,630500.0
2023-09-12,29.270000457763672,29.280000686645508,29.209999084472656,29.239999771118164,26.298185348510746,1827200.0
2023-09-13,29.229999542236328,29.26000022888184,29.190000534057617,29.26000022888184,26.3161735534668,549400.0
2023-09-14,29.3700008392334,29.450000762939453,29.32999992370605,29.440000534057617,26.478063583374023,1268500.0
2023-09-15,29.420000076293945,29.440000534057617,29.3700008392334,29.420000076293945,26.46007537841797,1295700.0
2023-09-18,29.39999961853028,29.440000534057617,29.34000015258789,29.3700008392334,26.41510581970215,479400.0
2023-09-19,29.350000381469727,29.39999961853028,29.32999992370605,29.38999938964844,26.433094024658203,366500.0
2023-09-20,29.350000381469727,29.459999084472656,29.26000022888184,29.440000534057617,26.478063583374023,827900.0
2023-09-21,29.5,29.530000686645508,29.440000534057617,29.459999084472656,26.496049880981445,980500.0
2023-09-22,29.530000686645508,29.559999465942383,29.459999084472656,29.530000686645508,26.55900955200196,1063900.0
2023-09-25,29.6200008392334,29.690000534057617,29.61000061035156,29.63999938964844,26.657941818237305,1412600.0
2023-09-26,29.65999984741211,29.739999771118164,29.64999961853028,29.729999542236328,26.738887786865234,1642700.0
2023-09-27,29.799999237060547,29.90999984741211,29.790000915527344,29.8700008392334,26.86480140686035,1609900.0
2023-09-28,29.76000022888184,29.790000915527344,29.690000534057617,29.709999084472656,26.720897674560547,1106400.0
2023-09-29,29.64999961853028,29.75,29.64999961853028,29.729999542236328,26.738887786865234,1590300.0
2023-10-02,29.850000381469727,29.96999931335449,29.850000381469727,29.959999084472656,26.94574546813965,3727200.0
2023-10-03,30.0,30.06999969482422,29.920000076293945,29.989999771118164,26.972728729248047,2486400.0
2023-10-04,29.88999938964844,29.979999542236328,29.8799991607666,29.89999961853028,26.89178276062012,1114900.0
2023-10-05,29.86000061035156,29.89999961853028,29.799999237060547,29.799999237060547,26.80184364318848,1368300.0
2023-10-06,29.90999984741211,29.950000762939453,29.700000762939453,29.739999771118164,26.747880935668945,1492000.0
2023-10-09,29.81999969482422,29.82999992370605,29.729999542236328,29.729999542236328,26.738887786865234,1777700.0
2023-10-10,29.709999084472656,29.729999542236328,29.63999938964844,29.65999984741211,26.675928115844727,2275900.0
2023-10-11,29.63999938964844,29.739999771118164,29.61000061035156,29.65999984741211,26.675928115844727,1343600.0
2023-10-12,29.76000022888184,29.920000076293945,29.76000022888184,29.90999984741211,26.900775909423828,1691000.0
2023-10-13,29.90999984741211,29.979999542236328,29.89999961853028,29.93000030517578,26.91876602172852,942200.0
2023-10-16,29.8700008392334,29.920000076293945,29.799999237060547,29.799999237060547,26.80184364318848,761500.0
2023-10-17,29.8799991607666,29.88999938964844,29.770000457763672,29.809999465942383,26.810836791992188,603400.0
2023-10-18,29.8799991607666,29.950000762939453,29.86000061035156,29.920000076293945,26.90977096557617,799000.0
2023-10-19,29.88999938964844,29.90999984741211,29.770000457763672,29.82999992370605,26.828826904296875,1728900.0
2023-10-20,29.84000015258789,29.8799991607666,29.81999969482422,29.84000015258789,26.837820053100582,769500.0
2023-10-23,29.84000015258789,29.8700008392334,29.65999984741211,29.690000534057617,26.702911376953125,1462800.0
2023-10-24,29.799999237060547,29.88999938964844,29.790000915527344,29.86000061035156,26.85580825805664,1564900.0
2023-10-25,29.940000534057617,29.959999084472656,29.8799991607666,29.940000534057617,26.927759170532227,1347000.0
2023-10-26,29.989999771118164,30.06999969482422,29.96999931335449,30.01000022888184,26.99071502685547,1026300.0
2023-10-27,29.950000762939453,30.0,29.920000076293945,29.96999931335449,26.95473861694336,1032400.0
2023-10-30,29.920000076293945,29.93000030517578,29.84000015258789,29.850000381469727,26.846813201904297,719400.0
2023-10-31,29.950000762939453,30.06999969482422,29.93000030517578,30.030000686645508,27.00870513916016,970400.0
2023-11-01,30.1299991607666,30.170000076293945,30.020000457763672,30.040000915527344,27.017698287963867,3264600.0
2023-11-02,29.84000015258789,29.940000534057617,29.809999465942383,29.88999938964844,26.882789611816406,1849900.0
2023-11-03,29.64999961853028,29.700000762939453,29.549999237060547,29.61000061035156,26.63096046447754,3525400.0
2023-11-06,29.59000015258789,29.64999961853028,29.559999465942383,29.63999938964844,26.657941818237305,1529900.0
2023-11-07,29.770000457763672,29.799999237060547,29.700000762939453,29.739999771118164,26.747880935668945,1004600.0
2023-11-08,29.790000915527344,29.799999237060547,29.709999084472656,29.729999542236328,26.738887786865234,585300.0
2023-11-09,29.739999771118164,29.8700008392334,29.700000762939453,29.86000061035156,26.85580825805664,1062400.0
2023-11-10,29.84000015258789,29.88999938964844,29.81999969482422,29.84000015258789,26.837820053100582,836200.0
2023-11-13,29.850000381469727,29.8799991607666,29.780000686645508,29.799999237060547,26.80184364318848,3831800.0
2023-11-14,29.51000022888184,29.520000457763672,29.31999969482422,29.32999992370605,26.379131317138672,2938300.0
2023-11-15,29.420000076293945,29.479999542236328,29.3799991607666,29.440000534057617,26.478063583374023,1378300.0
2023-11-16,29.420000076293945,29.46999931335449,29.350000381469727,29.459999084472656,26.496049880981445,790900.0
2023-11-17,29.38999938964844,29.420000076293945,29.299999237060547,29.299999237060547,26.35214805603028,1455100.0
2023-11-20,29.25,29.26000022888184,29.170000076293945,29.209999084472656,26.271202087402344,1715000.0
2023-11-21,29.13999938964844,29.280000686645508,29.13999938964844,29.239999771118164,26.298185348510746,1349700.0
2023-11-22,29.3799991607666,29.440000534057617,29.34000015258789,29.34000015258789,26.388124465942383,4330300.0
2023-11-24,29.26000022888184,29.270000457763672,29.200000762939453,29.209999084472656,26.271202087402344,983600.0
2023-11-27,29.200000762939453,29.229999542236328,29.14999961853028,29.14999961853028,26.21723937988281,1450400.0
2023-11-28,29.100000381469727,29.1299991607666,29.0,29.049999237060547,26.12730026245117,1524100.0
2023-11-29,29.06999969482422,29.1200008392334,29.020000457763672,29.07999992370605,26.15428352355957,1900400.0
2023-11-30,29.229999542236328,29.299999237060547,29.190000534057617,29.290000915527344,26.343156814575195,4121100.0
2023-12-01,29.309999465942383,29.34000015258789,29.15999984741211,29.200000762939453,26.262210845947266,2520400.0
2023-12-04,29.350000381469727,29.38999938964844,29.290000915527344,29.32999992370605,26.379131317138672,2271800.0
2023-12-05,29.3700008392334,29.459999084472656,29.31999969482422,29.440000534057617,26.478063583374023,1836800.0
2023-12-06,29.39999961853028,29.51000022888184,29.39999961853028,29.51000022888184,26.5410213470459,1537500.0
2023-12-07,29.40999984741211,29.43000030517578,29.25,29.350000381469727,26.397117614746094,2570400.0
2023-12-08,29.51000022888184,29.51000022888184,29.38999938964844,29.459999084472656,26.496049880981445,1460900.0
2023-12-11,29.520000457763672,29.540000915527344,29.46999931335449,29.5,26.532026290893555,956200.0
2023-12-12,29.459999084472656,29.5,29.40999984741211,29.420000076293945,26.46007537841797,1034200.0
2023-12-13,29.39999961853028,29.46999931335449,29.1200008392334,29.170000076293945,26.235227584838867,1509200.0
2023-12-14,28.989999771118164,29.01000022888184,28.86000061035156,28.89999961853028,25.99239158630371,3746200.0
2023-12-15,29.030000686645508,29.11000061035156,29.020000457763672,29.09000015258789,26.16327667236328,4411500.0
2023-12-18,27.31999969482422,27.3700008392334,27.309999465942383,27.34000015258789,26.159448623657227,1916800.0
2023-12-19,27.270000457763672,27.280000686645508,27.209999084472656,27.21999931335449,26.04463005065918,2544400.0
2023-12-20,27.25,27.350000381469727,27.239999771118164,27.34000015258789,26.159448623657227,2362500.0
2023-12-21,27.18000030517578,27.25,27.15999984741211,27.15999984741211,25.98722076416016,1696100.0
2023-12-22,27.11000061035156,27.170000076293945,27.06999969482422,27.14999961853028,25.97765350341797,1511500.0
2023-12-26,27.1200008392334,27.1299991607666,27.07999992370605,27.09000015258789,25.920244216918945,1106200.0
2023-12-27,27.040000915527344,27.040000915527344,26.93000030517578,26.950000762939453,25.786291122436523,783700.0
2023-12-28,26.979999542236328,27.06999969482422,26.920000076293945,27.040000915527344,25.872404098510746,2087100.0
2023-12-29,27.07999992370605,27.100000381469727,27.020000457763672,27.09000015258789,25.920244216918945,983800.0
2024-01-02,27.290000915527344,27.32999992370605,27.26000022888184,27.31999969482422,26.14031219482422,2109400.0
2024-01-03,27.420000076293945,27.46999931335449,27.36000061035156,27.40999984741211,26.22642707824707,1222900.0
2024-01-04,27.420000076293945,27.43000030517578,27.350000381469727,27.40999984741211,26.22642707824707,2839300.0
2024-01-05,27.43000030517578,27.440000534057617,27.26000022888184,27.40999984741211,26.22642707824707,1082100.0
2024-01-08,27.3799991607666,27.38999938964844,27.309999465942383,27.36000061035156,26.178586959838867,1193100.0
2024-01-09,27.38999938964844,27.479999542236328,27.3799991607666,27.450000762939453,26.26469993591309,407200.0
2024-01-10,27.440000534057617,27.459999084472656,27.38999938964844,27.39999961853028,26.21685791015625,1514800.0
2024-01-11,27.450000762939453,27.520000457763672,27.3799991607666,27.420000076293945,26.23599433898925,1172800.0
2024-01-12,27.39999961853028,27.459999084472656,27.350000381469727,27.450000762939453,26.26469993591309,849300.0
2024-01-16,27.6299991607666,27.709999084472656,27.6200008392334,27.690000534057617,26.49433708190918,1061500.0
2024-01-17,27.75,27.790000915527344,27.709999084472656,27.709999084472656,26.513471603393555,930100.0
2024-01-18,27.75,27.780000686645508,27.729999542236328,27.739999771118164,26.542177200317383,2123700.0
2024-01-19,27.739999771118164,27.76000022888184,27.690000534057617,27.700000762939453,26.503904342651367,1116600.0
2024-01-22,27.690000534057617,27.729999542236328,27.65999984741211,27.709999084472656,26.513471603393555,2171700.0
2024-01-23,27.75,27.850000381469727,27.75,27.780000686645508,26.5804500579834,996900.0
2024-01-24,27.56999969482422,27.709999084472656,27.559999465942383,27.700000762939453,26.503904342651367,851100.0
2024-01-25,27.71999931335449,27.82999992370605,27.71999931335449,27.780000686645508,26.5804500579834,1250900.0
2024-01-26,27.739999771118164,27.780000686645508,27.709999084472656,27.780000686645508,26.5804500579834,1154700.0
2024-01-29,27.850000381469727,27.8799991607666,27.770000457763672,27.780000686645508,26.5804500579834,1286200.0
2024-01-30,27.76000022888184,27.82999992370605,27.729999542236328,27.76000022888184,26.56131362915039,460600.0
2024-01-31,27.709999084472656,27.86000061035156,27.64999961853028,27.82999992370605,26.6282901763916,3424500.0
2024-02-01,27.809999465942383,27.84000015258789,27.65999984741211,27.690000534057617,26.49433708190918,3755500.0
2024-02-02,27.8799991607666,27.96999931335449,27.86000061035156,27.940000534057617,26.73354148864746,3216000.0
2024-02-05,28.059999465942383,28.1299991607666,28.059999465942383,28.09000015258789,26.877063751220703,3422600.0
2024-02-06,28.100000381469727,28.11000061035156,28.0,28.01000022888184,26.800518035888672,621700.0
2024-02-07,28.0,28.01000022888184,27.959999084472656,27.979999542236328,26.77181434631348,849000.0
2024-02-08,28.059999465942383,28.07999992370605,28.0,28.01000022888184,26.800518035888672,1686900.0
2024-02-09,28.020000457763672,28.030000686645508,27.979999542236328,27.989999771118164,26.781381607055664,1118200.0
2024-02-12,28.030000686645508,28.06999969482422,28.0,28.020000457763672,26.81008720397949,1127700.0
2024-02-13,28.18000030517578,28.26000022888184,28.18000030517578,28.239999771118164,27.020586013793945,3596900.0
2024-02-14,28.239999771118164,28.239999771118164,28.170000076293945,28.190000534057617,26.972745895385746,3242200.0
2024-02-15,28.11000061035156,28.13999938964844,28.059999465942383,28.07999992370605,26.86749649047852,948900.0
2024-02-16,28.18000030517578,28.18000030517578,28.06999969482422,28.09000015258789,26.877063751220703,643500.0
2024-02-20,28.0,28.059999465942383,27.96999931335449,28.049999237060547,26.838790893554688,1142700.0
2024-02-21,28.040000915527344,28.07999992370605,28.020000457763672,28.020000457763672,26.81008720397949,878600.0
2024-02-22,28.059999465942383,28.07999992370605,28.020000457763672,28.020000457763672,26.81008720397949,895300.0
2024-02-23,28.01000022888184,28.049999237060547,28.0,28.040000915527344,26.8292236328125,538700.0
2024-02-26,27.989999771118164,28.020000457763672,27.979999542236328,27.989999771118164,26.781381607055664,636800.0
2024-02-27,28.01000022888184,28.030000686645508,27.96999931335449,28.01000022888184,26.800518035888672,1424900.0
2024-02-28,28.049999237060547,28.07999992370605,28.020000457763672,28.030000686645508,26.819656372070312,502900.0
2024-02-29,28.0,28.1200008392334,27.96999931335449,28.09000015258789,26.877063751220703,1038700.0
2024-03-01,28.11000061035156,28.15999984741211,28.030000686645508,28.040000915527344,26.8292236328125,779700.0
2024-03-04,28.040000915527344,28.049999237060547,28.0,28.040000915527344,26.8292236328125,853200.0
2024-03-05,28.030000686645508,28.049999237060547,27.959999084472656,28.01000022888184,26.800518035888672,1249300.0
2024-03-06,27.950000762939453,27.959999084472656,27.8700008392334,27.90999984741211,26.70483589172364,841600.0
2024-03-07,27.86000061035156,27.8799991607666,27.770000457763672,27.770000457763672,26.57088279724121,1081500.0
2024-03-08,27.709999084472656,27.780000686645508,27.700000762939453,27.780000686645508,26.5804500579834,940100.0
2024-03-11,27.790000915527344,27.82999992370605,27.780000686645508,27.809999465942383,26.6091537475586,541900.0
2024-03-12,27.850000381469727,27.89999961853028,27.81999969482422,27.82999992370605,26.6282901763916,832000.0
2024-03-13,27.809999465942383,27.82999992370605,27.76000022888184,27.799999237060547,26.599586486816406,304700.0
2024-03-14,27.86000061035156,27.96999931335449,27.86000061035156,27.950000762939453,26.74311065673828,1062900.0
2024-03-15,27.989999771118164,28.0,27.959999084472656,27.979999542236328,26.77181434631348,396600.0
2024-03-18,27.989999771118164,28.049999237060547,27.989999771118164,28.040000915527344,26.8292236328125,659700.0
2024-03-19,28.1200008392334,28.13999938964844,28.09000015258789,28.11000061035156,26.89620018005371,909000.0
2024-03-20,28.190000534057617,28.200000762939453,27.979999542236328,27.979999542236328,26.77181434631348,837900.0
2024-03-21,28.07999992370605,28.18000030517578,28.06999969482422,28.170000076293945,26.95360946655273,719600.0
2024-03-22,28.26000022888184,28.31999969482422,28.239999771118164,28.31999969482422,27.097131729125977,736500.0
2024-03-25,28.25,28.26000022888184,28.21999931335449,28.25,27.03015518188477,255200.0
2024-03-26,28.21999931335449,28.280000686645508,28.209999084472656,28.270000457763672,27.049291610717773,245800.0
2024-03-27,28.299999237060547,28.31999969482422,28.280000686645508,28.290000915527344,27.06842803955078,209600.0
2024-03-28,28.31999969482422,28.3700008392334,28.299999237060547,28.3700008392334,27.14497375488281,392000.0
2024-04-01,28.3799991607666,28.51000022888184,28.3700008392334,28.479999542236328,27.25022315979004,664400.0
2024-04-02,28.459999084472656,28.459999084472656,28.39999961853028,28.440000534057617,27.211952209472656,582100.0
2024-04-03,28.40999984741211,28.420000076293945,28.290000915527344,28.309999465942383,27.08756446838379,3024900.0
2024-04-04,28.229999542236328,28.309999465942383,28.21999931335449,28.309999465942383,27.08756446838379,1404900.0
2024-04-05,28.40999984741211,28.43000030517578,28.309999465942383,28.34000015258789,27.116270065307617,469200.0
2024-04-08,28.32999992370605,28.32999992370605,28.280000686645508,28.299999237060547,27.07799530029297,379200.0
2024-04-09,28.229999542236328,28.309999465942383,28.21999931335449,28.290000915527344,27.06842803955078,599900.0
2024-04-10,28.489999771118164,28.6200008392334,28.489999771118164,28.59000015258789,27.3554744720459,1016800.0
2024-04-11,28.559999465942383,28.690000534057617,28.559999465942383,28.61000061035156,27.374610900878903,1112400.0
2024-04-12,28.81999969482422,28.86000061035156,28.799999237060547,28.84000015258789,27.59467887878418,620700.0
2024-04-15,28.850000381469727,28.89999961853028,28.84000015258789,28.88999938964844,27.642518997192383,614100.0
2024-04-16,28.88999938964844,28.96999931335449,28.86000061035156,28.93000030517578,27.68079376220703,1490800.0
2024-04-17,28.8799991607666,28.920000076293945,28.799999237060547,28.84000015258789,27.59467887878418,1293500.0
2024-04-18,28.84000015258789,28.89999961853028,28.82999992370605,28.89999961853028,27.652088165283203,826400.0
2024-04-19,28.84000015258789,28.920000076293945,28.81999969482422,28.89999961853028,27.652088165283203,831000.0
2024-04-22,28.96999931335449,28.96999931335449,28.8799991607666,28.90999984741211,27.66165542602539,302600.0
2024-04-23,28.8799991607666,28.88999938964844,28.76000022888184,28.790000915527344,27.546838760375977,780900.0
2024-04-24,28.809999465942383,28.86000061035156,28.799999237060547,28.81999969482422,27.57554244995117,299700.0
2024-04-25,28.8700008392334,28.8799991607666,28.75,28.76000022888184,27.51813316345215,639700.0
2024-04-26,28.850000381469727,28.950000762939453,28.84000015258789,28.88999938964844,27.642518997192383,1018400.0
2024-04-29,28.850000381469727,28.8799991607666,28.75,28.799999237060547,27.556406021118164,783200.0
2024-04-30,28.88999938964844,28.979999542236328,28.86000061035156,28.979999542236328,27.728633880615234,819900.0
2024-05-01,28.96999931335449,28.989999771118164,28.81999969482422,28.950000762939453,27.69993019104004,3025300.0
2024-05-02,28.850000381469727,28.88999938964844,28.71999931335449,28.729999542236328,27.48942756652832,1344600.0
2024-05-03,28.600000381469727,28.700000762939453,28.549999237060547,28.64999961853028,27.41288185119629,856400.0
2024-05-06,28.6299991607666,28.690000534057617,28.6299991607666,28.68000030517578,27.44158744812012,1365000.0
2024-05-07,28.68000030517578,28.780000686645508,28.670000076293945,28.76000022888184,27.51813316345215,450300.0
2024-05-08,28.799999237060547,28.81999969482422,28.780000686645508,28.799999237060547,27.556406021118164,361700.0
2024-05-09,28.780000686645508,28.790000915527344,28.700000762939453,28.700000762939453,27.460723876953125,388400.0
2024-05-10,28.729999542236328,28.780000686645508,28.700000762939453,28.739999771118164,27.49899673461914,406200.0
2024-05-13,28.690000534057617,28.75,28.690000534057617,28.729999542236328,27.48942756652832,371700.0
2024-05-14,28.690000534057617,28.709999084472656,28.670000076293945,28.670000076293945,27.43202018737793,525200.0
2024-05-15,28.559999465942383,28.63999938964844,28.489999771118164,28.489999771118164,27.25979232788086,705600.0
2024-05-16,28.559999465942383,28.59000015258789,28.520000457763672,28.559999465942383,27.32676887512207,1726900.0
2024-05-17,28.61000061035156,28.6200008392334,28.530000686645508,28.559999465942383,27.32676887512207,698000.0
2024-05-20,28.57999992370605,28.600000381469727,28.56999969482422,28.600000381469727,27.36504173278809,296000.0
2024-05-21,28.61000061035156,28.6299991607666,28.57999992370605,28.600000381469727,27.36504173278809,281200.0
2024-05-22,28.64999961853028,28.709999084472656,28.6299991607666,28.690000534057617,27.451156616210938,309400.0
2024-05-23,28.6299991607666,28.75,28.6200008392334,28.75,27.50856590270996,326300.0
2024-05-24,28.670000076293945,28.690000534057617,28.6299991607666,28.65999984741211,27.42245101928711,253100.0
2024-05-28,28.559999465942383,28.63999938964844,28.559999465942383,28.6200008392334,27.384180068969727,402200.0
2024-05-29,28.700000762939453,28.780000686645508,28.68000030517578,28.780000686645508,27.53726959228516,383000.0
2024-05-30,28.690000534057617,28.700000762939453,28.64999961853028,28.690000534057617,27.451156616210938,322100.0
2024-05-31,28.6200008392334,28.690000534057617,28.59000015258789,28.670000076293945,27.43202018737793,797000.0
2024-06-03,28.63999938964844,28.65999984741211,28.520000457763672,28.520000457763672,27.28849601745605,786900.0
2024-06-04,28.57999992370605,28.59000015258789,28.51000022888184,28.530000686645508,27.298065185546875,540300.0
2024-06-05,28.549999237060547,28.6299991607666,28.540000915527344,28.56999969482422,27.33633804321289,1348600.0
2024-06-06,28.57999992370605,28.600000381469727,28.530000686645508,28.530000686645508,27.298065185546875,222500.0
2024-06-07,28.71999931335449,28.780000686645508,28.71999931335449,28.770000457763672,27.52770233154297,369400.0
2024-06-10,28.88999938964844,28.89999961853028,28.82999992370605,28.84000015258789,27.59467887878418,752800.0
2024-06-11,28.920000076293945,28.93000030517578,28.86000061035156,28.8799991607666,27.632951736450195,396600.0
2024-06-12,28.6299991607666,28.75,28.61000061035156,28.75,27.50856590270996,835200.0
2024-06-13,28.600000381469727,28.89999961853028,28.56999969482422,28.86000061035156,27.613815307617188,2156700.0
2024-06-14,29.030000686645508,29.059999465942383,28.96999931335449,28.989999771118164,27.738201141357425,434500.0
2024-06-17,28.979999542236328,29.01000022888184,28.920000076293945,28.920000076293945,27.67122459411621,204900.0
2024-06-18,28.950000762939453,28.950000762939453,28.8799991607666,28.90999984741211,27.66165542602539,179600.0
2024-06-20,28.96999931335449,29.030000686645508,28.959999084472656,29.030000686645508,27.77647590637207,346900.0
2024-06-21,29.07999992370605,29.1200008392334,29.06999969482422,29.100000381469727,27.84345245361328,935100.0
2024-06-24,29.0,29.040000915527344,28.979999542236328,29.0,27.74777030944824,1158700.0
2024-06-25,29.059999465942383,29.09000015258789,29.020000457763672,29.030000686645508,27.77647590637207,872400.0
2024-06-26,29.170000076293945,29.200000762939453,29.1299991607666,29.170000076293945,27.91042900085449,334700.0
2024-06-27,29.09000015258789,29.13999938964844,29.07999992370605,29.1299991607666,27.87215614318848,314400.0
2024-06-28,29.14999961853028,29.18000030517578,29.100000381469727,29.1299991607666,27.87215614318848,941200.0
2024-07-01,29.07999992370605,29.18000030517578,29.040000915527344,29.13999938964844,27.881723403930664,770900.0
2024-07-02,29.13999938964844,29.15999984741211,29.09000015258789,29.100000381469727,27.84345245361328,544000.0
2024-07-03,29.030000686645508,29.030000686645508,28.920000076293945,28.979999542236328,27.728633880615234,1535700.0
2024-07-05,28.920000076293945,28.96999931335449,28.8799991607666,28.8799991607666,27.632951736450195,969300.0
2024-07-08,28.8799991607666,28.940000534057617,28.8700008392334,28.93000030517578,27.68079376220703,333900.0
2024-07-09,28.950000762939453,28.989999771118164,28.93000030517578,28.96999931335449,27.71906471252441,633200.0
2024-07-10,28.959999084472656,28.959999084472656,28.940000534057617,28.940000534057617,27.69036102294922,929600.0
2024-07-11,28.75,28.809999465942383,28.71999931335449,28.790000915527344,27.546838760375977,1004700.0
2024-07-12,28.71999931335449,28.75,28.68000030517578,28.690000534057617,27.451156616210938,1111400.0
2024-07-15,28.690000534057617,28.76000022888184,28.68000030517578,28.739999771118164,27.49899673461914,1727000.0
2024-07-16,28.799999237060547,28.81999969482422,28.739999771118164,28.739999771118164,27.49899673461914,382600.0
2024-07-17,28.6200008392334,28.64999961853028,28.59000015258789,28.61000061035156,27.374610900878903,1065900.0
2024-07-18,28.670000076293945,28.76000022888184,28.65999984741211,28.739999771118164,27.49899673461914,1840600.0
2024-07-19,28.780000686645508,28.81999969482422,28.780000686645508,28.81999969482422,27.57554244995117,378000.0
2024-07-22,28.809999465942383,28.82999992370605,28.799999237060547,28.799999237060547,27.556406021118164,1065600.0
2024-07-23,28.850000381469727,28.8700008392334,28.82999992370605,28.850000381469727,27.604248046875,359000.0
2024-07-24,28.780000686645508,28.84000015258789,28.76000022888184,28.84000015258789,27.59467887878418,313800.0
2024-07-25,28.84000015258789,28.86000061035156,28.790000915527344,28.84000015258789,27.59467887878418,272000.0
2024-07-26,28.809999465942383,28.84000015258789,28.799999237060547,28.81999969482422,27.57554244995117,230400.0
2024-07-29,28.920000076293945,28.959999084472656,28.88999938964844,28.89999961853028,27.652088165283203,1107000.0
2024-07-30,28.950000762939453,28.96999931335449,28.89999961853028,28.920000076293945,27.67122459411621,273800.0
2024-07-31,28.75,28.8700008392334,28.739999771118164,28.76000022888184,27.51813316345215,533400.0
2024-08-01,28.82999992370605,28.88999938964844,28.790000915527344,28.86000061035156,27.613815307617188,1206500.0
2024-08-02,28.6299991607666,28.6299991607666,28.540000915527344,28.56999969482422,27.33633804321289,1180300.0
2024-08-05,28.31999969482422,28.479999542236328,28.309999465942383,28.40999984741211,27.183246612548828,2084300.0
2024-08-06,28.530000686645508,28.530000686645508,28.479999542236328,28.5,27.269359588623047,787300.0
2024-08-07,28.57999992370605,28.59000015258789,28.540000915527344,28.559999465942383,27.32676887512207,921900.0
2024-08-08,28.6299991607666,28.670000076293945,28.59000015258789,28.600000381469727,27.36504173278809,304900.0
2024-08-09,28.57999992370605,28.59000015258789,28.549999237060547,28.56999969482422,27.33633804321289,350500.0
2024-08-12,28.61000061035156,28.6299991607666,28.56999969482422,28.56999969482422,27.33633804321289,181600.0
2024-08-13,28.530000686645508,28.530000686645508,28.420000076293945,28.420000076293945,27.192813873291016,229400.0
2024-08-14,28.43000030517578,28.450000762939453,28.350000381469727,28.450000762939453,27.221519470214844,615900.0
2024-08-15,28.600000381469727,28.600000381469727,28.520000457763672,28.549999237060547,27.31719970703125,378400.0
2024-08-16,28.479999542236328,28.530000686645508,28.40999984741211,28.40999984741211,27.183246612548828,320200.0
2024-08-19,28.3700008392334,28.3700008392334,28.26000022888184,28.26000022888184,27.039724349975582,4595700.0
2024-08-20,28.209999084472656,28.229999542236328,28.13999938964844,28.15999984741211,26.944042205810547,487200.0
2024-08-21,28.15999984741211,28.229999542236328,28.01000022888184,28.06999969482422,26.85792732238769,568500.0
2024-08-22,28.1200008392334,28.229999542236328,28.1200008392334,28.200000762939453,26.98231506347656,3506400.0
2024-08-23,28.200000762939453,28.209999084472656,27.940000534057617,27.959999084472656,26.75267601013184,968500.0
2024-08-26,28.01000022888184,28.040000915527344,27.979999542236328,28.020000457763672,26.81008720397949,318200.0
2024-08-27,28.01000022888184,28.020000457763672,27.93000030517578,27.93000030517578,26.72397232055664,1806500.0
2024-08-28,28.09000015258789,28.1200008392334,28.040000915527344,28.09000015258789,26.877063751220703,588200.0
2024-08-29,28.18000030517578,28.239999771118164,28.15999984741211,28.190000534057617,26.972745895385746,1799000.0
2024-08-30,28.25,28.299999237060547,28.209999084472656,28.270000457763672,27.049291610717773,2138600.0
2024-09-03,28.26000022888184,28.350000381469727,28.229999542236328,28.31999969482422,27.097131729125977,2698700.0
2024-09-04,28.270000457763672,28.280000686645508,28.170000076293945,28.18000030517578,26.963178634643555,738600.0
2024-09-05,28.13999938964844,28.209999084472656,28.100000381469727,28.13999938964844,26.924903869628903,426500.0
2024-09-06,28.170000076293945,28.229999542236328,28.059999465942383,28.18000030517578,26.963178634643555,759100.0
2024-09-09,28.26000022888184,28.299999237060547,28.25,28.299999237060547,27.07799530029297,361600.0
2024-09-10,28.31999969482422,28.350000381469727,28.299999237060547,28.309999465942383,27.08756446838379,371600.0
2024-09-11,28.34000015258789,28.350000381469727,28.309999465942383,28.34000015258789,27.116270065307617,332800.0
2024-09-12,28.299999237060547,28.31999969482422,28.209999084472656,28.21999931335449,27.001449584960938,330200.0
2024-09-13,28.13999938964844,28.200000762939453,28.1299991607666,28.18000030517578,26.963178634643555,957300.0
2024-09-16,28.06999969482422,28.1299991607666,28.059999465942383,28.09000015258789,26.877063751220703,1623800.0
2024-09-17,28.1200008392334,28.18000030517578,28.1200008392334,28.18000030517578,26.963178634643555,456000.0
2024-09-18,28.09000015258789,28.229999542236328,27.96999931335449,28.209999084472656,26.99188232421875,638800.0
2024-09-19,28.18000030517578,28.21999931335449,28.06999969482422,28.09000015258789,26.877063751220703,331100.0
2024-09-20,28.14999961853028,28.209999084472656,28.100000381469727,28.13999938964844,26.924903869628903,370000.0
2024-09-23,28.170000076293945,28.209999084472656,28.13999938964844,28.18000030517578,26.963178634643555,310900.0
2024-09-24,28.1200008392334,28.15999984741211,28.020000457763672,28.020000457763672,26.81008720397949,213000.0
2024-09-25,28.020000457763672,28.21999931335449,28.01000022888184,28.209999084472656,26.99188232421875,263300.0
2024-09-26,28.14999961853028,28.200000762939453,28.06999969482422,28.07999992370605,26.86749649047852,389400.0
2024-09-27,28.020000457763672,28.11000061035156,28.0,28.06999969482422,26.85792732238769,845300.0
2024-09-30,28.06999969482422,28.209999084472656,28.06999969482422,28.18000030517578,26.963178634643555,1322300.0
2024-10-01,28.270000457763672,28.350000381469727,28.239999771118164,28.299999237060547,27.07799530029297,1300200.0
2024-10-02,28.3700008392334,28.440000534057617,28.3700008392334,28.420000076293945,27.192813873291016,815000.0
2024-10-03,28.5,28.56999969482422,28.479999542236328,28.51000022888184,27.278928756713867,1203700.0
2024-10-04,28.700000762939453,28.729999542236328,28.65999984741211,28.670000076293945,27.43202018737793,456200.0
2024-10-07,28.68000030517578,28.700000762939453,28.64999961853028,28.690000534057617,27.451156616210938,283200.0
2024-10-08,28.65999984741211,28.729999542236328,28.65999984741211,28.690000534057617,27.451156616210938,5172200.0
2024-10-09,28.770000457763672,28.81999969482422,28.76000022888184,28.81999969482422,27.57554244995117,222300.0
2024-10-10,28.799999237060547,28.89999961853028,28.799999237060547,28.809999465942383,27.56597328186035,349900.0
2024-10-11,28.81999969482422,28.84000015258789,28.799999237060547,28.82999992370605,27.58510971069336,270200.0
2024-10-14,28.920000076293945,28.959999084472656,28.8799991607666,28.920000076293945,27.67122459411621,1291800.0
2024-10-15,28.8700008392334,28.959999084472656,28.8700008392334,28.940000534057617,27.69036102294922,373800.0
2024-10-16,28.950000762939453,29.040000915527344,28.940000534057617,29.020000457763672,27.76690673828125,191500.0
2024-10-17,29.100000381469727,29.11000061035156,29.06999969482422,29.11000061035156,27.8530216217041,720000.0
2024-10-18,29.030000686645508,29.049999237060547,29.01000022888184,29.030000686645508,27.77647590637207,352900.0
2024-10-21,29.059999465942383,29.18000030517578,29.059999465942383,29.15999984741211,27.900861740112305,304500.0
2024-10-22,29.170000076293945,29.200000762939453,29.14999961853028,29.190000534057617,27.9295654296875,197200.0
2024-10-23,29.280000686645508,29.34000015258789,29.280000686645508,29.290000915527344,28.02524757385254,1481600.0
2024-10-24,29.229999542236328,29.26000022888184,29.18000030517578,29.18000030517578,27.919998168945312,294400.0
2024-10-25,29.200000762939453,29.290000915527344,29.200000762939453,29.280000686645508,28.01568031311035,211400.0
2024-10-28,29.25,29.299999237060547,29.25,29.280000686645508,28.01568031311035,208700.0
2024-10-29,29.3700008392334,29.3799991607666,29.270000457763672,29.290000915527344,28.02524757385254,423900.0
2024-10-30,29.299999237060547,29.309999465942383,29.200000762939453,29.21999931335449,27.95826911926269,395000.0
2024-10-31,29.18000030517578,29.280000686645508,29.170000076293945,29.200000762939453,27.93913459777832,754400.0
2024-11-01,29.209999084472656,29.32999992370605,29.200000762939453,29.31999969482422,28.05395126342773,591000.0
2024-11-04,29.15999984741211,29.209999084472656,29.1299991607666,29.209999084472656,27.948701858520508,504800.0
2024-11-05,29.1299991607666,29.170000076293945,29.059999465942383,29.09000015258789,27.83388328552246,1181500.0
2024-11-06,29.61000061035156,29.6200008392334,29.489999771118164,29.559999465942383,28.283588409423828,1287600.0
2024-11-07,29.3700008392334,29.420000076293945,29.290000915527344,29.31999969482422,28.05395126342773,1276600.0
2024-11-08,29.440000534057617,29.600000381469727,29.43000030517578,29.520000457763672,28.245317459106445,439600.0
2024-11-11,29.690000534057617,29.739999771118164,29.68000030517578,29.690000534057617,28.40797615051269,1832800.0
2024-11-12,29.799999237060547,29.88999938964844,29.790000915527344,29.81999969482422,28.53236198425293,1604300.0
2024-11-13,29.82999992370605,29.989999771118164,29.82999992370605,29.989999771118164,28.69502067565918,778700.0
2024-11-14,30.0,30.1299991607666,29.950000762939453,30.11000061035156,28.80984115600586,678000.0
2024-11-15,30.059999465942383,30.11000061035156,30.0,30.07999992370605,28.78113555908203,738200.0
2024-11-18,30.01000022888184,30.020000457763672,29.88999938964844,29.93000030517578,28.63761329650879,1559100.0
2024-11-19,29.90999984741211,29.96999931335449,29.89999961853028,29.920000076293945,28.62804412841797,707200.0
2024-11-20,30.049999237060547,30.1200008392334,30.049999237060547,30.06999969482422,28.77156639099121,717900.0
2024-11-21,30.059999465942383,30.200000762939453,29.989999771118164,30.170000076293945,28.86724853515625,706200.0
2024-11-22,30.309999465942383,30.40999984741211,30.280000686645508,30.32999992370605,29.020339965820312,337600.0
2024-11-25,30.059999465942383,30.200000762939453,30.049999237060547,30.1200008392334,28.819408416748047,1069600.0
2024-11-26,30.1299991607666,30.21999931335449,30.11000061035156,30.15999984741211,28.857681274414062,904800.0
2024-11-27,29.940000534057617,30.0,29.850000381469727,29.89999961853028,28.60890769958496,780700.0
2024-11-29,29.90999984741211,29.940000534057617,29.850000381469727,29.850000381469727,28.56106758117676,475200.0
2024-12-02,30.030000686645508,30.1200008392334,29.979999542236328,30.030000686645508,28.733295440673828,850200.0
2024-12-03,29.950000762939453,30.030000686645508,29.940000534057617,30.020000457763672,28.723726272583008,375700.0
2024-12-04,30.06999969482422,30.100000381469727,29.940000534057617,30.01000022888184,28.714157104492188,475100.0
2024-12-05,29.88999938964844,29.940000534057617,29.84000015258789,29.850000381469727,28.56106758117676,1046900.0
2024-12-06,29.86000061035156,29.989999771118164,29.850000381469727,29.93000030517578,28.63761329650879,557500.0
2024-12-09,29.89999961853028,30.0,29.8799991607666,29.979999542236328,28.685453414916992,1351700.0
2024-12-10,30.040000915527344,30.1200008392334,30.030000686645508,30.049999237060547,28.752429962158203,480300.0
2024-12-11,30.09000015258789,30.170000076293945,30.07999992370605,30.14999961853028,28.84811210632324,1269400.0
2024-12-12,30.170000076293945,30.25,30.100000381469727,30.25,28.94379425048828,815600.0
2024-12-13,30.21999931335449,30.270000457763672,30.209999084472656,30.26000022888184,28.9533634185791,1272800.0
2024-12-16,30.25,30.299999237060547,30.190000534057617,30.209999084472656,28.905521392822266,1629900.0
2024-12-17,30.229999542236328,30.26000022888184,30.190000534057617,30.239999771118164,28.934226989746094,392100.0
2024-12-18,30.280000686645508,30.6299991607666,30.239999771118164,30.59000015258789,29.26911354064941,988500.0
2024-12-19,30.56999969482422,30.690000534057617,30.549999237060547,30.64999961853028,29.32652282714844,713700.0
2024-12-20,30.59000015258789,30.600000381469727,30.440000534057617,30.5,29.18299865722656,992000.0
2024-12-23,29.290000915527344,29.350000381469727,29.25,29.290000915527344,29.290000915527344,818700.0
2024-12-24,29.299999237060547,29.3700008392334,29.280000686645508,29.3700008392334,29.3700008392334,388600.0
2024-12-26,29.34000015258789,29.350000381469727,29.280000686645508,29.309999465942383,29.309999465942383,554600.0
2024-12-27,29.26000022888184,29.309999465942383,29.25,29.26000022888184,29.26000022888184,462200.0
2024-12-30,29.32999992370605,29.38999938964844,29.290000915527344,29.290000915527344,29.290000915527344,775000.0
2024-12-31,29.350000381469727,29.459999084472656,29.34000015258789,29.420000076293945,29.420000076293945,752400.0
2025-01-02,29.51000022888184,29.709999084472656,29.489999771118164,29.670000076293945,29.670000076293945,1397600.0
2025-01-03,29.6299991607666,29.68000030517578,29.559999465942383,29.57999992370605,29.57999992370605,7968000.0
2025-01-06,29.38999938964844,29.43000030517578,29.350000381469727,29.38999938964844,29.38999938964844,3883300.0
2025-01-07,29.3700008392334,29.5,29.36000061035156,29.5,29.5,1505600.0
2025-01-08,29.64999961853028,29.65999984741211,29.57999992370605,29.61000061035156,29.61000061035156,2158500.0
2025-01-10,29.739999771118164,29.81999969482422,29.68000030517578,29.76000022888184,29.76000022888184,1409900.0
2025-01-13,29.850000381469727,29.89999961853028,29.81999969482422,29.850000381469727,29.850000381469727,1352600.0
2025-01-14,29.76000022888184,29.780000686645508,29.65999984741211,29.65999984741211,29.65999984741211,1161100.0
2025-01-15,29.530000686645508,29.700000762939453,29.5,29.61000061035156,29.61000061035156,1056200.0
2025-01-16,29.670000076293945,29.709999084472656,29.56999969482422,29.61000061035156,29.61000061035156,658100.0
2025-01-17,29.690000534057617,29.729999542236328,29.57999992370605,29.71999931335449,29.71999931335449,1072300.0
2025-01-21,29.440000534057617,29.479999542236328,29.31999969482422,29.34000015258789,29.34000015258789,1743100.0
2025-01-22,29.3700008392334,29.420000076293945,29.36000061035156,29.38999938964844,29.38999938964844,1497400.0
2025-01-23,29.40999984741211,29.489999771118164,29.31999969482422,29.3799991607666,29.3799991607666,876500.0
2025-01-24,29.239999771118164,29.26000022888184,29.13999938964844,29.200000762939453,29.200000762939453,10044500.0
2025-01-27,29.1200008392334,29.21999931335449,29.1200008392334,29.209999084472656,29.209999084472656,978000.0
2025-01-28,29.31999969482422,29.3700008392334,29.309999465942383,29.32999992370605,29.32999992370605,390100.0
2025-01-29,29.40999984741211,29.43000030517578,29.34000015258789,29.38999938964844,29.38999938964844,1136700.0
2025-01-30,29.299999237060547,29.440000534057617,29.280000686645508,29.38999938964844,29.38999938964844,897100.0
2025-01-31,29.46999931335449,29.520000457763672,29.31999969482422,29.51000022888184,29.51000022888184,810300.0
2025-02-03,29.729999542236328,29.780000686645508,29.540000915527344,29.63999938964844,29.63999938964844,2511700.0
2025-02-04,29.489999771118164,29.51000022888184,29.3700008392334,29.3700008392334,29.3700008392334,1148400.0
2025-02-05,29.26000022888184,29.31999969482422,29.209999084472656,29.31999969482422,29.31999969482422,1628200.0
2025-02-06,29.3799991607666,29.40999984741211,29.290000915527344,29.299999237060547,29.299999237060547,1254400.0
2025-02-07,29.31999969482422,29.489999771118164,29.309999465942383,29.43000030517578,29.43000030517578,1054500.0
2025-02-10,29.51000022888184,29.530000686645508,29.46999931335449,29.520000457763672,29.520000457763672,754200.0
2025-02-11,29.459999084472656,29.479999542236328,29.36000061035156,29.420000076293945,29.420000076293945,973400.0
2025-02-12,29.489999771118164,29.540000915527344,29.32999992370605,29.440000534057617,29.440000534057617,865600.0
2025-02-13,29.3799991607666,29.39999961853028,29.170000076293945,29.200000762939453,29.200000762939453,1642600.0
2025-02-14,29.07999992370605,29.1200008392334,29.059999465942383,29.1200008392334,29.1200008392334,658600.0
2025-02-18,29.170000076293945,29.209999084472656,29.13999938964844,29.18000030517578,29.18000030517578,1484900.0
2025-02-19,29.21999931335449,29.290000915527344,29.190000534057617,29.209999084472656,29.209999084472656,518600.0
2025-02-20,29.1299991607666,29.13999938964844,28.979999542236328,28.979999542236328,28.979999542236328,1311300.0
2025-02-21,29.09000015258789,29.11000061035156,29.040000915527344,29.07999992370605,29.07999992370605,680500.0
2025-02-24,29.09000015258789,29.1299991607666,29.040000915527344,29.100000381469727,29.100000381469727,885500.0
2025-02-25,29.030000686645508,29.06999969482422,28.96999931335449,28.989999771118164,28.989999771118164,1099300.0
2025-02-26,29.06999969482422,29.100000381469727,28.979999542236328,29.049999237060547,29.049999237060547,610400.0
2025-02-27,29.21999931335449,29.290000915527344,29.190000534057617,29.26000022888184,29.26000022888184,1078900.0
2025-02-28,29.299999237060547,29.39999961853028,29.280000686645508,29.38999938964844,29.38999938964844,2018300.0
2025-03-03,29.15999984741211,29.18000030517578,29.07999992370605,29.11000061035156,29.11000061035156,1346700.0
2025-03-04,29.01000022888184,29.059999465942383,28.850000381469727,28.850000381469727,28.850000381469727,971100.0
2025-03-05,28.57999992370605,28.600000381469727,28.479999542236328,28.5,28.5,1374200.0
2025-03-06,28.40999984741211,28.51000022888184,28.350000381469727,28.479999542236328,28.479999542236328,575500.0
2025-03-07,28.309999465942383,28.43000030517578,28.299999237060547,28.38999938964844,28.38999938964844,531300.0
2025-03-10,28.36000061035156,28.450000762939453,28.350000381469727,28.40999984741211,28.40999984741211,1299800.0
2025-03-11,28.26000022888184,28.309999465942383,28.21999931335449,28.25,28.25,1346900.0
2025-03-12,28.350000381469727,28.3799991607666,28.270000457763672,28.31999969482422,28.31999969482422,408700.0
2025-03-13,28.43000030517578,28.440000534057617,28.36000061035156,28.420000076293945,28.420000076293945,468900.0
2025-03-14,28.3700008392334,28.40999984741211,28.350000381469727,28.38999938964844,28.38999938964844,1693600.0
2025-03-17,28.32999992370605,28.34000015258789,28.26000022888184,28.280000686645508,28.280000686645508,569900.0
2025-03-18,28.31999969482422,28.350000381469727,28.239999771118164,28.26000022888184,28.26000022888184,457600.0
2025-03-19,28.36000061035156,28.43000030517578,28.309999465942383,28.32999992370605,28.32999992370605,382600.0
2025-03-20,28.479999542236328,28.5,28.40999984741211,28.40999984741211,28.40999984741211,765300.0
2025-03-21,28.479999542236328,28.530000686645508,28.459999084472656,28.5,28.5,621400.0
2025-03-24,28.5,28.61000061035156,28.5,28.549999237060547,28.549999237060547,551000.0
2025-03-25,28.489999771118164,28.540000915527344,28.459999084472656,28.520000457763672,28.520000457763672,329100.0
2025-03-26,28.600000381469727,28.64999961853028,28.559999465942383,28.64999961853028,28.64999961853028,318900.0
2025-03-27,28.600000381469727,28.6200008392334,28.51000022888184,28.559999465942383,28.559999465942383,618200.0
2025-03-28,28.540000915527344,28.559999465942383,28.46999931335449,28.51000022888184,28.51000022888184,364700.0
2025-03-31,28.51000022888184,28.600000381469727,28.51000022888184,28.540000915527344,28.540000915527344,980900.0
2025-04-01,28.56999969482422,28.600000381469727,28.520000457763672,28.56999969482422,28.56999969482422,371300.0
2025-04-02,28.489999771118164,28.520000457763672,28.420000076293945,28.450000762939453,28.450000762939453,382800.0
2025-04-03,27.850000381469727,28.020000457763672,27.790000915527344,27.950000762939453,27.950000762939453,5057800.0
2025-04-04,28.040000915527344,28.299999237060547,28.020000457763672,28.26000022888184,28.26000022888184,1486100.0
2025-04-07,28.25,28.420000076293945,28.25,28.3799991607666,28.3799991607666,2740500.0
2025-04-08,28.26000022888184,28.38999938964844,28.200000762939453,28.25,28.25,491600.0
2025-04-09,27.979999542236328,28.34000015258789,27.979999542236328,28.290000915527344,28.290000915527344,1720700.0
2025-04-10,27.8799991607666,27.89999961853028,27.6299991607666,27.700000762939453,27.700000762939453,1867600.0
2025-04-11,27.309999465942383,27.559999465942383,27.290000915527344,27.450000762939453,27.450000762939453,1811600.0
2025-04-14,27.479999542236328,27.5,27.32999992370605,27.36000061035156,27.36000061035156,967700.0
2025-04-15,27.420000076293945,27.530000686645508,27.38999938964844,27.51000022888184,27.51000022888184,757700.0
2025-04-16,27.34000015258789,27.3700008392334,27.239999771118164,27.280000686645508,27.280000686645508,1330500.0
2025-04-17,27.32999992370605,27.36000061035156,27.270000457763672,27.299999237060547,27.299999237060547,499900.0
2025-04-21,27.020000457763672,27.07999992370605,26.989999771118164,27.040000915527344,27.040000915527344,1208900.0
2025-04-22,27.09000015258789,27.209999084472656,27.059999465942383,27.190000534057617,27.190000534057617,2219200.0
2025-04-23,27.280000686645508,27.46999931335449,27.25,27.440000534057617,27.440000534057617,3933500.0
2025-04-24,27.31999969482422,27.3799991607666,27.290000915527344,27.31999969482422,27.31999969482422,757100.0
2025-04-25,27.420000076293945,27.450000762939453,27.350000381469727,27.38999938964844,27.38999938964844,680600.0
2025-04-28,27.3799991607666,27.38999938964844,27.209999084472656,27.21999931335449,27.21999931335449,520300.0
2025-04-29,27.25,27.31999969482422,27.239999771118164,27.309999465942383,27.309999465942383,852100.0
2025-04-30,27.3700008392334,27.420000076293945,27.32999992370605,27.40999984741211,27.40999984741211,829300.0
2025-05-01,27.489999771118164,27.6299991607666,27.479999542236328,27.56999969482422,27.56999969482422,1921400.0
2025-05-02,27.440000534057617,27.549999237060547,27.36000061035156,27.530000686645508,27.530000686645508,1285500.0
2025-05-05,27.38999938964844,27.520000457763672,27.38999938964844,27.479999542236328,27.479999542236328,617700.0
2025-05-06,27.3700008392334,27.39999961853028,27.309999465942383,27.309999465942383,27.309999465942383,650000.0
2025-05-07,27.38999938964844,27.520000457763672,27.36000061035156,27.51000022888184,27.51000022888184,812100.0
2025-05-08,27.520000457763672,27.770000457763672,27.51000022888184,27.739999771118164,27.739999771118164,869400.0
2025-05-09,27.64999961853028,27.68000030517578,27.59000015258789,27.65999984741211,27.65999984741211,1307000.0
2025-05-12,27.979999542236328,28.11000061035156,27.950000762939453,28.049999237060547,28.049999237060547,1948500.0
2025-05-13,27.940000534057617,27.959999084472656,27.809999465942383,27.809999465942383,27.809999465942383,736900.0
2025-05-14,27.729999542236328,27.8700008392334,27.709999084472656,27.8700008392334,27.8700008392334,1026600.0
2025-05-15,27.780000686645508,27.84000015258789,27.75,27.799999237060547,27.799999237060547,850400.0
2025-05-16,27.809999465942383,27.920000076293945,27.770000457763672,27.8799991607666,27.8799991607666,807800.0
2025-05-19,27.64999961853028,27.71999931335449,27.63999938964844,27.690000534057617,27.690000534057617,894200.0
2025-05-20,27.709999084472656,27.709999084472656,27.59000015258789,27.61000061035156,27.61000061035156,430300.0
2025-05-21,27.479999542236328,27.5,27.39999961853028,27.489999771118164,27.489999771118164,859200.0
2025-05-22,27.540000915527344,27.6299991607666,27.530000686645508,27.56999969482422,27.56999969482422,656700.0
2025-05-23,27.440000534057617,27.46999931335449,27.34000015258789,27.3700008392334,27.3700008392334,1261300.0
2025-05-27,27.39999961853028,27.520000457763672,27.39999961853028,27.520000457763672,27.520000457763672,1060500.0
2025-05-28,27.57999992370605,27.61000061035156,27.530000686645508,27.61000061035156,27.61000061035156,801300.0
2025-05-29,27.479999542236328,27.5,27.420000076293945,27.459999084472656,27.459999084472656,980400.0
2025-05-30,27.51000022888184,27.549999237060547,27.440000534057617,27.450000762939453,27.450000762939453,1030000.0
2025-06-02,27.32999992370605,27.350000381469727,27.25,27.26000022888184,27.26000022888184,1051200.0
2025-06-03,27.40999984741211,27.450000762939453,27.3799991607666,27.440000534057617,27.440000534057617,1306600.0
2025-06-04,27.3700008392334,27.38999938964844,27.280000686645508,27.31999969482422,27.31999969482422,769700.0
2025-06-05,27.200000762939453,27.32999992370605,27.200000762939453,27.299999237060547,27.299999237060547,1105500.0
2025-06-06,27.46999931335449,27.479999542236328,27.39999961853028,27.440000534057617,27.440000534057617,758400.0
2025-06-09,27.450000762939453,27.450000762939453,27.3700008392334,27.3700008392334,27.3700008392334,604600.0
2025-06-10,27.350000381469727,27.43000030517578,27.350000381469727,27.39999961853028,27.39999961853028,732100.0
2025-06-11,27.350000381469727,27.3700008392334,27.270000457763672,27.299999237060547,27.299999237060547,833300.0
2025-06-12,27.09000015258789,27.13999938964844,27.059999465942383,27.100000381469727,27.100000381469727,1260800.0
2025-06-13,27.270000457763672,27.290000915527344,27.13999938964844,27.170000076293945,27.170000076293945,2720900.0
2025-06-16,27.100000381469727,27.200000762939453,27.049999237060547,27.200000762939453,27.200000762939453,1534100.0
2025-06-17,27.190000534057617,27.39999961853028,27.190000534057617,27.3799991607666,27.3799991607666,2361400.0
2025-06-18,27.350000381469727,27.450000762939453,27.290000915527344,27.43000030517578,27.43000030517578,2202600.0
2025-06-20,27.36000061035156,27.420000076293945,27.32999992370605,27.39999961853028,27.39999961853028,1191600.0
2025-06-23,27.520000457763672,27.530000686645508,27.270000457763672,27.290000915527344,27.290000915527344,2885600.0
2025-06-24,27.209999084472656,27.21999931335449,27.100000381469727,27.14999961853028,27.14999961853028,1538800.0
2025-06-25,27.21999931335449,27.21999931335449,27.06999969482422,27.07999992370605,27.07999992370605,1828600.0
2025-06-26,26.959999084472656,27.01000022888184,26.89999961853028,26.96999931335449,26.96999931335449,1559900.0
2025-06-27,26.989999771118164,27.049999237060547,26.950000762939453,27.020000457763672,27.020000457763672,1373700.0
2025-06-30,27.0,27.0,26.8700008392334,26.8799991607666,26.8799991607666,1023100.0
2025-07-01,26.82999992370605,26.90999984741211,26.809999465942383,26.8700008392334,26.8700008392334,1503800.0
2025-07-02,26.940000534057617,26.96999931335449,26.850000381469727,26.850000381469727,26.850000381469727,774500.0
2025-07-03,26.950000762939453,27.0,26.90999984741211,26.979999542236328,26.979999542236328,1148900.0
2025-07-07,27.030000686645508,27.13999938964844,27.020000457763672,27.06999969482422,27.06999969482422,1337800.0
2025-07-08,27.14999961853028,27.190000534057617,27.07999992370605,27.09000015258789,27.09000015258789,1337300.0
2025-07-09,27.100000381469727,27.1299991607666,27.07999992370605,27.09000015258789,27.09000015258789,703200.0
2025-07-10,27.13999938964844,27.209999084472656,27.1200008392334,27.13999938964844,27.13999938964844,1244700.0
2025-07-11,27.190000534057617,27.239999771118164,27.15999984741211,27.21999931335449,27.21999931335449,597500.0
2025-07-14,27.25,27.299999237060547,27.21999931335449,27.290000915527344,27.290000915527344,1313500.0
2025-07-15,27.299999237060547,27.459999084472656,27.290000915527344,27.440000534057617,27.440000534057617,1713300.0
2025-07-16,27.46999931335449,27.51000022888184,27.18000030517578,27.34000015258789,27.34000015258789,2539400.0
2025-07-17,27.459999084472656,27.489999771118164,27.440000534057617,27.459999084472656,27.459999084472656,1520200.0
2025-07-18,27.32999992370605,27.420000076293945,27.309999465942383,27.420000076293945,27.420000076293945,910600.0
2025-07-21,27.299999237060547,27.31999969482422,27.190000534057617,27.239999771118164,27.239999771118164,2401200.0
2025-07-22,27.229999542236328,27.25,27.09000015258789,27.100000381469727,27.100000381469727,1688600.0
2025-07-23,27.15999984741211,27.18000030517578,27.049999237060547,27.059999465942383,27.059999465942383,2129500.0
2025-07-24,27.100000381469727,27.13999938964844,27.049999237060547,27.1299991607666,27.1299991607666,895000.0
2025-07-25,27.25,27.280000686645508,27.190000534057617,27.190000534057617,27.190000534057617,871000.0
2025-07-28,27.39999961853028,27.51000022888184,27.3700008392334,27.5,27.5,1843200.0
2025-07-29,27.6200008392334,27.63999938964844,27.549999237060547,27.56999969482422,27.56999969482422,1876000.0
2025-07-30,27.76000022888184,27.86000061035156,27.670000076293945,27.84000015258789,27.84000015258789,1900300.0
2025-07-31,27.89999961853028,27.920000076293945,27.81999969482422,27.89999961853028,27.89999961853028,1316200.0
2025-08-01,27.56999969482422,27.65999984741211,27.530000686645508,27.56999969482422,27.56999969482422,3105600.0
2025-08-04,27.520000457763672,27.57999992370605,27.5,27.559999465942383,27.559999465942383,935500.0
2025-08-05,27.59000015258789,27.6299991607666,27.520000457763672,27.559999465942383,27.559999465942383,1073700.0
2025-08-06,27.46999931335449,27.479999542236328,27.3700008392334,27.39999961853028,27.39999961853028,1137500.0
2025-08-07,27.40999984741211,27.489999771118164,27.3799991607666,27.3799991607666,27.3799991607666,1405500.0
2025-08-08,27.420000076293945,27.450000762939453,27.38999938964844,27.43000030517578,27.43000030517578,490900.0
2025-08-11,27.5,27.559999465942383,27.479999542236328,27.540000915527344,27.540000915527344,1225200.0
2025-08-12,27.51000022888184,27.51000022888184,27.34000015258789,27.39999961853028,27.39999961853028,863100.0
2025-08-13,27.32999992370605,27.32999992370605,27.270000457763672,27.32999992370605,27.32999992370605,962300.0
2025-08-14,27.40999984741211,27.46999931335449,27.39999961853028,27.43000030517578,27.43000030517578,657100.0
2025-08-15,27.34000015258789,27.36000061035156,27.309999465942383,27.34000015258789,27.34000015258789,660600.0
2025-08-18,27.38999938964844,27.440000534057617,27.38999938964844,27.40999984741211,27.40999984741211,646000.0
2025-08-19,27.420000076293945,27.479999542236328,27.40999984741211,27.479999542236328,27.479999542236328,582100.0
2025-08-20,27.450000762939453,27.46999931335449,27.420000076293945,27.459999084472656,27.459999084472656,658600.0
2025-08-21,27.5,27.600000381469727,27.5,27.600000381469727,27.600000381469727,1186400.0
2025-08-22,27.61000061035156,27.6200008392334,27.290000915527344,27.32999992370605,27.32999992370605,1552700.0
2025-08-25,27.38999938964844,27.56999969482422,27.36000061035156,27.549999237060547,27.549999237060547,791300.0
2025-08-26,27.489999771118164,27.51000022888184,27.450000762939453,27.479999542236328,27.479999542236328,675500.0
2025-08-27,27.61000061035156,27.61000061035156,27.46999931335449,27.489999771118164,27.489999771118164,524000.0
2025-08-28,27.440000534057617,27.459999084472656,27.36000061035156,27.38999938964844,27.38999938964844,819400.0
2025-08-29,27.459999084472656,27.46999931335449,27.3700008392334,27.3700008392334,27.3700008392334,661500.0
2025-09-02,27.56999969482422,27.56999969482422,27.459999084472656,27.549999237060547,27.549999237060547,931700.0
2025-09-03,27.530000686645508,27.559999465942383,27.459999084472656,27.5,27.5,577200.0
2025-09-04,27.530000686645508,27.59000015258789,27.530000686645508,27.540000915527344,27.540000915527344,906000.0
2025-09-05,27.3799991607666,27.420000076293945,27.309999465942383,27.39999961853028,27.39999961853028,1127400.0
2025-09-08,27.32999992370605,27.3799991607666,27.309999465942383,27.309999465942383,27.309999465942383,513600.0
2025-09-09,27.32999992370605,27.43000030517578,27.290000915527344,27.420000076293945,27.420000076293945,385200.0
2025-09-10,27.40999984741211,27.450000762939453,27.3700008392334,27.440000534057617,27.440000534057617,465200.0
2025-09-11,27.40999984741211,27.40999984741211,27.350000381469727,27.350000381469727,27.350000381469727,926000.0
2025-09-12,27.450000762939453,27.450000762939453,27.3799991607666,27.38999938964844,27.38999938964844,1069900.0
2025-09-15,27.34000015258789,27.36000061035156,27.299999237060547,27.299999237060547,27.299999237060547,586800.0
2025-09-16,27.209999084472656,27.21999931335449,27.11000061035156,27.1299991607666,27.1299991607666,874700.0
2025-09-17,27.170000076293945,27.229999542236328,27.01000022888184,27.21999931335449,27.21999931335449,1662000.0
2025-09-18,27.32999992370605,27.40999984741211,27.31999969482422,27.350000381469727,27.350000381469727,1542100.0
2025-09-19,27.420000076293945,27.440000534057617,27.3799991607666,27.43000030517578,27.43000030517578,715300.0
2025-09-22,27.36000061035156,27.40999984741211,27.32999992370605,27.32999992370605,27.32999992370605,805500.0
2025-09-23,27.350000381469727,27.3700008392334,27.299999237060547,27.309999465942383,27.309999465942383,886000.0
2025-09-24,27.489999771118164,27.520000457763672,27.46999931335449,27.51000022888184,27.51000022888184,802100.0
2025-09-25,27.59000015258789,27.71999931335449,27.59000015258789,27.700000762939453,27.700000762939453,1273600.0
2025-09-26,27.65999984741211,27.65999984741211,27.59000015258789,27.600000381469727,27.600000381469727,605500.0
2025-09-29,27.51000022888184,27.559999465942383,27.5,27.540000915527344,27.540000915527344,748800.0
2025-09-30,27.530000686645508,27.540000915527344,27.459999084472656,27.51000022888184,27.51000022888184,1106800.0
2025-10-01,27.43000030517578,27.530000686645508,27.420000076293945,27.5,27.5,1273400.0
2025-10-02,27.479999542236328,27.61000061035156,27.479999542236328,27.540000915527344,27.540000915527344,949500.0
2025-10-03,27.51000022888184,27.530000686645508,27.46999931335449,27.489999771118164,27.489999771118164,707700.0
2025-10-06,27.65999984741211,27.670000076293945,27.59000015258789,27.6200008392334,27.6200008392334,967700.0
2025-10-07,27.71999931335449,27.780000686645508,27.690000534057617,27.780000686645508,27.780000686645508,891000.0
2025-10-08,27.82999992370605,27.89999961853028,27.809999465942383,27.84000015258789,27.84000015258789,937200.0
2025-10-09,27.8799991607666,28.059999465942383,27.8799991607666,28.030000686645508,28.030000686645508,2422400.0
2025-10-10,28.01000022888184,28.01000022888184,27.850000381469727,27.88999938964844,27.88999938964844,1210600.0
2025-10-13,27.959999084472656,28.0,27.950000762939453,27.989999771118164,27.989999771118164,580700.0
2025-10-14,27.979999542236328,28.0,27.89999961853028,27.90999984741211,27.90999984741211,805500.0
2025-10-15,27.88999938964844,27.88999938964844,27.799999237060547,27.82999992370605,27.82999992370605,1133500.0
2025-10-16,27.790000915527344,27.809999465942383,27.709999084472656,27.71999931335449,27.71999931335449,868100.0
2025-10-17,27.75,27.799999237060547,27.739999771118164,27.75,27.75,670700.0
2025-10-20,27.780000686645508,27.81999969482422,27.76000022888184,27.81999969482422,27.81999969482422,714500.0
2025-10-21,27.90999984741211,27.93000030517578,27.8700008392334,27.93000030517578,27.93000030517578,1433400.0
2025-10-22,27.959999084472656,27.959999084472656,27.8700008392334,27.89999961853028,27.89999961853028,1081100.0
2025-10-23,27.950000762939453,27.950000762939453,27.90999984741211,27.90999984741211,27.90999984741211,501300.0
2025-10-24,27.90999984741211,27.959999084472656,27.89999961853028,27.90999984741211,27.90999984741211,691800.0
2025-10-27,27.88999938964844,27.93000030517578,27.8799991607666,27.8799991607666,27.8799991607666,818000.0
2025-10-28,27.90999984741211,27.93000030517578,27.84000015258789,27.86000061035156,27.86000061035156,1573900.0
2025-10-29,27.90999984741211,28.059999465942383,27.850000381469727,28.020000457763672,28.020000457763672,1968800.0
2025-10-30,28.1200008392334,28.1299991607666,28.07999992370605,28.1299991607666,28.1299991607666,1519100.0
2025-10-31,28.15999984741211,28.209999084472656,28.15999984741211,28.209999084472656,28.209999084472656,972400.0
2025-11-03,28.26000022888184,28.280000686645508,28.18000030517578,28.229999542236328,28.229999542236328,852300.0
2025-11-04,28.309999465942383,28.350000381469727,28.280000686645508,28.31999969482422,28.31999969482422,1204600.0
2025-11-05,28.350000381469727,28.37849998474121,28.31999969482422,28.32999992370605,28.32999992370605,1327644.0
